사고번호,사고일시,요일,시군구,사고내용,사망자수,중상자수,경상자수,부상신고자수,사고유형,법규위반,노면상태,기상상태,도로형태,가해운전자 차종,가해운전자 성별,가해운전자 연령,가해운전자 상해정도,피해운전자 차종,피해운전자 성별,피해운전자 연령,피해운전자 상해정도
2013010900100289,2013년 1월 9일 15시,수요일,부산광역시 해운대구 우동,경상사고,0,0,1,0,차대차 - 추돌 - 주정차중,안전운전불이행,건조,맑음,단일로 - 기타,승용,남,43세,상해없음,승용,남,30세,경상
2013010900100290,2013년 1월 9일 15시,수요일,부산광역시 부산진구 전포동,경상사고,0,0,1,0,차대차 - 기타,안전운전불이행,건조,맑음,단일로 - 기타,승용,여,39세,상해없음,승용,여,43세,경상
2013010900100311,2013년 1월 9일 16시,수요일,부산광역시 남구 문현동,중상사고,0,1,0,0,차대차 - 기타,교차로운행방법위반,건조,맑음,교차로 - 교차로안,승용,남,53세,상해없음,승용,남,70세,상해없음
2013010900100312,2013년 1월 9일 16시,수요일,부산광역시 금정구 서동,중상사고,0,2,0,0,차대차 - 추돌 - 진행중,안전거리미확보,건조,맑음,단일로 - 기타,승용,남,55세,상해없음,승용,여,58세,중상
2013010900100342,2013년 1월 9일 17시,수요일,부산광역시 부산진구 당감동,중상사고,0,1,0,0,차대사람 - 횡단중,안전운전불이행,건조,맑음,교차로 - 교차로부근,승용,남,62세,상해없음,보행자,남,10세,중상
2013010900100343,2013년 1월 9일 17시,수요일,부산광역시 금정구 구서동,경상사고,0,0,1,0,차대차 - 측면직각충돌,안전운전불이행,건조,맑음,단일로 - 기타,승용,남,42세,상해없음,자전거,남,58세,경상
2013010900100384,2013년 1월 9일 18시,수요일,부산광역시 부산진구 범천동,중상사고,0,1,0,0,차대차 - 정면충돌,중앙선침범,건조,맑음,단일로 - 기타,이륜,남,18세,상해없음,이륜,여,45세,중상
2013010900100413,2013년 1월 9일 19시,수요일,부산광역시 수영구 민락동,사망사고,1,0,0,0,차량단독 - 기타,안전운전불이행,건조,맑음,단일로 - 기타,원동기,남,43세,사망,,,,
2013010900100414,2013년 1월 9일 19시,수요일,부산광역시 영도구 봉래동1가,사망사고,1,0,0,0,차대사람 - 횡단중,안전운전불이행,건조,맑음,교차로 - 교차로안,화물,남,40세,상해없음,보행자,여,81세,사망
2013010900100415,2013년 1월 9일 19시,수요일,부산광역시 해운대구 우동,경상사고,0,0,1,0,차대차 - 측면직각충돌,교차로운행방법위반,건조,맑음,교차로 - 교차로안,승용,여,65세,상해없음,자전거,남,17세,경상
2013010900100416,2013년 1월 9일 19시,수요일,부산광역시 강서구 송정동,부상신고사고,0,0,0,1,차대차 - 기타,교차로운행방법위반,건조,맑음,교차로 - 교차로부근,이륜,남,30세,부상신고,승용,남,31세,상해없음
2013010900100445,2013년 1월 9일 20시,수요일,부산광역시 사하구 신평동,중상사고,0,2,0,0,차대차 - 기타,안전운전불이행,건조,맑음,단일로 - 기타,승용,여,57세,상해없음,화물,남,32세,중상
2013010900100446,2013년 1월 9일 20시,수요일,부산광역시 연제구 거제동,중상사고,0,1,0,0,차대사람 - 차도통행중,안전운전불이행,건조,맑음,단일로 - 기타,승용,남,39세,상해없음,보행자,여,70세,중상
2013010900100474,2013년 1월 9일 21시,수요일,부산광역시 동래구 안락동,중상사고,0,2,2,0,차대차 - 기타,안전운전불이행,건조,맑음,단일로 - 기타,승용,남,32세,중상,승용,남,29세,경상
2013010900100475,2013년 1월 9일 21시,수요일,부산광역시 해운대구 중동,경상사고,0,0,1,0,차대차 - 측면직각충돌,안전운전불이행,건조,맑음,단일로 - 기타,승용,남,21세,상해없음,승용,남,29세,경상
2013010900100496,2013년 1월 9일 22시,수요일,부산광역시 남구 대연동,부상신고사고,0,0,0,2,차대차 - 기타,안전거리미확보,건조,맑음,교차로 - 교차로부근,승용,남,35세,상해없음,승용,남,25세,부상신고
2013010900100497,2013년 1월 9일 22시,수요일,부산광역시 사하구 괴정동,중상사고,0,1,0,0,차대차 - 추돌 - 주정차중,안전운전불이행,건조,맑음,단일로 - 기타,승용,기타불명,기타불명,기타불명,승용,남,45세,중상
2013010900100498,2013년 1월 9일 22시,수요일,부산광역시 연제구 연산동,중상사고,0,1,0,1,차대차 - 정면충돌,중앙선침범,건조,맑음,단일로 - 기타,승용,남,52세,상해없음,승용,남,54세,중상
2013010900100525,2013년 1월 9일 23시,수요일,부산광역시 부산진구 개금동,경상사고,0,0,1,0,차대차 - 기타,안전운전불이행,건조,기타,단일로 - 기타,승용,남,32세,상해없음,승용,남,57세,경상
2013011000100025,2013년 1월 10일 01시,목요일,부산광역시 중구 남포동1가,중상사고,0,1,1,0,차대사람 - 차도통행중,안전운전불이행,건조,맑음,교차로 - 교차로부근,승용,남,63세,상해없음,보행자,남,23세,중상
2013011000100026,2013년 1월 10일 01시,목요일,부산광역시 금정구 구서동,경상사고,0,0,3,0,차량단독 - 공작물충돌,안전운전불이행,건조,맑음,단일로 - 기타,승용,남,18세,경상,,,,
2013011000100043,2013년 1월 10일 02시,목요일,부산광역시 사상구 감전동,경상사고,0,0,2,0,차대차 - 기타,안전운전불이행,건조,맑음,교차로 - 교차로안,승용,기타불명,기타불명,기타불명,승용,남,30세,경상
2013011000100055,2013년 1월 10일 03시,목요일,부산광역시 북구 구포동,경상사고,0,0,1,0,차대차 - 추돌 - 진행중,안전운전불이행,건조,맑음,기타 - 기타,승용,남,24세,상해없음,승용,남,48세,경상
2013011000100074,2013년 1월 10일 05시,목요일,부산광역시 사하구 하단동,경상사고,0,0,1,0,차대차 - 추돌 - 주정차중,안전운전불이행,건조,맑음,단일로 - 기타,화물,남,28세,상해없음,승용,남,66세,경상
2013011000100081,2013년 1월 10일 06시,목요일,부산광역시 서구 충무동1가,중상사고,0,1,0,0,차대차 - 추돌 - 진행중,신호위반,건조,맑음,교차로 - 교차로안,승합,남,65세,상해없음,승용,남,64세,중상
2013011000100082,2013년 1월 10일 06시,목요일,부산광역시 사하구 장림동,중상사고,0,1,0,0,차대사람 - 기타,교차로운행방법위반,건조,맑음,교차로 - 교차로안,승합,남,62세,상해없음,보행자,남,21세,중상
2013011000100158,2013년 1월 10일 09시,목요일,부산광역시 금정구 서동,부상신고사고,0,0,0,1,차대사람 - 기타,안전운전불이행,건조,맑음,단일로 - 기타,승용,여,54세,상해없음,보행자,남,31세,부상신고
2013011000100159,2013년 1월 10일 09시,목요일,부산광역시 사하구 하단동,중상사고,0,1,0,0,차대사람 - 횡단중,안전운전불이행,건조,맑음,교차로 - 교차로부근,화물,남,51세,상해없음,보행자,여,23세,중상
2013011000100192,2013년 1월 10일 10시,목요일,부산광역시 남구 대연동,중상사고,0,1,0,0,차대차 - 기타,안전운전불이행,건조,맑음,단일로 - 터널,승용,남,61세,상해없음,승용,남,51세,중상
2013011000100193,2013년 1월 10일 10시,목요일,부산광역시 금정구 부곡동,중상사고,0,1,0,0,차량단독 - 기타,기타,건조,맑음,단일로 - 기타,승합,남,57세,상해없음,,,,
2013011000100216,2013년 1월 10일 11시,목요일,부산광역시 북구 구포동,중상사고,0,1,0,0,차대사람 - 기타,안전운전불이행,건조,맑음,단일로 - 기타,승합,여,39세,상해없음,보행자,여,85세,중상
2013011000100261,2013년 1월 10일 13시,목요일,부산광역시 동구 범일동,중상사고,0,1,0,0,차대차 - 기타,직진우회전진행방해,건조,맑음,교차로 - 교차로부근,승용,남,60세,중상,승합,남,55세,상해없음
2013011000100262,2013년 1월 10일 13시,목요일,부산광역시 서구 충무동1가,중상사고,0,1,0,0,차대사람 - 기타,안전운전불이행,건조,맑음,단일로 - 기타,화물,남,61세,상해없음,보행자,남,43세,중상
2013011000100263,2013년 1월 10일 13시,목요일,부산광역시 남구 대연동,경상사고,0,0,1,0,차대차 - 추돌 - 진행중,중앙선침범,건조,맑음,교차로 - 교차로부근,승용,남,28세,상해없음,특수,남,55세,경상
2013011000100264,2013년 1월 10일 13시,목요일,부산광역시 동래구 온천동,중상사고,0,1,0,0,차대차 - 측면직각충돌,안전거리미확보,건조,맑음,단일로 - 기타,화물,남,52세,상해없음,이륜,남,55세,중상
2013011000100265,2013년 1월 10일 13시,목요일,부산광역시 금정구 구서동,중상사고,0,1,0,0,차대차 - 측면직각충돌,신호위반,건조,맑음,단일로 - 기타,승용,남,32세,상해없음,승용,남,52세,중상
2013011000100266,2013년 1월 10일 13시,목요일,부산광역시 금정구 서동,경상사고,0,0,1,0,차대사람 - 기타,안전운전불이행,건조,맑음,단일로 - 기타,승용,남,76세,상해없음,보행자,남,55세,경상
2013011000100282,2013년 1월 10일 14시,목요일,부산광역시 중구 중앙동4가,중상사고,0,1,0,0,차대차 - 기타,안전운전불이행,건조,맑음,단일로 - 기타,화물,남,58세,상해없음,이륜,남,44세,중상
2013011000100299,2013년 1월 10일 15시,목요일,부산광역시 부산진구 부전동,경상사고,0,0,2,0,차대차 - 기타,안전운전불이행,기타,맑음,단일로 - 기타,승용,남,30세,상해없음,원동기,남,44세,상해없음
2013011000100300,2013년 1월 10일 15시,목요일,부산광역시 강서구 죽동동,중상사고,0,1,0,0,차대차 - 추돌 - 주정차중,안전운전불이행,건조,맑음,교차로 - 교차로안,화물,남,32세,상해없음,승용,여,32세,중상
2013011000100331,2013년 1월 10일 16시,목요일,부산광역시 서구 동대신동1가,사망사고,1,0,0,0,차대사람 - 기타,안전운전불이행,건조,맑음,교차로 - 교차로안,승용,여,31세,상해없음,보행자,남,80세,사망
2013011000100332,2013년 1월 10일 16시,목요일,부산광역시 부산진구 개금동,경상사고,0,0,1,0,차대차 - 기타,안전운전불이행,기타,맑음,단일로 - 기타,승용,남,43세,상해없음,승용,남,73세,경상
2013011000100333,2013년 1월 10일 16시,목요일,부산광역시 연제구 연산동,중상사고,0,2,0,0,차대차 - 기타,안전거리미확보,건조,맑음,단일로 - 기타,승용,남,34세,상해없음,승용,남,55세,중상
2013011000100334,2013년 1월 10일 16시,목요일,부산광역시 사상구 괘법동,경상사고,0,0,1,0,차대차 - 기타,안전운전불이행,건조,맑음,단일로 - 횡단보도부근,이륜,남,16세,경상,승용,남,59세,상해없음
2013011000100381,2013년 1월 10일 18시,목요일,부산광역시 해운대구 우동,경상사고,0,0,1,0,차대차 - 측면직각충돌,안전거리미확보,건조,맑음,단일로 - 기타,승용,남,44세,상해없음,승용,남,52세,상해없음
2013011000100459,2013년 1월 10일 20시,목요일,부산광역시 서구 부민동2가,경상사고,0,0,1,0,차대차 - 기타,안전운전불이행,건조,맑음,교차로 - 교차로부근,승용,남,43세,상해없음,승용,남,57세,경상
2013011000100460,2013년 1월 10일 20시,목요일,부산광역시 사하구 장림동,경상사고,0,0,1,0,차대차 - 기타,신호위반,건조,맑음,교차로 - 교차로부근,승용,여,57세,상해없음,승용,남,23세,경상
2013011000100461,2013년 1월 10일 20시,목요일,부산광역시 사상구 괘법동,경상사고,0,0,2,0,차대차 - 기타,중앙선침범,건조,맑음,단일로 - 기타,이륜,남,55세,경상,승용,남,33세,경상
2013011000100488,2013년 1월 10일 21시,목요일,부산광역시 해운대구 좌동,중상사고,0,1,1,0,차대차 - 정면충돌,신호위반,건조,맑음,교차로 - 교차로안,이륜,기타불명,기타불명,기타불명,승용,여,25세,중상
2013011000100489,2013년 1월 10일 21시,목요일,부산광역시 사상구 덕포동,경상사고,0,0,1,0,차대차 - 기타,안전거리미확보,건조,맑음,단일로 - 기타,승용,남,55세,상해없음,이륜,남,25세,경상
2013011000100546,2013년 1월 10일 23시,목요일,부산광역시 수영구 광안동,중상사고,0,2,0,0,차대차 - 정면충돌,중앙선침범,건조,맑음,교차로 - 교차로부근,승용,남,51세,상해없음,승용,남,55세,중상
2013011000100547,2013년 1월 10일 23시,목요일,부산광역시 해운대구 좌동,경상사고,0,0,1,1,차대차 - 측면직각충돌,신호위반,건조,맑음,교차로 - 교차로안,이륜,남,63세,부상신고,승용,남,53세,상해없음
2013011000100548,2013년 1월 10일 23시,목요일,부산광역시 부산진구 부암동,중상사고,0,1,0,0,차대사람 - 횡단중,안전운전불이행,건조,맑음,단일로 - 횡단보도부근,승용,남,46세,상해없음,보행자,여,76세,중상
2013011100100038,2013년 1월 11일 01시,금요일,부산광역시 해운대구 좌동,경상사고,0,0,3,1,차대차 - 측면직각충돌,신호위반,건조,맑음,교차로 - 교차로안,승용,남,60세,상해없음,승용,남,44세,경상
2013011100100039,2013년 1월 11일 01시,금요일,부산광역시 해운대구 좌동,중상사고,0,1,0,0,차대차 - 측면직각충돌,중앙선침범,건조,맑음,단일로 - 기타,승용,남,36세,상해없음,승용,남,65세,중상
2013011100100062,2013년 1월 11일 03시,금요일,부산광역시 동래구 안락동,부상신고사고,0,0,0,1,차대사람 - 기타,안전운전불이행,건조,맑음,단일로 - 기타,승용,남,53세,상해없음,보행자,남,20세,부상신고
2013011100100063,2013년 1월 11일 03시,금요일,부산광역시 영도구 신선동2가,경상사고,0,0,1,0,차대차 - 정면충돌,중앙선침범,건조,맑음,단일로 - 기타,승용,여,40세,상해없음,승용,남,62세,경상
2013011100100089,2013년 1월 11일 05시,금요일,부산광역시 부산진구 양정동,경상사고,0,0,1,0,차대차 - 기타,신호위반,건조,맑음,교차로 - 교차로안,승용,남,69세,상해없음,자전거,남,52세,경상
2013011100100090,2013년 1월 11일 05시,금요일,부산광역시 사하구 하단동,경상사고,0,0,1,0,차대차 - 추돌 - 주정차중,안전운전불이행,건조,맑음,단일로 - 기타,승용,남,27세,상해없음,승용,남,50세,경상
2013011100100129,2013년 1월 11일 07시,금요일,부산광역시 남구 대연동,중상사고,0,1,1,0,차대차 - 기타,안전운전불이행,건조,맑음,단일로 - 기타,승용,남,62세,상해없음,승합,기타불명,기타불명,기타불명
2013011100100130,2013년 1월 11일 07시,금요일,부산광역시 북구 덕천동,중상사고,0,2,0,0,차대차 - 추돌 - 진행중,안전거리미확보,건조,맑음,교차로 - 교차로부근,승용,남,45세,상해없음,승용,남,30세,중상
2013011100100148,2013년 1월 11일 08시,금요일,부산광역시 사하구 하단동,경상사고,0,0,1,0,차대사람 - 기타,안전운전불이행,건조,맑음,단일로 - 횡단보도부근,승용,여,51세,상해없음,보행자,여,30세,경상
2013011100100172,2013년 1월 11일 09시,금요일,부산광역시 해운대구 재송동,경상사고,0,0,1,0,차대사람 - 기타,안전운전불이행,건조,맑음,단일로 - 기타,승용,여,49세,상해없음,보행자,남,30세,경상
2013011100100200,2013년 1월 11일 10시,금요일,부산광역시 영도구 대교동1가,중상사고,0,1,0,0,차대차 - 기타,신호위반,건조,맑음,교차로 - 교차로안,승용,남,62세,상해없음,이륜,남,54세,중상
2013011100100201,2013년 1월 11일 10시,금요일,부산광역시 해운대구 반송동,중상사고,0,1,0,0,차대사람 - 기타,보행자보호의무위반,건조,맑음,교차로 - 교차로부근,화물,남,44세,상해없음,보행자,남,9세,중상
2013011100100230,2013년 1월 11일 11시,금요일,부산광역시 해운대구 우동,중상사고,0,1,0,0,차대차 - 측면직각충돌,중앙선침범,건조,맑음,단일로 - 기타,승용,여,45세,상해없음,승용,여,34세,중상
2013011100100231,2013년 1월 11일 11시,금요일,부산광역시 강서구 강동동,중상사고,0,1,0,0,차대차 - 기타,안전운전불이행,건조,맑음,기타 - 기타,승용,남,40세,상해없음,화물,남,44세,중상
2013011100100267,2013년 1월 11일 13시,금요일,부산광역시 중구 신창동1가,중상사고,0,1,0,0,차대사람 - 길가장자리구역통행중,안전운전불이행,건조,맑음,단일로 - 기타,화물,남,39세,상해없음,보행자,여,39세,중상
2013011100100329,2013년 1월 11일 15시,금요일,부산광역시 사상구 학장동,경상사고,0,0,1,1,차대차 - 측면직각충돌,안전거리미확보,건조,맑음,단일로 - 기타,승용,남,52세,부상신고,화물,남,25세,상해없음
2013011100100365,2013년 1월 11일 16시,금요일,부산광역시 중구 영주동,중상사고,0,1,0,0,차대차 - 추돌 - 진행중,안전거리미확보,건조,맑음,단일로 - 터널,승합,남,24세,상해없음,승용,남,29세,중상
2013011100100366,2013년 1월 11일 16시,금요일,부산광역시 해운대구 좌동,중상사고,0,1,0,0,차대차 - 기타,안전운전불이행,건조,맑음,단일로 - 기타,승용,여,30세,상해없음,승용,여,30세,중상
2013011100100398,2013년 1월 11일 17시,금요일,부산광역시 중구 중앙동4가,중상사고,0,1,0,0,차대차 - 측면직각충돌,중앙선침범,건조,맑음,단일로 - 기타,승용,남,58세,상해없음,이륜,남,22세,중상
2013011100100400,2013년 1월 11일 17시,금요일,부산광역시 사하구 당리동,경상사고,0,0,1,0,차대사람 - 횡단중,안전운전불이행,건조,맑음,단일로 - 기타,화물,남,51세,상해없음,보행자,남,62세,경상
2013011100100436,2013년 1월 11일 18시,금요일,부산광역시 서구 암남동,경상사고,0,0,2,0,차대차 - 추돌 - 진행중,안전운전불이행,건조,맑음,단일로 - 기타,승용,남,34세,상해없음,승용,남,36세,상해없음
2013011100100437,2013년 1월 11일 18시,금요일,부산광역시 북구 덕천동,중상사고,0,2,0,0,차대차 - 측면직각충돌,안전거리미확보,건조,맑음,단일로 - 기타,승용,여,39세,중상,승용,여,67세,중상
2013011100100438,2013년 1월 11일 18시,금요일,부산광역시 부산진구 부암동,경상사고,0,0,1,0,차대차 - 기타,안전운전불이행,건조,맑음,단일로 - 기타,승용,남,64세,상해없음,승용,남,38세,상해없음
2013011100100439,2013년 1월 11일 18시,금요일,부산광역시 사상구 감전동,부상신고사고,0,0,0,1,차대차 - 측면직각충돌,교차로운행방법위반,건조,맑음,교차로 - 교차로안,승용,남,58세,상해없음,승용,남,62세,상해없음
2013011100100495,2013년 1월 11일 19시,금요일,부산광역시 해운대구 우동,중상사고,0,3,1,0,차대차 - 추돌 - 진행중,차로위반,건조,맑음,미분류 - 미분류,승용,여,33세,상해없음,승용,남,45세,중상
2013011100100497,2013년 1월 11일 19시,금요일,부산광역시 부산진구 개금동,경상사고,0,0,1,0,차대사람 - 횡단중,안전운전불이행,건조,맑음,단일로 - 기타,승용,여,68세,상해없음,보행자,남,59세,경상
2013011100100544,2013년 1월 11일 20시,금요일,부산광역시 북구 구포동,중상사고,0,1,0,0,차대사람 - 기타,안전운전불이행,건조,맑음,단일로 - 기타,승용,남,41세,상해없음,보행자,남,54세,중상
2013011100100581,2013년 1월 11일 21시,금요일,부산광역시 남구 대연동,중상사고,0,1,0,0,차대차 - 측면직각충돌,신호위반,건조,맑음,교차로 - 교차로안,승용,남,41세,상해없음,자전거,남,22세,중상
2013011100100582,2013년 1월 11일 21시,금요일,부산광역시 해운대구 반여동,중상사고,0,2,0,0,차대사람 - 기타,안전운전불이행,건조,맑음,기타 - 기타,자전거,남,34세,상해없음,보행자,여,59세,중상
2013011100100583,2013년 1월 11일 21시,금요일,부산광역시 금정구 장전동,중상사고,0,1,0,0,차대사람 - 차도통행중,안전운전불이행,건조,맑음,단일로 - 기타,승용,여,59세,상해없음,보행자,남,55세,중상
2013011100100584,2013년 1월 11일 21시,금요일,부산광역시 수영구 망미동,경상사고,0,0,1,0,차대사람 - 길가장자리구역통행중,안전운전불이행,건조,맑음,교차로 - 교차로부근,승용,여,46세,상해없음,보행자,남,53세,경상
2013011100100621,2013년 1월 11일 22시,금요일,부산광역시 영도구 대교동1가,중상사고,0,1,0,0,차대사람 - 횡단중,안전운전불이행,건조,맑음,단일로 - 기타,승용,남,41세,상해없음,보행자,남,61세,중상
2013011100100622,2013년 1월 11일 22시,금요일,부산광역시 해운대구 우동,경상사고,0,0,2,0,차대차 - 추돌 - 진행중,차로위반,건조,맑음,단일로 - 기타,승용,남,40세,상해없음,승합,남,40세,상해없음
2013011100100623,2013년 1월 11일 22시,금요일,부산광역시 금정구 남산동,중상사고,0,1,0,0,차대사람 - 횡단중,안전운전불이행,건조,맑음,단일로 - 기타,승합,남,63세,상해없음,보행자,남,13세,중상
2013011100100663,2013년 1월 11일 23시,금요일,부산광역시 금정구 구서동,중상사고,0,1,0,0,차대차 - 측면직각충돌,교차로운행방법위반,건조,맑음,교차로 - 교차로안,승용,남,58세,상해없음,승용,남,47세,중상
2013011200100016,2013년 1월 12일 00시,토요일,부산광역시 동래구 사직동,경상사고,0,0,2,0,차대차 - 측면직각충돌,안전운전불이행,건조,맑음,교차로 - 교차로안,승용,남,43세,상해없음,승합,남,54세,경상
2013011200100017,2013년 1월 12일 00시,토요일,부산광역시 사하구 하단동,경상사고,0,0,1,0,차대차 - 측면직각충돌,신호위반,건조,맑음,교차로 - 교차로안,승용,남,24세,상해없음,승용,남,63세,상해없음
2013011200100053,2013년 1월 12일 01시,토요일,부산광역시 수영구 광안동,중상사고,0,1,0,0,차대차 - 기타,교차로운행방법위반,건조,맑음,교차로 - 교차로안,승용,남,45세,상해없음,이륜,남,17세,중상
2013011200100084,2013년 1월 12일 02시,토요일,부산광역시 사상구 주례동,중상사고,0,1,1,0,차대차 - 추돌 - 주정차중,안전거리미확보,건조,맑음,교차로 - 교차로부근,승용,남,44세,상해없음,승용,남,60세,경상
2013011200100110,2013년 1월 12일 03시,토요일,부산광역시 부산진구 전포동,경상사고,0,0,2,0,차대차 - 기타,신호위반,건조,맑음,교차로 - 교차로안,승용,남,23세,상해없음,승용,남,51세,경상
2013011200100111,2013년 1월 12일 03시,토요일,부산광역시 부산진구 범천동,중상사고,0,2,0,0,차대차 - 기타,신호위반,기타,맑음,교차로 - 교차로안,승용,남,38세,상해없음,승용,남,32세,중상
2013011200100124,2013년 1월 12일 04시,토요일,부산광역시 연제구 연산동,중상사고,0,1,0,0,차대사람 - 횡단중,안전운전불이행,건조,맑음,단일로 - 기타,이륜,기타불명,기타불명,기타불명,보행자,여,41세,중상
2013011200100133,2013년 1월 12일 05시,토요일,부산광역시 서구 남부민동,중상사고,0,1,0,0,차대차 - 측면직각충돌,차로위반,건조,맑음,단일로 - 기타,승용,남,62세,상해없음,이륜,남,21세,중상
2013011200100159,2013년 1월 12일 07시,토요일,부산광역시 동래구 명륜동,중상사고,0,2,0,0,차대차 - 측면직각충돌,신호위반,건조,맑음,교차로 - 교차로안,승용,남,43세,상해없음,승용,남,38세,중상
2013011200100160,2013년 1월 12일 07시,토요일,부산광역시 해운대구 우동,중상사고,0,1,0,0,차대차 - 측면직각충돌,안전운전불이행,건조,맑음,단일로 - 기타,승용,남,21세,중상,특수,남,31세,상해없음
2013011200100161,2013년 1월 12일 07시,토요일,부산광역시 해운대구 좌동,경상사고,0,0,1,0,차량단독 - 전도전복,안전운전불이행,건조,흐림,단일로 - 기타,승용,남,23세,경상,,,,
2013011200100222,2013년 1월 12일 11시,토요일,부산광역시 부산진구 양정동,경상사고,0,0,1,0,차량단독 - 기타,안전운전불이행,건조,맑음,단일로 - 기타,승합,남,38세,상해없음,,,,
2013011200100223,2013년 1월 12일 11시,토요일,부산광역시 금정구 장전동,경상사고,0,0,2,0,차대차 - 추돌 - 주정차중,안전거리미확보,건조,맑음,교차로 - 교차로부근,승용,남,33세,상해없음,승용,남,70세,경상
2013011200100265,2013년 1월 12일 12시,토요일,부산광역시 수영구 광안동,부상신고사고,0,0,0,1,차대차 - 기타,신호위반,건조,맑음,교차로 - 교차로안,이륜,남,51세,부상신고,승용,남,48세,상해없음
2013011200100266,2013년 1월 12일 12시,토요일,부산광역시 남구 대연동,경상사고,0,0,1,0,차량단독 - 기타,안전운전불이행,건조,맑음,교차로 - 교차로부근,승합,남,48세,상해없음,,,,
2013011200100267,2013년 1월 12일 12시,토요일,부산광역시 사하구 신평동,중상사고,0,1,0,0,차대사람 - 기타,안전운전불이행,건조,맑음,단일로 - 기타,승용,남,67세,상해없음,보행자,여,72세,중상
2013011200100297,2013년 1월 12일 13시,토요일,부산광역시 금정구 부곡동,경상사고,0,0,2,0,차대차 - 추돌 - 진행중,안전운전불이행,건조,맑음,단일로 - 기타,승용,남,71세,기타불명,승용,남,51세,경상
2013011200100298,2013년 1월 12일 13시,토요일,부산광역시 사하구 다대동,중상사고,0,1,0,0,차대사람 - 기타,안전운전불이행,건조,맑음,기타 - 기타,승용,남,38세,상해없음,보행자,여,82세,중상
2013011200100299,2013년 1월 12일 13시,토요일,부산광역시 강서구 송정동,경상사고,0,0,3,0,차대차 - 측면직각충돌,차로위반,건조,맑음,단일로 - 기타,화물,남,49세,상해없음,승용,남,22세,경상
2013011200100327,2013년 1월 12일 14시,토요일,부산광역시 중구 남포동1가,경상사고,0,0,1,0,차량단독 - 기타,안전운전불이행,건조,맑음,단일로 - 기타,승합,남,58세,상해없음,,,,
2013011200100328,2013년 1월 12일 14시,토요일,부산광역시 부산진구 전포동,부상신고사고,0,0,0,2,차대차 - 추돌 - 주정차중,안전운전불이행,건조,맑음,단일로 - 기타,승용,남,30세,상해없음,승용,남,38세,부상신고
2013011200100358,2013년 1월 12일 15시,토요일,부산광역시 동래구 온천동,중상사고,0,1,0,0,차대차 - 측면직각충돌,안전거리미확보,건조,맑음,단일로 - 기타,화물,남,49세,상해없음,이륜,남,26세,중상
2013011200100378,2013년 1월 12일 16시,토요일,부산광역시 남구 감만동,경상사고,0,0,3,0,차대차 - 기타,안전운전불이행,건조,맑음,단일로 - 기타,승용,남,44세,상해없음,승합,남,47세,상해없음
2013011200100379,2013년 1월 12일 16시,토요일,부산광역시 강서구 대저2동,경상사고,0,0,2,0,차대차 - 측면직각충돌,안전거리미확보,건조,맑음,단일로 - 기타,화물,남,32세,상해없음,승용,남,57세,상해없음
2013011200100404,2013년 1월 12일 17시,토요일,부산광역시 금정구 부곡동,경상사고,0,0,1,0,차대차 - 측면직각충돌,신호위반,건조,맑음,단일로 - 횡단보도상,승용,여,33세,상해없음,이륜,남,70세,경상
2013011200100427,2013년 1월 12일 18시,토요일,부산광역시 영도구 동삼동,경상사고,0,0,1,0,차대차 - 측면직각충돌,안전운전불이행,건조,맑음,단일로 - 기타,승용,남,51세,상해없음,이륜,남,20세,경상
2013011200100428,2013년 1월 12일 18시,토요일,부산광역시 해운대구 우동,경상사고,0,0,1,0,차대차 - 측면직각충돌,안전거리미확보,건조,맑음,단일로 - 기타,승용,남,61세,상해없음,승용,남,37세,경상
2013011200100429,2013년 1월 12일 18시,토요일,부산광역시 사상구 학장동,중상사고,0,1,0,0,차대차 - 측면직각충돌,안전운전불이행,건조,맑음,단일로 - 기타,승합,남,21세,상해없음,원동기,남,60세,중상
2013011200100470,2013년 1월 12일 19시,토요일,부산광역시 해운대구 우동,경상사고,0,0,1,0,차대차 - 추돌 - 진행중,안전운전불이행,건조,맑음,단일로 - 기타,승용,남,53세,상해없음,승용,남,33세,경상
2013011200100537,2013년 1월 12일 21시,토요일,부산광역시 동래구 안락동,중상사고,0,1,0,0,차대사람 - 차도통행중,안전운전불이행,건조,맑음,단일로 - 기타,승용,남,37세,상해없음,보행자,남,32세,중상
2013011200100538,2013년 1월 12일 21시,토요일,부산광역시 영도구 영선동1가,중상사고,0,1,0,0,차대사람 - 보도통행중,안전운전불이행,건조,맑음,교차로 - 교차로부근,승용,남,42세,상해없음,보행자,여,65세,중상
2013011200100539,2013년 1월 12일 21시,토요일,부산광역시 부산진구 부전동,중상사고,0,1,0,0,차대차 - 기타,신호위반,건조,맑음,교차로 - 교차로안,승용,여,27세,상해없음,승용,남,36세,중상
2013011200100540,2013년 1월 12일 21시,토요일,부산광역시 연제구 연산동,경상사고,0,0,2,0,차대차 - 추돌 - 진행중,신호위반,건조,맑음,교차로 - 교차로안,승용,남,58세,상해없음,승용,남,59세,경상
2013011200100594,2013년 1월 12일 23시,토요일,부산광역시 사상구 모라동,중상사고,0,1,0,0,차대사람 - 기타,안전운전불이행,건조,맑음,단일로 - 기타,승용,여,49세,상해없음,보행자,남,46세,중상