사고번호,사고일시,요일,시군구,사고내용,사망자수,중상자수,경상자수,부상신고자수,사고유형,법규위반,노면상태,기상상태,도로형태,가해운전자 차종,가해운전자 성별,가해운전자 연령,가해운전자 상해정도,피해운전자 차종,피해운전자 성별,피해운전자 연령,피해운전자 상해정도
2013011700100446,2013년 1월 17일 20시,목요일,부산광역시 부산진구 당감동,사망사고,1,0,0,0,차대사람 - 기타,안전운전불이행,건조,맑음,단일로 - 기타,화물,남,46세,상해없음,보행자,남,54세,사망
2013011700100447,2013년 1월 17일 20시,목요일,부산광역시 금정구 장전동,경상사고,0,0,1,2,차대차 - 측면직각충돌,안전거리미확보,건조,맑음,교차로 - 교차로부근,승용,남,23세,상해없음,이륜,남,38세,경상
2013011700100448,2013년 1월 17일 20시,목요일,부산광역시 금정구 노포동,사망사고,1,0,0,0,차대사람 - 횡단중,안전운전불이행,건조,맑음,기타 - 기타,승용,남,51세,상해없음,보행자,남,61세,사망
2013011700100486,2013년 1월 17일 21시,목요일,부산광역시 중구 동광동4가,부상신고사고,0,0,0,1,차대사람 - 기타,안전운전불이행,건조,기타,단일로 - 기타,승용,남,44세,상해없음,보행자,남,59세,부상신고
2013011700100487,2013년 1월 17일 21시,목요일,부산광역시 사하구 다대동,경상사고,0,0,1,0,차대사람 - 기타,안전운전불이행,건조,맑음,단일로 - 기타,승용,남,30세,상해없음,보행자,여,44세,경상
2013011800100028,2013년 1월 18일 01시,금요일,부산광역시 동래구 명륜동,경상사고,0,0,1,0,차대차 - 추돌 - 진행중,안전운전불이행,건조,맑음,단일로 - 기타,승용,남,27세,상해없음,승용,여,52세,경상
2013011800100054,2013년 1월 18일 04시,금요일,부산광역시 남구 용호동,경상사고,0,0,1,0,차대차 - 추돌 - 주정차중,안전거리미확보,건조,맑음,교차로 - 교차로부근,원동기,남,19세,상해없음,승용,남,51세,경상
2013011800100072,2013년 1월 18일 06시,금요일,부산광역시 북구 만덕동,중상사고,0,1,0,0,차대사람 - 기타,안전운전불이행,건조,맑음,교차로 - 교차로안,승용,남,28세,상해없음,보행자,남,18세,중상
2013011800100090,2013년 1월 18일 07시,금요일,부산광역시 중구 부평동4가,중상사고,0,1,0,0,차대차 - 측면직각충돌,신호위반,기타,기타,교차로 - 교차로안,승용,남,58세,상해없음,승용,여,54세,중상
2013011800100091,2013년 1월 18일 07시,금요일,부산광역시 서구 암남동,중상사고,0,1,1,0,차대차 - 측면직각충돌,교차로운행방법위반,건조,맑음,교차로 - 교차로안,승용,남,27세,상해없음,승용,남,50세,중상
2013011800100092,2013년 1월 18일 07시,금요일,부산광역시 강서구 명지동,경상사고,0,0,1,0,차대차 - 측면직각충돌,안전운전불이행,건조,맑음,교차로 - 교차로안,승용,남,29세,상해없음,승용,남,29세,경상
2013011800100123,2013년 1월 18일 08시,금요일,부산광역시 강서구 강동동,중상사고,0,1,0,0,차대차 - 추돌 - 주정차중,안전운전불이행,건조,맑음,교차로 - 교차로부근,승용,남,64세,상해없음,승용,남,56세,중상
2013011800100124,2013년 1월 18일 08시,금요일,부산광역시 사상구 덕포동,경상사고,0,0,1,0,차대차 - 기타,신호위반,건조,맑음,교차로 - 교차로안,승용,남,30세,상해없음,승용,남,70세,경상
2013011800100148,2013년 1월 18일 09시,금요일,부산광역시 남구 대연동,중상사고,0,1,0,0,차대사람 - 보도통행중,기타,건조,맑음,단일로 - 횡단보도부근,승합,남,39세,상해없음,보행자,여,28세,중상
2013011800100149,2013년 1월 18일 09시,금요일,부산광역시 기장군 기장읍,경상사고,0,0,1,0,차대차 - 측면직각충돌,안전거리미확보,건조,맑음,단일로 - 기타,건설기계,남,37세,기타불명,승용,남,27세,경상
2013011800100183,2013년 1월 18일 10시,금요일,부산광역시 동래구 온천동,경상사고,0,0,3,0,차대차 - 추돌 - 주정차중,안전운전불이행,건조,맑음,단일로 - 기타,승용,남,62세,상해없음,승용,남,36세,상해없음
2013011800100184,2013년 1월 18일 10시,금요일,부산광역시 기장군 기장읍,부상신고사고,0,0,0,1,차대차 - 추돌 - 진행중,신호위반,건조,맑음,교차로 - 교차로안,승용,여,34세,부상신고,승용,여,54세,상해없음
2013011800100217,2013년 1월 18일 11시,금요일,부산광역시 동래구 사직동,중상사고,0,1,0,0,차대사람 - 횡단중,안전운전불이행,건조,맑음,단일로 - 기타,승용,여,27세,상해없음,보행자,여,20세,중상
2013011800100218,2013년 1월 18일 11시,금요일,부산광역시 해운대구 우동,경상사고,0,0,1,0,차대차 - 추돌 - 진행중,안전거리미확보,건조,맑음,단일로 - 기타,화물,남,62세,상해없음,승용,남,44세,경상
2013011800100219,2013년 1월 18일 11시,금요일,부산광역시 강서구 송정동,경상사고,0,0,1,0,차대차 - 정면충돌,중앙선침범,건조,맑음,교차로 - 교차로부근,화물,남,53세,상해없음,화물,남,30세,경상
2013011800100239,2013년 1월 18일 12시,금요일,부산광역시 해운대구 우동,중상사고,0,1,0,0,차대차 - 측면직각충돌,안전거리미확보,건조,맑음,단일로 - 기타,승용,남,51세,상해없음,이륜,남,50세,중상
2013011800100240,2013년 1월 18일 12시,금요일,부산광역시 연제구 연산동,경상사고,0,0,1,0,차대차 - 기타,안전거리미확보,건조,맑음,교차로 - 교차로부근,승용,여,26세,상해없음,이륜,남,57세,경상
2013011800100261,2013년 1월 18일 13시,금요일,부산광역시 동래구 온천동,부상신고사고,0,0,0,1,차대사람 - 길가장자리구역통행중,안전운전불이행,건조,맑음,단일로 - 기타,화물,여,59세,상해없음,보행자,남,65세,부상신고
2013011800100262,2013년 1월 18일 13시,금요일,부산광역시 해운대구 우동,경상사고,0,0,1,0,차대차 - 측면직각충돌,안전거리미확보,건조,맑음,단일로 - 기타,원동기,남,16세,상해없음,승용,남,48세,상해없음
2013011800100309,2013년 1월 18일 15시,금요일,부산광역시 남구 대연동,경상사고,0,0,1,0,차대차 - 추돌 - 진행중,안전거리미확보,건조,맑음,단일로 - 기타,승용,남,46세,상해없음,승용,남,47세,경상
2013011800100310,2013년 1월 18일 15시,금요일,부산광역시 북구 화명동,중상사고,0,1,0,0,차대사람 - 횡단중,신호위반,건조,맑음,교차로 - 교차로부근,승용,여,29세,상해없음,보행자,여,7세,중상
2013011800100311,2013년 1월 18일 15시,금요일,부산광역시 동래구 사직동,중상사고,0,1,0,0,차대차 - 측면직각충돌,중앙선침범,건조,맑음,교차로 - 교차로부근,승용,남,32세,상해없음,이륜,남,34세,중상
2013011800100312,2013년 1월 18일 15시,금요일,부산광역시 금정구 선동,경상사고,0,0,1,0,차대차 - 추돌 - 주정차중,안전운전불이행,건조,맑음,단일로 - 기타,승용,남,47세,상해없음,승합,남,54세,경상
2013011800100335,2013년 1월 18일 16시,금요일,부산광역시 동구 범일동,경상사고,0,0,1,0,차대차 - 측면직각충돌,안전운전불이행,건조,맑음,교차로 - 교차로안,승용,남,67세,상해없음,승합,남,73세,경상
2013011800100369,2013년 1월 18일 17시,금요일,부산광역시 수영구 광안동,경상사고,0,0,1,0,차대사람 - 횡단중,신호위반,건조,맑음,단일로 - 기타,승용,남,32세,상해없음,보행자,남,51세,경상
2013011800100370,2013년 1월 18일 17시,금요일,부산광역시 부산진구 부전동,중상사고,0,1,0,0,차대사람 - 기타,안전운전불이행,건조,흐림,단일로 - 기타,승용,남,47세,상해없음,보행자,여,23세,중상
2013011800100412,2013년 1월 18일 18시,금요일,부산광역시 남구 문현동,경상사고,0,0,1,0,차대차 - 추돌 - 진행중,교차로운행방법위반,건조,맑음,교차로 - 교차로안,승용,여,30세,상해없음,승용,남,61세,경상
2013011800100465,2013년 1월 18일 19시,금요일,부산광역시 해운대구 좌동,중상사고,0,1,0,0,차대차 - 기타,신호위반,건조,맑음,교차로 - 교차로안,이륜,기타불명,기타불명,기타불명,원동기,남,34세,중상
2013011800100466,2013년 1월 18일 19시,금요일,부산광역시 사하구 괴정동,중상사고,0,1,0,0,차대사람 - 기타,안전운전불이행,건조,맑음,단일로 - 기타,승용,남,50세,상해없음,보행자,남,57세,중상
2013011800100497,2013년 1월 18일 20시,금요일,부산광역시 수영구 남천동,경상사고,0,0,2,0,차대차 - 기타,안전거리미확보,건조,맑음,단일로 - 기타,화물,남,46세,상해없음,승용,남,26세,경상
2013011800100498,2013년 1월 18일 20시,금요일,부산광역시 동래구 안락동,중상사고,0,1,0,0,차대차 - 추돌 - 진행중,안전운전불이행,건조,맑음,단일로 - 기타,승용,남,59세,상해없음,자전거,남,49세,중상
2013011800100499,2013년 1월 18일 20시,금요일,부산광역시 금정구 부곡동,경상사고,0,0,1,0,차대차 - 기타,차로위반,건조,맑음,단일로 - 기타,승용,남,33세,상해없음,원동기,남,29세,경상
2013011800100500,2013년 1월 18일 20시,금요일,부산광역시 사상구 괘법동,경상사고,0,0,2,0,차대차 - 기타,안전운전불이행,건조,맑음,단일로 - 기타,화물,남,55세,상해없음,승용,남,57세,경상
2013011800100501,2013년 1월 18일 20시,금요일,부산광역시 기장군 정관면,경상사고,0,0,1,0,차대차 - 기타,직진우회전진행방해,건조,맑음,교차로 - 교차로안,승용,남,41세,상해없음,이륜,남,19세,경상
2013011800100530,2013년 1월 18일 21시,금요일,부산광역시 강서구 명지동,중상사고,0,1,0,2,차대차 - 측면직각충돌,안전운전불이행,건조,맑음,교차로 - 교차로안,승용,여,52세,부상신고,승용,남,41세,중상
2013011800100612,2013년 1월 18일 23시,금요일,부산광역시 부산진구 가야동,중상사고,0,1,0,0,차대차 - 기타,안전운전불이행,건조,맑음,단일로 - 기타,승용,남,39세,상해없음,승용,기타불명,기타불명,기타불명
2013011900100005,2013년 1월 19일 00시,토요일,부산광역시 남구 대연동,경상사고,0,0,1,0,차대사람 - 기타,안전운전불이행,건조,맑음,단일로 - 기타,승용,남,21세,상해없음,보행자,남,27세,경상
2013011900100006,2013년 1월 19일 00시,토요일,부산광역시 해운대구 우동,부상신고사고,0,0,0,1,차대사람 - 횡단중,안전운전불이행,건조,맑음,단일로 - 횡단보도상,승용,남,56세,상해없음,보행자,남,43세,부상신고
2013011900100007,2013년 1월 19일 00시,토요일,부산광역시 사상구 주례동,중상사고,0,1,1,0,차대차 - 측면직각충돌,교차로운행방법위반,건조,맑음,교차로 - 교차로안,승용,여,30세,상해없음,승용,남,63세,중상
2013011900100044,2013년 1월 19일 01시,토요일,부산광역시 남구 대연동,경상사고,0,0,1,0,차대사람 - 차도통행중,안전운전불이행,건조,맑음,단일로 - 기타,화물,남,22세,상해없음,보행자,남,29세,경상
2013011900100045,2013년 1월 19일 01시,토요일,부산광역시 사하구 하단동,중상사고,0,2,0,0,차대차 - 측면직각충돌,안전거리미확보,건조,맑음,단일로 - 기타,승용,남,54세,상해없음,승용,남,49세,중상
2013011900100072,2013년 1월 19일 02시,토요일,부산광역시 동구 초량동,중상사고,0,2,0,0,차대차 - 추돌 - 진행중,안전운전불이행,건조,맑음,교차로 - 교차로안,승용,남,37세,상해없음,승용,남,52세,중상
2013011900100073,2013년 1월 19일 02시,토요일,부산광역시 동래구 명장동,경상사고,0,0,1,0,차대차 - 측면직각충돌,교차로운행방법위반,건조,맑음,교차로 - 교차로안,승용,남,51세,상해없음,승용,남,40세,경상
2013011900100126,2013년 1월 19일 05시,토요일,부산광역시 연제구 거제동,중상사고,0,1,0,0,차대사람 - 횡단중,신호위반,건조,맑음,단일로 - 횡단보도상,승용,여,64세,상해없음,보행자,여,79세,중상
2013011900100169,2013년 1월 19일 08시,토요일,부산광역시 북구 구포동,중상사고,0,1,0,0,차대차 - 기타,안전운전불이행,건조,맑음,기타 - 기타,기타불명,기타불명,기타불명,기타불명,자전거,남,82세,중상
2013011900100170,2013년 1월 19일 08시,토요일,부산광역시 해운대구 재송동,경상사고,0,0,1,0,차대차 - 측면직각충돌,안전운전불이행,건조,맑음,단일로 - 기타,화물,남,62세,상해없음,승용,남,44세,경상
2013011900100171,2013년 1월 19일 08시,토요일,부산광역시 금정구 장전동,중상사고,0,1,0,0,차대차 - 기타,중앙선침범,건조,맑음,단일로 - 기타,기타불명,기타불명,기타불명,기타불명,승용,남,46세,중상
2013011900100222,2013년 1월 19일 10시,토요일,부산광역시 동래구 온천동,중상사고,0,1,0,0,차대차 - 측면직각충돌,신호위반,건조,맑음,교차로 - 교차로안,승합,남,51세,상해없음,원동기,남,47세,중상
2013011900100223,2013년 1월 19일 10시,토요일,부산광역시 해운대구 우동,경상사고,0,0,1,0,차대사람 - 기타,안전운전불이행,건조,맑음,단일로 - 기타,승용,남,59세,상해없음,보행자,남,10세,경상
2013011900100224,2013년 1월 19일 10시,토요일,부산광역시 사하구 신평동,경상사고,0,0,1,0,차대차 - 추돌 - 진행중,안전운전불이행,건조,맑음,단일로 - 기타,승합,남,45세,상해없음,승용,남,70세,상해없음
2013011900100267,2013년 1월 19일 12시,토요일,부산광역시 부산진구 부전동,중상사고,0,1,0,0,차대차 - 측면직각충돌,교차로운행방법위반,건조,맑음,교차로 - 교차로안,승용,남,54세,상해없음,원동기,남,39세,중상
2013011900100312,2013년 1월 19일 14시,토요일,부산광역시 연제구 연산동,중상사고,0,1,0,0,차대차 - 기타,안전운전불이행,건조,맑음,기타 - 기타,승용,남,56세,상해없음,승용,남,50세,중상
2013011900100333,2013년 1월 19일 15시,토요일,부산광역시 금정구 장전동,경상사고,0,0,1,0,차대차 - 측면직각충돌,신호위반,건조,맑음,교차로 - 교차로안,승용,여,53세,상해없음,승용,여,46세,경상
2013011900100348,2013년 1월 19일 16시,토요일,부산광역시 수영구 광안동,경상사고,0,0,1,0,차대사람 - 기타,기타,건조,맑음,단일로 - 기타,승합,남,56세,상해없음,보행자,여,54세,경상
2013011900100349,2013년 1월 19일 16시,토요일,부산광역시 동래구 명륜동,경상사고,0,0,1,0,차대차 - 기타,안전운전불이행,건조,맑음,단일로 - 기타,승용,여,37세,상해없음,이륜,남,16세,경상
2013011900100350,2013년 1월 19일 16시,토요일,부산광역시 사상구 모라동,중상사고,0,1,3,0,차대차 - 추돌 - 진행중,안전운전불이행,건조,맑음,교차로 - 교차로안,승용,남,56세,경상,승용,남,22세,경상
2013011900100369,2013년 1월 19일 17시,토요일,부산광역시 강서구 송정동,경상사고,0,0,1,0,차대차 - 측면직각충돌,교차로운행방법위반,건조,맑음,교차로 - 교차로안,승용,남,42세,상해없음,승용,남,56세,경상
2013011900100393,2013년 1월 19일 18시,토요일,부산광역시 영도구 청학동,중상사고,0,1,0,0,차대사람 - 길가장자리구역통행중,중앙선침범,습기,비,단일로 - 기타,승용,남,49세,상해없음,보행자,남,73세,중상
2013011900100394,2013년 1월 19일 18시,토요일,부산광역시 해운대구 반여동,중상사고,0,1,0,0,차대사람 - 기타,안전운전불이행,건조,맑음,기타 - 기타,승용,여,30세,상해없음,보행자,남,76세,중상
2013011900100395,2013년 1월 19일 18시,토요일,부산광역시 사하구 하단동,경상사고,0,0,1,0,차대차 - 기타,안전거리미확보,건조,맑음,단일로 - 기타,승용,남,51세,상해없음,승합,남,40세,경상
2013011900100433,2013년 1월 19일 19시,토요일,부산광역시 동래구 안락동,경상사고,0,0,2,0,차대사람 - 기타,안전운전불이행,건조,맑음,단일로 - 기타,화물,남,52세,상해없음,보행자,남,53세,경상
2013011900100434,2013년 1월 19일 19시,토요일,부산광역시 기장군 기장읍,중상사고,0,1,0,0,차대사람 - 기타,보행자보호의무위반,건조,맑음,단일로 - 기타,승용,남,42세,상해없음,보행자,남,72세,중상
2013011900100476,2013년 1월 19일 20시,토요일,부산광역시 수영구 광안동,중상사고,0,1,0,0,차대사람 - 횡단중,중앙선침범,건조,맑음,교차로 - 교차로부근,승용,남,31세,상해없음,보행자,여,57세,중상
2013011900100477,2013년 1월 19일 20시,토요일,부산광역시 부산진구 초읍동,경상사고,0,0,1,0,차량단독 - 기타,기타,건조,맑음,단일로 - 기타,승합,남,55세,상해없음,,,,
2013011900100516,2013년 1월 19일 21시,토요일,부산광역시 해운대구 재송동,경상사고,0,0,1,0,차대차 - 추돌 - 진행중,안전운전불이행,건조,맑음,단일로 - 기타,승용,여,34세,상해없음,이륜,남,16세,경상
2013011900100517,2013년 1월 19일 21시,토요일,부산광역시 해운대구 우동,경상사고,0,0,1,0,차대차 - 기타,안전거리미확보,건조,맑음,단일로 - 기타,승용,남,50세,상해없음,승용,남,25세,경상
2013011900100560,2013년 1월 19일 22시,토요일,부산광역시 해운대구 중동,중상사고,0,1,0,0,차대차 - 기타,안전운전불이행,건조,맑음,교차로 - 교차로안,승용,여,60세,상해없음,이륜,남,30세,중상
2013011900100561,2013년 1월 19일 22시,토요일,부산광역시 사상구 모라동,경상사고,0,0,1,0,차대사람 - 기타,안전운전불이행,건조,맑음,단일로 - 기타,승용,남,32세,상해없음,보행자,여,25세,경상
2013011900100591,2013년 1월 19일 23시,토요일,부산광역시 동래구 명륜동,경상사고,0,0,1,0,차대사람 - 길가장자리구역통행중,안전운전불이행,건조,맑음,단일로 - 기타,승용,남,28세,상해없음,보행자,남,52세,경상
2013011900100592,2013년 1월 19일 23시,토요일,부산광역시 동래구 명륜동,경상사고,0,0,1,0,차대사람 - 길가장자리구역통행중,안전운전불이행,건조,맑음,단일로 - 기타,승용,남,69세,기타불명,보행자,여,23세,경상
2013012000100028,2013년 1월 20일 01시,일요일,부산광역시 중구 남포동5가,경상사고,0,0,1,0,차대사람 - 기타,안전운전불이행,건조,맑음,단일로 - 기타,승용,남,55세,상해없음,보행자,남,24세,경상
2013012000100029,2013년 1월 20일 01시,일요일,부산광역시 중구 남포동5가,경상사고,0,0,2,0,차대사람 - 차도통행중,안전운전불이행,건조,맑음,단일로 - 기타,승용,남,44세,상해없음,보행자,남,40세,경상
2013012000100047,2013년 1월 20일 02시,일요일,부산광역시 해운대구 중동,경상사고,0,0,1,0,차대차 - 기타,안전운전불이행,건조,맑음,교차로 - 교차로부근,승용,남,40세,상해없음,승용,남,49세,상해없음
2013012000100083,2013년 1월 20일 04시,일요일,부산광역시 강서구 강동동,중상사고,0,2,0,0,차량단독 - 전도전복,안전운전불이행,건조,맑음,단일로 - 기타,승용,남,19세,상해없음,,,,
2013012000100112,2013년 1월 20일 06시,일요일,부산광역시 해운대구 반송동,중상사고,0,1,0,0,차대사람 - 기타,신호위반,건조,맑음,단일로 - 기타,승용,기타불명,기타불명,기타불명,보행자,여,56세,중상
2013012000100113,2013년 1월 20일 06시,일요일,부산광역시 사상구 학장동,경상사고,0,0,1,0,차대차 - 추돌 - 주정차중,안전운전불이행,건조,맑음,교차로 - 교차로부근,승용,남,44세,상해없음,화물,남,56세,경상
2013012000100168,2013년 1월 20일 10시,일요일,부산광역시 강서구 봉림동,중상사고,0,1,0,0,차대차 - 기타,신호위반,건조,맑음,교차로 - 교차로안,화물,남,62세,상해없음,승합,남,50세,상해없음
2013012000100190,2013년 1월 20일 11시,일요일,부산광역시 부산진구 부암동,사망사고,1,0,0,0,차대차 - 측면직각충돌,안전운전불이행,건조,맑음,단일로 - 기타,승용,남,53세,상해없음,자전거,남,76세,사망
2013012000100199,2013년 1월 20일 12시,일요일,부산광역시 부산진구 가야동,중상사고,0,1,0,0,차대사람 - 횡단중,안전운전불이행,건조,맑음,교차로 - 교차로안,승용,남,53세,상해없음,보행자,여,61세,중상
2013012000100205,2013년 1월 20일 13시,일요일,부산광역시 동래구 사직동,부상신고사고,0,0,0,1,차대차 - 추돌 - 주정차중,안전운전불이행,건조,맑음,단일로 - 기타,승용,남,52세,상해없음,승용,여,57세,부상신고
2013012000100206,2013년 1월 20일 13시,일요일,부산광역시 사하구 하단동,경상사고,0,0,1,0,차대차 - 기타,교차로운행방법위반,건조,맑음,교차로 - 교차로안,승용,남,57세,상해없음,이륜,남,37세,경상
2013012000100240,2013년 1월 20일 15시,일요일,부산광역시 부산진구 양정동,중상사고,0,1,0,0,차대차 - 기타,교차로운행방법위반,건조,맑음,교차로 - 교차로안,승용,여,42세,상해없음,이륜,남,22세,중상
2013012000100256,2013년 1월 20일 16시,일요일,부산광역시 중구 남포동1가,경상사고,0,0,3,0,차대차 - 추돌 - 주정차중,안전운전불이행,건조,맑음,교차로 - 교차로부근,이륜,남,62세,상해없음,승용,남,29세,경상
2013012000100257,2013년 1월 20일 16시,일요일,부산광역시 기장군 일광면,중상사고,0,1,0,0,차대차 - 추돌 - 진행중,안전거리미확보,건조,맑음,교차로 - 교차로부근,승용,남,51세,상해없음,이륜,남,44세,중상
2013012000100332,2013년 1월 20일 19시,일요일,부산광역시 중구 대청동4가,중상사고,0,1,0,0,차대사람 - 횡단중,신호위반,건조,맑음,단일로 - 횡단보도상,이륜,남,17세,상해없음,보행자,여,35세,중상
2013012000100333,2013년 1월 20일 19시,일요일,부산광역시 동래구 온천동,경상사고,0,0,1,0,차대사람 - 횡단중,보행자보호의무위반,건조,맑음,단일로 - 횡단보도상,승용,여,29세,상해없음,보행자,여,59세,경상
2013012000100361,2013년 1월 20일 20시,일요일,부산광역시 동래구 사직동,중상사고,0,1,0,0,차대사람 - 횡단중,안전운전불이행,건조,맑음,단일로 - 기타,승용,여,58세,상해없음,보행자,남,27세,중상
2013012000100430,2013년 1월 20일 23시,일요일,부산광역시 기장군 장안읍,중상사고,0,1,0,0,차대사람 - 기타,안전운전불이행,건조,맑음,교차로 - 교차로안,승용,남,33세,상해없음,보행자,여,26세,중상
2013012100100004,2013년 1월 21일 00시,월요일,부산광역시 동구 초량동,중상사고,0,1,0,0,차대사람 - 기타,안전운전불이행,건조,맑음,단일로 - 횡단보도상,승용,남,56세,상해없음,보행자,여,19세,중상
2013012100100023,2013년 1월 21일 02시,월요일,부산광역시 연제구 거제동,경상사고,0,0,2,0,차대차 - 기타,안전운전불이행,건조,맑음,단일로 - 기타,승용,여,47세,상해없음,승용,남,46세,경상
2013012100100052,2013년 1월 21일 05시,월요일,부산광역시 부산진구 부전동,중상사고,0,1,0,0,차대차 - 측면직각충돌,안전운전불이행,습기,비,단일로 - 기타,승용,남,19세,상해없음,승용,기타불명,13세,기타불명
2013012100100065,2013년 1월 21일 06시,월요일,부산광역시 부산진구 전포동,사망사고,1,0,0,0,차대사람 - 횡단중,안전운전불이행,습기,흐림,단일로 - 기타,승용,여,57세,상해없음,보행자,여,77세,사망
2013012100100066,2013년 1월 21일 06시,월요일,부산광역시 부산진구 부암동,중상사고,0,1,0,0,차대사람 - 횡단중,보행자보호의무위반,습기,비,교차로 - 교차로안,화물,남,47세,상해없음,보행자,여,60세,중상
2013012100100099,2013년 1월 21일 07시,월요일,부산광역시 북구 화명동,중상사고,0,1,0,0,차대사람 - 횡단중,안전운전불이행,습기,비,단일로 - 기타,승용,남,47세,상해없음,보행자,남,57세,중상
2013012100100100,2013년 1월 21일 07시,월요일,부산광역시 금정구 서동,경상사고,0,0,1,0,차대사람 - 기타,신호위반,건조,맑음,단일로 - 횡단보도상,승용,남,68세,상해없음,보행자,남,56세,경상
2013012100100127,2013년 1월 21일 08시,월요일,부산광역시 연제구 연산동,중상사고,0,1,0,0,차대차 - 추돌 - 진행중,안전운전불이행,습기,비,단일로 - 기타,기타불명,기타불명,기타불명,기타불명,원동기,남,69세,중상
2013012100100155,2013년 1월 21일 09시,월요일,부산광역시 동구 초량동,경상사고,0,0,1,0,차대차 - 추돌 - 진행중,안전거리미확보,습기,맑음,단일로 - 횡단보도부근,승용,남,50세,상해없음,승용,여,41세,경상
2013012100100156,2013년 1월 21일 09시,월요일,부산광역시 남구 대연동,경상사고,0,0,1,0,차대차 - 측면직각충돌,안전운전불이행,습기,비,교차로 - 교차로부근,승용,남,41세,상해없음,승용,여,44세,경상
2013012100100157,2013년 1월 21일 09시,월요일,부산광역시 동래구 온천동,중상사고,0,1,0,0,차대차 - 측면직각충돌,안전운전불이행,습기,비,단일로 - 기타,승용,남,66세,상해없음,승용,여,48세,중상
2013012100100158,2013년 1월 21일 09시,월요일,부산광역시 해운대구 우동,경상사고,0,0,2,1,차대차 - 추돌 - 진행중,안전운전불이행,습기,비,단일로 - 터널,화물,남,52세,상해없음,승용,남,66세,경상
2013012100100159,2013년 1월 21일 09시,월요일,부산광역시 강서구 송정동,경상사고,0,0,2,0,차대차 - 추돌 - 주정차중,안전운전불이행,건조,맑음,교차로 - 교차로부근,승용,남,66세,상해없음,승용,여,39세,경상
2013012100100185,2013년 1월 21일 10시,월요일,부산광역시 북구 화명동,중상사고,0,1,0,0,차대사람 - 횡단중,안전운전불이행,습기,비,단일로 - 기타,화물,남,58세,상해없음,보행자,여,78세,중상
2013012100100186,2013년 1월 21일 10시,월요일,부산광역시 연제구 연산동,경상사고,0,0,1,0,차대차 - 기타,안전거리미확보,습기,비,단일로 - 기타,승용,남,50세,상해없음,승용,남,41세,경상
2013012100100204,2013년 1월 21일 11시,월요일,부산광역시 중구 남포동1가,경상사고,0,0,1,0,차대차 - 기타,신호위반,습기,비,교차로 - 교차로안,승용,여,40세,상해없음,이륜,남,33세,경상
2013012100100205,2013년 1월 21일 11시,월요일,부산광역시 북구 화명동,중상사고,0,2,1,1,차대차 - 기타,안전거리미확보,기타,비,단일로 - 기타,승용,여,43세,중상,승용,남,30세,중상
2013012100100206,2013년 1월 21일 11시,월요일,부산광역시 부산진구 범천동,중상사고,0,1,0,0,차대차 - 측면직각충돌,신호위반,건조,맑음,교차로 - 교차로안,승용,여,35세,상해없음,승용,남,62세,중상
2013012100100223,2013년 1월 21일 12시,월요일,부산광역시 서구 암남동,중상사고,0,1,0,0,차대사람 - 횡단중,안전운전불이행,습기,비,교차로 - 교차로부근,이륜,남,35세,상해없음,보행자,여,72세,중상
2013012100100239,2013년 1월 21일 13시,월요일,부산광역시 영도구 남항동1가,사망사고,1,0,0,0,차대사람 - 기타,안전운전불이행,습기,비,단일로 - 횡단보도부근,화물,남,40세,상해없음,보행자,여,75세,사망
2013012100100240,2013년 1월 21일 13시,월요일,부산광역시 사하구 신평동,경상사고,0,0,2,0,차대차 - 기타,안전운전불이행,건조,맑음,단일로 - 기타,승용,남,31세,상해없음,승합,남,58세,경상
2013012100100241,2013년 1월 21일 13시,월요일,부산광역시 기장군 정관면,경상사고,0,0,1,0,차대차 - 측면직각충돌,안전거리미확보,습기,비,단일로 - 기타,승용,남,24세,상해없음,원동기,남,43세,경상
2013012100100264,2013년 1월 21일 14시,월요일,부산광역시 동구 초량동,중상사고,0,1,0,0,차대차 - 추돌 - 진행중,교차로운행방법위반,습기,흐림,교차로 - 교차로안,승용,남,70세,상해없음,승용,남,55세,중상
2013012100100265,2013년 1월 21일 14시,월요일,부산광역시 서구 토성동5가,중상사고,0,1,0,0,차대사람 - 횡단중,안전운전불이행,습기,비,단일로 - 기타,승용,남,46세,상해없음,보행자,여,71세,중상
2013012100100266,2013년 1월 21일 14시,월요일,부산광역시 연제구 연산동,중상사고,0,1,0,0,차대차 - 측면직각충돌,신호위반,습기,비,교차로 - 교차로안,승용,남,61세,상해없음,이륜,남,39세,중상
2013012100100296,2013년 1월 21일 15시,월요일,부산광역시 북구 만덕동,경상사고,0,0,1,0,차대차 - 측면직각충돌,안전운전불이행,습기,비,단일로 - 기타,승용,남,48세,상해없음,승용,남,37세,경상
2013012100100323,2013년 1월 21일 16시,월요일,부산광역시 수영구 남천동,경상사고,0,0,1,0,차량단독 - 기타,안전운전불이행,건조,맑음,단일로 - 기타,승합,기타불명,기타불명,기타불명,,,,
2013012100100324,2013년 1월 21일 16시,월요일,부산광역시 영도구 남항동1가,중상사고,0,1,0,0,차대사람 - 기타,안전운전불이행,건조,맑음,단일로 - 기타,승용,여,35세,상해없음,보행자,남,55세,중상