사고번호,사고일시,요일,시군구,사고내용,사망자수,중상자수,경상자수,부상신고자수,사고유형,법규위반,노면상태,기상상태,도로형태,가해운전자 차종,가해운전자 성별,가해운전자 연령,가해운전자 상해정도,피해운전자 차종,피해운전자 성별,피해운전자 연령,피해운전자 상해정도
2013013000100229,2013년 1월 30일 12시,수요일,부산광역시 수영구 남천동,경상사고,0,0,1,0,차대사람 - 기타,안전운전불이행,건조,맑음,단일로 - 기타,승용,남,71세,상해없음,보행자,남,52세,경상
2013013000100230,2013년 1월 30일 12시,수요일,부산광역시 사하구 신평동,경상사고,0,0,1,0,차대차 - 기타,신호위반,건조,맑음,교차로 - 교차로부근,승용,여,58세,상해없음,이륜,남,32세,경상
2013013000100253,2013년 1월 30일 13시,수요일,부산광역시 영도구 대평동1가,경상사고,0,0,2,0,차대차 - 추돌 - 진행중,안전운전불이행,건조,맑음,교차로 - 교차로안,화물,남,38세,상해없음,이륜,남,35세,경상
2013013000100294,2013년 1월 30일 15시,수요일,부산광역시 부산진구 당감동,중상사고,0,1,0,0,차대차 - 기타,안전운전불이행,기타,맑음,단일로 - 기타,승용,여,68세,상해없음,화물,남,45세,상해없음
2013013000100321,2013년 1월 30일 16시,수요일,부산광역시 남구 대연동,중상사고,0,1,0,0,차대사람 - 길가장자리구역통행중,안전운전불이행,건조,맑음,교차로 - 교차로부근,승용,남,50세,상해없음,보행자,여,62세,중상
2013013000100343,2013년 1월 30일 17시,수요일,부산광역시 남구 용호동,중상사고,0,1,0,0,차대사람 - 기타,안전운전불이행,건조,맑음,기타 - 기타,승용,여,39세,상해없음,보행자,여,71세,중상
2013013000100344,2013년 1월 30일 17시,수요일,부산광역시 남구 대연동,중상사고,0,3,0,1,차대차 - 기타,교차로운행방법위반,건조,맑음,교차로 - 교차로안,화물,남,31세,부상신고,승용,남,64세,중상
2013013000100345,2013년 1월 30일 17시,수요일,부산광역시 부산진구 부암동,부상신고사고,0,0,0,1,차대차 - 추돌 - 진행중,안전운전불이행,건조,맑음,단일로 - 기타,승용,남,61세,부상신고,승용,여,29세,상해없음
2013013000100378,2013년 1월 30일 18시,수요일,부산광역시 영도구 영선동1가,경상사고,0,0,1,0,차대차 - 측면직각충돌,교차로운행방법위반,건조,맑음,교차로 - 교차로안,화물,남,33세,상해없음,승용,남,21세,경상
2013013000100379,2013년 1월 30일 18시,수요일,부산광역시 해운대구 우동,경상사고,0,0,1,0,차대사람 - 기타,보행자보호의무위반,건조,맑음,단일로 - 횡단보도상,승용,남,31세,상해없음,보행자,남,60세,경상
2013013000100380,2013년 1월 30일 18시,수요일,부산광역시 금정구 구서동,경상사고,0,0,1,0,차대사람 - 기타,안전운전불이행,건조,맑음,단일로 - 기타,승용,여,46세,상해없음,보행자,여,45세,경상
2013013000100381,2013년 1월 30일 18시,수요일,부산광역시 금정구 부곡동,경상사고,0,0,4,0,차대차 - 추돌 - 주정차중,안전운전불이행,건조,맑음,단일로 - 기타,승용,남,57세,상해없음,승합,남,42세,경상
2013013000100418,2013년 1월 30일 19시,수요일,부산광역시 사하구 괴정동,중상사고,0,1,0,0,차대사람 - 보도통행중,보행자보호의무위반,건조,맑음,단일로 - 횡단보도상,승용,남,32세,상해없음,보행자,남,70세,중상
2013013000100419,2013년 1월 30일 19시,수요일,부산광역시 강서구 대저1동,경상사고,0,0,1,0,차대차 - 기타,중앙선침범,건조,맑음,교차로 - 교차로부근,승용,남,61세,상해없음,승용,남,42세,경상
2013013000100452,2013년 1월 30일 20시,수요일,부산광역시 사하구 감천동,중상사고,0,1,0,0,차대차 - 측면직각충돌,안전운전불이행,건조,맑음,단일로 - 기타,특수,남,53세,상해없음,승용,여,52세,중상
2013013000100453,2013년 1월 30일 20시,수요일,부산광역시 기장군 정관면,경상사고,0,0,1,0,차대차 - 정면충돌,신호위반,건조,맑음,교차로 - 교차로안,승용,남,52세,상해없음,승용,남,60세,경상
2013013000100478,2013년 1월 30일 21시,수요일,부산광역시 남구 용호동,경상사고,0,0,1,0,차대차 - 추돌 - 진행중,안전운전불이행,건조,맑음,교차로 - 교차로부근,기타불명,기타불명,기타불명,기타불명,이륜,남,30세,경상
2013013000100479,2013년 1월 30일 21시,수요일,부산광역시 금정구 서동,경상사고,0,0,1,0,차대차 - 기타,안전운전불이행,건조,맑음,단일로 - 기타,원동기,남,18세,경상,승용,남,24세,상해없음
2013013000100480,2013년 1월 30일 21시,수요일,부산광역시 금정구 금사동,경상사고,0,0,1,0,차대사람 - 횡단중,보행자보호의무위반,건조,맑음,교차로 - 교차로부근,승용,남,52세,상해없음,보행자,여,31세,경상
2013013000100481,2013년 1월 30일 21시,수요일,부산광역시 연제구 연산동,경상사고,0,0,1,0,차대차 - 기타,중앙선침범,건조,맑음,단일로 - 기타,승용,남,31세,상해없음,승용,남,52세,경상
2013013000100541,2013년 1월 30일 23시,수요일,부산광역시 영도구 동삼동,중상사고,0,1,0,0,차대사람 - 보도통행중,안전운전불이행,건조,맑음,기타 - 기타,화물,남,30세,상해없음,보행자,남,61세,중상
2013013000100542,2013년 1월 30일 23시,수요일,부산광역시 금정구 장전동,경상사고,0,0,1,0,차량단독 - 공작물충돌,안전운전불이행,건조,맑음,교차로 - 교차로부근,이륜,남,46세,경상,,,,
2013013100100004,2013년 1월 31일 00시,목요일,부산광역시 수영구 광안동,경상사고,0,0,1,0,차대차 - 추돌 - 주정차중,안전운전불이행,건조,맑음,단일로 - 기타,승용,여,30세,상해없음,승용,남,50세,경상
2013013100100005,2013년 1월 31일 00시,목요일,부산광역시 사하구 당리동,부상신고사고,0,0,0,1,차대사람 - 기타,안전운전불이행,건조,맑음,단일로 - 기타,승용,남,42세,상해없음,보행자,여,63세,부상신고
2013013100100064,2013년 1월 31일 06시,목요일,부산광역시 북구 덕천동,경상사고,0,0,1,1,차대차 - 기타,안전거리미확보,건조,맑음,단일로 - 기타,승용,남,58세,기타불명,승용,남,57세,부상신고
2013013100100083,2013년 1월 31일 07시,목요일,부산광역시 남구 감만동,사망사고,1,0,0,0,차대차 - 기타,기타,건조,맑음,단일로 - 기타,화물,남,48세,사망,화물,남,51세,기타불명
2013013100100115,2013년 1월 31일 08시,목요일,부산광역시 중구 남포동4가,중상사고,0,1,0,0,차대사람 - 횡단중,안전운전불이행,건조,맑음,단일로 - 기타,승용,남,38세,상해없음,보행자,남,42세,중상
2013013100100116,2013년 1월 31일 08시,목요일,부산광역시 남구 대연동,중상사고,0,2,0,0,차대차 - 측면직각충돌,안전거리미확보,건조,맑음,교차로 - 교차로부근,승용,남,62세,중상,승용,여,54세,중상
2013013100100117,2013년 1월 31일 08시,목요일,부산광역시 동래구 수안동,중상사고,0,1,0,0,차대차 - 측면직각충돌,신호위반,건조,맑음,단일로 - 횡단보도상,승용,여,39세,상해없음,원동기,남,38세,중상
2013013100100118,2013년 1월 31일 08시,목요일,부산광역시 강서구 명지동,중상사고,0,1,0,0,차대차 - 추돌 - 주정차중,안전운전불이행,건조,맑음,교차로 - 교차로부근,승용,남,47세,상해없음,승용,남,33세,중상
2013013100100162,2013년 1월 31일 09시,목요일,부산광역시 동구 좌천동,부상신고사고,0,0,0,1,차대차 - 추돌 - 진행중,안전거리미확보,건조,맑음,단일로 - 터널,승용,여,42세,상해없음,승용,남,47세,상해없음
2013013100100163,2013년 1월 31일 09시,목요일,부산광역시 금정구 청룡동,경상사고,0,0,3,0,차대차 - 측면직각충돌,안전거리미확보,건조,맑음,단일로 - 기타,승용,남,54세,상해없음,승용,남,23세,경상
2013013100100164,2013년 1월 31일 09시,목요일,부산광역시 사상구 감전동,경상사고,0,0,1,0,차대차 - 기타,안전운전불이행,건조,맑음,단일로 - 기타,화물,남,51세,상해없음,승용,남,63세,경상
2013013100100232,2013년 1월 31일 12시,목요일,부산광역시 동구 초량동,중상사고,0,1,0,0,차대사람 - 횡단중,신호위반,건조,맑음,단일로 - 횡단보도상,이륜,남,33세,상해없음,보행자,여,21세,중상
2013013100100233,2013년 1월 31일 12시,목요일,부산광역시 연제구 연산동,경상사고,0,0,1,0,차대사람 - 길가장자리구역통행중,안전운전불이행,건조,맑음,단일로 - 기타,승용,여,44세,상해없음,보행자,여,73세,경상
2013013100100256,2013년 1월 31일 13시,목요일,부산광역시 부산진구 부전동,중상사고,0,1,0,0,차대차 - 추돌 - 진행중,안전운전불이행,건조,맑음,단일로 - 교량,승용,남,73세,상해없음,승용,남,48세,중상
2013013100100257,2013년 1월 31일 13시,목요일,부산광역시 기장군 기장읍,경상사고,0,0,1,0,차대차 - 기타,교차로운행방법위반,건조,맑음,교차로 - 교차로안,승용,남,50세,상해없음,승용,남,60세,경상
2013013100100287,2013년 1월 31일 14시,목요일,부산광역시 북구 금곡동,중상사고,0,1,0,0,차대사람 - 기타,안전운전불이행,건조,맑음,단일로 - 기타,승합,남,60세,상해없음,보행자,남,61세,중상
2013013100100314,2013년 1월 31일 15시,목요일,부산광역시 서구 아미동1가,중상사고,0,1,1,0,차대차 - 기타,기타,건조,맑음,단일로 - 기타,승용,남,58세,상해없음,원동기,남,53세,중상
2013013100100315,2013년 1월 31일 15시,목요일,부산광역시 서구 동대신동2가,경상사고,0,0,1,0,차대사람 - 기타,안전운전불이행,건조,맑음,단일로 - 기타,승용,여,45세,상해없음,보행자,여,8세,경상
2013013100100334,2013년 1월 31일 16시,목요일,부산광역시 해운대구 반여동,경상사고,0,0,1,0,차대차 - 기타,중앙선침범,건조,맑음,단일로 - 기타,승용,남,55세,상해없음,승합,남,57세,상해없음
2013013100100335,2013년 1월 31일 16시,목요일,부산광역시 부산진구 당감동,중상사고,0,2,0,0,차대사람 - 횡단중,보행자보호의무위반,건조,맑음,단일로 - 횡단보도상,승용,남,42세,상해없음,보행자,여,73세,중상
2013013100100352,2013년 1월 31일 17시,목요일,부산광역시 중구 남포동2가,중상사고,0,1,0,0,차대차 - 측면직각충돌,안전운전불이행,건조,맑음,단일로 - 기타,승용,여,23세,상해없음,이륜,남,34세,중상
2013013100100353,2013년 1월 31일 17시,목요일,부산광역시 남구 대연동,중상사고,0,1,1,0,차대차 - 추돌 - 진행중,교차로운행방법위반,건조,맑음,교차로 - 교차로안,화물,남,40세,중상,승용,남,60세,경상
2013013100100354,2013년 1월 31일 17시,목요일,부산광역시 사상구 감전동,중상사고,0,1,0,0,차대차 - 기타,중앙선침범,건조,맑음,단일로 - 기타,승용,남,55세,상해없음,이륜,남,37세,중상
2013013100100382,2013년 1월 31일 18시,목요일,부산광역시 금정구 금사동,중상사고,0,3,2,0,차대차 - 측면직각충돌,안전운전불이행,건조,맑음,기타 - 기타,승용,남,63세,경상,승용,남,48세,중상
2013013100100383,2013년 1월 31일 18시,목요일,부산광역시 사상구 모라동,중상사고,0,1,0,0,차대사람 - 기타,안전운전불이행,건조,맑음,단일로 - 기타,승용,남,23세,상해없음,보행자,남,58세,중상
2013013100100384,2013년 1월 31일 18시,목요일,부산광역시 사상구 모라동,중상사고,0,2,0,0,차대차 - 기타,안전운전불이행,건조,맑음,단일로 - 기타,화물,남,44세,기타불명,승용,남,50세,중상
2013013100100421,2013년 1월 31일 19시,목요일,부산광역시 해운대구 우동,중상사고,0,1,0,0,차대차 - 측면직각충돌,안전거리미확보,건조,맑음,단일로 - 기타,승용,남,25세,상해없음,이륜,남,31세,중상
2013013100100422,2013년 1월 31일 19시,목요일,부산광역시 강서구 명지동,중상사고,0,1,0,0,차대차 - 정면충돌,중앙선침범,건조,맑음,단일로 - 기타,승용,남,22세,상해없음,승용,남,32세,중상
2013013100100423,2013년 1월 31일 19시,목요일,부산광역시 강서구 신호동,경상사고,0,0,1,0,차대차 - 측면직각충돌,불법유턴,건조,맑음,교차로 - 교차로안,화물,남,27세,상해없음,승용,남,39세,경상
2013013100100447,2013년 1월 31일 20시,목요일,부산광역시 사하구 하단동,경상사고,0,0,1,0,차대차 - 기타,안전운전불이행,건조,맑음,교차로 - 교차로부근,기타불명,기타불명,기타불명,기타불명,승용,남,45세,경상
2013013100100513,2013년 1월 31일 22시,목요일,부산광역시 해운대구 우동,경상사고,0,0,4,1,차대차 - 측면직각충돌,신호위반,건조,맑음,교차로 - 교차로안,승용,여,30세,상해없음,승용,남,48세,경상
2013013100100514,2013년 1월 31일 22시,목요일,부산광역시 해운대구 반여동,경상사고,0,0,1,0,차대차 - 측면직각충돌,교차로운행방법위반,건조,맑음,교차로 - 교차로안,승합,남,49세,상해없음,이륜,남,22세,경상
2013013100100515,2013년 1월 31일 22시,목요일,부산광역시 금정구 장전동,중상사고,0,1,0,0,차대사람 - 기타,기타,습기,맑음,단일로 - 기타,승용,여,33세,상해없음,보행자,여,22세,중상
2013013100100516,2013년 1월 31일 22시,목요일,부산광역시 사하구 하단동,경상사고,0,0,1,0,차대차 - 기타,안전운전불이행,건조,맑음,교차로 - 교차로안,승용,남,24세,상해없음,승용,남,58세,경상
2013013100100539,2013년 1월 31일 23시,목요일,부산광역시 북구 화명동,중상사고,0,1,0,0,차대사람 - 기타,안전운전불이행,건조,맑음,단일로 - 기타,승합,남,58세,상해없음,보행자,남,61세,중상
2013013100100540,2013년 1월 31일 23시,목요일,부산광역시 해운대구 우동,경상사고,0,0,1,0,차대사람 - 횡단중,보행자보호의무위반,건조,맑음,단일로 - 횡단보도상,승용,남,46세,상해없음,보행자,남,45세,경상
2013020100100033,2013년 2월 1일 01시,금요일,부산광역시 사하구 하단동,경상사고,0,0,1,0,차대사람 - 횡단중,보행자보호의무위반,건조,흐림,단일로 - 횡단보도상,승용,여,22세,상해없음,보행자,여,52세,경상
2013020100100057,2013년 2월 1일 02시,금요일,부산광역시 사상구 삼락동,부상신고사고,0,0,0,2,차대차 - 추돌 - 진행중,신호위반,건조,맑음,교차로 - 교차로안,승용,남,29세,상해없음,승용,남,61세,상해없음
2013020100100058,2013년 2월 1일 02시,금요일,부산광역시 사상구 괘법동,경상사고,0,0,1,0,차대차 - 추돌 - 진행중,안전운전불이행,습기,비,교차로 - 교차로안,승용,남,26세,상해없음,승용,남,55세,상해없음
2013020100100102,2013년 2월 1일 05시,금요일,부산광역시 영도구 봉래동1가,경상사고,0,0,1,0,차대차 - 추돌 - 주정차중,안전거리미확보,습기,비,단일로 - 횡단보도부근,승용,남,24세,상해없음,승용,여,28세,경상
2013020100100103,2013년 2월 1일 05시,금요일,부산광역시 사하구 장림동,경상사고,0,0,4,0,차대차 - 정면충돌,신호위반,건조,맑음,교차로 - 교차로안,승용,남,44세,상해없음,화물,남,56세,상해없음
2013020100100120,2013년 2월 1일 06시,금요일,부산광역시 해운대구 중동,중상사고,0,1,0,0,차대사람 - 횡단중,신호위반,습기,비,교차로 - 교차로부근,화물,남,25세,상해없음,보행자,남,58세,중상
2013020100100146,2013년 2월 1일 07시,금요일,부산광역시 사하구 감천동,경상사고,0,0,2,0,차대차 - 추돌 - 진행중,교차로운행방법위반,건조,맑음,교차로 - 교차로부근,승용,여,50세,상해없음,승용,남,37세,경상
2013020100100175,2013년 2월 1일 08시,금요일,부산광역시 북구 구포동,경상사고,0,0,1,0,차대차 - 추돌 - 진행중,안전운전불이행,건조,맑음,기타 - 기타,화물,남,52세,상해없음,승용,남,42세,경상
2013020100100176,2013년 2월 1일 08시,금요일,부산광역시 사하구 구평동,경상사고,0,0,1,0,차대차 - 기타,중앙선침범,습기,비,단일로 - 기타,특수,남,59세,상해없음,승용,남,53세,경상
2013020100100177,2013년 2월 1일 08시,금요일,부산광역시 사하구 하단동,경상사고,0,0,1,0,차대차 - 기타,안전운전불이행,건조,맑음,단일로 - 기타,승용,여,63세,상해없음,승용,여,33세,경상
2013020100100178,2013년 2월 1일 08시,금요일,부산광역시 사하구 신평동,경상사고,0,0,1,0,차대차 - 기타,안전운전불이행,건조,맑음,단일로 - 기타,화물,남,48세,상해없음,승용,남,56세,경상
2013020100100244,2013년 2월 1일 11시,금요일,부산광역시 동래구 온천동,경상사고,0,0,1,0,차대차 - 기타,안전운전불이행,건조,맑음,단일로 - 기타,승용,남,44세,상해없음,승합,남,49세,상해없음
2013020100100245,2013년 2월 1일 11시,금요일,부산광역시 기장군 장안읍,경상사고,0,0,3,0,차대차 - 측면직각충돌,안전거리미확보,습기,비,교차로 - 교차로부근,승용,남,39세,경상,승용,여,50세,경상
2013020100100269,2013년 2월 1일 12시,금요일,부산광역시 강서구 대저2동,경상사고,0,0,1,0,차대차 - 기타,안전운전불이행,습기,비,단일로 - 기타,승용,남,53세,상해없음,화물,남,63세,경상
2013020100100292,2013년 2월 1일 13시,금요일,부산광역시 사하구 신평동,경상사고,0,0,1,0,차대차 - 추돌 - 진행중,중앙선침범,습기,비,단일로 - 기타,승용,남,55세,상해없음,승용,남,31세,경상
2013020100100312,2013년 2월 1일 14시,금요일,부산광역시 강서구 대저2동,경상사고,0,0,1,0,차대차 - 기타,안전운전불이행,습기,비,교차로 - 교차로부근,승용,남,62세,상해없음,승용,남,47세,경상
2013020100100331,2013년 2월 1일 15시,금요일,부산광역시 사상구 모라동,경상사고,0,0,1,0,차대차 - 추돌 - 진행중,안전운전불이행,습기,비,단일로 - 기타,승용,남,36세,상해없음,승용,남,29세,경상
2013020100100351,2013년 2월 1일 16시,금요일,부산광역시 금정구 남산동,중상사고,0,1,0,0,차대사람 - 횡단중,안전운전불이행,습기,비,단일로 - 기타,승용,남,32세,상해없음,보행자,여,61세,중상
2013020100100377,2013년 2월 1일 17시,금요일,부산광역시 부산진구 양정동,중상사고,0,1,0,0,차대차 - 기타,안전운전불이행,습기,맑음,단일로 - 기타,승용,남,60세,상해없음,승용,여,52세,중상
2013020100100378,2013년 2월 1일 17시,금요일,부산광역시 기장군 정관면,경상사고,0,0,3,0,차대차 - 추돌 - 주정차중,안전거리미확보,건조,흐림,단일로 - 기타,화물,남,44세,상해없음,승용,여,38세,경상
2013020100100379,2013년 2월 1일 17시,금요일,부산광역시 기장군 기장읍,경상사고,0,0,1,0,차대차 - 측면직각충돌,신호위반,건조,맑음,교차로 - 교차로안,승용,남,57세,상해없음,승용,여,39세,경상
2013020100100404,2013년 2월 1일 18시,금요일,부산광역시 부산진구 가야동,중상사고,0,1,0,0,차대사람 - 기타,안전운전불이행,건조,맑음,기타 - 기타,승용,남,24세,상해없음,보행자,여,51세,중상
2013020100100405,2013년 2월 1일 18시,금요일,부산광역시 부산진구 전포동,중상사고,0,1,0,0,차대사람 - 기타,안전운전불이행,건조,맑음,단일로 - 기타,승용,남,73세,상해없음,보행자,여,30세,중상
2013020100100406,2013년 2월 1일 18시,금요일,부산광역시 사하구 당리동,경상사고,0,0,1,0,차대사람 - 횡단중,신호위반,건조,맑음,단일로 - 기타,승용,남,55세,상해없음,보행자,여,50세,경상
2013020100100407,2013년 2월 1일 18시,금요일,부산광역시 강서구 범방동,중상사고,0,1,0,0,차대차 - 추돌 - 주정차중,안전운전불이행,건조,맑음,교차로 - 교차로부근,승용,남,58세,상해없음,승용,남,21세,중상
2013020100100459,2013년 2월 1일 19시,금요일,부산광역시 부산진구 부전동,경상사고,0,0,1,0,차대차 - 측면직각충돌,안전거리미확보,건조,맑음,단일로 - 기타,승합,남,55세,상해없음,승용,여,30세,경상
2013020100100460,2013년 2월 1일 19시,금요일,부산광역시 부산진구 양정동,중상사고,0,1,0,0,차대사람 - 기타,안전운전불이행,습기,비,단일로 - 기타,승용,남,58세,상해없음,보행자,남,79세,중상
2013020100100500,2013년 2월 1일 20시,금요일,부산광역시 서구 부용동1가,경상사고,0,0,1,0,차량단독 - 기타,교차로운행방법위반,건조,맑음,교차로 - 교차로안,승용,남,57세,상해없음,,,,
2013020100100501,2013년 2월 1일 20시,금요일,부산광역시 부산진구 양정동,경상사고,0,0,1,0,차대사람 - 기타,안전운전불이행,건조,맑음,단일로 - 기타,승용,남,33세,상해없음,보행자,여,60세,경상
2013020100100532,2013년 2월 1일 21시,금요일,부산광역시 동구 초량동,경상사고,0,0,1,0,차대차 - 측면직각충돌,교차로운행방법위반,건조,맑음,교차로 - 교차로안,승용,남,55세,상해없음,승용,남,56세,경상
2013020100100566,2013년 2월 1일 22시,금요일,부산광역시 동구 수정동,중상사고,0,1,0,0,차대사람 - 횡단중,안전운전불이행,건조,맑음,단일로 - 횡단보도상,승용,남,59세,상해없음,보행자,남,19세,중상
2013020100100567,2013년 2월 1일 22시,금요일,부산광역시 기장군 철마면,중상사고,0,1,1,0,차대차 - 기타,안전운전불이행,건조,맑음,단일로 - 기타,승용,남,46세,상해없음,승용,남,42세,경상
2013020100100568,2013년 2월 1일 22시,금요일,부산광역시 기장군 기장읍,중상사고,0,1,0,0,차대사람 - 기타,보행자보호의무위반,건조,맑음,단일로 - 기타,승용,남,61세,상해없음,보행자,남,56세,중상
2013020100100603,2013년 2월 1일 23시,금요일,부산광역시 남구 대연동,중상사고,0,1,0,0,차대차 - 측면직각충돌,신호위반,습기,흐림,단일로 - 기타,이륜,남,16세,상해없음,자전거,여,60세,중상
2013020100100604,2013년 2월 1일 23시,금요일,부산광역시 동래구 사직동,중상사고,0,1,0,0,차대차 - 측면직각충돌,직진우회전진행방해,습기,맑음,교차로 - 교차로안,승용,남,59세,상해없음,이륜,남,41세,중상
2013020100100605,2013년 2월 1일 23시,금요일,부산광역시 사상구 감전동,경상사고,0,0,1,0,차대차 - 기타,안전운전불이행,습기,흐림,단일로 - 기타,이륜,여,53세,경상,승용,남,30세,상해없음
2013020200100036,2013년 2월 2일 01시,토요일,부산광역시 남구 대연동,부상신고사고,0,0,0,2,차대차 - 측면직각충돌,안전거리미확보,습기,흐림,단일로 - 기타,승용,남,33세,상해없음,승용,남,60세,부상신고
2013020200100037,2013년 2월 2일 01시,토요일,부산광역시 영도구 봉래동3가,경상사고,0,0,1,0,차대차 - 추돌 - 진행중,안전운전불이행,습기,흐림,단일로 - 기타,승용,남,59세,상해없음,승용,남,27세,상해없음
2013020200100038,2013년 2월 2일 01시,토요일,부산광역시 사하구 장림동,경상사고,0,0,1,0,차대차 - 기타,안전운전불이행,건조,흐림,단일로 - 횡단보도부근,승용,남,39세,상해없음,승용,남,31세,경상
2013020200100058,2013년 2월 2일 02시,토요일,부산광역시 해운대구 재송동,경상사고,0,0,1,0,차대차 - 추돌 - 진행중,안전운전불이행,건조,맑음,교차로 - 교차로부근,승용,남,58세,상해없음,승용,남,53세,상해없음
2013020200100108,2013년 2월 2일 05시,토요일,부산광역시 영도구 봉래동3가,중상사고,0,1,0,0,차대사람 - 횡단중,신호위반,습기,흐림,단일로 - 기타,승용,남,47세,상해없음,보행자,남,37세,중상
2013020200100176,2013년 2월 2일 09시,토요일,부산광역시 북구 금곡동,중상사고,0,1,0,0,차대사람 - 횡단중,신호위반,건조,맑음,교차로 - 교차로안,승용,남,51세,상해없음,보행자,여,81세,중상
2013020200100177,2013년 2월 2일 09시,토요일,부산광역시 기장군 기장읍,경상사고,0,0,1,0,차대차 - 기타,안전운전불이행,건조,맑음,단일로 - 기타,승용,남,43세,기타불명,승용,남,32세,상해없음
2013020200100201,2013년 2월 2일 10시,토요일,부산광역시 중구 대창동1가,경상사고,0,0,1,1,차대차 - 추돌 - 진행중,안전운전불이행,건조,맑음,단일로 - 기타,화물,남,33세,부상신고,승합,남,40세,경상
2013020200100228,2013년 2월 2일 11시,토요일,부산광역시 남구 문현동,중상사고,0,1,0,0,차대차 - 추돌 - 진행중,안전운전불이행,건조,맑음,교차로 - 교차로안,승용,남,39세,상해없음,이륜,남,42세,중상
2013020200100229,2013년 2월 2일 11시,토요일,부산광역시 기장군 철마면,경상사고,0,0,1,0,차대차 - 추돌 - 진행중,안전거리미확보,건조,맑음,단일로 - 기타,승용,남,37세,상해없음,승용,남,45세,경상
2013020200100253,2013년 2월 2일 12시,토요일,부산광역시 해운대구 우동,중상사고,0,1,0,0,차대사람 - 길가장자리구역통행중,안전운전불이행,건조,기타,단일로 - 기타,원동기,남,53세,상해없음,보행자,여,64세,중상
2013020200100254,2013년 2월 2일 12시,토요일,부산광역시 사상구 덕포동,경상사고,0,0,1,0,차대사람 - 기타,안전운전불이행,건조,맑음,단일로 - 기타,승용,남,53세,상해없음,보행자,여,39세,경상
2013020200100284,2013년 2월 2일 13시,토요일,부산광역시 부산진구 초읍동,중상사고,0,1,0,0,차대차 - 기타,직진우회전진행방해,기타,맑음,교차로 - 교차로안,승용,남,67세,기타불명,화물,남,61세,중상
2013020200100332,2013년 2월 2일 15시,토요일,부산광역시 영도구 동삼동,경상사고,0,0,1,0,차대사람 - 길가장자리구역통행중,안전운전불이행,건조,맑음,단일로 - 기타,승용,남,36세,상해없음,보행자,남,41세,경상
2013020200100333,2013년 2월 2일 15시,토요일,부산광역시 부산진구 양정동,중상사고,0,3,1,0,차대차 - 기타,중앙선침범,건조,맑음,단일로 - 기타,승용,남,67세,상해없음,승용,여,56세,경상
2013020200100351,2013년 2월 2일 16시,토요일,부산광역시 부산진구 양정동,중상사고,0,1,0,0,차량단독 - 기타,안전운전불이행,건조,맑음,단일로 - 기타,원동기,남,18세,상해없음,,,,
2013020200100373,2013년 2월 2일 17시,토요일,부산광역시 사상구 주례동,경상사고,0,0,1,0,차대차 - 측면직각충돌,안전거리미확보,건조,맑음,단일로 - 기타,승용,남,31세,상해없음,승용,남,29세,경상
2013020200100406,2013년 2월 2일 18시,토요일,부산광역시 동구 초량동,중상사고,0,1,0,0,차대사람 - 기타,보행자보호의무위반,건조,맑음,교차로 - 교차로부근,승용,여,32세,상해없음,보행자,여,46세,중상
2013020200100452,2013년 2월 2일 19시,토요일,부산광역시 남구 용호동,중상사고,0,1,0,0,차대사람 - 길가장자리구역통행중,안전운전불이행,건조,맑음,단일로 - 기타,승용,여,52세,상해없음,보행자,남,63세,중상
2013020200100453,2013년 2월 2일 19시,토요일,부산광역시 북구 구포동,중상사고,0,1,0,0,차대사람 - 기타,안전운전불이행,건조,맑음,단일로 - 횡단보도상,승용,남,56세,상해없음,보행자,여,52세,중상
2013020200100454,2013년 2월 2일 19시,토요일,부산광역시 해운대구 중동,경상사고,0,0,3,2,차대차 - 추돌 - 진행중,안전운전불이행,건조,흐림,미분류 - 미분류,승용,남,42세,상해없음,승용,남,30세,경상
2013020200100455,2013년 2월 2일 19시,토요일,부산광역시 사하구 다대동,경상사고,0,0,1,0,차대사람 - 기타,안전운전불이행,건조,맑음,교차로 - 교차로부근,승용,남,50세,상해없음,보행자,남,44세,경상
2013020200100456,2013년 2월 2일 19시,토요일,부산광역시 사하구 감천동,중상사고,0,1,0,0,차대사람 - 기타,불법유턴,건조,맑음,기타 - 기타,승용,남,42세,상해없음,보행자,남,46세,중상
2013020200100457,2013년 2월 2일 19시,토요일,부산광역시 기장군 기장읍,경상사고,0,0,2,0,차대차 - 추돌 - 진행중,안전거리미확보,건조,맑음,단일로 - 기타,건설기계,남,59세,상해없음,승용,남,33세,경상
2013020200100478,2013년 2월 2일 20시,토요일,부산광역시 동래구 온천동,경상사고,0,0,1,0,차대사람 - 기타,기타,건조,맑음,단일로 - 기타,승용,남,53세,상해없음,보행자,여,45세,경상
2013020200100479,2013년 2월 2일 20시,토요일,부산광역시 사상구 모라동,중상사고,0,1,0,0,차대차 - 측면직각충돌,신호위반,건조,맑음,교차로 - 교차로안,원동기,남,52세,중상,승용,남,54세,상해없음
2013020200100503,2013년 2월 2일 21시,토요일,부산광역시 해운대구 우동,경상사고,0,0,1,0,차대차 - 추돌 - 진행중,안전운전불이행,건조,흐림,단일로 - 기타,승용,남,22세,상해없음,승용,여,43세,경상