사고번호,사고일시,요일,시군구,사고내용,사망자수,중상자수,경상자수,부상신고자수,사고유형,법규위반,노면상태,기상상태,도로형태,가해운전자 차종,가해운전자 성별,가해운전자 연령,가해운전자 상해정도,피해운전자 차종,피해운전자 성별,피해운전자 연령,피해운전자 상해정도
2013021200100057,2013년 2월 12일 06시,화요일,부산광역시 동래구 온천동,중상사고,0,1,0,0,차대차 - 측면직각충돌,신호위반,건조,맑음,교차로 - 교차로안,승용,여,45세,상해없음,화물,남,39세,중상
2013021200100058,2013년 2월 12일 06시,화요일,부산광역시 사상구 감전동,경상사고,0,0,3,0,차대차 - 추돌 - 주정차중,안전거리미확보,건조,맑음,교차로 - 교차로부근,승용,남,56세,상해없음,화물,남,22세,경상
2013021200100074,2013년 2월 12일 07시,화요일,부산광역시 연제구 연산동,경상사고,0,0,1,0,차대차 - 기타,안전운전불이행,건조,맑음,단일로 - 기타,승용,남,35세,상해없음,승용,여,40세,경상
2013021200100083,2013년 2월 12일 08시,화요일,부산광역시 해운대구 우동,중상사고,0,1,0,0,차대사람 - 기타,안전운전불이행,건조,맑음,단일로 - 기타,승합,남,64세,상해없음,보행자,여,51세,중상
2013021200100084,2013년 2월 12일 08시,화요일,부산광역시 사하구 당리동,경상사고,0,0,1,0,차대차 - 기타,안전운전불이행,건조,맑음,단일로 - 기타,화물,남,45세,상해없음,승용,남,62세,경상
2013021200100095,2013년 2월 12일 09시,화요일,부산광역시 부산진구 양정동,경상사고,0,0,2,0,차대차 - 기타,안전운전불이행,건조,맑음,단일로 - 기타,특수,남,48세,상해없음,승용,남,23세,상해없음
2013021200100108,2013년 2월 12일 10시,화요일,부산광역시 해운대구 좌동,중상사고,0,1,1,0,차대차 - 추돌 - 진행중,안전운전불이행,건조,맑음,교차로 - 교차로안,승용,여,54세,상해없음,승용,여,48세,중상
2013021200100145,2013년 2월 12일 12시,화요일,부산광역시 부산진구 양정동,중상사고,0,1,0,0,차대사람 - 기타,안전운전불이행,건조,맑음,교차로 - 교차로부근,승합,남,58세,상해없음,보행자,남,68세,중상
2013021200100146,2013년 2월 12일 12시,화요일,부산광역시 기장군 정관면,경상사고,0,0,4,0,차대사람 - 기타,안전운전불이행,건조,맑음,단일로 - 기타,승용,여,44세,상해없음,보행자,남,16세,경상
2013021200100172,2013년 2월 12일 13시,화요일,부산광역시 금정구 금사동,중상사고,0,1,0,0,차대차 - 추돌 - 진행중,교차로운행방법위반,습기,비,교차로 - 교차로안,승용,남,63세,상해없음,자전거,여,52세,중상
2013021200100237,2013년 2월 12일 15시,화요일,부산광역시 사상구 모라동,중상사고,0,1,0,0,차량단독 - 기타,기타,건조,맑음,단일로 - 기타,승합,남,49세,상해없음,,,,
2013021200100263,2013년 2월 12일 16시,화요일,부산광역시 남구 대연동,부상신고사고,0,0,0,2,차대차 - 측면직각충돌,안전거리미확보,건조,맑음,교차로 - 교차로부근,승용,남,44세,기타불명,승용,남,27세,상해없음
2013021200100294,2013년 2월 12일 17시,화요일,부산광역시 동래구 명륜동,중상사고,0,1,0,0,차대차 - 추돌 - 진행중,안전운전불이행,결빙,비,단일로 - 기타,승용,남,59세,상해없음,승용,남,34세,중상
2013021200100295,2013년 2월 12일 17시,화요일,부산광역시 수영구 망미동,경상사고,0,0,1,0,차대차 - 측면직각충돌,안전거리미확보,습기,흐림,단일로 - 기타,승용,남,36세,상해없음,승합,남,52세,경상
2013021200100317,2013년 2월 12일 18시,화요일,부산광역시 남구 대연동,경상사고,0,0,4,0,차대차 - 기타,안전거리미확보,건조,맑음,단일로 - 기타,승용,남,63세,상해없음,승용,남,62세,경상
2013021200100318,2013년 2월 12일 18시,화요일,부산광역시 부산진구 당감동,경상사고,0,0,1,0,차대차 - 기타,안전운전불이행,기타,맑음,단일로 - 기타,승용,남,46세,상해없음,승용,남,58세,경상
2013021200100319,2013년 2월 12일 18시,화요일,부산광역시 금정구 서동,경상사고,0,0,1,0,차대차 - 측면직각충돌,안전거리미확보,습기,흐림,단일로 - 기타,화물,남,61세,상해없음,승용,남,25세,경상
2013021200100320,2013년 2월 12일 18시,화요일,부산광역시 사하구 하단동,중상사고,0,1,0,0,차대사람 - 기타,안전운전불이행,건조,맑음,교차로 - 교차로안,승합,남,65세,상해없음,보행자,여,55세,중상
2013021200100321,2013년 2월 12일 18시,화요일,부산광역시 강서구 화전동,중상사고,0,1,0,0,차대차 - 기타,신호위반,건조,맑음,교차로 - 교차로안,승용,여,25세,상해없음,승용,여,28세,중상
2013021200100322,2013년 2월 12일 18시,화요일,부산광역시 기장군 철마면,중상사고,0,1,0,0,차대차 - 측면직각충돌,교차로운행방법위반,건조,맑음,교차로 - 교차로안,승용,남,57세,상해없음,이륜,남,74세,중상
2013021200100354,2013년 2월 12일 19시,화요일,부산광역시 사상구 괘법동,경상사고,0,0,1,0,차대차 - 추돌 - 진행중,신호위반,건조,맑음,교차로 - 교차로부근,승용,남,36세,상해없음,승용,남,55세,경상
2013021200100386,2013년 2월 12일 20시,화요일,부산광역시 동구 좌천동,경상사고,0,0,2,0,차대차 - 추돌 - 주정차중,안전운전불이행,건조,흐림,단일로 - 기타,승용,남,55세,상해없음,승용,남,25세,경상
2013021200100410,2013년 2월 12일 21시,화요일,부산광역시 사하구 신평동,중상사고,0,1,0,0,차대차 - 기타,안전운전불이행,건조,맑음,교차로 - 교차로안,승용,남,40세,상해없음,이륜,남,16세,중상
2013021200100411,2013년 2월 12일 21시,화요일,부산광역시 사상구 주례동,중상사고,0,1,0,0,차대사람 - 기타,안전운전불이행,건조,맑음,단일로 - 기타,승용,남,37세,상해없음,보행자,남,35세,중상
2013021200100460,2013년 2월 12일 23시,화요일,부산광역시 수영구 광안동,중상사고,0,1,0,0,차대차 - 측면직각충돌,교차로운행방법위반,건조,맑음,교차로 - 교차로안,승용,남,50세,상해없음,이륜,남,23세,중상
2013021200100461,2013년 2월 12일 23시,화요일,부산광역시 부산진구 전포동,중상사고,0,1,0,0,차대차 - 기타,안전운전불이행,건조,맑음,교차로 - 교차로안,이륜,남,46세,중상,승용,남,20세,상해없음
2013021300100005,2013년 2월 13일 00시,수요일,부산광역시 기장군 장안읍,중상사고,0,1,0,0,차대차 - 추돌 - 주정차중,안전운전불이행,건조,맑음,교차로 - 교차로부근,승용,남,44세,상해없음,승용,남,50세,중상
2013021300100019,2013년 2월 13일 01시,수요일,부산광역시 동구 범일동,중상사고,0,1,0,0,차대차 - 측면직각충돌,안전운전불이행,건조,맑음,단일로 - 기타,화물,기타불명,기타불명,기타불명,승용,여,29세,중상
2013021300100020,2013년 2월 13일 01시,수요일,부산광역시 사상구 감전동,중상사고,0,1,0,0,차량단독 - 기타,안전운전불이행,건조,맑음,단일로 - 기타,승용,남,54세,상해없음,,,,
2013021300100049,2013년 2월 13일 04시,수요일,부산광역시 사하구 장림동,경상사고,0,0,1,0,차대사람 - 기타,안전운전불이행,건조,맑음,교차로 - 교차로부근,승용,남,60세,상해없음,보행자,남,59세,경상
2013021300100105,2013년 2월 13일 08시,수요일,부산광역시 동래구 안락동,중상사고,0,1,1,0,차대차 - 기타,안전거리미확보,건조,맑음,단일로 - 기타,승용,남,30세,상해없음,승합,남,52세,상해없음
2013021300100139,2013년 2월 13일 09시,수요일,부산광역시 부산진구 부전동,중상사고,0,1,0,0,차대차 - 측면직각충돌,신호위반,건조,맑음,교차로 - 교차로안,승용,남,52세,상해없음,승용,남,64세,상해없음
2013021300100140,2013년 2월 13일 09시,수요일,부산광역시 부산진구 부전동,경상사고,0,0,1,0,차대차 - 측면직각충돌,신호위반,건조,맑음,교차로 - 교차로안,승용,남,40세,상해없음,승용,여,54세,경상
2013021300100161,2013년 2월 13일 10시,수요일,부산광역시 사상구 주례동,경상사고,0,0,1,0,차대사람 - 길가장자리구역통행중,안전운전불이행,건조,맑음,단일로 - 기타,화물,남,41세,상해없음,보행자,남,70세,경상
2013021300100182,2013년 2월 13일 11시,수요일,부산광역시 해운대구 우동,중상사고,0,2,4,0,차대차 - 측면직각충돌,교차로운행방법위반,건조,맑음,교차로 - 교차로부근,승용,여,63세,상해없음,승용,남,35세,중상
2013021300100183,2013년 2월 13일 11시,수요일,부산광역시 사하구 장림동,경상사고,0,0,1,0,차대차 - 기타,안전운전불이행,건조,맑음,단일로 - 기타,승용,여,39세,상해없음,승용,남,55세,경상
2013021300100204,2013년 2월 13일 12시,수요일,부산광역시 사하구 다대동,중상사고,0,1,0,0,차대사람 - 기타,안전운전불이행,건조,맑음,단일로 - 기타,승용,남,62세,상해없음,보행자,남,13세,중상
2013021300100215,2013년 2월 13일 13시,수요일,부산광역시 중구 남포동1가,중상사고,0,1,0,0,차대사람 - 기타,안전운전불이행,건조,맑음,단일로 - 기타,승합,남,47세,상해없음,보행자,남,77세,중상
2013021300100245,2013년 2월 13일 14시,수요일,부산광역시 동래구 사직동,중상사고,0,1,0,0,차대차 - 기타,안전거리미확보,건조,맑음,단일로 - 기타,화물,남,50세,상해없음,승용,여,32세,중상
2013021300100246,2013년 2월 13일 14시,수요일,부산광역시 금정구 부곡동,부상신고사고,0,0,0,1,차대차 - 기타,기타,건조,맑음,단일로 - 기타,화물,남,45세,상해없음,승합,남,43세,상해없음
2013021300100247,2013년 2월 13일 14시,수요일,부산광역시 금정구 구서동,경상사고,0,0,1,0,차대사람 - 기타,안전운전불이행,건조,맑음,단일로 - 기타,이륜,남,27세,상해없음,보행자,여,10세,경상
2013021300100248,2013년 2월 13일 14시,수요일,부산광역시 사상구 주례동,경상사고,0,0,2,0,차대차 - 측면직각충돌,안전거리미확보,건조,맑음,교차로 - 교차로부근,승용,남,54세,상해없음,승용,여,47세,경상
2013021300100271,2013년 2월 13일 15시,수요일,부산광역시 금정구 남산동,중상사고,0,1,0,0,차량단독 - 기타,안전운전불이행,건조,맑음,단일로 - 기타,승합,남,55세,기타불명,,,,
2013021300100272,2013년 2월 13일 15시,수요일,부산광역시 강서구 신호동,중상사고,0,1,0,0,차대차 - 측면직각충돌,교차로운행방법위반,건조,맑음,교차로 - 교차로안,승용,남,68세,상해없음,승용,여,27세,중상
2013021300100301,2013년 2월 13일 16시,수요일,부산광역시 금정구 남산동,경상사고,0,0,1,0,차대차 - 기타,기타,건조,맑음,교차로 - 교차로안,화물,남,68세,상해없음,승용,남,51세,경상
2013021300100302,2013년 2월 13일 16시,수요일,부산광역시 강서구 대저2동,중상사고,0,1,0,0,차량단독 - 기타,안전운전불이행,건조,맑음,기타 - 기타,화물,남,43세,상해없음,,,,
2013021300100329,2013년 2월 13일 17시,수요일,부산광역시 북구 구포동,사망사고,1,0,0,0,차대사람 - 기타,안전운전불이행,건조,맑음,단일로 - 기타,승용,남,60세,상해없음,보행자,여,89세,사망
2013021300100330,2013년 2월 13일 17시,수요일,부산광역시 강서구 대저2동,경상사고,0,0,1,0,차대차 - 측면직각충돌,안전거리미확보,건조,맑음,단일로 - 기타,승용,남,59세,상해없음,승용,남,53세,경상
2013021300100350,2013년 2월 13일 18시,수요일,부산광역시 금정구 구서동,경상사고,0,0,1,0,차대사람 - 기타,안전운전불이행,건조,맑음,단일로 - 기타,승용,여,56세,상해없음,보행자,여,50세,경상
2013021300100395,2013년 2월 13일 19시,수요일,부산광역시 동래구 명장동,중상사고,0,1,0,0,차대사람 - 차도통행중,안전운전불이행,건조,맑음,단일로 - 기타,화물,남,46세,상해없음,보행자,여,59세,중상
2013021300100396,2013년 2월 13일 19시,수요일,부산광역시 금정구 남산동,중상사고,0,1,0,1,차대차 - 측면직각충돌,중앙선침범,건조,맑음,단일로 - 기타,이륜,남,18세,부상신고,이륜,남,51세,중상
2013021300100425,2013년 2월 13일 20시,수요일,부산광역시 북구 덕천동,경상사고,0,0,1,0,차대차 - 기타,안전거리미확보,건조,맑음,교차로 - 교차로부근,승용,남,54세,상해없음,특수,남,29세,경상
2013021300100455,2013년 2월 13일 21시,수요일,부산광역시 남구 문현동,중상사고,0,1,0,0,차대사람 - 기타,안전운전불이행,건조,맑음,교차로 - 교차로부근,승용,여,43세,상해없음,보행자,여,47세,중상
2013021300100456,2013년 2월 13일 21시,수요일,부산광역시 사하구 신평동,중상사고,0,1,0,0,차대차 - 기타,교차로운행방법위반,건조,맑음,교차로 - 교차로안,승용,남,48세,상해없음,원동기,남,24세,중상
2013021300100457,2013년 2월 13일 21시,수요일,부산광역시 사상구 학장동,경상사고,0,0,1,0,차대사람 - 보도통행중,신호위반,건조,맑음,교차로 - 교차로안,승용,남,70세,상해없음,보행자,남,44세,경상
2013021300100485,2013년 2월 13일 22시,수요일,부산광역시 동구 수정동,중상사고,0,1,1,0,차대차 - 측면직각충돌,직진우회전진행방해,건조,맑음,교차로 - 교차로안,이륜,남,35세,상해없음,이륜,남,16세,경상
2013021300100486,2013년 2월 13일 22시,수요일,부산광역시 동래구 수안동,중상사고,0,1,0,0,차대사람 - 횡단중,안전운전불이행,건조,흐림,교차로 - 교차로안,승용,남,33세,상해없음,보행자,남,63세,중상
2013021300100487,2013년 2월 13일 22시,수요일,부산광역시 해운대구 좌동,경상사고,0,0,2,0,차대차 - 추돌 - 진행중,안전운전불이행,건조,맑음,단일로 - 기타,승용,남,47세,기타불명,승용,남,21세,경상
2013021400100041,2013년 2월 14일 03시,목요일,부산광역시 동구 수정동,경상사고,0,0,1,1,차대차 - 정면충돌,안전운전불이행,건조,맑음,교차로 - 교차로안,승용,남,22세,부상신고,승용,남,54세,경상
2013021400100042,2013년 2월 14일 03시,목요일,부산광역시 동래구 온천동,중상사고,0,1,0,0,차대사람 - 횡단중,안전운전불이행,건조,맑음,교차로 - 교차로안,승용,남,52세,상해없음,보행자,여,30세,중상
2013021400100043,2013년 2월 14일 03시,목요일,부산광역시 부산진구 초읍동,중상사고,0,1,1,0,차대차 - 기타,안전운전불이행,건조,맑음,교차로 - 교차로안,승용,남,56세,상해없음,승용,남,56세,경상
2013021400100047,2013년 2월 14일 04시,목요일,부산광역시 연제구 연산동,중상사고,0,1,0,0,차대차 - 추돌 - 주정차중,안전운전불이행,건조,맑음,교차로 - 교차로부근,승용,남,33세,상해없음,이륜,남,36세,중상
2013021400100070,2013년 2월 14일 07시,목요일,부산광역시 북구 만덕동,경상사고,0,0,1,0,차대차 - 추돌 - 진행중,안전운전불이행,건조,맑음,기타 - 기타,승용,남,21세,기타불명,승합,남,60세,경상
2013021400100112,2013년 2월 14일 09시,목요일,부산광역시 금정구 서동,중상사고,0,1,0,0,차대차 - 측면직각충돌,중앙선침범,건조,맑음,단일로 - 기타,승용,남,58세,상해없음,승합,남,44세,중상
2013021400100153,2013년 2월 14일 11시,목요일,부산광역시 강서구 대저2동,중상사고,0,1,0,1,차대차 - 추돌 - 진행중,안전거리미확보,건조,맑음,단일로 - 기타,화물,남,43세,상해없음,승용,남,39세,중상
2013021400100154,2013년 2월 14일 11시,목요일,부산광역시 기장군 철마면,경상사고,0,0,1,0,차대차 - 측면직각충돌,안전거리미확보,건조,맑음,단일로 - 기타,원동기,남,67세,경상,승용,남,36세,상해없음
2013021400100173,2013년 2월 14일 12시,목요일,부산광역시 수영구 광안동,경상사고,0,0,1,0,차대차 - 측면직각충돌,안전거리미확보,건조,맑음,단일로 - 기타,승용,남,66세,상해없음,화물,남,27세,경상
2013021400100174,2013년 2월 14일 12시,목요일,부산광역시 해운대구 반여동,중상사고,0,1,0,0,차대차 - 측면직각충돌,중앙선침범,건조,맑음,단일로 - 기타,승용,여,60세,상해없음,승용,남,44세,중상
2013021400100223,2013년 2월 14일 14시,목요일,부산광역시 강서구 대저2동,경상사고,0,0,1,0,차대차 - 기타,안전거리미확보,건조,맑음,단일로 - 기타,승용,여,54세,상해없음,승용,여,26세,경상
2013021400100276,2013년 2월 14일 16시,목요일,부산광역시 부산진구 부전동,경상사고,0,0,1,0,차대사람 - 길가장자리구역통행중,안전운전불이행,건조,맑음,단일로 - 기타,승용,여,33세,상해없음,보행자,여,68세,경상
2013021400100277,2013년 2월 14일 16시,목요일,부산광역시 강서구 송정동,중상사고,0,1,1,0,차대차 - 기타,신호위반,건조,맑음,교차로 - 교차로안,화물,남,33세,상해없음,승용,남,48세,경상
2013021400100297,2013년 2월 14일 17시,목요일,부산광역시 연제구 연산동,경상사고,0,0,1,0,차대차 - 측면직각충돌,안전운전불이행,건조,맑음,교차로 - 교차로안,승용,남,65세,상해없음,승용,남,62세,경상
2013021400100298,2013년 2월 14일 17시,목요일,부산광역시 강서구 강동동,중상사고,0,2,0,0,차대차 - 측면직각충돌,안전운전불이행,건조,맑음,교차로 - 교차로안,화물,남,48세,상해없음,화물,남,57세,중상
2013021400100299,2013년 2월 14일 17시,목요일,부산광역시 사상구 괘법동,중상사고,0,1,0,0,차대사람 - 횡단중,안전운전불이행,건조,맑음,교차로 - 교차로부근,승합,남,61세,상해없음,보행자,여,77세,중상
2013021400100354,2013년 2월 14일 19시,목요일,부산광역시 수영구 민락동,중상사고,0,1,0,0,차대차 - 측면직각충돌,교차로운행방법위반,건조,맑음,교차로 - 교차로안,승용,남,50세,상해없음,원동기,남,52세,중상
2013021400100355,2013년 2월 14일 19시,목요일,부산광역시 동래구 안락동,경상사고,0,0,1,0,차대차 - 측면직각충돌,안전거리미확보,건조,맑음,단일로 - 기타,승용,남,27세,상해없음,원동기,남,26세,경상
2013021400100356,2013년 2월 14일 19시,목요일,부산광역시 부산진구 부전동,경상사고,0,0,1,0,차대차 - 측면직각충돌,교차로운행방법위반,건조,맑음,교차로 - 교차로안,화물,남,65세,상해없음,승용,남,60세,경상
2013021400100391,2013년 2월 14일 20시,목요일,부산광역시 사상구 덕포동,경상사고,0,0,1,0,차량단독 - 기타,안전운전불이행,건조,맑음,교차로 - 교차로부근,승합,남,57세,상해없음,,,,
2013021500100026,2013년 2월 15일 01시,금요일,부산광역시 해운대구 송정동,중상사고,0,1,0,0,차대차 - 추돌 - 진행중,안전운전불이행,건조,맑음,단일로 - 기타,승용,기타불명,기타불명,기타불명,화물,남,45세,중상
2013021500100047,2013년 2월 15일 02시,금요일,부산광역시 기장군 기장읍,중상사고,0,3,2,0,차대차 - 추돌 - 주정차중,안전운전불이행,건조,맑음,단일로 - 기타,승용,남,26세,상해없음,승용,남,39세,중상
2013021500100063,2013년 2월 15일 04시,금요일,부산광역시 사하구 괴정동,부상신고사고,0,0,0,1,차량단독 - 기타,안전운전불이행,건조,맑음,단일로 - 기타,승용,남,54세,상해없음,,,,
2013021500100082,2013년 2월 15일 06시,금요일,부산광역시 서구 서대신동1가,중상사고,0,1,1,0,차대차 - 추돌 - 주정차중,안전운전불이행,건조,맑음,단일로 - 터널,승용,남,18세,상해없음,승용,남,43세,중상
2013021500100111,2013년 2월 15일 08시,금요일,부산광역시 서구 아미동1가,중상사고,0,1,2,0,차대차 - 추돌 - 주정차중,안전운전불이행,건조,맑음,단일로 - 기타,승용,남,33세,상해없음,화물,남,23세,중상
2013021500100148,2013년 2월 15일 09시,금요일,부산광역시 동구 범일동,중상사고,0,1,0,0,차대차 - 기타,안전운전불이행,건조,맑음,단일로 - 기타,화물,남,55세,상해없음,원동기,남,46세,중상
2013021500100149,2013년 2월 15일 09시,금요일,부산광역시 북구 화명동,중상사고,0,1,0,0,차대사람 - 횡단중,보행자보호의무위반,건조,맑음,단일로 - 횡단보도상,화물,남,52세,상해없음,보행자,여,32세,중상
2013021500100195,2013년 2월 15일 11시,금요일,부산광역시 사하구 신평동,경상사고,0,0,1,0,차대차 - 기타,안전운전불이행,건조,맑음,단일로 - 기타,화물,남,22세,상해없음,원동기,남,30세,경상
2013021500100219,2013년 2월 15일 12시,금요일,부산광역시 사상구 감전동,중상사고,0,1,0,0,차대차 - 측면직각충돌,신호위반,건조,맑음,교차로 - 교차로안,이륜,여,49세,중상,승용,여,52세,상해없음
2013021500100235,2013년 2월 15일 13시,금요일,부산광역시 남구 용당동,중상사고,0,1,0,0,차대차 - 기타,신호위반,건조,맑음,교차로 - 교차로안,승용,남,52세,상해없음,원동기,남,34세,중상
2013021500100346,2013년 2월 15일 17시,금요일,부산광역시 동구 초량동,중상사고,0,1,0,0,차대사람 - 기타,안전운전불이행,건조,맑음,단일로 - 기타,화물,남,57세,상해없음,보행자,남,70세,중상
2013021500100347,2013년 2월 15일 17시,금요일,부산광역시 수영구 광안동,부상신고사고,0,0,0,1,차대차 - 측면직각충돌,중앙선침범,건조,맑음,단일로 - 기타,승합,남,71세,상해없음,이륜,남,28세,부상신고
2013021500100348,2013년 2월 15일 17시,금요일,부산광역시 사상구 모라동,경상사고,0,0,3,0,차대차 - 추돌 - 진행중,안전운전불이행,건조,맑음,단일로 - 기타,승용,남,21세,상해없음,승용,남,56세,경상
2013021500100424,2013년 2월 15일 20시,금요일,부산광역시 중구 보수동1가,경상사고,0,0,2,0,차대차 - 기타,안전운전불이행,건조,맑음,단일로 - 기타,승용,남,43세,상해없음,이륜,남,74세,경상
2013021500100425,2013년 2월 15일 20시,금요일,부산광역시 부산진구 부전동,경상사고,0,0,1,0,차대차 - 기타,안전운전불이행,건조,맑음,교차로 - 교차로안,승용,남,32세,상해없음,이륜,남,39세,경상
2013021500100452,2013년 2월 15일 21시,금요일,부산광역시 남구 용호동,경상사고,0,0,1,0,차대차 - 측면직각충돌,안전운전불이행,건조,맑음,단일로 - 기타,승용,남,35세,상해없음,이륜,남,24세,경상
2013021500100453,2013년 2월 15일 21시,금요일,부산광역시 사하구 하단동,경상사고,0,0,3,0,차대차 - 기타,과속,건조,맑음,단일로 - 기타,승용,남,46세,상해없음,승용,남,60세,경상
2013021500100454,2013년 2월 15일 21시,금요일,부산광역시 강서구 송정동,중상사고,0,1,0,0,차대차 - 기타,안전운전불이행,건조,맑음,교차로 - 교차로부근,특수,남,32세,상해없음,승용,여,47세,중상
2013021600100005,2013년 2월 16일 00시,토요일,부산광역시 수영구 남천동,경상사고,0,0,1,0,차대차 - 추돌 - 주정차중,안전운전불이행,건조,맑음,교차로 - 교차로부근,승용,남,50세,상해없음,승용,남,36세,경상
2013021600100006,2013년 2월 16일 00시,토요일,부산광역시 부산진구 범천동,경상사고,0,0,1,0,차대차 - 기타,안전거리미확보,기타,맑음,교차로 - 교차로안,승용,남,38세,기타불명,승용,남,28세,상해없음
2013021600100035,2013년 2월 16일 01시,토요일,부산광역시 해운대구 중동,중상사고,0,2,0,0,차대차 - 추돌 - 진행중,안전운전불이행,기타,맑음,단일로 - 기타,승용,남,36세,상해없음,승용,남,53세,중상
2013021600100063,2013년 2월 16일 03시,토요일,부산광역시 강서구 명지동,중상사고,0,1,0,0,차량단독 - 공작물충돌,안전운전불이행,건조,맑음,교차로 - 교차로안,원동기,남,24세,중상,,,,
2013021600100140,2013년 2월 16일 08시,토요일,부산광역시 사상구 덕포동,부상신고사고,0,0,0,1,차대차 - 기타,안전운전불이행,건조,맑음,단일로 - 기타,자전거,남,44세,부상신고,기타불명,기타불명,기타불명,기타불명
2013021600100161,2013년 2월 16일 09시,토요일,부산광역시 동구 초량동,중상사고,0,1,0,0,차대차 - 측면직각충돌,신호위반,건조,맑음,교차로 - 교차로안,승용,남,53세,상해없음,승용,남,37세,중상
2013021600100162,2013년 2월 16일 09시,토요일,부산광역시 부산진구 부전동,경상사고,0,0,2,0,차대차 - 기타,교차로운행방법위반,건조,맑음,교차로 - 교차로안,승용,남,65세,상해없음,승용,남,35세,경상
2013021600100179,2013년 2월 16일 10시,토요일,부산광역시 서구 충무동1가,중상사고,0,1,0,0,차대사람 - 기타,안전운전불이행,건조,맑음,교차로 - 교차로부근,승용,여,55세,상해없음,보행자,여,71세,중상
2013021600100180,2013년 2월 16일 10시,토요일,부산광역시 사하구 신평동,중상사고,0,1,0,0,차대사람 - 길가장자리구역통행중,안전운전불이행,건조,맑음,교차로 - 교차로부근,화물,남,43세,상해없음,보행자,여,74세,중상
2013021600100181,2013년 2월 16일 10시,토요일,부산광역시 사상구 감전동,중상사고,0,1,3,0,차대차 - 측면직각충돌,교차로운행방법위반,건조,맑음,교차로 - 교차로안,승용,남,48세,상해없음,승용,남,54세,경상
2013021600100203,2013년 2월 16일 11시,토요일,부산광역시 남구 용호동,경상사고,0,0,1,0,차대사람 - 차도통행중,안전운전불이행,건조,맑음,단일로 - 기타,원동기,남,36세,상해없음,보행자,남,36세,경상
2013021600100248,2013년 2월 16일 13시,토요일,부산광역시 사하구 장림동,중상사고,0,1,0,0,차대차 - 측면직각충돌,신호위반,건조,맑음,교차로 - 교차로안,승용,남,40세,상해없음,원동기,남,72세,중상
2013021600100249,2013년 2월 16일 13시,토요일,부산광역시 사상구 학장동,중상사고,0,1,0,0,차대차 - 추돌 - 진행중,안전운전불이행,건조,맑음,단일로 - 기타,승용,남,62세,상해없음,승용,남,36세,중상
2013021600100325,2013년 2월 16일 16시,토요일,부산광역시 중구 영주동,경상사고,0,0,1,0,차대차 - 기타,차로위반,건조,맑음,단일로 - 기타,승용,남,66세,상해없음,승용,남,50세,경상
2013021600100326,2013년 2월 16일 16시,토요일,부산광역시 사상구 엄궁동,경상사고,0,0,1,0,차대사람 - 기타,안전운전불이행,건조,맑음,단일로 - 기타,화물,남,40세,상해없음,보행자,여,41세,경상
2013021600100343,2013년 2월 16일 17시,토요일,부산광역시 부산진구 부전동,경상사고,0,0,1,0,차대차 - 기타,안전운전불이행,건조,맑음,단일로 - 기타,승용,남,56세,상해없음,승용,남,57세,경상
2013021600100363,2013년 2월 16일 18시,토요일,부산광역시 부산진구 부암동,경상사고,0,0,1,0,차대차 - 정면충돌,중앙선침범,건조,맑음,단일로 - 기타,승용,남,48세,상해없음,승용,여,38세,경상
2013021600100364,2013년 2월 16일 18시,토요일,부산광역시 사상구 괘법동,경상사고,0,0,1,0,차대사람 - 기타,안전운전불이행,건조,맑음,단일로 - 기타,승용,남,33세,상해없음,보행자,남,58세,경상
2013021600100392,2013년 2월 16일 19시,토요일,부산광역시 사하구 하단동,경상사고,0,0,1,0,차대차 - 측면직각충돌,안전운전불이행,건조,맑음,단일로 - 기타,승용,남,29세,상해없음,화물,남,45세,경상
2013021600100423,2013년 2월 16일 20시,토요일,부산광역시 연제구 연산동,중상사고,0,1,0,0,차대사람 - 차도통행중,안전운전불이행,건조,맑음,단일로 - 기타,승용,남,29세,상해없음,보행자,남,45세,중상
2013021600100440,2013년 2월 16일 21시,토요일,부산광역시 동래구 안락동,경상사고,0,0,1,0,차대차 - 기타,안전운전불이행,건조,맑음,단일로 - 기타,승용,남,50세,상해없음,화물,남,46세,경상
2013021600100441,2013년 2월 16일 21시,토요일,부산광역시 부산진구 부전동,경상사고,0,0,1,0,차대사람 - 기타,보행자보호의무위반,건조,맑음,단일로 - 횡단보도상,승용,기타불명,기타불명,기타불명,보행자,남,23세,경상
2013021600100463,2013년 2월 16일 22시,토요일,부산광역시 동구 초량동,경상사고,0,0,1,0,차량단독 - 기타,기타,건조,맑음,단일로 - 기타,승합,남,59세,상해없음,,,,
2013021700100004,2013년 2월 17일 00시,일요일,부산광역시 사상구 덕포동,경상사고,0,0,1,0,차대사람 - 횡단중,안전운전불이행,건조,맑음,교차로 - 교차로부근,승용,남,60세,상해없음,보행자,남,53세,경상
2013021700100016,2013년 2월 17일 01시,일요일,부산광역시 북구 화명동,경상사고,0,0,1,0,차대차 - 추돌 - 주정차중,안전운전불이행,건조,맑음,단일로 - 기타,기타불명,기타불명,기타불명,기타불명,승용,여,54세,경상
2013021700100041,2013년 2월 17일 03시,일요일,부산광역시 해운대구 반여동,중상사고,0,1,1,0,차대차 - 추돌 - 진행중,안전거리미확보,건조,맑음,단일로 - 기타,승용,남,58세,상해없음,승합,남,41세,중상