사고번호,사고일시,요일,시군구,사고내용,사망자수,중상자수,경상자수,부상신고자수,사고유형,법규위반,노면상태,기상상태,도로형태,가해운전자 차종,가해운전자 성별,가해운전자 연령,가해운전자 상해정도,피해운전자 차종,피해운전자 성별,피해운전자 연령,피해운전자 상해정도
2013021700100058,2013년 2월 17일 05시,일요일,부산광역시 해운대구 좌동,경상사고,0,0,1,0,차대차 - 측면직각충돌,신호위반,건조,맑음,교차로 - 교차로안,승합,남,48세,상해없음,승용,남,29세,경상
2013021700100067,2013년 2월 17일 06시,일요일,부산광역시 동구 범일동,중상사고,0,1,0,0,차대차 - 기타,차로위반,건조,맑음,단일로 - 기타,승용,남,24세,상해없음,화물,남,67세,중상
2013021700100068,2013년 2월 17일 06시,일요일,부산광역시 동래구 사직동,경상사고,0,0,1,0,차대차 - 정면충돌,중앙선침범,건조,맑음,교차로 - 교차로부근,원동기,남,36세,상해없음,승용,남,29세,경상
2013021700100069,2013년 2월 17일 06시,일요일,부산광역시 기장군 기장읍,경상사고,0,0,1,0,차대차 - 추돌 - 진행중,안전운전불이행,건조,맑음,단일로 - 기타,승용,남,66세,상해없음,화물,남,50세,경상
2013021700100076,2013년 2월 17일 07시,일요일,부산광역시 금정구 서동,경상사고,0,0,2,0,차대차 - 정면충돌,신호위반,건조,맑음,교차로 - 교차로안,기타불명,기타불명,기타불명,기타불명,원동기,남,67세,경상
2013021700100077,2013년 2월 17일 07시,일요일,부산광역시 강서구 대저1동,경상사고,0,0,1,0,차대차 - 추돌 - 주정차중,안전운전불이행,건조,맑음,단일로 - 기타,승용,남,32세,상해없음,승용,여,47세,경상
2013021700100078,2013년 2월 17일 07시,일요일,부산광역시 사상구 감전동,경상사고,0,0,2,0,차대차 - 측면직각충돌,안전운전불이행,건조,맑음,단일로 - 기타,승용,남,55세,경상,화물,남,52세,경상
2013021700100089,2013년 2월 17일 08시,일요일,부산광역시 수영구 광안동,중상사고,0,1,0,0,차대차 - 기타,교차로운행방법위반,건조,맑음,교차로 - 교차로안,이륜,남,46세,중상,승용,여,33세,상해없음
2013021700100108,2013년 2월 17일 10시,일요일,부산광역시 해운대구 좌동,경상사고,0,0,3,0,차대차 - 측면직각충돌,안전운전불이행,건조,맑음,단일로 - 기타,승용,여,42세,상해없음,승용,남,48세,경상
2013021700100109,2013년 2월 17일 10시,일요일,부산광역시 사하구 괴정동,중상사고,0,1,2,0,차량단독 - 기타,안전운전불이행,건조,맑음,단일로 - 기타,승합,남,48세,상해없음,,,,
2013021700100146,2013년 2월 17일 13시,일요일,부산광역시 사하구 구평동,부상신고사고,0,0,0,2,차대차 - 정면충돌,신호위반,건조,맑음,교차로 - 교차로안,승용,남,30세,상해없음,승용,남,34세,부상신고
2013021700100171,2013년 2월 17일 14시,일요일,부산광역시 금정구 구서동,중상사고,0,1,0,0,차대사람 - 횡단중,안전운전불이행,건조,맑음,단일로 - 기타,승용,남,55세,상해없음,보행자,남,52세,중상
2013021700100197,2013년 2월 17일 15시,일요일,부산광역시 동래구 사직동,중상사고,0,1,0,0,차대사람 - 횡단중,안전운전불이행,습기,비,교차로 - 교차로부근,승용,여,56세,상해없음,보행자,여,73세,중상
2013021700100198,2013년 2월 17일 15시,일요일,부산광역시 연제구 연산동,중상사고,0,1,0,0,차대사람 - 길가장자리구역통행중,안전운전불이행,건조,맑음,단일로 - 기타,화물,남,49세,상해없음,보행자,여,27세,중상
2013021700100219,2013년 2월 17일 16시,일요일,부산광역시 사하구 괴정동,중상사고,0,1,0,0,차대차 - 기타,중앙선침범,습기,비,단일로 - 기타,승용,여,40세,상해없음,승용,남,52세,중상
2013021700100220,2013년 2월 17일 16시,일요일,부산광역시 강서구 성북동,중상사고,0,1,0,0,차대차 - 기타,안전운전불이행,습기,비,교차로 - 교차로부근,승용,남,48세,중상,특수,남,53세,상해없음
2013021700100240,2013년 2월 17일 17시,일요일,부산광역시 사상구 괘법동,경상사고,0,0,1,0,차대사람 - 기타,안전운전불이행,습기,비,단일로 - 기타,승용,여,30세,상해없음,보행자,남,41세,경상
2013021700100251,2013년 2월 17일 18시,일요일,부산광역시 수영구 남천동,중상사고,0,1,0,0,차대사람 - 횡단중,안전운전불이행,습기,비,교차로 - 교차로부근,승용,여,42세,상해없음,보행자,남,73세,중상
2013021700100273,2013년 2월 17일 19시,일요일,부산광역시 동래구 낙민동,부상신고사고,0,0,0,2,차대차 - 추돌 - 진행중,안전거리미확보,건조,맑음,단일로 - 기타,승용,남,42세,상해없음,승용,남,25세,부상신고
2013021700100274,2013년 2월 17일 19시,일요일,부산광역시 수영구 수영동,경상사고,0,0,1,0,차대차 - 추돌 - 진행중,안전운전불이행,건조,맑음,교차로 - 교차로부근,승용,남,69세,상해없음,승용,남,23세,경상
2013021700100320,2013년 2월 17일 21시,일요일,부산광역시 동래구 복천동,경상사고,0,0,1,0,차대사람 - 횡단중,보행자보호의무위반,건조,맑음,단일로 - 횡단보도상,기타불명,기타불명,기타불명,기타불명,보행자,여,58세,경상
2013021700100321,2013년 2월 17일 21시,일요일,부산광역시 해운대구 우동,부상신고사고,0,0,0,1,차대차 - 추돌 - 진행중,중앙선침범,습기,비,교차로 - 교차로부근,승용,남,28세,상해없음,승용,여,34세,부상신고
2013021700100322,2013년 2월 17일 21시,일요일,부산광역시 사하구 장림동,중상사고,0,2,0,0,차대차 - 기타,안전운전불이행,건조,맑음,단일로 - 기타,승합,남,60세,상해없음,승용,남,49세,중상
2013021700100344,2013년 2월 17일 22시,일요일,부산광역시 연제구 연산동,중상사고,0,1,0,0,차대차 - 측면직각충돌,교차로운행방법위반,습기,비,교차로 - 교차로안,이륜,남,23세,중상,승용,남,35세,상해없음
2013021700100370,2013년 2월 17일 23시,일요일,부산광역시 동래구 안락동,중상사고,0,1,1,0,차대차 - 추돌 - 주정차중,안전운전불이행,습기,비,교차로 - 교차로부근,승용,남,45세,상해없음,승용,여,24세,중상
2013021700100371,2013년 2월 17일 23시,일요일,부산광역시 금정구 노포동,경상사고,0,0,1,1,차대차 - 추돌 - 진행중,안전운전불이행,습기,비,단일로 - 기타,승용,남,53세,상해없음,승합,남,46세,상해없음
2013021800100002,2013년 2월 18일 00시,월요일,부산광역시 해운대구 재송동,중상사고,0,1,0,0,차대사람 - 기타,안전운전불이행,습기,비,단일로 - 기타,원동기,기타불명,기타불명,기타불명,보행자,남,35세,중상
2013021800100003,2013년 2월 18일 00시,월요일,부산광역시 부산진구 전포동,경상사고,0,0,1,0,차대차 - 측면직각충돌,교차로운행방법위반,건조,흐림,교차로 - 교차로안,승용,남,53세,상해없음,화물,남,68세,상해없음
2013021800100014,2013년 2월 18일 01시,월요일,부산광역시 북구 덕천동,경상사고,0,0,3,0,차대차 - 추돌 - 진행중,안전운전불이행,건조,맑음,기타 - 기타,승용,남,34세,상해없음,승용,남,33세,경상
2013021800100025,2013년 2월 18일 02시,월요일,부산광역시 금정구 금사동,중상사고,0,1,1,0,차대차 - 측면직각충돌,직진우회전진행방해,습기,비,교차로 - 교차로안,승용,남,34세,경상,승용,남,65세,중상
2013021800100033,2013년 2월 18일 03시,월요일,부산광역시 부산진구 부전동,경상사고,0,0,2,0,차대차 - 추돌 - 진행중,안전운전불이행,습기,비,교차로 - 교차로부근,승용,남,24세,상해없음,승용,남,51세,경상
2013021800100042,2013년 2월 18일 05시,월요일,부산광역시 북구 덕천동,경상사고,0,0,1,0,차대차 - 측면직각충돌,안전운전불이행,건조,맑음,단일로 - 기타,승용,남,50세,상해없음,승용,남,57세,경상
2013021800100080,2013년 2월 18일 08시,월요일,부산광역시 사상구 감전동,중상사고,0,1,0,0,차대사람 - 기타,안전운전불이행,습기,흐림,단일로 - 기타,화물,남,70세,상해없음,보행자,여,74세,중상
2013021800100098,2013년 2월 18일 09시,월요일,부산광역시 금정구 두구동,중상사고,0,2,2,0,차대차 - 추돌 - 주정차중,안전운전불이행,습기,비,단일로 - 기타,화물,남,35세,중상,화물,남,41세,경상
2013021800100099,2013년 2월 18일 09시,월요일,부산광역시 금정구 남산동,경상사고,0,0,1,0,차대차 - 측면직각충돌,안전운전불이행,건조,맑음,교차로 - 교차로안,화물,남,62세,상해없음,승용,남,58세,경상
2013021800100127,2013년 2월 18일 10시,월요일,부산광역시 동래구 안락동,중상사고,0,1,0,0,차대사람 - 횡단중,교차로운행방법위반,건조,맑음,교차로 - 교차로안,승용,남,57세,상해없음,보행자,여,60세,중상
2013021800100157,2013년 2월 18일 11시,월요일,부산광역시 서구 서대신동3가,부상신고사고,0,0,0,1,차대사람 - 기타,신호위반,건조,맑음,단일로 - 횡단보도상,승용,기타불명,기타불명,기타불명,보행자,여,31세,부상신고
2013021800100158,2013년 2월 18일 11시,월요일,부산광역시 해운대구 반여동,경상사고,0,0,1,0,차대사람 - 횡단중,안전운전불이행,습기,흐림,단일로 - 기타,승용,여,53세,상해없음,보행자,남,12세,경상
2013021800100245,2013년 2월 18일 15시,월요일,부산광역시 사하구 신평동,경상사고,0,0,1,0,차대차 - 측면직각충돌,안전운전불이행,건조,맑음,단일로 - 기타,승용,여,53세,상해없음,이륜,남,50세,경상
2013021800100266,2013년 2월 18일 16시,월요일,부산광역시 동래구 명장동,경상사고,0,0,1,0,차대차 - 측면직각충돌,중앙선침범,건조,맑음,교차로 - 교차로부근,이륜,남,55세,기타불명,승용,남,38세,경상
2013021800100267,2013년 2월 18일 16시,월요일,부산광역시 영도구 대평동1가,중상사고,0,1,0,0,차대사람 - 횡단중,안전운전불이행,건조,맑음,교차로 - 교차로부근,승합,남,54세,상해없음,보행자,남,48세,중상
2013021800100268,2013년 2월 18일 16시,월요일,부산광역시 사하구 하단동,경상사고,0,0,1,0,차대사람 - 기타,기타,건조,맑음,단일로 - 기타,승용,여,23세,상해없음,보행자,남,39세,경상
2013021800100294,2013년 2월 18일 17시,월요일,부산광역시 사하구 장림동,경상사고,0,0,1,0,차대차 - 기타,중앙선침범,건조,맑음,단일로 - 기타,승용,여,33세,상해없음,이륜,남,20세,경상
2013021800100315,2013년 2월 18일 18시,월요일,부산광역시 동래구 낙민동,중상사고,0,1,0,0,차대차 - 추돌 - 진행중,교차로운행방법위반,건조,맑음,교차로 - 교차로안,승용,남,45세,상해없음,자전거,여,56세,중상
2013021800100316,2013년 2월 18일 18시,월요일,부산광역시 해운대구 반여동,중상사고,0,1,0,0,차대차 - 추돌 - 진행중,안전거리미확보,건조,맑음,단일로 - 기타,화물,남,50세,상해없음,승용,남,66세,중상
2013021800100317,2013년 2월 18일 18시,월요일,부산광역시 금정구 장전동,중상사고,0,1,0,0,차대차 - 정면충돌,직진우회전진행방해,건조,맑음,교차로 - 교차로안,승용,남,52세,상해없음,이륜,남,21세,중상
2013021800100345,2013년 2월 18일 19시,월요일,부산광역시 수영구 남천동,중상사고,0,1,0,0,차대차 - 측면직각충돌,중앙선침범,건조,맑음,단일로 - 기타,승용,여,52세,상해없음,원동기,남,29세,중상
2013021800100374,2013년 2월 18일 20시,월요일,부산광역시 해운대구 좌동,중상사고,0,1,0,0,차대차 - 측면직각충돌,교차로운행방법위반,건조,맑음,교차로 - 교차로안,승용,남,45세,상해없음,원동기,남,29세,중상
2013021800100375,2013년 2월 18일 20시,월요일,부산광역시 부산진구 부전동,경상사고,0,0,1,0,차량단독 - 기타,안전운전불이행,건조,맑음,단일로 - 기타,승합,남,44세,상해없음,,,,
2013021800100405,2013년 2월 18일 21시,월요일,부산광역시 동래구 온천동,경상사고,0,0,1,0,차대차 - 기타,교차로운행방법위반,건조,맑음,교차로 - 교차로안,승용,남,44세,상해없음,승용,남,65세,경상
2013021800100406,2013년 2월 18일 21시,월요일,부산광역시 해운대구 우동,중상사고,0,1,1,0,차대차 - 측면직각충돌,중앙선침범,건조,맑음,단일로 - 기타,승용,남,49세,상해없음,원동기,남,16세,중상
2013021800100440,2013년 2월 18일 22시,월요일,부산광역시 동래구 낙민동,중상사고,0,1,1,0,차대차 - 측면직각충돌,안전운전불이행,건조,맑음,단일로 - 기타,승용,남,30세,상해없음,승용,남,37세,경상
2013021800100441,2013년 2월 18일 22시,월요일,부산광역시 연제구 연산동,경상사고,0,0,1,0,차대차 - 측면직각충돌,교차로운행방법위반,건조,맑음,교차로 - 교차로안,승용,남,40세,상해없음,승용,남,54세,경상
2013021800100474,2013년 2월 18일 23시,월요일,부산광역시 수영구 남천동,중상사고,0,2,2,0,차대차 - 추돌 - 진행중,안전운전불이행,습기,맑음,교차로 - 교차로부근,승용,남,45세,상해없음,승합,남,38세,중상
2013021800100475,2013년 2월 18일 23시,월요일,부산광역시 북구 구포동,중상사고,0,1,0,0,차대차 - 추돌 - 진행중,안전운전불이행,건조,맑음,단일로 - 기타,승용,남,56세,중상,특수,남,51세,상해없음
2013021800100476,2013년 2월 18일 23시,월요일,부산광역시 금정구 남산동,경상사고,0,0,1,0,차대차 - 측면직각충돌,신호위반,건조,맑음,단일로 - 횡단보도상,승용,남,48세,상해없음,원동기,남,21세,경상
2013021800100477,2013년 2월 18일 23시,월요일,부산광역시 연제구 연산동,경상사고,0,0,1,0,차대차 - 추돌 - 진행중,안전운전불이행,건조,맑음,단일로 - 기타,화물,남,30세,상해없음,승용,남,69세,경상
2013021900100002,2013년 2월 19일 00시,화요일,부산광역시 해운대구 우동,중상사고,0,1,0,0,차대차 - 추돌 - 진행중,교차로운행방법위반,건조,맑음,교차로 - 교차로안,승용,남,29세,상해없음,승용,남,34세,중상
2013021900100036,2013년 2월 19일 02시,화요일,부산광역시 부산진구 부전동,중상사고,0,1,1,0,차대차 - 기타,안전운전불이행,건조,맑음,단일로 - 기타,승용,남,49세,상해없음,승용,남,55세,경상
2013021900100061,2013년 2월 19일 05시,화요일,부산광역시 기장군 장안읍,사망사고,1,0,0,0,차대차 - 기타,안전운전불이행,건조,흐림,단일로 - 기타,승용,남,30세,사망,화물,남,54세,상해없음
2013021900100072,2013년 2월 19일 06시,화요일,부산광역시 북구 구포동,중상사고,0,1,0,0,차대사람 - 기타,중앙선침범,건조,맑음,교차로 - 교차로부근,승용,남,52세,상해없음,보행자,여,56세,중상
2013021900100073,2013년 2월 19일 06시,화요일,부산광역시 동래구 안락동,중상사고,0,1,0,0,차대사람 - 차도통행중,신호위반,건조,맑음,교차로 - 교차로부근,승용,남,56세,상해없음,보행자,남,57세,중상
2013021900100094,2013년 2월 19일 08시,화요일,부산광역시 남구 문현동,경상사고,0,0,1,0,차대사람 - 기타,안전운전불이행,건조,맑음,단일로 - 기타,승용,남,56세,상해없음,보행자,여,32세,경상
2013021900100095,2013년 2월 19일 08시,화요일,부산광역시 금정구 구서동,경상사고,0,0,1,0,차대차 - 측면직각충돌,안전운전불이행,건조,맑음,교차로 - 교차로안,원동기,남,48세,경상,승용,여,56세,상해없음
2013021900100115,2013년 2월 19일 09시,화요일,부산광역시 해운대구 반송동,중상사고,0,1,0,0,차대사람 - 기타,안전운전불이행,건조,맑음,교차로 - 교차로부근,승용,여,53세,상해없음,보행자,여,69세,중상
2013021900100133,2013년 2월 19일 10시,화요일,부산광역시 중구 대청동1가,중상사고,0,1,0,0,차량단독 - 기타,안전운전불이행,건조,맑음,단일로 - 기타,승합,남,53세,상해없음,,,,
2013021900100134,2013년 2월 19일 10시,화요일,부산광역시 금정구 부곡동,경상사고,0,0,3,0,차대차 - 추돌 - 주정차중,안전운전불이행,건조,맑음,단일로 - 횡단보도부근,화물,남,63세,상해없음,승용,남,34세,경상
2013021900100147,2013년 2월 19일 11시,화요일,부산광역시 수영구 남천동,중상사고,0,1,0,0,차대사람 - 보도통행중,안전운전불이행,건조,맑음,단일로 - 기타,승용,남,28세,상해없음,보행자,여,67세,중상
2013021900100199,2013년 2월 19일 13시,화요일,부산광역시 금정구 장전동,경상사고,0,0,1,0,차대차 - 측면직각충돌,교차로운행방법위반,건조,맑음,교차로 - 교차로안,화물,남,52세,상해없음,승용,여,45세,경상
2013021900100200,2013년 2월 19일 13시,화요일,부산광역시 사상구 모라동,부상신고사고,0,0,0,1,차량단독 - 전도전복,안전운전불이행,건조,맑음,단일로 - 기타,원동기,남,62세,부상신고,,,,
2013021900100227,2013년 2월 19일 14시,화요일,부산광역시 금정구 서동,경상사고,0,0,1,0,차대차 - 추돌 - 주정차중,안전거리미확보,건조,맑음,교차로 - 교차로안,건설기계,남,58세,상해없음,승용,남,42세,경상
2013021900100228,2013년 2월 19일 14시,화요일,부산광역시 사상구 감전동,경상사고,0,0,1,0,차대차 - 추돌 - 진행중,안전운전불이행,건조,맑음,단일로 - 기타,화물,남,55세,상해없음,승합,남,54세,경상
2013021900100259,2013년 2월 19일 15시,화요일,부산광역시 금정구 서동,경상사고,0,0,1,0,차대사람 - 기타,안전운전불이행,건조,맑음,단일로 - 기타,승용,남,51세,기타불명,보행자,남,22세,경상
2013021900100260,2013년 2월 19일 15시,화요일,부산광역시 사하구 감천동,경상사고,0,0,1,0,차대사람 - 기타,안전운전불이행,건조,맑음,단일로 - 기타,화물,남,20세,상해없음,보행자,여,58세,경상
2013021900100261,2013년 2월 19일 15시,화요일,부산광역시 사하구 다대동,경상사고,0,0,1,0,차대차 - 측면직각충돌,중앙선침범,건조,맑음,단일로 - 기타,승합,남,58세,상해없음,승용,여,40세,경상
2013021900100262,2013년 2월 19일 15시,화요일,부산광역시 사하구 감천동,경상사고,0,0,1,0,차량단독 - 기타,안전운전불이행,건조,맑음,교차로 - 교차로부근,승합,남,35세,상해없음,,,,
2013021900100284,2013년 2월 19일 16시,화요일,부산광역시 금정구 서동,경상사고,0,0,1,0,차대차 - 추돌 - 주정차중,안전운전불이행,건조,맑음,교차로 - 교차로안,특수,남,58세,상해없음,승용,남,42세,경상
2013021900100307,2013년 2월 19일 17시,화요일,부산광역시 부산진구 가야동,중상사고,0,1,0,0,차대차 - 측면직각충돌,신호위반,건조,맑음,교차로 - 교차로부근,이륜,남,66세,중상,승용,여,20세,상해없음
2013021900100335,2013년 2월 19일 18시,화요일,부산광역시 북구 화명동,중상사고,0,1,0,0,차대차 - 측면직각충돌,중앙선침범,건조,맑음,단일로 - 기타,승용,남,27세,상해없음,원동기,남,46세,중상
2013021900100336,2013년 2월 19일 18시,화요일,부산광역시 동래구 온천동,경상사고,0,0,1,0,차대차 - 추돌 - 주정차중,안전운전불이행,건조,맑음,단일로 - 기타,승용,남,53세,기타불명,승용,남,43세,경상
2013021900100337,2013년 2월 19일 18시,화요일,부산광역시 동래구 명륜동,경상사고,0,0,2,0,차대차 - 측면직각충돌,안전운전불이행,건조,맑음,교차로 - 교차로안,화물,남,61세,기타불명,승용,여,39세,경상
2013021900100338,2013년 2월 19일 18시,화요일,부산광역시 해운대구 재송동,경상사고,0,0,1,0,차대차 - 추돌 - 주정차중,안전운전불이행,건조,맑음,단일로 - 기타,이륜,남,16세,상해없음,승용,남,33세,경상
2013021900100339,2013년 2월 19일 18시,화요일,부산광역시 해운대구 우동,경상사고,0,0,1,0,차대사람 - 기타,기타,건조,맑음,기타 - 기타,승용,여,48세,상해없음,보행자,여,49세,경상
2013021900100369,2013년 2월 19일 19시,화요일,부산광역시 사상구 덕포동,경상사고,0,0,1,0,차대차 - 기타,안전운전불이행,건조,맑음,단일로 - 횡단보도상,자전거,여,57세,경상,화물,남,43세,상해없음
2013021900100398,2013년 2월 19일 20시,화요일,부산광역시 북구 구포동,중상사고,0,1,0,0,차대차 - 측면직각충돌,신호위반,건조,맑음,교차로 - 교차로안,승용,남,36세,상해없음,원동기,남,18세,중상
2013021900100430,2013년 2월 19일 21시,화요일,부산광역시 서구 동대신동3가,중상사고,0,2,0,0,차대차 - 기타,신호위반,건조,맑음,교차로 - 교차로부근,승용,남,37세,상해없음,승용,남,66세,중상
2013021900100431,2013년 2월 19일 21시,화요일,부산광역시 서구 서대신동3가,중상사고,0,1,0,0,차대사람 - 기타,안전운전불이행,건조,맑음,단일로 - 횡단보도부근,승용,남,28세,상해없음,보행자,남,16세,중상
2013021900100432,2013년 2월 19일 21시,화요일,부산광역시 금정구 노포동,부상신고사고,0,0,0,1,차대사람 - 보도통행중,안전운전불이행,건조,맑음,단일로 - 횡단보도상,승용,남,28세,상해없음,보행자,남,62세,부상신고
2013021900100433,2013년 2월 19일 21시,화요일,부산광역시 연제구 거제동,경상사고,0,0,3,0,차대차 - 추돌 - 주정차중,안전거리미확보,건조,맑음,단일로 - 기타,승용,남,63세,상해없음,승용,여,52세,경상
2013021900100434,2013년 2월 19일 21시,화요일,부산광역시 강서구 봉림동,경상사고,0,0,1,0,차대차 - 추돌 - 주정차중,안전운전불이행,건조,맑음,단일로 - 기타,화물,남,46세,상해없음,화물,남,33세,경상
2013021900100460,2013년 2월 19일 22시,화요일,부산광역시 해운대구 우동,경상사고,0,0,1,0,차대사람 - 기타,안전운전불이행,건조,맑음,단일로 - 기타,승용,남,39세,상해없음,보행자,남,21세,경상
2013021900100490,2013년 2월 19일 23시,화요일,부산광역시 금정구 장전동,부상신고사고,0,0,0,1,차대차 - 측면직각충돌,안전운전불이행,건조,맑음,단일로 - 기타,이륜,남,20세,부상신고,승용,남,34세,상해없음
2013022000100006,2013년 2월 20일 00시,수요일,부산광역시 남구 문현동,중상사고,0,1,0,0,차량단독 - 기타,기타,건조,맑음,단일로 - 기타,이륜,남,23세,중상,,,,
2013022000100007,2013년 2월 20일 00시,수요일,부산광역시 연제구 연산동,중상사고,0,3,0,0,차대차 - 기타,신호위반,건조,맑음,교차로 - 교차로안,승용,남,40세,상해없음,승용,여,36세,중상
2013022000100029,2013년 2월 20일 01시,수요일,부산광역시 남구 대연동,중상사고,0,1,0,0,차대사람 - 기타,기타,건조,맑음,기타 - 기타,승용,남,62세,상해없음,보행자,남,39세,중상
2013022000100040,2013년 2월 20일 02시,수요일,부산광역시 남구 문현동,경상사고,0,0,1,0,차대차 - 추돌 - 주정차중,안전운전불이행,건조,맑음,단일로 - 횡단보도부근,승용,남,32세,상해없음,승용,남,44세,경상
2013022000100056,2013년 2월 20일 04시,수요일,부산광역시 동구 초량동,중상사고,0,1,1,0,차대사람 - 횡단중,안전운전불이행,건조,맑음,단일로 - 횡단보도상,승용,여,44세,상해없음,보행자,남,35세,중상
2013022000100057,2013년 2월 20일 04시,수요일,부산광역시 해운대구 중동,중상사고,0,1,0,0,차대차 - 추돌 - 주정차중,안전운전불이행,건조,맑음,단일로 - 기타,승용,남,36세,상해없음,승용,남,52세,상해없음
2013022000100063,2013년 2월 20일 05시,수요일,부산광역시 부산진구 부전동,경상사고,0,0,2,0,차대차 - 측면직각충돌,차로위반,건조,맑음,단일로 - 기타,승용,기타불명,기타불명,기타불명,승용,남,56세,경상
2013022000100070,2013년 2월 20일 06시,수요일,부산광역시 강서구 송정동,경상사고,0,0,1,0,차대차 - 추돌 - 진행중,안전거리미확보,건조,맑음,단일로 - 기타,화물,남,29세,상해없음,화물,남,47세,경상
2013022000100081,2013년 2월 20일 07시,수요일,부산광역시 동구 초량동,경상사고,0,0,1,0,차대사람 - 기타,안전운전불이행,건조,맑음,단일로 - 기타,승합,남,58세,상해없음,보행자,남,19세,경상
2013022000100082,2013년 2월 20일 07시,수요일,부산광역시 동래구 온천동,중상사고,0,1,0,0,차대사람 - 기타,안전운전불이행,건조,맑음,단일로 - 횡단보도상,승용,기타불명,기타불명,기타불명,보행자,여,72세,중상
2013022000100094,2013년 2월 20일 08시,수요일,부산광역시 남구 용당동,중상사고,0,1,0,0,차대차 - 추돌 - 진행중,교차로운행방법위반,건조,맑음,교차로 - 교차로안,승용,여,51세,상해없음,이륜,남,58세,중상
2013022000100095,2013년 2월 20일 08시,수요일,부산광역시 남구 용호동,중상사고,0,1,0,0,차대차 - 측면직각충돌,안전운전불이행,건조,맑음,교차로 - 교차로안,승용,남,56세,상해없음,원동기,여,57세,중상
2013022000100096,2013년 2월 20일 08시,수요일,부산광역시 해운대구 반여동,경상사고,0,0,1,0,차대차 - 측면직각충돌,안전거리미확보,건조,맑음,단일로 - 기타,승용,여,28세,상해없음,승용,여,29세,경상
2013022000100097,2013년 2월 20일 08시,수요일,부산광역시 부산진구 양정동,경상사고,0,0,1,0,차대차 - 기타,안전운전불이행,건조,맑음,단일로 - 기타,승합,남,49세,상해없음,원동기,기타불명,기타불명,기타불명
2013022000100126,2013년 2월 20일 09시,수요일,부산광역시 서구 서대신동1가,경상사고,0,0,1,0,차대차 - 추돌 - 진행중,교차로운행방법위반,건조,맑음,교차로 - 교차로안,화물,남,50세,상해없음,화물,남,38세,경상
2013022000100127,2013년 2월 20일 09시,수요일,부산광역시 사하구 다대동,경상사고,0,0,1,0,차대차 - 추돌 - 진행중,신호위반,건조,맑음,교차로 - 교차로안,화물,남,75세,상해없음,승용,여,39세,경상
2013022000100128,2013년 2월 20일 09시,수요일,부산광역시 연제구 연산동,중상사고,0,1,0,0,차대차 - 추돌 - 주정차중,보행자보호의무위반,건조,맑음,교차로 - 교차로부근,화물,남,39세,상해없음,승용,남,22세,상해없음
2013022000100160,2013년 2월 20일 10시,수요일,부산광역시 사상구 주례동,중상사고,0,1,0,0,차대사람 - 횡단중,신호위반,건조,맑음,교차로 - 교차로부근,승용,여,25세,상해없음,보행자,여,35세,중상
2013022000100161,2013년 2월 20일 10시,수요일,부산광역시 기장군 일광면,중상사고,0,1,0,0,차대차 - 추돌 - 진행중,안전거리미확보,건조,맑음,단일로 - 기타,승용,남,51세,상해없음,승용,여,41세,중상
2013022000100177,2013년 2월 20일 11시,수요일,부산광역시 중구 남포동6가,경상사고,0,0,1,0,차대차 - 측면직각충돌,안전운전불이행,건조,맑음,교차로 - 교차로안,승용,남,40세,상해없음,승용,여,60세,경상
2013022000100178,2013년 2월 20일 11시,수요일,부산광역시 금정구 구서동,경상사고,0,0,1,0,차대차 - 측면직각충돌,안전거리미확보,건조,맑음,단일로 - 기타,특수,남,40세,상해없음,승용,남,53세,경상
2013022000100179,2013년 2월 20일 11시,수요일,부산광역시 강서구 명지동,중상사고,0,2,0,0,차대차 - 기타,안전운전불이행,건조,맑음,단일로 - 기타,승용,여,47세,상해없음,승용,남,28세,상해없음
2013022000100215,2013년 2월 20일 13시,수요일,부산광역시 해운대구 반여동,중상사고,0,1,0,0,차대사람 - 차도통행중,안전운전불이행,건조,맑음,교차로 - 교차로안,승용,남,35세,상해없음,보행자,여,45세,중상
2013022000100229,2013년 2월 20일 14시,수요일,부산광역시 수영구 망미동,경상사고,0,0,1,0,차대차 - 추돌 - 진행중,안전운전불이행,건조,맑음,단일로 - 기타,승용,여,35세,상해없음,승용,여,29세,경상
2013022000100230,2013년 2월 20일 14시,수요일,부산광역시 기장군 기장읍,부상신고사고,0,0,0,1,차대차 - 기타,기타,건조,맑음,단일로 - 기타,자전거,남,15세,부상신고,기타불명,기타불명,기타불명,기타불명
2013022000100256,2013년 2월 20일 15시,수요일,부산광역시 서구 충무동1가,경상사고,0,0,1,0,차대사람 - 기타,안전운전불이행,건조,맑음,단일로 - 기타,승용,남,33세,상해없음,보행자,남,55세,경상
2013022000100281,2013년 2월 20일 16시,수요일,부산광역시 동래구 사직동,경상사고,0,0,1,0,차대차 - 기타,안전운전불이행,건조,맑음,단일로 - 기타,승용,기타불명,기타불명,기타불명,자전거,여,9세,경상
2013022000100329,2013년 2월 20일 18시,수요일,부산광역시 남구 대연동,경상사고,0,0,1,0,차대사람 - 기타,안전운전불이행,건조,맑음,단일로 - 기타,승합,남,48세,상해없음,보행자,여,64세,경상