사고번호,사고일시,요일,시군구,사고내용,사망자수,중상자수,경상자수,부상신고자수,사고유형,법규위반,노면상태,기상상태,도로형태,가해운전자 차종,가해운전자 성별,가해운전자 연령,가해운전자 상해정도,피해운전자 차종,피해운전자 성별,피해운전자 연령,피해운전자 상해정도
2013022800100561,2013년 2월 28일 23시,목요일,부산광역시 동래구 명륜동,경상사고,0,0,1,0,차대차 - 추돌 - 주정차중,안전운전불이행,건조,맑음,교차로 - 교차로부근,승용,남,52세,상해없음,원동기,남,22세,경상
2013022800100562,2013년 2월 28일 23시,목요일,부산광역시 해운대구 송정동,경상사고,0,0,6,1,차대차 - 추돌 - 주정차중,안전운전불이행,건조,흐림,교차로 - 교차로부근,승용,남,32세,상해없음,승용,남,68세,경상
2013022800100563,2013년 2월 28일 23시,목요일,부산광역시 사하구 하단동,경상사고,0,0,2,0,차대차 - 측면직각충돌,신호위반,건조,흐림,교차로 - 교차로안,화물,남,34세,상해없음,승용,남,46세,경상
2013022800100564,2013년 2월 28일 23시,목요일,부산광역시 연제구 거제동,경상사고,0,0,2,0,차대차 - 추돌 - 주정차중,안전운전불이행,건조,맑음,교차로 - 교차로부근,승용,남,49세,상해없음,승용,남,35세,경상
2013022800100565,2013년 2월 28일 23시,목요일,부산광역시 강서구 지사동,중상사고,0,1,0,0,차대차 - 추돌 - 주정차중,안전운전불이행,건조,맑음,교차로 - 교차로부근,승용,남,40세,상해없음,승용,남,42세,중상
2013030100100016,2013년 3월 1일 00시,금요일,부산광역시 남구 대연동,경상사고,0,0,1,0,차대차 - 측면직각충돌,안전거리미확보,건조,맑음,단일로 - 기타,승용,남,25세,상해없음,승용,남,23세,경상
2013030100100075,2013년 3월 1일 02시,금요일,부산광역시 동래구 안락동,중상사고,0,2,0,0,차대차 - 측면직각충돌,안전운전불이행,습기,비,단일로 - 기타,승용,남,48세,상해없음,승용,남,44세,중상
2013030100100107,2013년 3월 1일 03시,금요일,부산광역시 북구 만덕동,경상사고,0,0,1,0,차대차 - 정면충돌,안전운전불이행,습기,비,단일로 - 기타,화물,남,57세,상해없음,승용,남,55세,경상
2013030100100120,2013년 3월 1일 04시,금요일,부산광역시 부산진구 전포동,경상사고,0,0,1,0,차량단독 - 기타,안전운전불이행,기타,비,교차로 - 교차로부근,이륜,남,23세,경상,,,,
2013030100100140,2013년 3월 1일 05시,금요일,부산광역시 해운대구 중동,경상사고,0,0,1,0,차량단독 - 공작물충돌,안전운전불이행,습기,비,교차로 - 교차로안,승용,남,19세,상해없음,,,,
2013030100100141,2013년 3월 1일 05시,금요일,부산광역시 부산진구 부암동,경상사고,0,0,2,0,차대차 - 기타,차로위반,습기,비,교차로 - 교차로안,승용,남,35세,상해없음,승용,여,23세,경상
2013030100100161,2013년 3월 1일 06시,금요일,부산광역시 서구 충무동1가,사망사고,1,0,0,0,차대차 - 기타,안전운전불이행,습기,비,단일로 - 횡단보도상,승용,남,65세,상해없음,승용,남,40세,상해없음
2013030100100162,2013년 3월 1일 06시,금요일,부산광역시 남구 용호동,경상사고,0,0,2,0,차대차 - 추돌 - 주정차중,안전운전불이행,건조,맑음,교차로 - 교차로안,승용,남,34세,상해없음,승용,여,22세,경상
2013030100100178,2013년 3월 1일 07시,금요일,부산광역시 해운대구 우동,경상사고,0,0,2,0,차대차 - 측면직각충돌,안전운전불이행,건조,맑음,단일로 - 기타,승용,남,27세,상해없음,승용,남,28세,경상
2013030100100179,2013년 3월 1일 07시,금요일,부산광역시 연제구 연산동,경상사고,0,0,1,0,차대차 - 정면충돌,안전운전불이행,습기,비,교차로 - 교차로부근,기타불명,기타불명,기타불명,기타불명,승용,남,32세,경상
2013030100100201,2013년 3월 1일 08시,금요일,부산광역시 강서구 대저1동,중상사고,0,1,0,0,차대차 - 측면직각충돌,안전운전불이행,건조,맑음,단일로 - 기타,승용,남,50세,상해없음,승용,남,49세,중상
2013030100100211,2013년 3월 1일 09시,금요일,부산광역시 동래구 온천동,경상사고,0,0,1,0,차대차 - 기타,직진우회전진행방해,건조,맑음,단일로 - 교량,승용,남,24세,상해없음,승용,남,60세,상해없음
2013030100100213,2013년 3월 1일 09시,금요일,부산광역시 사하구 신평동,부상신고사고,0,0,0,1,차대차 - 기타,안전운전불이행,건조,맑음,단일로 - 기타,승용,남,53세,상해없음,화물,남,37세,부상신고
2013030100100214,2013년 3월 1일 09시,금요일,부산광역시 사상구 삼락동,경상사고,0,0,1,0,차대차 - 추돌 - 진행중,안전운전불이행,건조,맑음,단일로 - 기타,승용,기타불명,기타불명,기타불명,화물,남,39세,경상
2013030100100231,2013년 3월 1일 10시,금요일,부산광역시 남구 문현동,경상사고,0,0,2,0,차대차 - 추돌 - 주정차중,안전거리미확보,건조,맑음,단일로 - 횡단보도부근,승용,남,66세,상해없음,승용,여,34세,경상
2013030100100232,2013년 3월 1일 10시,금요일,부산광역시 부산진구 부암동,중상사고,0,1,0,0,차대차 - 기타,신호위반,습기,흐림,교차로 - 교차로안,이륜,남,37세,중상,승용,남,51세,상해없음
2013030100100262,2013년 3월 1일 12시,금요일,부산광역시 부산진구 전포동,중상사고,0,1,0,0,차대차 - 측면직각충돌,중앙선침범,건조,맑음,교차로 - 교차로안,승용,남,50세,상해없음,이륜,남,32세,중상
2013030100100263,2013년 3월 1일 12시,금요일,부산광역시 부산진구 부전동,경상사고,0,0,1,0,차대차 - 기타,안전거리미확보,건조,맑음,교차로 - 교차로부근,승용,남,60세,상해없음,승용,여,39세,경상
2013030100100264,2013년 3월 1일 12시,금요일,부산광역시 강서구 생곡동,중상사고,0,1,0,0,차대차 - 측면직각충돌,안전운전불이행,건조,맑음,교차로 - 교차로부근,승용,남,61세,상해없음,승용,여,34세,중상
2013030100100265,2013년 3월 1일 12시,금요일,부산광역시 기장군 기장읍,경상사고,0,0,3,0,차대차 - 측면직각충돌,직진우회전진행방해,건조,맑음,교차로 - 교차로안,승용,남,47세,상해없음,승용,여,31세,경상
2013030100100282,2013년 3월 1일 13시,금요일,부산광역시 동래구 온천동,중상사고,0,1,0,0,차대차 - 측면직각충돌,안전운전불이행,건조,맑음,교차로 - 교차로안,승용,남,48세,상해없음,이륜,남,44세,중상
2013030100100297,2013년 3월 1일 14시,금요일,부산광역시 동구 초량동,중상사고,0,1,2,0,차대차 - 기타,교차로운행방법위반,건조,맑음,교차로 - 교차로안,승용,남,59세,상해없음,승용,남,57세,경상
2013030100100298,2013년 3월 1일 14시,금요일,부산광역시 북구 만덕동,경상사고,0,0,1,0,차대차 - 추돌 - 진행중,안전운전불이행,건조,맑음,기타 - 기타,화물,남,54세,상해없음,승용,남,37세,경상
2013030100100299,2013년 3월 1일 14시,금요일,부산광역시 부산진구 양정동,경상사고,0,0,1,0,차대차 - 기타,안전운전불이행,건조,맑음,단일로 - 기타,이륜,여,39세,경상,승용,여,43세,상해없음
2013030100100300,2013년 3월 1일 14시,금요일,부산광역시 금정구 남산동,중상사고,0,1,0,0,차대차 - 기타,안전운전불이행,건조,맑음,단일로 - 기타,화물,남,44세,상해없음,자전거,남,17세,중상
2013030100100301,2013년 3월 1일 14시,금요일,부산광역시 연제구 연산동,중상사고,0,1,0,0,차대차 - 측면직각충돌,안전운전불이행,건조,맑음,교차로 - 교차로안,승용,남,58세,상해없음,이륜,남,66세,중상
2013030100100302,2013년 3월 1일 14시,금요일,부산광역시 사상구 학장동,중상사고,0,1,1,0,차대사람 - 기타,안전운전불이행,건조,맑음,단일로 - 기타,승용,남,29세,상해없음,보행자,여,71세,중상
2013030100100303,2013년 3월 1일 14시,금요일,부산광역시 기장군 기장읍,경상사고,0,0,2,0,차대차 - 측면직각충돌,안전운전불이행,건조,맑음,단일로 - 기타,승용,남,47세,상해없음,승용,남,44세,상해없음
2013030100100350,2013년 3월 1일 16시,금요일,부산광역시 금정구 부곡동,중상사고,0,2,2,0,차대차 - 측면직각충돌,신호위반,건조,맑음,교차로 - 교차로안,승용,남,54세,중상,승용,남,64세,중상
2013030100100386,2013년 3월 1일 17시,금요일,부산광역시 해운대구 중동,경상사고,0,0,1,0,차대차 - 측면직각충돌,안전거리미확보,건조,맑음,단일로 - 기타,승용,남,27세,상해없음,승용,여,29세,경상
2013030100100406,2013년 3월 1일 18시,금요일,부산광역시 수영구 남천동,경상사고,0,0,1,0,차대차 - 추돌 - 진행중,안전운전불이행,건조,맑음,단일로 - 기타,승용,여,48세,상해없음,이륜,남,24세,경상
2013030100100407,2013년 3월 1일 18시,금요일,부산광역시 북구 덕천동,경상사고,0,0,2,0,차대차 - 측면직각충돌,안전운전불이행,건조,맑음,단일로 - 기타,승용,여,49세,상해없음,승용,여,56세,경상
2013030100100408,2013년 3월 1일 18시,금요일,부산광역시 기장군 기장읍,중상사고,0,1,1,0,차대사람 - 기타,안전운전불이행,건조,맑음,교차로 - 교차로부근,원동기,남,48세,상해없음,보행자,남,33세,중상
2013030100100438,2013년 3월 1일 19시,금요일,부산광역시 해운대구 우동,경상사고,0,0,2,0,차대차 - 추돌 - 진행중,교차로운행방법위반,건조,맑음,교차로 - 교차로안,승용,여,44세,상해없음,승용,남,46세,경상
2013030100100439,2013년 3월 1일 19시,금요일,부산광역시 금정구 구서동,중상사고,0,2,0,0,차대사람 - 횡단중,보행자보호의무위반,건조,맑음,단일로 - 횡단보도상,승합,남,59세,상해없음,보행자,여,59세,중상
2013030100100466,2013년 3월 1일 20시,금요일,부산광역시 수영구 수영동,경상사고,0,0,1,0,차대차 - 추돌 - 진행중,안전운전불이행,건조,맑음,교차로 - 교차로안,승용,남,24세,기타불명,승용,남,37세,경상
2013030100100485,2013년 3월 1일 21시,금요일,부산광역시 금정구 구서동,경상사고,0,0,1,0,차대차 - 측면직각충돌,안전운전불이행,건조,맑음,교차로 - 교차로안,승용,남,47세,상해없음,승용,여,57세,경상
2013030100100513,2013년 3월 1일 22시,금요일,부산광역시 연제구 거제동,경상사고,0,0,1,0,차대차 - 정면충돌,안전운전불이행,건조,맑음,교차로 - 교차로안,이륜,남,16세,경상,승용,남,49세,상해없음
2013030200100007,2013년 3월 2일 00시,토요일,부산광역시 서구 부민동1가,경상사고,0,0,1,0,차대차 - 측면직각충돌,교차로운행방법위반,건조,맑음,교차로 - 교차로안,화물,남,19세,상해없음,원동기,남,23세,경상
2013030200100008,2013년 3월 2일 00시,토요일,부산광역시 남구 용호동,중상사고,0,1,0,0,차대차 - 추돌 - 진행중,중앙선침범,건조,맑음,교차로 - 교차로부근,승용,남,66세,상해없음,이륜,남,26세,중상
2013030200100009,2013년 3월 2일 00시,토요일,부산광역시 북구 구포동,경상사고,0,0,2,0,차대차 - 추돌 - 주정차중,안전운전불이행,건조,맑음,교차로 - 교차로부근,승용,남,37세,상해없음,승용,여,32세,경상
2013030200100031,2013년 3월 2일 01시,토요일,부산광역시 남구 감만동,경상사고,0,0,2,0,차대차 - 측면직각충돌,차로위반,건조,맑음,교차로 - 교차로부근,화물,남,54세,상해없음,원동기,남,17세,경상
2013030200100032,2013년 3월 2일 01시,토요일,부산광역시 부산진구 당감동,경상사고,0,0,1,0,차대사람 - 횡단중,안전운전불이행,건조,맑음,단일로 - 기타,승용,남,59세,상해없음,보행자,남,18세,경상
2013030200100073,2013년 3월 2일 05시,토요일,부산광역시 남구 용당동,사망사고,1,0,0,0,차대사람 - 차도통행중,신호위반,건조,맑음,단일로 - 횡단보도상,승용,남,42세,상해없음,보행자,남,65세,사망
2013030200100084,2013년 3월 2일 06시,토요일,부산광역시 영도구 봉래동3가,경상사고,0,0,1,0,차대차 - 추돌 - 진행중,교차로운행방법위반,건조,맑음,교차로 - 교차로안,승용,남,61세,상해없음,승용,남,39세,상해없음
2013030200100085,2013년 3월 2일 06시,토요일,부산광역시 부산진구 연지동,중상사고,0,1,3,0,차대차 - 측면직각충돌,신호위반,건조,맑음,교차로 - 교차로안,승용,남,61세,상해없음,승용,남,48세,경상
2013030200100086,2013년 3월 2일 06시,토요일,부산광역시 강서구 명지동,중상사고,0,3,0,0,차대차 - 기타,신호위반,건조,맑음,교차로 - 교차로안,승용,남,49세,상해없음,승용,남,47세,중상
2013030200100100,2013년 3월 2일 07시,토요일,부산광역시 사하구 장림동,경상사고,0,0,1,0,차대차 - 측면직각충돌,안전운전불이행,건조,맑음,단일로 - 기타,승용,남,63세,상해없음,승용,남,36세,경상
2013030200100106,2013년 3월 2일 08시,토요일,부산광역시 연제구 거제동,중상사고,0,1,0,0,차대차 - 추돌 - 진행중,신호위반,건조,맑음,교차로 - 교차로안,승용,남,53세,기타불명,승용,남,70세,중상
2013030200100123,2013년 3월 2일 09시,토요일,부산광역시 기장군 철마면,중상사고,0,1,0,0,차대사람 - 기타,안전운전불이행,건조,맑음,교차로 - 교차로안,승용,남,68세,상해없음,보행자,남,47세,중상
2013030200100141,2013년 3월 2일 10시,토요일,부산광역시 동구 초량동,중상사고,0,1,0,0,차대차 - 측면직각충돌,신호위반,건조,맑음,교차로 - 교차로안,화물,남,62세,상해없음,승용,여,42세,중상
2013030200100142,2013년 3월 2일 10시,토요일,부산광역시 동래구 사직동,중상사고,0,1,0,0,차대차 - 기타,안전거리미확보,건조,맑음,단일로 - 기타,화물,남,66세,기타불명,승용,남,28세,중상
2013030200100163,2013년 3월 2일 11시,토요일,부산광역시 북구 만덕동,경상사고,0,0,1,0,차대사람 - 보도통행중,안전운전불이행,건조,맑음,기타 - 기타,승용,남,61세,상해없음,보행자,여,44세,경상
2013030200100186,2013년 3월 2일 12시,토요일,부산광역시 남구 우암동,중상사고,0,1,0,0,차대사람 - 횡단중,안전운전불이행,건조,맑음,단일로 - 기타,승용,남,27세,상해없음,보행자,남,62세,중상
2013030200100187,2013년 3월 2일 12시,토요일,부산광역시 강서구 강동동,부상신고사고,0,0,0,1,차대차 - 기타,안전운전불이행,건조,맑음,단일로 - 기타,특수,남,47세,상해없음,승용,여,64세,부상신고
2013030200100211,2013년 3월 2일 13시,토요일,부산광역시 서구 서대신동3가,중상사고,0,1,0,0,차대차 - 측면직각충돌,중앙선침범,건조,맑음,단일로 - 기타,승용,남,69세,상해없음,이륜,남,63세,중상
2013030200100212,2013년 3월 2일 13시,토요일,부산광역시 기장군 기장읍,중상사고,0,1,0,1,차대차 - 추돌 - 진행중,안전운전불이행,건조,맑음,교차로 - 교차로부근,승용,여,19세,상해없음,승용,남,78세,상해없음
2013030200100255,2013년 3월 2일 15시,토요일,부산광역시 해운대구 중동,중상사고,0,1,0,0,차대차 - 추돌 - 주정차중,신호위반,건조,맑음,단일로 - 기타,승용,남,34세,상해없음,이륜,남,70세,중상
2013030200100256,2013년 3월 2일 15시,토요일,부산광역시 금정구 서동,중상사고,0,1,0,0,차대사람 - 기타,안전운전불이행,건조,맑음,교차로 - 교차로안,승용,남,44세,상해없음,보행자,여,69세,중상
2013030200100276,2013년 3월 2일 16시,토요일,부산광역시 연제구 거제동,중상사고,0,1,0,0,차대사람 - 길가장자리구역통행중,안전운전불이행,건조,맑음,단일로 - 기타,승용,남,50세,상해없음,보행자,여,15세,중상
2013030200100277,2013년 3월 2일 16시,토요일,부산광역시 강서구 송정동,중상사고,0,1,1,2,차대차 - 측면직각충돌,교차로운행방법위반,건조,맑음,교차로 - 교차로안,승용,남,51세,상해없음,화물,남,47세,경상
2013030200100297,2013년 3월 2일 17시,토요일,부산광역시 북구 만덕동,경상사고,0,0,4,0,차대차 - 기타,안전운전불이행,건조,맑음,단일로 - 기타,승용,남,68세,상해없음,승용,남,32세,경상
2013030200100298,2013년 3월 2일 17시,토요일,부산광역시 동래구 안락동,경상사고,0,0,1,0,차대차 - 측면직각충돌,신호위반,건조,맑음,교차로 - 교차로안,승용,남,35세,상해없음,승용,남,61세,경상
2013030200100299,2013년 3월 2일 17시,토요일,부산광역시 사하구 신평동,경상사고,0,0,1,0,차대차 - 기타,교차로운행방법위반,건조,맑음,교차로 - 교차로안,승용,남,30세,상해없음,자전거,남,24세,경상
2013030200100300,2013년 3월 2일 17시,토요일,부산광역시 사상구 감전동,부상신고사고,0,0,0,1,차량단독 - 공작물충돌,안전운전불이행,건조,맑음,단일로 - 기타,원동기,남,53세,부상신고,,,,
2013030200100387,2013년 3월 2일 20시,토요일,부산광역시 북구 화명동,경상사고,0,0,1,0,차대차 - 측면직각충돌,안전운전불이행,건조,맑음,교차로 - 교차로안,승용,여,25세,상해없음,원동기,남,31세,경상
2013030200100388,2013년 3월 2일 20시,토요일,부산광역시 금정구 장전동,경상사고,0,0,1,0,차대차 - 정면충돌,중앙선침범,건조,맑음,교차로 - 교차로안,승용,남,33세,상해없음,이륜,남,18세,경상
2013030200100453,2013년 3월 2일 22시,토요일,부산광역시 사상구 학장동,중상사고,0,1,0,0,차대사람 - 횡단중,보행자보호의무위반,건조,맑음,단일로 - 횡단보도상,승용,여,42세,상해없음,보행자,여,54세,중상
2013030200100469,2013년 3월 2일 23시,토요일,부산광역시 수영구 광안동,경상사고,0,0,1,0,차대차 - 추돌 - 주정차중,안전운전불이행,건조,맑음,교차로 - 교차로부근,승용,남,22세,상해없음,승용,남,36세,경상
2013030300100004,2013년 3월 3일 00시,일요일,부산광역시 기장군 장안읍,부상신고사고,0,0,0,1,차량단독 - 공작물충돌,안전운전불이행,건조,맑음,단일로 - 기타,승용,남,24세,부상신고,,,,
2013030300100029,2013년 3월 3일 01시,일요일,부산광역시 부산진구 부암동,부상신고사고,0,0,0,1,차대차 - 기타,신호위반,건조,맑음,교차로 - 교차로안,승용,남,26세,부상신고,승용,남,62세,상해없음
2013030300100030,2013년 3월 3일 01시,일요일,부산광역시 연제구 연산동,중상사고,0,1,0,0,차대사람 - 차도통행중,안전운전불이행,건조,맑음,단일로 - 기타,승용,남,57세,상해없음,보행자,남,60세,중상
2013030300100058,2013년 3월 3일 03시,일요일,부산광역시 사하구 하단동,경상사고,0,0,1,1,차대차 - 기타,안전운전불이행,건조,맑음,단일로 - 기타,승용,남,28세,상해없음,승용,남,52세,경상
2013030300100093,2013년 3월 3일 06시,일요일,부산광역시 남구 용호동,경상사고,0,0,1,0,차대차 - 측면직각충돌,교차로운행방법위반,건조,맑음,교차로 - 교차로안,자전거,남,74세,경상,승용,여,55세,상해없음
2013030300100101,2013년 3월 3일 07시,일요일,부산광역시 동래구 사직동,경상사고,0,0,1,0,차대차 - 기타,안전거리미확보,건조,맑음,단일로 - 기타,승용,남,24세,상해없음,승용,여,53세,경상
2013030300100102,2013년 3월 3일 07시,일요일,부산광역시 동래구 명륜동,경상사고,0,0,5,0,차대차 - 추돌 - 주정차중,안전운전불이행,건조,맑음,단일로 - 기타,승용,남,25세,상해없음,승합,남,41세,경상
2013030300100110,2013년 3월 3일 08시,일요일,부산광역시 사하구 장림동,경상사고,0,0,2,0,차대차 - 기타,안전운전불이행,건조,맑음,단일로 - 기타,승용,남,45세,상해없음,승용,남,35세,경상
2013030300100120,2013년 3월 3일 09시,일요일,부산광역시 금정구 장전동,경상사고,0,0,1,0,차대차 - 측면직각충돌,차로위반,건조,맑음,단일로 - 기타,승용,남,57세,상해없음,승용,남,38세,경상
2013030300100127,2013년 3월 3일 10시,일요일,부산광역시 부산진구 가야동,부상신고사고,0,0,0,1,차대사람 - 기타,안전운전불이행,건조,맑음,단일로 - 기타,승용,남,63세,상해없음,보행자,남,45세,부상신고
2013030300100128,2013년 3월 3일 10시,일요일,부산광역시 부산진구 당감동,경상사고,0,0,1,0,차대사람 - 기타,안전운전불이행,건조,맑음,단일로 - 기타,승용,남,58세,상해없음,보행자,남,1세,경상
2013030300100129,2013년 3월 3일 10시,일요일,부산광역시 연제구 연산동,경상사고,0,0,4,0,차대차 - 측면직각충돌,신호위반,건조,맑음,교차로 - 교차로안,승용,남,28세,상해없음,승용,남,58세,경상
2013030300100138,2013년 3월 3일 11시,일요일,부산광역시 부산진구 전포동,중상사고,0,1,0,0,차대차 - 측면직각충돌,신호위반,건조,맑음,교차로 - 교차로안,승용,남,30세,상해없음,원동기,남,43세,중상
2013030300100172,2013년 3월 3일 13시,일요일,부산광역시 북구 덕천동,경상사고,0,0,1,0,차대차 - 기타,안전운전불이행,건조,맑음,단일로 - 기타,승용,남,47세,상해없음,승용,남,54세,경상
2013030300100173,2013년 3월 3일 13시,일요일,부산광역시 해운대구 우동,경상사고,0,0,1,0,차대차 - 추돌 - 진행중,안전운전불이행,건조,맑음,단일로 - 기타,승용,남,51세,상해없음,승용,남,43세,상해없음
2013030300100174,2013년 3월 3일 13시,일요일,부산광역시 강서구 지사동,중상사고,0,1,0,0,차량단독 - 공작물충돌,안전운전불이행,건조,맑음,교차로 - 교차로안,승용,남,47세,상해없음,,,,
2013030300100209,2013년 3월 3일 15시,일요일,부산광역시 남구 대연동,경상사고,0,0,1,0,차대차 - 기타,안전거리미확보,건조,맑음,단일로 - 기타,이륜,남,26세,경상,승용,여,57세,상해없음
2013030300100210,2013년 3월 3일 15시,일요일,부산광역시 금정구 남산동,중상사고,0,1,0,0,차대차 - 측면직각충돌,직진우회전진행방해,건조,맑음,교차로 - 교차로부근,승용,여,47세,상해없음,자전거,남,25세,중상
2013030300100235,2013년 3월 3일 16시,일요일,부산광역시 서구 충무동1가,경상사고,0,0,1,0,차대사람 - 횡단중,안전운전불이행,기타,맑음,단일로 - 횡단보도상,승용,남,26세,상해없음,보행자,남,73세,경상
2013030300100236,2013년 3월 3일 16시,일요일,부산광역시 부산진구 부암동,경상사고,0,0,2,0,차대차 - 기타,직진우회전진행방해,건조,맑음,교차로 - 교차로안,승용,남,24세,경상,승용,여,53세,경상
2013030300100263,2013년 3월 3일 17시,일요일,부산광역시 사상구 엄궁동,중상사고,0,2,0,0,차대차 - 추돌 - 진행중,안전운전불이행,건조,맑음,단일로 - 기타,화물,남,45세,상해없음,승용,남,26세,중상
2013030300100286,2013년 3월 3일 18시,일요일,부산광역시 해운대구 중동,중상사고,0,1,0,0,차대사람 - 횡단중,보행자보호의무위반,건조,맑음,단일로 - 횡단보도상,승용,남,47세,상해없음,보행자,남,49세,중상
2013030300100287,2013년 3월 3일 18시,일요일,부산광역시 해운대구 좌동,중상사고,0,1,0,0,차대차 - 추돌 - 진행중,안전거리미확보,건조,맑음,교차로 - 교차로안,승용,남,54세,상해없음,승용,남,26세,중상
2013030300100288,2013년 3월 3일 18시,일요일,부산광역시 금정구 구서동,경상사고,0,0,3,0,차대차 - 추돌 - 주정차중,안전운전불이행,건조,맑음,교차로 - 교차로안,승용,남,47세,상해없음,승용,여,32세,경상
2013030300100318,2013년 3월 3일 19시,일요일,부산광역시 부산진구 양정동,중상사고,0,1,0,0,차대차 - 기타,안전운전불이행,기타,맑음,단일로 - 기타,화물,남,67세,상해없음,원동기,남,19세,중상
2013030300100382,2013년 3월 3일 22시,일요일,부산광역시 동래구 안락동,중상사고,0,1,0,0,차대사람 - 길가장자리구역통행중,안전운전불이행,건조,맑음,교차로 - 교차로안,승합,남,36세,상해없음,보행자,여,61세,중상
2013030300100383,2013년 3월 3일 22시,일요일,부산광역시 동래구 사직동,중상사고,0,1,0,0,차대사람 - 길가장자리구역통행중,안전운전불이행,건조,맑음,단일로 - 기타,이륜,남,57세,상해없음,보행자,남,83세,중상
2013030300100384,2013년 3월 3일 22시,일요일,부산광역시 부산진구 부암동,경상사고,0,0,3,0,차대차 - 측면직각충돌,신호위반,건조,맑음,교차로 - 교차로안,화물,남,64세,상해없음,승용,남,65세,경상
2013030300100385,2013년 3월 3일 22시,일요일,부산광역시 연제구 연산동,중상사고,0,1,0,0,차대차 - 측면직각충돌,직진우회전진행방해,건조,맑음,교차로 - 교차로안,승용,남,56세,상해없음,승용,남,57세,중상
2013030300100386,2013년 3월 3일 22시,일요일,부산광역시 수영구 수영동,중상사고,0,1,0,0,차대사람 - 길가장자리구역통행중,안전운전불이행,건조,기타,단일로 - 기타,승용,남,26세,상해없음,보행자,여,25세,중상
2013030400100038,2013년 3월 4일 05시,월요일,부산광역시 부산진구 가야동,중상사고,0,1,0,0,차대사람 - 기타,안전운전불이행,기타,맑음,단일로 - 기타,승용,남,62세,상해없음,보행자,여,64세,중상
2013030400100039,2013년 3월 4일 05시,월요일,부산광역시 부산진구 양정동,중상사고,0,1,0,0,차대사람 - 기타,안전운전불이행,기타,맑음,단일로 - 기타,화물,남,42세,상해없음,보행자,남,74세,중상
2013030400100105,2013년 3월 4일 09시,월요일,부산광역시 북구 덕천동,경상사고,0,0,1,0,차대차 - 측면직각충돌,안전운전불이행,건조,맑음,단일로 - 기타,승용,여,41세,상해없음,승용,남,59세,경상
2013030400100130,2013년 3월 4일 10시,월요일,부산광역시 강서구 명지동,중상사고,0,1,0,0,차대차 - 측면직각충돌,신호위반,건조,맑음,교차로 - 교차로안,화물,남,51세,상해없음,승용,여,31세,중상
2013030400100131,2013년 3월 4일 10시,월요일,부산광역시 사상구 감전동,중상사고,0,1,0,0,차대사람 - 기타,안전운전불이행,기타,맑음,단일로 - 기타,화물,남,32세,상해없음,보행자,여,65세,중상
2013030400100163,2013년 3월 4일 11시,월요일,부산광역시 금정구 부곡동,경상사고,0,0,1,0,차대사람 - 차도통행중,안전운전불이행,건조,맑음,단일로 - 기타,승합,남,52세,상해없음,보행자,남,83세,경상
2013030400100189,2013년 3월 4일 12시,월요일,부산광역시 남구 우암동,중상사고,0,3,0,0,차대차 - 측면직각충돌,중앙선침범,건조,맑음,단일로 - 기타,승용,남,50세,중상,화물,남,56세,중상
2013030400100190,2013년 3월 4일 12시,월요일,부산광역시 부산진구 개금동,경상사고,0,0,1,0,차대차 - 기타,안전운전불이행,건조,맑음,단일로 - 기타,원동기,남,68세,경상,화물,남,35세,상해없음
2013030400100225,2013년 3월 4일 13시,월요일,부산광역시 사하구 당리동,중상사고,0,1,0,0,차대사람 - 기타,안전운전불이행,건조,맑음,단일로 - 기타,승용,남,44세,상해없음,보행자,여,6세,중상
2013030400100226,2013년 3월 4일 13시,월요일,부산광역시 사상구 학장동,경상사고,0,0,1,0,차대차 - 측면직각충돌,안전거리미확보,건조,맑음,단일로 - 기타,승용,남,53세,상해없음,승용,남,56세,경상
2013030400100227,2013년 3월 4일 13시,월요일,부산광역시 기장군 기장읍,경상사고,0,0,1,0,차대차 - 기타,안전운전불이행,건조,맑음,기타 - 기타,승용,여,51세,상해없음,승용,여,52세,상해없음
2013030400100246,2013년 3월 4일 14시,월요일,부산광역시 서구 암남동,경상사고,0,0,1,0,차대차 - 기타,신호위반,건조,맑음,교차로 - 교차로안,승용,여,33세,상해없음,원동기,남,39세,경상
2013030400100247,2013년 3월 4일 14시,월요일,부산광역시 사상구 학장동,중상사고,0,1,0,0,차대사람 - 횡단중,보행자보호의무위반,건조,맑음,교차로 - 교차로부근,화물,남,49세,상해없음,보행자,남,60세,중상
2013030400100270,2013년 3월 4일 15시,월요일,부산광역시 금정구 구서동,중상사고,0,2,0,0,차대차 - 추돌 - 주정차중,안전운전불이행,건조,맑음,기타 - 기타,승용,남,40세,상해없음,승용,남,66세,중상
2013030400100271,2013년 3월 4일 15시,월요일,부산광역시 강서구 봉림동,경상사고,0,0,2,0,차대차 - 기타,안전운전불이행,건조,맑음,단일로 - 기타,특수,남,56세,상해없음,승용,남,30세,경상
2013030400100297,2013년 3월 4일 16시,월요일,부산광역시 동구 범일동,부상신고사고,0,0,0,1,차대차 - 추돌 - 주정차중,안전운전불이행,건조,맑음,단일로 - 기타,이륜,남,80세,부상신고,승용,남,37세,기타불명
2013030400100320,2013년 3월 4일 17시,월요일,부산광역시 강서구 신호동,중상사고,0,2,0,0,차대차 - 측면직각충돌,교차로운행방법위반,건조,맑음,교차로 - 교차로안,특수,남,40세,상해없음,승용,남,38세,중상
2013030400100352,2013년 3월 4일 18시,월요일,부산광역시 해운대구 재송동,부상신고사고,0,0,0,3,차대차 - 기타,차로위반,건조,맑음,단일로 - 기타,화물,남,42세,상해없음,승합,남,37세,상해없음