사고번호,사고일시,요일,시군구,사고내용,사망자수,중상자수,경상자수,부상신고자수,사고유형,법규위반,노면상태,기상상태,도로형태,가해운전자 차종,가해운전자 성별,가해운전자 연령,가해운전자 상해정도,피해운전자 차종,피해운전자 성별,피해운전자 연령,피해운전자 상해정도
2013030400100393,2013년 3월 4일 19시,월요일,부산광역시 해운대구 반여동,중상사고,0,1,0,0,차대사람 - 횡단중,안전운전불이행,건조,맑음,단일로 - 기타,승용,남,57세,상해없음,보행자,여,60세,중상
2013030400100394,2013년 3월 4일 19시,월요일,부산광역시 사하구 감천동,중상사고,0,1,0,0,차대사람 - 횡단중,신호위반,건조,맑음,단일로 - 횡단보도상,원동기,남,18세,상해없음,보행자,여,43세,중상
2013030400100480,2013년 3월 4일 22시,월요일,부산광역시 남구 용호동,중상사고,0,1,0,0,차대사람 - 횡단중,신호위반,건조,맑음,교차로 - 교차로부근,승용,여,53세,상해없음,보행자,남,75세,중상
2013030500100038,2013년 3월 5일 03시,화요일,부산광역시 연제구 연산동,경상사고,0,0,1,0,차대차 - 추돌 - 주정차중,안전운전불이행,건조,맑음,단일로 - 기타,승용,남,29세,상해없음,화물,남,53세,기타불명
2013030500100063,2013년 3월 5일 06시,화요일,부산광역시 부산진구 당감동,경상사고,0,0,1,0,차대차 - 추돌 - 진행중,기타,건조,맑음,단일로 - 터널,승용,기타불명,기타불명,기타불명,승용,남,40세,경상
2013030500100108,2013년 3월 5일 08시,화요일,부산광역시 중구 보수동1가,중상사고,0,1,0,0,차대차 - 측면직각충돌,신호위반,건조,맑음,교차로 - 교차로안,승용,남,57세,상해없음,화물,남,61세,중상
2013030500100132,2013년 3월 5일 09시,화요일,부산광역시 동래구 온천동,경상사고,0,0,1,0,차대사람 - 길가장자리구역통행중,안전운전불이행,건조,맑음,단일로 - 기타,승용,남,70세,기타불명,보행자,여,1세,경상
2013030500100156,2013년 3월 5일 10시,화요일,부산광역시 남구 문현동,경상사고,0,0,2,0,차대차 - 정면충돌,중앙선침범,건조,맑음,단일로 - 교량,승용,남,42세,상해없음,승합,남,44세,경상
2013030500100157,2013년 3월 5일 10시,화요일,부산광역시 북구 화명동,사망사고,1,0,0,0,차대사람 - 횡단중,안전운전불이행,건조,맑음,교차로 - 교차로부근,승합,남,53세,상해없음,보행자,여,78세,사망
2013030500100158,2013년 3월 5일 10시,화요일,부산광역시 사하구 감천동,경상사고,0,0,1,0,차대차 - 기타,불법유턴,건조,맑음,교차로 - 교차로안,건설기계,남,57세,상해없음,화물,남,51세,경상
2013030500100159,2013년 3월 5일 10시,화요일,부산광역시 강서구 봉림동,경상사고,0,0,1,0,차대차 - 기타,신호위반,건조,맑음,단일로 - 횡단보도상,승용,남,53세,상해없음,자전거,남,37세,경상
2013030500100192,2013년 3월 5일 11시,화요일,부산광역시 강서구 송정동,경상사고,0,0,1,0,차대차 - 기타,차로위반,건조,맑음,교차로 - 교차로부근,승용,남,61세,상해없음,승합,남,35세,상해없음
2013030500100219,2013년 3월 5일 12시,화요일,부산광역시 금정구 노포동,부상신고사고,0,0,0,1,차대차 - 추돌 - 진행중,안전운전불이행,건조,맑음,교차로 - 교차로부근,이륜,남,19세,부상신고,승용,남,63세,상해없음
2013030500100220,2013년 3월 5일 12시,화요일,부산광역시 연제구 거제동,경상사고,0,0,1,0,차대차 - 기타,안전운전불이행,건조,맑음,단일로 - 기타,승용,남,38세,기타불명,승용,여,26세,경상
2013030500100245,2013년 3월 5일 13시,화요일,부산광역시 영도구 동삼동,경상사고,0,0,1,0,차대차 - 추돌 - 진행중,안전운전불이행,건조,맑음,교차로 - 교차로안,승용,여,61세,상해없음,이륜,남,24세,경상
2013030500100246,2013년 3월 5일 13시,화요일,부산광역시 부산진구 전포동,경상사고,0,0,1,0,차대사람 - 횡단중,보행자보호의무위반,건조,맑음,단일로 - 횡단보도상,승용,남,57세,상해없음,보행자,여,68세,경상
2013030500100247,2013년 3월 5일 13시,화요일,부산광역시 사하구 괴정동,중상사고,0,1,0,0,차대사람 - 기타,안전운전불이행,건조,맑음,단일로 - 기타,승용,여,36세,상해없음,보행자,여,7세,중상
2013030500100265,2013년 3월 5일 14시,화요일,부산광역시 북구 구포동,부상신고사고,0,0,0,1,차대차 - 기타,안전운전불이행,건조,맑음,단일로 - 기타,화물,남,59세,상해없음,승용,남,76세,부상신고
2013030500100294,2013년 3월 5일 15시,화요일,부산광역시 부산진구 범천동,경상사고,0,0,1,0,차대사람 - 기타,안전운전불이행,건조,맑음,기타 - 기타,화물,남,33세,상해없음,보행자,남,41세,경상
2013030500100295,2013년 3월 5일 15시,화요일,부산광역시 강서구 송정동,경상사고,0,0,1,0,차대차 - 추돌 - 진행중,안전운전불이행,건조,맑음,교차로 - 교차로부근,화물,남,41세,기타불명,승합,남,59세,경상
2013030500100320,2013년 3월 5일 16시,화요일,부산광역시 동래구 안락동,중상사고,0,1,0,0,차대차 - 추돌 - 진행중,안전운전불이행,건조,맑음,단일로 - 기타,승용,남,57세,기타불명,승용,여,30세,중상
2013030500100321,2013년 3월 5일 16시,화요일,부산광역시 영도구 청학동,경상사고,0,0,1,0,차대차 - 추돌 - 진행중,중앙선침범,건조,맑음,단일로 - 기타,승용,여,44세,상해없음,승용,남,44세,경상
2013030500100322,2013년 3월 5일 16시,화요일,부산광역시 부산진구 양정동,경상사고,0,0,1,0,차대차 - 측면직각충돌,안전거리미확보,건조,맑음,단일로 - 기타,원동기,남,71세,경상,승용,남,37세,상해없음
2013030500100380,2013년 3월 5일 18시,화요일,부산광역시 영도구 영선동3가,경상사고,0,0,1,0,차대사람 - 횡단중,안전운전불이행,건조,맑음,단일로 - 기타,승용,여,46세,상해없음,보행자,여,4세,경상
2013030500100381,2013년 3월 5일 18시,화요일,부산광역시 부산진구 부전동,경상사고,0,0,1,0,차대사람 - 기타,안전거리미확보,건조,맑음,교차로 - 교차로부근,승용,남,60세,상해없음,보행자,남,27세,경상
2013030500100411,2013년 3월 5일 19시,화요일,부산광역시 연제구 거제동,경상사고,0,0,1,0,차대차 - 추돌 - 주정차중,안전운전불이행,건조,맑음,교차로 - 교차로부근,승합,남,52세,상해없음,승용,남,46세,경상
2013030500100448,2013년 3월 5일 20시,화요일,부산광역시 남구 대연동,중상사고,0,1,0,0,차대사람 - 횡단중,안전운전불이행,건조,맑음,미분류 - 미분류,화물,남,40세,상해없음,보행자,여,63세,중상
2013030500100473,2013년 3월 5일 21시,화요일,부산광역시 금정구 장전동,부상신고사고,0,0,0,1,차대차 - 측면직각충돌,신호위반,건조,맑음,교차로 - 교차로안,이륜,남,16세,부상신고,승용,남,32세,상해없음
2013030500100474,2013년 3월 5일 21시,화요일,부산광역시 사하구 감천동,중상사고,0,1,0,0,차대사람 - 횡단중,신호위반,건조,맑음,교차로 - 교차로안,승용,남,46세,상해없음,보행자,남,12세,중상
2013030500100475,2013년 3월 5일 21시,화요일,부산광역시 강서구 대저2동,중상사고,0,1,0,0,차대차 - 추돌 - 주정차중,안전운전불이행,건조,맑음,단일로 - 기타,승용,여,26세,상해없음,승용,남,43세,중상
2013030500100499,2013년 3월 5일 22시,화요일,부산광역시 영도구 대교동1가,경상사고,0,0,1,0,차대사람 - 횡단중,안전운전불이행,건조,맑음,단일로 - 기타,승용,남,30세,상해없음,보행자,여,43세,경상
2013030500100527,2013년 3월 5일 23시,화요일,부산광역시 북구 덕천동,경상사고,0,0,1,0,차대차 - 측면직각충돌,신호위반,건조,맑음,교차로 - 교차로안,승용,여,36세,상해없음,승용,남,38세,경상
2013030500100528,2013년 3월 5일 23시,화요일,부산광역시 사하구 하단동,중상사고,0,1,0,0,차대사람 - 길가장자리구역통행중,안전운전불이행,건조,맑음,교차로 - 교차로부근,승용,남,31세,상해없음,보행자,여,41세,중상
2013030600100025,2013년 3월 6일 01시,수요일,부산광역시 기장군 기장읍,경상사고,0,0,1,0,차대차 - 측면직각충돌,교차로운행방법위반,건조,맑음,교차로 - 교차로안,승용,남,56세,경상,승용,남,36세,상해없음
2013030600100038,2013년 3월 6일 02시,수요일,부산광역시 동래구 수안동,경상사고,0,0,3,0,차대차 - 측면직각충돌,안전운전불이행,건조,맑음,단일로 - 기타,승용,남,47세,상해없음,승용,남,29세,상해없음
2013030600100062,2013년 3월 6일 06시,수요일,부산광역시 사하구 신평동,중상사고,0,2,0,0,차대차 - 기타,안전운전불이행,건조,맑음,단일로 - 기타,승용,남,40세,상해없음,승용,여,33세,중상
2013030600100074,2013년 3월 6일 07시,수요일,부산광역시 강서구 대저2동,중상사고,0,1,2,1,차대차 - 추돌 - 주정차중,안전운전불이행,건조,맑음,기타 - 기타,승용,남,26세,상해없음,승합,남,52세,상해없음
2013030600100125,2013년 3월 6일 09시,수요일,부산광역시 동구 범일동,중상사고,0,1,0,0,차대차 - 기타,차로위반,건조,맑음,단일로 - 기타,화물,남,44세,상해없음,승용,남,53세,중상
2013030600100126,2013년 3월 6일 09시,수요일,부산광역시 사하구 괴정동,경상사고,0,0,1,0,차대사람 - 횡단중,보행자보호의무위반,건조,맑음,교차로 - 교차로부근,승용,남,37세,상해없음,보행자,남,21세,경상
2013030600100145,2013년 3월 6일 10시,수요일,부산광역시 동구 초량동,중상사고,0,1,0,0,차대사람 - 횡단중,안전운전불이행,건조,맑음,단일로 - 기타,화물,남,55세,상해없음,보행자,남,52세,중상
2013030600100146,2013년 3월 6일 10시,수요일,부산광역시 해운대구 재송동,경상사고,0,0,3,0,차대차 - 측면직각충돌,중앙선침범,건조,맑음,단일로 - 기타,승용,남,35세,상해없음,승용,여,35세,경상
2013030600100147,2013년 3월 6일 10시,수요일,부산광역시 기장군 일광면,경상사고,0,0,1,0,차대차 - 추돌 - 진행중,안전거리미확보,건조,맑음,교차로 - 교차로부근,화물,남,78세,상해없음,화물,남,59세,경상
2013030600100164,2013년 3월 6일 11시,수요일,부산광역시 사상구 학장동,중상사고,0,1,0,0,차대차 - 기타,안전운전불이행,건조,맑음,단일로 - 기타,화물,남,56세,상해없음,화물,남,21세,상해없음
2013030600100238,2013년 3월 6일 14시,수요일,부산광역시 사상구 감전동,중상사고,0,1,0,0,차대사람 - 기타,안전운전불이행,건조,맑음,단일로 - 기타,화물,남,49세,상해없음,보행자,여,75세,중상
2013030600100259,2013년 3월 6일 15시,수요일,부산광역시 동래구 복천동,중상사고,0,1,0,0,차대사람 - 기타,안전운전불이행,건조,맑음,단일로 - 기타,승합,남,41세,상해없음,보행자,남,52세,중상
2013030600100288,2013년 3월 6일 16시,수요일,부산광역시 사상구 엄궁동,중상사고,0,1,0,0,차대차 - 기타,안전운전불이행,건조,맑음,단일로 - 기타,건설기계,남,34세,상해없음,승용,남,62세,중상
2013030600100336,2013년 3월 6일 18시,수요일,부산광역시 사하구 감천동,부상신고사고,0,0,0,1,차대차 - 기타,중앙선침범,건조,맑음,단일로 - 기타,승용,남,57세,상해없음,이륜,남,23세,부상신고
2013030600100369,2013년 3월 6일 19시,수요일,부산광역시 기장군 장안읍,중상사고,0,1,0,0,차대사람 - 보도통행중,신호위반,건조,맑음,교차로 - 교차로부근,승용,남,40세,상해없음,보행자,남,60세,중상
2013030600100402,2013년 3월 6일 20시,수요일,부산광역시 북구 구포동,경상사고,0,0,1,0,차대사람 - 기타,안전운전불이행,건조,맑음,단일로 - 기타,승용,남,30세,상해없음,보행자,여,34세,경상
2013030600100403,2013년 3월 6일 20시,수요일,부산광역시 해운대구 재송동,중상사고,0,1,0,0,차대차 - 추돌 - 주정차중,안전운전불이행,건조,맑음,단일로 - 기타,승용,남,36세,상해없음,승용,남,47세,중상
2013030600100404,2013년 3월 6일 20시,수요일,부산광역시 사하구 하단동,경상사고,0,0,1,0,차대사람 - 기타,안전운전불이행,건조,맑음,교차로 - 교차로부근,승용,남,20세,상해없음,보행자,남,56세,경상
2013030600100458,2013년 3월 6일 22시,수요일,부산광역시 강서구 대저1동,중상사고,0,2,1,1,차대차 - 추돌 - 주정차중,안전거리미확보,건조,맑음,교차로 - 교차로부근,승용,남,32세,상해없음,승용,남,27세,중상
2013030700100019,2013년 3월 7일 01시,목요일,부산광역시 연제구 연산동,중상사고,0,1,1,0,차대차 - 측면직각충돌,신호위반,건조,맑음,교차로 - 교차로안,승용,남,32세,상해없음,승용,남,73세,경상
2013030700100020,2013년 3월 7일 01시,목요일,부산광역시 기장군 정관면,중상사고,0,1,0,0,차량단독 - 공작물충돌,안전운전불이행,건조,맑음,교차로 - 교차로안,승용,남,28세,중상,,,,
2013030700100059,2013년 3월 7일 05시,목요일,부산광역시 사상구 주례동,중상사고,0,2,0,0,차대사람 - 기타,안전운전불이행,건조,맑음,단일로 - 기타,승용,남,47세,상해없음,보행자,남,22세,중상
2013030700100060,2013년 3월 7일 05시,목요일,부산광역시 사상구 덕포동,중상사고,0,1,0,0,차대차 - 추돌 - 진행중,신호위반,건조,맑음,교차로 - 교차로안,승용,남,66세,상해없음,승용,남,31세,중상
2013030700100061,2013년 3월 7일 05시,목요일,부산광역시 기장군 장안읍,중상사고,0,1,0,1,차대사람 - 기타,안전운전불이행,건조,맑음,단일로 - 기타,승용,남,71세,상해없음,보행자,남,46세,중상
2013030700100071,2013년 3월 7일 06시,목요일,부산광역시 강서구 죽림동,중상사고,0,1,0,0,차대차 - 기타,신호위반,건조,맑음,교차로 - 교차로안,승용,남,36세,상해없음,자전거,여,19세,중상
2013030700100085,2013년 3월 7일 07시,목요일,부산광역시 부산진구 양정동,중상사고,0,1,0,0,차대사람 - 기타,안전운전불이행,기타,맑음,기타 - 기타,승용,여,37세,상해없음,보행자,남,56세,중상
2013030700100111,2013년 3월 7일 08시,목요일,부산광역시 남구 우암동,중상사고,0,1,0,0,차대차 - 추돌 - 진행중,안전운전불이행,건조,맑음,단일로 - 기타,화물,남,42세,상해없음,승용,여,47세,중상
2013030700100112,2013년 3월 7일 08시,목요일,부산광역시 연제구 거제동,경상사고,0,0,1,0,차대사람 - 차도통행중,불법유턴,건조,맑음,교차로 - 교차로부근,승용,남,54세,상해없음,보행자,여,12세,경상
2013030700100131,2013년 3월 7일 09시,목요일,부산광역시 영도구 봉래동1가,중상사고,0,1,0,0,차대사람 - 기타,안전운전불이행,건조,맑음,기타 - 기타,화물,남,35세,기타불명,보행자,여,21세,중상
2013030700100149,2013년 3월 7일 10시,목요일,부산광역시 서구 충무동1가,중상사고,0,1,0,0,차대차 - 측면직각충돌,교차로운행방법위반,건조,맑음,교차로 - 교차로안,승용,남,46세,상해없음,이륜,남,52세,중상
2013030700100150,2013년 3월 7일 10시,목요일,부산광역시 동래구 복천동,중상사고,0,1,0,0,차대사람 - 길가장자리구역통행중,안전운전불이행,건조,맑음,단일로 - 기타,승용,남,64세,상해없음,보행자,여,58세,중상
2013030700100151,2013년 3월 7일 10시,목요일,부산광역시 사하구 구평동,경상사고,0,0,1,0,차대차 - 기타,교차로운행방법위반,건조,맑음,단일로 - 기타,특수,남,39세,상해없음,승용,남,64세,경상
2013030700100173,2013년 3월 7일 11시,목요일,부산광역시 북구 만덕동,경상사고,0,0,2,0,차대차 - 추돌 - 진행중,기타,건조,맑음,교차로 - 교차로안,승용,남,56세,상해없음,승용,여,41세,경상
2013030700100174,2013년 3월 7일 11시,목요일,부산광역시 부산진구 당감동,중상사고,0,1,0,0,차대사람 - 횡단중,보행자보호의무위반,건조,맑음,단일로 - 횡단보도상,승용,남,54세,상해없음,보행자,여,53세,중상
2013030700100175,2013년 3월 7일 11시,목요일,부산광역시 연제구 거제동,경상사고,0,0,1,0,차대사람 - 차도통행중,안전운전불이행,건조,맑음,단일로 - 기타,승용,남,27세,상해없음,보행자,여,68세,경상
2013030700100231,2013년 3월 7일 13시,목요일,부산광역시 동래구 명장동,중상사고,0,1,0,0,차대사람 - 차도통행중,안전운전불이행,건조,맑음,단일로 - 기타,화물,남,50세,상해없음,보행자,여,7세,중상
2013030700100254,2013년 3월 7일 14시,목요일,부산광역시 금정구 두구동,경상사고,0,0,4,0,차대차 - 측면직각충돌,신호위반,습기,비,교차로 - 교차로안,화물,남,37세,상해없음,승합,남,67세,경상
2013030700100265,2013년 3월 7일 15시,목요일,부산광역시 남구 용호동,경상사고,0,0,1,0,차대차 - 기타,안전운전불이행,습기,흐림,단일로 - 기타,승용,여,39세,상해없음,원동기,남,26세,경상
2013030700100266,2013년 3월 7일 15시,목요일,부산광역시 강서구 명지동,중상사고,0,2,0,0,차대차 - 측면직각충돌,안전운전불이행,건조,맑음,단일로 - 기타,화물,남,54세,상해없음,화물,남,47세,중상
2013030700100292,2013년 3월 7일 16시,목요일,부산광역시 해운대구 우동,경상사고,0,0,2,0,차대차 - 추돌 - 주정차중,신호위반,건조,맑음,단일로 - 기타,화물,남,40세,상해없음,승용,여,23세,경상
2013030700100347,2013년 3월 7일 18시,목요일,부산광역시 동구 범일동,경상사고,0,0,1,0,차대차 - 기타,차로위반,건조,맑음,단일로 - 기타,승용,남,59세,상해없음,승용,여,61세,경상
2013030700100379,2013년 3월 7일 19시,목요일,부산광역시 금정구 부곡동,경상사고,0,0,2,0,차대차 - 추돌 - 주정차중,안전운전불이행,건조,맑음,교차로 - 교차로부근,승용,여,49세,상해없음,승용,남,32세,경상
2013030700100380,2013년 3월 7일 19시,목요일,부산광역시 사하구 장림동,중상사고,0,1,0,0,차대사람 - 길가장자리구역통행중,안전운전불이행,건조,맑음,단일로 - 기타,승용,남,60세,상해없음,보행자,여,21세,중상
2013030700100381,2013년 3월 7일 19시,목요일,부산광역시 사상구 학장동,경상사고,0,0,1,0,차대차 - 기타,안전거리미확보,건조,맑음,단일로 - 기타,승용,여,49세,상해없음,승용,남,59세,상해없음
2013030700100406,2013년 3월 7일 20시,목요일,부산광역시 북구 덕천동,중상사고,0,1,0,0,차대차 - 추돌 - 주정차중,안전운전불이행,건조,맑음,단일로 - 기타,원동기,남,57세,상해없음,승용,여,64세,상해없음
2013030700100407,2013년 3월 7일 20시,목요일,부산광역시 사하구 괴정동,사망사고,1,0,0,0,차량단독 - 공작물충돌,안전운전불이행,건조,맑음,교차로 - 교차로부근,이륜,남,56세,사망,,,,
2013030700100408,2013년 3월 7일 20시,목요일,부산광역시 사하구 하단동,경상사고,0,0,1,0,차대사람 - 길가장자리구역통행중,안전운전불이행,건조,맑음,단일로 - 기타,승용,남,44세,상해없음,보행자,여,40세,경상
2013030700100409,2013년 3월 7일 20시,목요일,부산광역시 연제구 연산동,경상사고,0,0,1,0,차대차 - 추돌 - 진행중,안전거리미확보,건조,맑음,단일로 - 기타,승용,남,27세,상해없음,원동기,남,17세,경상
2013030700100439,2013년 3월 7일 21시,목요일,부산광역시 사상구 괘법동,경상사고,0,0,1,0,차대차 - 측면직각충돌,안전거리미확보,건조,흐림,단일로 - 기타,승용,남,63세,상해없음,원동기,남,44세,경상
2013030700100466,2013년 3월 7일 22시,목요일,부산광역시 해운대구 반여동,경상사고,0,0,1,0,차대차 - 추돌 - 진행중,안전운전불이행,기타,기타,단일로 - 기타,승용,여,56세,경상,승용,남,54세,상해없음
2013030700100496,2013년 3월 7일 23시,목요일,부산광역시 남구 문현동,중상사고,0,1,0,0,차대차 - 기타,안전운전불이행,건조,맑음,단일로 - 기타,승용,남,27세,상해없음,승용,남,58세,중상
2013030800100004,2013년 3월 8일 00시,금요일,부산광역시 부산진구 부암동,중상사고,0,1,0,0,차대사람 - 횡단중,안전운전불이행,건조,맑음,교차로 - 교차로부근,승용,남,61세,상해없음,보행자,남,25세,중상
2013030800100025,2013년 3월 8일 01시,금요일,부산광역시 부산진구 가야동,경상사고,0,0,2,0,차대차 - 기타,신호위반,기타,맑음,교차로 - 교차로안,승용,남,50세,상해없음,승용,남,65세,경상
2013030800100038,2013년 3월 8일 02시,금요일,부산광역시 강서구 봉림동,중상사고,0,2,0,0,차대차 - 측면직각충돌,중앙선침범,기타,안개,교차로 - 교차로안,승용,남,30세,상해없음,승용,남,34세,중상
2013030800100055,2013년 3월 8일 03시,금요일,부산광역시 남구 대연동,중상사고,0,1,0,0,차대차 - 기타,안전운전불이행,건조,맑음,단일로 - 교량,승용,남,62세,상해없음,승용,남,42세,상해없음
2013030800100056,2013년 3월 8일 03시,금요일,부산광역시 남구 대연동,중상사고,0,1,0,0,차량단독 - 기타,안전운전불이행,건조,맑음,단일로 - 교량,승용,남,42세,상해없음,,,,
2013030800100066,2013년 3월 8일 05시,금요일,부산광역시 부산진구 전포동,중상사고,0,1,0,0,차대차 - 정면충돌,중앙선침범,건조,흐림,교차로 - 교차로부근,승용,남,26세,상해없음,이륜,남,31세,중상
2013030800100078,2013년 3월 8일 06시,금요일,부산광역시 해운대구 반여동,중상사고,0,1,1,0,차대차 - 측면직각충돌,신호위반,건조,맑음,교차로 - 교차로안,승용,남,35세,상해없음,승용,남,63세,경상
2013030800100079,2013년 3월 8일 06시,금요일,부산광역시 수영구 망미동,중상사고,0,1,1,0,차대차 - 기타,안전거리미확보,건조,맑음,단일로 - 기타,승용,여,66세,상해없음,승용,남,53세,경상
2013030800100120,2013년 3월 8일 08시,금요일,부산광역시 부산진구 부암동,경상사고,0,0,1,0,차대차 - 추돌 - 진행중,안전거리미확보,건조,맑음,단일로 - 기타,화물,남,65세,상해없음,승용,남,30세,경상
2013030800100121,2013년 3월 8일 08시,금요일,부산광역시 강서구 범방동,중상사고,0,1,1,0,차대차 - 기타,안전운전불이행,건조,맑음,기타 - 기타,화물,남,49세,상해없음,승용,남,43세,중상
2013030800100122,2013년 3월 8일 08시,금요일,부산광역시 사상구 덕포동,중상사고,0,1,0,0,차대사람 - 기타,안전운전불이행,건조,흐림,단일로 - 기타,승용,여,32세,상해없음,보행자,남,61세,중상
2013030800100123,2013년 3월 8일 08시,금요일,부산광역시 기장군 일광면,중상사고,0,1,0,0,차대사람 - 기타,안전운전불이행,건조,맑음,단일로 - 기타,화물,여,42세,상해없음,보행자,여,73세,중상
2013030800100157,2013년 3월 8일 09시,금요일,부산광역시 동구 좌천동,경상사고,0,0,1,0,차대차 - 추돌 - 진행중,신호위반,건조,맑음,교차로 - 교차로안,승용,여,44세,상해없음,승용,남,23세,경상
2013030800100158,2013년 3월 8일 09시,금요일,부산광역시 금정구 회동동,경상사고,0,0,1,0,차대사람 - 기타,안전운전불이행,건조,맑음,단일로 - 기타,건설기계,남,42세,상해없음,보행자,여,59세,경상
2013030800100171,2013년 3월 8일 10시,금요일,부산광역시 부산진구 당감동,중상사고,0,1,0,0,차대사람 - 기타,안전운전불이행,기타,맑음,단일로 - 기타,건설기계,남,48세,상해없음,보행자,여,73세,중상
2013030800100185,2013년 3월 8일 11시,금요일,부산광역시 부산진구 개금동,중상사고,0,1,0,0,차대사람 - 기타,안전운전불이행,건조,맑음,단일로 - 기타,승용,남,51세,상해없음,보행자,여,56세,중상
2013030800100208,2013년 3월 8일 12시,금요일,부산광역시 남구 대연동,중상사고,0,1,0,0,차대사람 - 횡단중,안전운전불이행,건조,맑음,단일로 - 기타,승용,남,58세,상해없음,보행자,여,45세,중상
2013030800100209,2013년 3월 8일 12시,금요일,부산광역시 부산진구 양정동,중상사고,0,1,0,0,차대차 - 기타,신호위반,건조,맑음,교차로 - 교차로안,승용,남,56세,상해없음,이륜,남,54세,중상
2013030800100210,2013년 3월 8일 12시,금요일,부산광역시 사하구 신평동,경상사고,0,0,1,0,차대차 - 기타,신호위반,건조,맑음,교차로 - 교차로안,화물,남,58세,상해없음,화물,남,27세,경상
2013030800100232,2013년 3월 8일 13시,금요일,부산광역시 동구 초량동,경상사고,0,0,2,0,차대차 - 추돌 - 진행중,안전거리미확보,건조,맑음,단일로 - 기타,승용,여,61세,상해없음,승용,남,42세,경상
2013030800100254,2013년 3월 8일 14시,금요일,부산광역시 서구 토성동3가,중상사고,0,1,3,1,차대차 - 측면직각충돌,신호위반,건조,맑음,단일로 - 횡단보도부근,승합,남,50세,상해없음,승용,남,61세,상해없음
2013030800100255,2013년 3월 8일 14시,금요일,부산광역시 금정구 구서동,중상사고,0,1,0,0,차대차 - 측면직각충돌,안전운전불이행,건조,맑음,교차로 - 교차로부근,화물,남,66세,상해없음,이륜,남,29세,중상
2013030800100340,2013년 3월 8일 17시,금요일,부산광역시 금정구 금사동,중상사고,0,1,0,0,차대차 - 측면직각충돌,기타,건조,맑음,교차로 - 교차로안,원동기,남,51세,중상,승합,남,55세,상해없음
2013030800100341,2013년 3월 8일 17시,금요일,부산광역시 연제구 연산동,중상사고,0,1,0,0,차대사람 - 차도통행중,기타,건조,기타,단일로 - 기타,승용,남,33세,상해없음,보행자,여,72세,중상
2013030800100383,2013년 3월 8일 18시,금요일,부산광역시 수영구 남천동,중상사고,0,2,0,0,차대사람 - 횡단중,보행자보호의무위반,건조,맑음,단일로 - 횡단보도상,승용,여,58세,상해없음,보행자,남,39세,중상
2013030800100384,2013년 3월 8일 18시,금요일,부산광역시 영도구 대평동1가,경상사고,0,0,1,0,차대차 - 추돌 - 진행중,교차로운행방법위반,건조,맑음,교차로 - 교차로안,화물,남,48세,상해없음,승용,남,57세,경상
2013030800100385,2013년 3월 8일 18시,금요일,부산광역시 부산진구 전포동,경상사고,0,0,2,0,차대차 - 추돌 - 진행중,안전거리미확보,건조,맑음,단일로 - 기타,승용,남,57세,상해없음,승용,남,35세,경상
2013030800100422,2013년 3월 8일 19시,금요일,부산광역시 북구 구포동,경상사고,0,0,1,0,차대차 - 추돌 - 진행중,안전운전불이행,건조,맑음,미분류 - 미분류,화물,남,53세,상해없음,승용,남,51세,경상
2013030800100423,2013년 3월 8일 19시,금요일,부산광역시 강서구 대저1동,경상사고,0,0,1,0,차대사람 - 기타,안전운전불이행,건조,맑음,단일로 - 기타,승용,남,35세,상해없음,보행자,남,63세,경상
2013030800100457,2013년 3월 8일 20시,금요일,부산광역시 금정구 남산동,중상사고,0,1,0,0,차대사람 - 기타,안전운전불이행,건조,맑음,교차로 - 교차로부근,승합,남,59세,상해없음,보행자,여,33세,중상
2013030800100458,2013년 3월 8일 20시,금요일,부산광역시 사하구 하단동,중상사고,0,1,1,0,차대차 - 측면직각충돌,안전운전불이행,건조,맑음,교차로 - 교차로부근,이륜,남,27세,상해없음,화물,남,37세,경상
2013030800100488,2013년 3월 8일 21시,금요일,부산광역시 남구 대연동,경상사고,0,0,1,0,차대차 - 기타,기타,건조,맑음,단일로 - 기타,승용,남,50세,상해없음,승합,남,56세,상해없음
2013030800100489,2013년 3월 8일 21시,금요일,부산광역시 북구 만덕동,경상사고,0,0,1,0,차대사람 - 기타,안전운전불이행,건조,맑음,단일로 - 기타,승합,남,56세,상해없음,보행자,남,30세,경상
2013030800100490,2013년 3월 8일 21시,금요일,부산광역시 해운대구 좌동,경상사고,0,0,2,0,차대차 - 추돌 - 진행중,안전거리미확보,건조,맑음,단일로 - 기타,승용,남,27세,상해없음,승용,남,37세,경상
2013030800100492,2013년 3월 8일 21시,금요일,부산광역시 부산진구 가야동,중상사고,0,1,0,0,차대차 - 기타,신호위반,건조,맑음,교차로 - 교차로안,승용,여,52세,상해없음,승용,여,30세,중상
2013030800100493,2013년 3월 8일 21시,금요일,부산광역시 금정구 구서동,경상사고,0,0,1,0,차대차 - 추돌 - 주정차중,안전운전불이행,건조,맑음,단일로 - 기타,승용,남,42세,상해없음,승용,여,51세,경상
2013030800100494,2013년 3월 8일 21시,금요일,부산광역시 수영구 망미동,경상사고,0,0,2,0,차대차 - 추돌 - 진행중,안전운전불이행,건조,맑음,단일로 - 기타,화물,남,37세,상해없음,승용,여,59세,경상
2013030800100525,2013년 3월 8일 22시,금요일,부산광역시 중구 남포동1가,중상사고,0,1,1,0,차대사람 - 횡단중,안전운전불이행,건조,맑음,단일로 - 기타,승용,남,51세,상해없음,보행자,남,45세,중상