사고번호,사고일시,요일,시군구,사고내용,사망자수,중상자수,경상자수,부상신고자수,사고유형,법규위반,노면상태,기상상태,도로형태,가해운전자 차종,가해운전자 성별,가해운전자 연령,가해운전자 상해정도,피해운전자 차종,피해운전자 성별,피해운전자 연령,피해운전자 상해정도
2013030800100526,2013년 3월 8일 22시,금요일,부산광역시 북구 구포동,중상사고,0,1,0,0,차대사람 - 횡단중,안전운전불이행,건조,맑음,단일로 - 기타,화물,남,52세,상해없음,보행자,남,33세,중상
2013030800100527,2013년 3월 8일 22시,금요일,부산광역시 금정구 두구동,중상사고,0,1,0,0,차대차 - 기타,안전운전불이행,건조,맑음,단일로 - 기타,승용,남,45세,중상,화물,기타불명,기타불명,기타불명
2013030800100528,2013년 3월 8일 22시,금요일,부산광역시 수영구 망미동,중상사고,0,1,0,0,차대차 - 기타,안전운전불이행,건조,맑음,교차로 - 교차로부근,승합,남,40세,상해없음,승용,남,67세,상해없음
2013030800100557,2013년 3월 8일 23시,금요일,부산광역시 부산진구 부전동,중상사고,0,1,0,0,차대사람 - 기타,안전운전불이행,기타,맑음,단일로 - 기타,승합,남,49세,상해없음,보행자,여,30세,중상
2013030900100033,2013년 3월 9일 01시,토요일,부산광역시 해운대구 우동,중상사고,0,1,0,0,차대사람 - 횡단중,안전운전불이행,건조,맑음,교차로 - 교차로안,이륜,남,17세,상해없음,보행자,여,31세,중상
2013030900100053,2013년 3월 9일 02시,토요일,부산광역시 부산진구 부전동,경상사고,0,0,3,0,차대차 - 측면직각충돌,차로위반,건조,맑음,단일로 - 기타,승용,남,27세,상해없음,승용,남,51세,경상
2013030900100054,2013년 3월 9일 02시,토요일,부산광역시 부산진구 부전동,경상사고,0,0,2,0,차대차 - 추돌 - 진행중,안전운전불이행,건조,맑음,단일로 - 기타,승용,남,30세,상해없음,승용,남,64세,경상
2013030900100055,2013년 3월 9일 02시,토요일,부산광역시 부산진구 부전동,부상신고사고,0,0,0,2,차대차 - 측면직각충돌,차로위반,건조,맑음,단일로 - 기타,승용,남,23세,상해없음,승용,남,53세,부상신고
2013030900100073,2013년 3월 9일 03시,토요일,부산광역시 부산진구 전포동,경상사고,0,0,1,0,차대차 - 측면직각충돌,직진우회전진행방해,건조,맑음,교차로 - 교차로안,승용,남,47세,상해없음,승용,남,21세,상해없음
2013030900100087,2013년 3월 9일 04시,토요일,부산광역시 중구 남포동2가,경상사고,0,0,1,0,차량단독 - 기타,안전운전불이행,건조,맑음,단일로 - 기타,승용,남,42세,상해없음,,,,
2013030900100099,2013년 3월 9일 05시,토요일,부산광역시 부산진구 전포동,중상사고,0,1,0,0,차대차 - 기타,신호위반,건조,맑음,교차로 - 교차로안,승용,남,51세,상해없음,승용,남,62세,중상
2013030900100100,2013년 3월 9일 05시,토요일,부산광역시 사하구 괴정동,중상사고,0,1,1,0,차대차 - 측면직각충돌,신호위반,건조,맑음,교차로 - 교차로안,승용,남,69세,상해없음,승용,남,59세,중상
2013030900100101,2013년 3월 9일 05시,토요일,부산광역시 연제구 거제동,중상사고,0,1,0,0,차대사람 - 횡단중,안전운전불이행,건조,맑음,단일로 - 기타,승용,남,71세,상해없음,보행자,남,74세,중상
2013030900100115,2013년 3월 9일 06시,토요일,부산광역시 사상구 학장동,사망사고,1,0,0,0,차대사람 - 횡단중,신호위반,건조,맑음,교차로 - 교차로안,승합,남,72세,상해없음,보행자,남,73세,사망
2013030900100173,2013년 3월 9일 09시,토요일,부산광역시 부산진구 연지동,중상사고,0,1,1,0,차대차 - 기타,안전운전불이행,건조,맑음,교차로 - 교차로부근,승용,남,66세,상해없음,승용,여,43세,경상
2013030900100174,2013년 3월 9일 09시,토요일,부산광역시 강서구 생곡동,중상사고,0,1,0,0,차대차 - 측면직각충돌,신호위반,건조,맑음,교차로 - 교차로안,건설기계,남,63세,상해없음,화물,남,40세,중상
2013030900100201,2013년 3월 9일 10시,토요일,부산광역시 금정구 부곡동,사망사고,1,0,0,0,차대사람 - 횡단중,안전운전불이행,건조,맑음,단일로 - 기타,승합,남,37세,상해없음,보행자,여,85세,사망
2013030900100228,2013년 3월 9일 11시,토요일,부산광역시 수영구 광안동,중상사고,0,1,1,0,차대차 - 기타,차로위반,건조,맑음,교차로 - 교차로부근,승용,남,27세,상해없음,승합,남,52세,상해없음
2013030900100229,2013년 3월 9일 11시,토요일,부산광역시 사하구 장림동,경상사고,0,0,1,0,차대차 - 측면직각충돌,안전운전불이행,건조,맑음,단일로 - 기타,화물,남,45세,상해없음,승용,여,33세,경상
2013030900100260,2013년 3월 9일 12시,토요일,부산광역시 동구 범일동,중상사고,0,1,0,0,차대차 - 기타,중앙선침범,건조,맑음,단일로 - 기타,승용,남,69세,상해없음,원동기,남,33세,중상
2013030900100261,2013년 3월 9일 12시,토요일,부산광역시 수영구 광안동,중상사고,0,1,0,0,차대차 - 기타,안전운전불이행,건조,맑음,단일로 - 기타,승용,남,48세,상해없음,승용,남,58세,상해없음
2013030900100326,2013년 3월 9일 14시,토요일,부산광역시 남구 문현동,경상사고,0,0,2,0,차대차 - 추돌 - 진행중,안전운전불이행,건조,맑음,단일로 - 기타,승용,남,52세,상해없음,승용,남,38세,경상
2013030900100327,2013년 3월 9일 14시,토요일,부산광역시 동래구 복천동,중상사고,0,1,0,0,차대차 - 측면직각충돌,중앙선침범,건조,맑음,교차로 - 교차로부근,승용,여,38세,상해없음,승용,남,26세,중상
2013030900100328,2013년 3월 9일 14시,토요일,부산광역시 부산진구 범천동,경상사고,0,0,1,0,차대차 - 기타,기타,건조,맑음,단일로 - 기타,승용,남,37세,상해없음,승용,남,38세,경상
2013030900100329,2013년 3월 9일 14시,토요일,부산광역시 사상구 모라동,경상사고,0,0,1,0,차대차 - 기타,안전거리미확보,건조,맑음,단일로 - 기타,승용,남,40세,경상,화물,남,39세,상해없음
2013030900100384,2013년 3월 9일 16시,토요일,부산광역시 해운대구 우동,경상사고,0,0,2,0,차대차 - 추돌 - 주정차중,안전운전불이행,건조,맑음,단일로 - 기타,승용,여,41세,상해없음,승용,여,52세,경상
2013030900100414,2013년 3월 9일 17시,토요일,부산광역시 남구 대연동,경상사고,0,0,1,0,차대사람 - 횡단중,안전운전불이행,건조,맑음,단일로 - 기타,이륜,남,49세,상해없음,보행자,남,9세,경상
2013030900100415,2013년 3월 9일 17시,토요일,부산광역시 해운대구 좌동,경상사고,0,0,4,0,차대차 - 추돌 - 주정차중,안전거리미확보,건조,맑음,단일로 - 기타,승합,남,53세,상해없음,승용,남,60세,상해없음
2013030900100471,2013년 3월 9일 19시,토요일,부산광역시 동구 초량동,경상사고,0,0,4,0,차대차 - 측면직각충돌,안전운전불이행,건조,맑음,단일로 - 기타,승용,남,54세,경상,승용,남,40세,경상
2013030900100472,2013년 3월 9일 19시,토요일,부산광역시 해운대구 우동,중상사고,0,1,1,0,차대차 - 기타,교차로운행방법위반,건조,맑음,교차로 - 교차로안,승용,남,46세,상해없음,승용,남,39세,경상
2013030900100474,2013년 3월 9일 19시,토요일,부산광역시 기장군 정관면,중상사고,0,1,2,0,차량단독 - 공작물충돌,안전운전불이행,건조,맑음,단일로 - 기타,승용,남,23세,경상,,,,
2013030900100514,2013년 3월 9일 20시,토요일,부산광역시 수영구 남천동,부상신고사고,0,0,0,1,차대차 - 기타,안전운전불이행,건조,맑음,교차로 - 교차로부근,이륜,남,17세,부상신고,승용,남,42세,상해없음
2013030900100515,2013년 3월 9일 20시,토요일,부산광역시 영도구 대평동1가,경상사고,0,0,1,0,차대사람 - 횡단중,보행자보호의무위반,건조,맑음,교차로 - 교차로안,승용,남,60세,상해없음,보행자,여,30세,경상
2013030900100516,2013년 3월 9일 20시,토요일,부산광역시 사상구 괘법동,중상사고,0,1,0,0,차대차 - 기타,안전운전불이행,건조,맑음,단일로 - 기타,승용,남,43세,상해없음,이륜,남,62세,중상
2013030900100539,2013년 3월 9일 21시,토요일,부산광역시 서구 동대신동2가,중상사고,0,1,0,0,차대차 - 측면직각충돌,신호위반,건조,맑음,단일로 - 횡단보도상,승용,여,29세,상해없음,이륜,남,44세,중상
2013030900100579,2013년 3월 9일 22시,토요일,부산광역시 해운대구 반여동,경상사고,0,0,1,0,차대차 - 기타,차로위반,건조,맑음,단일로 - 기타,승합,남,27세,상해없음,승용,남,55세,경상
2013030900100580,2013년 3월 9일 22시,토요일,부산광역시 해운대구 우동,경상사고,0,0,1,0,차대차 - 측면직각충돌,안전운전불이행,건조,맑음,단일로 - 기타,승용,남,41세,상해없음,원동기,남,18세,경상
2013030900100581,2013년 3월 9일 22시,토요일,부산광역시 사하구 장림동,중상사고,0,1,0,0,차대차 - 측면직각충돌,신호위반,건조,흐림,교차로 - 교차로안,승용,남,23세,상해없음,원동기,남,23세,중상
2013030900100608,2013년 3월 9일 23시,토요일,부산광역시 동구 범일동,중상사고,0,1,0,0,차대차 - 측면직각충돌,직진우회전진행방해,건조,맑음,교차로 - 교차로부근,승용,남,64세,상해없음,이륜,남,59세,중상
2013030900100609,2013년 3월 9일 23시,토요일,부산광역시 서구 부민동3가,경상사고,0,0,1,0,차대사람 - 횡단중,안전운전불이행,건조,맑음,단일로 - 기타,승용,남,46세,상해없음,보행자,남,21세,경상
2013030900100610,2013년 3월 9일 23시,토요일,부산광역시 동래구 명장동,중상사고,0,1,0,0,차대차 - 추돌 - 주정차중,안전운전불이행,건조,맑음,단일로 - 기타,화물,남,52세,기타불명,승용,남,82세,중상
2013030900100611,2013년 3월 9일 23시,토요일,부산광역시 금정구 금사동,경상사고,0,0,3,0,차대차 - 측면직각충돌,신호위반,건조,맑음,교차로 - 교차로안,승용,남,50세,상해없음,승용,남,49세,경상
2013030900100612,2013년 3월 9일 23시,토요일,부산광역시 연제구 연산동,경상사고,0,0,3,0,차대차 - 추돌 - 주정차중,안전운전불이행,건조,흐림,단일로 - 기타,승용,남,29세,상해없음,승용,남,55세,경상
2013030900100613,2013년 3월 9일 23시,토요일,부산광역시 기장군 철마면,사망사고,2,2,0,0,차량단독 - 공작물충돌,안전운전불이행,건조,맑음,단일로 - 기타,승용,남,19세,사망,,,,
2013031000100027,2013년 3월 10일 01시,일요일,부산광역시 부산진구 개금동,경상사고,0,0,2,0,차대차 - 기타,중앙선침범,건조,맑음,단일로 - 기타,승용,남,31세,상해없음,승용,남,73세,경상
2013031000100028,2013년 3월 10일 01시,일요일,부산광역시 사상구 감전동,중상사고,0,1,0,0,차대사람 - 기타,안전운전불이행,건조,맑음,단일로 - 기타,승용,여,50세,상해없음,보행자,남,48세,중상
2013031000100046,2013년 3월 10일 02시,일요일,부산광역시 동래구 사직동,경상사고,0,0,1,0,차대차 - 측면직각충돌,안전운전불이행,건조,맑음,교차로 - 교차로안,승용,남,57세,상해없음,승용,여,56세,상해없음
2013031000100047,2013년 3월 10일 02시,일요일,부산광역시 해운대구 우동,경상사고,0,0,2,0,차대차 - 측면직각충돌,교차로운행방법위반,건조,맑음,교차로 - 교차로부근,승합,남,26세,상해없음,승용,여,27세,경상
2013031000100064,2013년 3월 10일 03시,일요일,부산광역시 연제구 연산동,중상사고,0,1,1,0,차대차 - 측면직각충돌,안전운전불이행,건조,맑음,단일로 - 기타,승용,남,71세,상해없음,승용,기타불명,기타불명,기타불명
2013031000100073,2013년 3월 10일 04시,일요일,부산광역시 금정구 구서동,경상사고,0,0,1,0,차대차 - 추돌 - 주정차중,안전운전불이행,건조,맑음,단일로 - 횡단보도부근,승용,여,30세,상해없음,승용,남,65세,경상
2013031000100074,2013년 3월 10일 04시,일요일,부산광역시 사상구 주례동,경상사고,0,0,1,0,차대차 - 기타,안전운전불이행,건조,맑음,단일로 - 기타,승용,남,34세,상해없음,승용,남,66세,경상
2013031000100109,2013년 3월 10일 07시,일요일,부산광역시 동래구 온천동,경상사고,0,0,1,0,차대사람 - 횡단중,보행자보호의무위반,건조,맑음,교차로 - 교차로안,승용,여,67세,상해없음,보행자,남,68세,경상
2013031000100110,2013년 3월 10일 07시,일요일,부산광역시 동래구 온천동,중상사고,0,1,0,0,차대사람 - 횡단중,보행자보호의무위반,건조,맑음,교차로 - 교차로안,승용,남,53세,상해없음,보행자,여,54세,중상
2013031000100111,2013년 3월 10일 07시,일요일,부산광역시 부산진구 범천동,경상사고,0,0,1,0,차대차 - 측면직각충돌,안전거리미확보,건조,맑음,단일로 - 기타,승용,남,53세,상해없음,승용,남,64세,경상
2013031000100124,2013년 3월 10일 08시,일요일,부산광역시 부산진구 부전동,경상사고,0,0,1,0,차대사람 - 길가장자리구역통행중,안전운전불이행,건조,맑음,단일로 - 기타,승용,남,43세,상해없음,보행자,남,44세,경상
2013031000100133,2013년 3월 10일 09시,일요일,부산광역시 강서구 대저1동,경상사고,0,0,1,0,차대차 - 추돌 - 주정차중,안전거리미확보,건조,맑음,단일로 - 기타,승용,여,51세,상해없음,승용,여,35세,경상
2013031000100148,2013년 3월 10일 10시,일요일,부산광역시 동구 범일동,중상사고,0,1,0,0,차대사람 - 횡단중,안전운전불이행,건조,맑음,단일로 - 횡단보도부근,화물,남,43세,상해없음,보행자,남,56세,중상
2013031000100149,2013년 3월 10일 10시,일요일,부산광역시 남구 감만동,경상사고,0,0,1,0,차대차 - 추돌 - 진행중,안전운전불이행,건조,맑음,단일로 - 기타,이륜,남,57세,상해없음,이륜,남,68세,경상
2013031000100190,2013년 3월 10일 12시,일요일,부산광역시 해운대구 우동,중상사고,0,3,2,1,차대차 - 측면직각충돌,중앙선침범,건조,맑음,단일로 - 기타,자전거,남,13세,부상신고,승용,남,30세,중상
2013031000100191,2013년 3월 10일 12시,일요일,부산광역시 강서구 신호동,중상사고,0,1,0,0,차량단독 - 기타,기타,건조,맑음,기타 - 기타,이륜,남,46세,중상,,,,
2013031000100214,2013년 3월 10일 13시,일요일,부산광역시 북구 덕천동,경상사고,0,0,1,0,차대사람 - 차도통행중,안전운전불이행,건조,맑음,단일로 - 기타,승용,남,42세,상해없음,보행자,여,14세,경상
2013031000100246,2013년 3월 10일 14시,일요일,부산광역시 수영구 광안동,부상신고사고,0,0,0,1,차량단독 - 기타,안전운전불이행,건조,맑음,단일로 - 기타,자전거,남,20세,부상신고,,,,
2013031000100275,2013년 3월 10일 15시,일요일,부산광역시 북구 만덕동,중상사고,0,2,0,0,차대차 - 정면충돌,교차로운행방법위반,건조,맑음,교차로 - 교차로안,승용,남,62세,상해없음,승용,남,64세,중상
2013031000100294,2013년 3월 10일 16시,일요일,부산광역시 동구 범일동,중상사고,0,3,1,0,차대차 - 추돌 - 진행중,교차로운행방법위반,건조,맑음,교차로 - 교차로안,승용,남,57세,상해없음,승용,남,27세,경상
2013031000100295,2013년 3월 10일 16시,일요일,부산광역시 해운대구 우동,경상사고,0,0,2,0,차대차 - 추돌 - 진행중,안전운전불이행,건조,맑음,단일로 - 터널,승용,남,44세,상해없음,승용,남,63세,상해없음
2013031000100296,2013년 3월 10일 16시,일요일,부산광역시 해운대구 우동,중상사고,0,2,0,0,차대차 - 추돌 - 진행중,안전운전불이행,건조,맑음,단일로 - 기타,승용,남,52세,상해없음,승용,남,35세,중상
2013031000100297,2013년 3월 10일 16시,일요일,부산광역시 사하구 하단동,중상사고,0,1,0,0,차대사람 - 기타,안전운전불이행,건조,맑음,교차로 - 교차로부근,이륜,남,44세,상해없음,보행자,남,62세,중상
2013031000100335,2013년 3월 10일 17시,일요일,부산광역시 서구 토성동1가,중상사고,0,1,0,0,차대차 - 기타,안전운전불이행,건조,맑음,교차로 - 교차로안,승용,남,51세,상해없음,이륜,남,56세,중상
2013031000100336,2013년 3월 10일 17시,일요일,부산광역시 부산진구 전포동,경상사고,0,0,1,0,차대차 - 추돌 - 진행중,안전운전불이행,건조,맑음,교차로 - 교차로안,승용,남,43세,상해없음,승용,남,27세,경상
2013031000100337,2013년 3월 10일 17시,일요일,부산광역시 사하구 다대동,경상사고,0,0,2,0,차대차 - 추돌 - 진행중,안전거리미확보,건조,맑음,교차로 - 교차로부근,승용,여,47세,상해없음,승용,남,52세,경상
2013031000100338,2013년 3월 10일 17시,일요일,부산광역시 사상구 괘법동,중상사고,0,4,0,0,차대차 - 기타,안전운전불이행,건조,맑음,단일로 - 기타,승용,여,38세,상해없음,승용,남,48세,중상
2013031000100373,2013년 3월 10일 18시,일요일,부산광역시 북구 만덕동,중상사고,0,1,0,0,차대차 - 측면직각충돌,안전운전불이행,건조,맑음,단일로 - 기타,이륜,남,70세,중상,승용,여,54세,상해없음
2013031000100374,2013년 3월 10일 18시,일요일,부산광역시 사상구 주례동,경상사고,0,0,1,0,차대사람 - 기타,안전운전불이행,건조,맑음,단일로 - 기타,승용,남,50세,상해없음,보행자,여,13세,경상
2013031000100403,2013년 3월 10일 19시,일요일,부산광역시 영도구 청학동,경상사고,0,0,1,0,차대사람 - 횡단중,안전운전불이행,건조,맑음,단일로 - 횡단보도부근,승용,남,52세,상해없음,보행자,여,17세,경상
2013031000100440,2013년 3월 10일 20시,일요일,부산광역시 연제구 거제동,중상사고,0,1,0,0,차대사람 - 기타,안전운전불이행,건조,맑음,교차로 - 교차로안,승용,남,49세,상해없음,보행자,남,48세,중상
2013031000100468,2013년 3월 10일 21시,일요일,부산광역시 해운대구 재송동,중상사고,0,2,0,0,차대차 - 측면직각충돌,신호위반,건조,맑음,교차로 - 교차로안,승용,여,41세,상해없음,승용,여,40세,중상
2013031000100469,2013년 3월 10일 21시,일요일,부산광역시 해운대구 송정동,중상사고,0,1,0,0,차대차 - 측면직각충돌,신호위반,건조,맑음,교차로 - 교차로안,이륜,남,33세,중상,승용,남,48세,상해없음
2013031000100492,2013년 3월 10일 22시,일요일,부산광역시 사하구 괴정동,부상신고사고,0,0,0,3,차대차 - 추돌 - 진행중,안전거리미확보,건조,맑음,단일로 - 기타,승용,남,42세,상해없음,승용,남,59세,상해없음
2013031000100493,2013년 3월 10일 22시,일요일,부산광역시 사하구 다대동,경상사고,0,0,1,0,차대사람 - 기타,안전운전불이행,건조,맑음,교차로 - 교차로부근,승용,여,45세,상해없음,보행자,남,61세,경상
2013031100100013,2013년 3월 11일 01시,월요일,부산광역시 연제구 연산동,경상사고,0,0,2,0,차대차 - 측면직각충돌,중앙선침범,건조,맑음,단일로 - 기타,승용,여,30세,상해없음,승용,남,58세,경상
2013031100100021,2013년 3월 11일 02시,월요일,부산광역시 부산진구 부전동,경상사고,0,0,2,0,차대차 - 기타,신호위반,건조,맑음,교차로 - 교차로부근,승용,남,33세,상해없음,승용,남,53세,경상
2013031100100034,2013년 3월 11일 04시,월요일,부산광역시 해운대구 우동,중상사고,0,1,1,0,차대차 - 추돌 - 주정차중,안전운전불이행,건조,맑음,교차로 - 교차로부근,승용,남,37세,상해없음,승용,남,60세,중상
2013031100100035,2013년 3월 11일 04시,월요일,부산광역시 부산진구 부전동,중상사고,0,1,0,0,차대차 - 측면직각충돌,교차로운행방법위반,건조,맑음,교차로 - 교차로안,화물,남,24세,중상,승용,남,21세,상해없음
2013031100100045,2013년 3월 11일 06시,월요일,부산광역시 영도구 봉래동3가,중상사고,0,1,0,0,차대차 - 기타,교차로운행방법위반,건조,맑음,교차로 - 교차로부근,승용,남,62세,상해없음,자전거,남,61세,중상
2013031100100046,2013년 3월 11일 06시,월요일,부산광역시 부산진구 개금동,중상사고,0,1,0,0,차대차 - 기타,안전운전불이행,건조,맑음,단일로 - 기타,승용,남,28세,상해없음,자전거,남,39세,중상
2013031100100047,2013년 3월 11일 06시,월요일,부산광역시 연제구 연산동,경상사고,0,0,1,0,차대차 - 추돌 - 진행중,교차로운행방법위반,건조,맑음,교차로 - 교차로안,승용,남,63세,상해없음,승용,남,50세,기타불명
2013031100100048,2013년 3월 11일 06시,월요일,부산광역시 강서구 대저2동,경상사고,0,0,1,0,차대사람 - 횡단중,안전운전불이행,건조,맑음,교차로 - 교차로안,승용,남,55세,상해없음,보행자,남,54세,경상
2013031100100060,2013년 3월 11일 07시,월요일,부산광역시 동래구 명장동,중상사고,0,1,0,0,차대차 - 추돌 - 진행중,안전운전불이행,건조,맑음,교차로 - 교차로안,승합,남,60세,상해없음,자전거,남,36세,중상
2013031100100093,2013년 3월 11일 08시,월요일,부산광역시 사하구 구평동,경상사고,0,0,1,0,차대차 - 측면직각충돌,안전거리미확보,건조,맑음,단일로 - 기타,승용,여,64세,기타불명,화물,남,29세,경상
2013031100100094,2013년 3월 11일 08시,월요일,부산광역시 사상구 주례동,경상사고,0,0,1,0,차대차 - 측면직각충돌,안전운전불이행,건조,맑음,단일로 - 기타,승용,남,75세,상해없음,승용,남,24세,경상
2013031100100137,2013년 3월 11일 09시,월요일,부산광역시 북구 만덕동,경상사고,0,0,1,0,차대사람 - 횡단중,보행자보호의무위반,건조,맑음,교차로 - 교차로안,승용,여,49세,상해없음,보행자,여,27세,경상
2013031100100138,2013년 3월 11일 09시,월요일,부산광역시 동래구 사직동,경상사고,0,0,1,1,차대차 - 기타,안전거리미확보,건조,맑음,단일로 - 기타,승용,남,66세,상해없음,승용,여,39세,부상신고
2013031100100139,2013년 3월 11일 09시,월요일,부산광역시 부산진구 부암동,중상사고,0,1,0,0,차대차 - 측면직각충돌,안전운전불이행,건조,맑음,교차로 - 교차로안,승용,남,51세,상해없음,이륜,남,42세,중상
2013031100100140,2013년 3월 11일 09시,월요일,부산광역시 금정구 부곡동,사망사고,1,0,0,0,차대사람 - 차도통행중,안전운전불이행,건조,맑음,교차로 - 교차로안,승용,남,55세,상해없음,보행자,여,45세,사망
2013031100100207,2013년 3월 11일 11시,월요일,부산광역시 동구 범일동,중상사고,0,1,1,0,차대차 - 기타,안전운전불이행,건조,맑음,교차로 - 교차로부근,원동기,남,58세,중상,승용,여,46세,경상
2013031100100208,2013년 3월 11일 11시,월요일,부산광역시 남구 대연동,경상사고,0,0,1,0,차대차 - 기타,안전거리미확보,건조,맑음,단일로 - 기타,화물,기타불명,기타불명,기타불명,승합,남,56세,상해없음
2013031100100209,2013년 3월 11일 11시,월요일,부산광역시 사하구 신평동,중상사고,0,2,0,0,차대차 - 추돌 - 진행중,안전운전불이행,건조,맑음,단일로 - 교량,화물,남,36세,상해없음,승용,남,49세,중상
2013031100100228,2013년 3월 11일 12시,월요일,부산광역시 동래구 사직동,경상사고,0,0,1,0,차대사람 - 기타,안전운전불이행,건조,맑음,단일로 - 기타,승용,여,35세,상해없음,보행자,여,19세,경상
2013031100100295,2013년 3월 11일 15시,월요일,부산광역시 사상구 괘법동,부상신고사고,0,0,0,1,차대차 - 추돌 - 주정차중,안전운전불이행,건조,맑음,단일로 - 기타,화물,남,36세,상해없음,화물,남,25세,부상신고
2013031100100318,2013년 3월 11일 16시,월요일,부산광역시 해운대구 우동,경상사고,0,0,1,0,차대차 - 기타,안전운전불이행,건조,맑음,단일로 - 기타,승용,남,54세,상해없음,승용,남,41세,상해없음
2013031100100353,2013년 3월 11일 17시,월요일,부산광역시 금정구 장전동,중상사고,0,1,0,0,차대사람 - 횡단중,안전운전불이행,건조,맑음,교차로 - 교차로안,화물,남,34세,상해없음,보행자,남,79세,중상
2013031100100354,2013년 3월 11일 17시,월요일,부산광역시 사하구 구평동,경상사고,0,0,1,0,차대차 - 기타,안전거리미확보,건조,맑음,단일로 - 기타,화물,남,71세,상해없음,이륜,남,55세,경상
2013031100100355,2013년 3월 11일 17시,월요일,부산광역시 사하구 하단동,경상사고,0,0,1,0,차대차 - 추돌 - 진행중,신호위반,건조,맑음,교차로 - 교차로안,승용,여,39세,상해없음,승용,여,59세,경상
2013031100100356,2013년 3월 11일 17시,월요일,부산광역시 연제구 거제동,경상사고,0,0,1,0,차대차 - 측면직각충돌,안전운전불이행,건조,맑음,단일로 - 기타,승용,여,47세,상해없음,승용,여,43세,경상
2013031100100394,2013년 3월 11일 18시,월요일,부산광역시 부산진구 당감동,경상사고,0,0,1,0,차대사람 - 횡단중,보행자보호의무위반,건조,맑음,단일로 - 횡단보도상,승합,남,42세,상해없음,보행자,남,10세,경상
2013031100100395,2013년 3월 11일 18시,월요일,부산광역시 사하구 장림동,경상사고,0,0,1,0,차대차 - 기타,교차로운행방법위반,건조,맑음,교차로 - 교차로부근,승용,여,49세,상해없음,승용,남,53세,경상
2013031100100434,2013년 3월 11일 19시,월요일,부산광역시 부산진구 연지동,경상사고,0,0,1,0,차대차 - 기타,안전운전불이행,건조,맑음,단일로 - 횡단보도부근,승용,기타불명,기타불명,기타불명,화물,남,48세,경상
2013031100100475,2013년 3월 11일 20시,월요일,부산광역시 수영구 남천동,중상사고,0,1,1,0,차대사람 - 기타,불법유턴,건조,흐림,교차로 - 교차로부근,승용,남,43세,상해없음,보행자,남,46세,중상
2013031100100476,2013년 3월 11일 20시,월요일,부산광역시 사하구 하단동,중상사고,0,1,0,0,차대사람 - 기타,안전운전불이행,건조,맑음,단일로 - 기타,승용,남,59세,상해없음,보행자,여,46세,중상
2013031100100502,2013년 3월 11일 21시,월요일,부산광역시 동구 좌천동,경상사고,0,0,1,0,차대차 - 기타,안전운전불이행,건조,맑음,미분류 - 미분류,특수,남,29세,상해없음,승용,남,35세,경상
2013031100100503,2013년 3월 11일 21시,월요일,부산광역시 부산진구 부전동,중상사고,0,1,0,0,차대차 - 기타,교차로운행방법위반,건조,맑음,교차로 - 교차로안,승용,여,54세,상해없음,이륜,남,41세,중상
2013031100100527,2013년 3월 11일 22시,월요일,부산광역시 금정구 구서동,경상사고,0,0,1,0,차대차 - 기타,직진우회전진행방해,건조,맑음,교차로 - 교차로안,승용,남,60세,상해없음,승용,남,35세,경상
2013031100100554,2013년 3월 11일 23시,월요일,부산광역시 수영구 광안동,경상사고,0,0,1,0,차대차 - 측면직각충돌,신호위반,건조,맑음,교차로 - 교차로안,승용,여,54세,상해없음,이륜,남,30세,경상
2013031100100555,2013년 3월 11일 23시,월요일,부산광역시 수영구 광안동,경상사고,0,0,1,0,차대차 - 기타,교차로운행방법위반,건조,맑음,교차로 - 교차로안,승용,남,57세,상해없음,승용,남,57세,경상
2013031100100556,2013년 3월 11일 23시,월요일,부산광역시 동래구 안락동,경상사고,0,0,1,0,차대차 - 측면직각충돌,안전운전불이행,건조,맑음,교차로 - 교차로부근,승용,남,53세,상해없음,승용,남,53세,기타불명
2013031100100557,2013년 3월 11일 23시,월요일,부산광역시 기장군 정관면,경상사고,0,0,2,0,차대차 - 추돌 - 주정차중,안전운전불이행,건조,맑음,단일로 - 기타,이륜,남,17세,경상,승용,여,39세,경상
2013031200100005,2013년 3월 12일 00시,화요일,부산광역시 영도구 영선동1가,경상사고,0,0,1,0,차대차 - 측면직각충돌,신호위반,건조,맑음,교차로 - 교차로안,승용,남,49세,상해없음,승용,남,39세,경상
2013031200100006,2013년 3월 12일 00시,화요일,부산광역시 연제구 연산동,경상사고,0,0,1,0,차대차 - 추돌 - 진행중,중앙선침범,건조,맑음,단일로 - 기타,승용,남,31세,상해없음,승용,남,41세,경상
2013031200100023,2013년 3월 12일 01시,화요일,부산광역시 연제구 연산동,경상사고,0,0,1,0,차대차 - 기타,신호위반,건조,맑음,교차로 - 교차로안,자전거,남,23세,경상,승용,남,55세,상해없음
2013031200100024,2013년 3월 12일 01시,화요일,부산광역시 기장군 정관면,중상사고,0,1,0,0,차대차 - 추돌 - 진행중,안전운전불이행,건조,맑음,단일로 - 터널,승용,남,31세,중상,특수,남,58세,상해없음
2013031200100052,2013년 3월 12일 05시,화요일,부산광역시 사하구 다대동,경상사고,0,0,2,0,차대차 - 기타,교차로운행방법위반,건조,맑음,교차로 - 교차로안,승용,남,43세,상해없음,승용,남,21세,경상