사고번호,사고일시,요일,시군구,사고내용,사망자수,중상자수,경상자수,부상신고자수,사고유형,법규위반,노면상태,기상상태,도로형태,가해운전자 차종,가해운전자 성별,가해운전자 연령,가해운전자 상해정도,피해운전자 차종,피해운전자 성별,피해운전자 연령,피해운전자 상해정도
2013031500100014,2013년 3월 15일 01시,금요일,부산광역시 부산진구 양정동,경상사고,0,0,1,0,차대차 - 추돌 - 진행중,안전거리미확보,건조,맑음,단일로 - 기타,승용,남,26세,상해없음,승용,남,48세,경상
2013031500100033,2013년 3월 15일 02시,금요일,부산광역시 연제구 연산동,경상사고,0,0,1,0,차대사람 - 기타,안전운전불이행,건조,맑음,단일로 - 기타,기타불명,기타불명,기타불명,기타불명,보행자,여,45세,경상
2013031500100048,2013년 3월 15일 04시,금요일,부산광역시 북구 덕천동,중상사고,0,1,0,0,차대사람 - 기타,안전운전불이행,건조,맑음,단일로 - 기타,승용,남,65세,상해없음,보행자,여,53세,중상
2013031500100056,2013년 3월 15일 05시,금요일,부산광역시 사하구 신평동,중상사고,0,1,0,0,차대사람 - 횡단중,신호위반,건조,맑음,단일로 - 횡단보도상,기타불명,기타불명,기타불명,기타불명,보행자,남,38세,중상
2013031500100064,2013년 3월 15일 06시,금요일,부산광역시 연제구 연산동,경상사고,0,0,2,0,차대차 - 측면직각충돌,차로위반,건조,맑음,교차로 - 교차로부근,특수,남,46세,상해없음,승합,남,56세,경상
2013031500100065,2013년 3월 15일 06시,금요일,부산광역시 기장군 장안읍,경상사고,0,0,1,0,차대차 - 측면직각충돌,안전거리미확보,건조,맑음,단일로 - 기타,화물,남,39세,상해없음,승용,남,49세,경상
2013031500100084,2013년 3월 15일 07시,금요일,부산광역시 사하구 구평동,중상사고,0,1,0,0,차대차 - 측면직각충돌,안전운전불이행,건조,맑음,단일로 - 기타,승용,남,28세,상해없음,승용,여,45세,중상
2013031500100124,2013년 3월 15일 08시,금요일,부산광역시 남구 대연동,경상사고,0,0,1,0,차대차 - 추돌 - 진행중,안전운전불이행,건조,맑음,교차로 - 교차로부근,승용,남,53세,기타불명,승용,기타불명,기타불명,기타불명
2013031500100125,2013년 3월 15일 08시,금요일,부산광역시 부산진구 부암동,중상사고,0,2,0,0,차대차 - 기타,교차로운행방법위반,건조,맑음,교차로 - 교차로안,승합,남,21세,상해없음,이륜,남,49세,중상
2013031500100126,2013년 3월 15일 08시,금요일,부산광역시 금정구 부곡동,중상사고,0,1,0,0,차대차 - 기타,중앙선침범,건조,맑음,단일로 - 기타,원동기,기타불명,기타불명,기타불명,승용,남,26세,중상
2013031500100127,2013년 3월 15일 08시,금요일,부산광역시 사하구 괴정동,경상사고,0,0,1,0,차대사람 - 횡단중,안전운전불이행,건조,맑음,단일로 - 횡단보도부근,승용,여,61세,기타불명,보행자,남,16세,경상
2013031500100175,2013년 3월 15일 09시,금요일,부산광역시 해운대구 재송동,경상사고,0,0,2,0,차대차 - 측면직각충돌,중앙선침범,건조,맑음,단일로 - 기타,승용,남,31세,상해없음,승용,남,55세,경상
2013031500100176,2013년 3월 15일 09시,금요일,부산광역시 연제구 거제동,경상사고,0,0,1,0,차대차 - 측면직각충돌,안전운전불이행,건조,맑음,단일로 - 기타,화물,남,57세,상해없음,자전거,남,24세,경상
2013031500100198,2013년 3월 15일 10시,금요일,부산광역시 연제구 연산동,경상사고,0,0,1,0,차대사람 - 길가장자리구역통행중,안전운전불이행,건조,맑음,단일로 - 기타,승용,남,58세,상해없음,보행자,여,54세,경상
2013031500100214,2013년 3월 15일 11시,금요일,부산광역시 중구 남포동2가,경상사고,0,0,1,0,차대사람 - 기타,안전운전불이행,건조,맑음,단일로 - 기타,승용,남,45세,상해없음,보행자,여,26세,경상
2013031500100215,2013년 3월 15일 11시,금요일,부산광역시 북구 덕천동,경상사고,0,0,1,0,차대사람 - 횡단중,보행자보호의무위반,건조,맑음,단일로 - 횡단보도상,승용,남,37세,상해없음,보행자,남,56세,경상
2013031500100216,2013년 3월 15일 11시,금요일,부산광역시 사상구 엄궁동,경상사고,0,0,2,0,차대차 - 측면직각충돌,신호위반,건조,맑음,단일로 - 기타,승용,남,46세,상해없음,승용,남,74세,경상
2013031500100248,2013년 3월 15일 13시,금요일,부산광역시 동래구 온천동,중상사고,0,1,0,0,차대사람 - 기타,안전운전불이행,건조,맑음,단일로 - 기타,화물,남,27세,상해없음,보행자,여,75세,중상
2013031500100249,2013년 3월 15일 13시,금요일,부산광역시 사상구 주례동,경상사고,0,0,1,0,차대사람 - 횡단중,보행자보호의무위반,건조,맑음,단일로 - 횡단보도상,승용,여,51세,상해없음,보행자,남,7세,경상
2013031500100313,2013년 3월 15일 15시,금요일,부산광역시 연제구 거제동,경상사고,0,0,1,0,차대차 - 측면직각충돌,신호위반,건조,맑음,교차로 - 교차로부근,승용,남,59세,상해없음,승용,여,42세,경상
2013031500100348,2013년 3월 15일 16시,금요일,부산광역시 동래구 온천동,중상사고,0,1,0,0,차량단독 - 기타,기타,건조,맑음,단일로 - 기타,승합,남,57세,상해없음,,,,
2013031500100349,2013년 3월 15일 16시,금요일,부산광역시 부산진구 부암동,경상사고,0,0,1,0,차대사람 - 횡단중,안전운전불이행,건조,맑음,단일로 - 횡단보도부근,화물,남,27세,상해없음,보행자,남,12세,경상
2013031500100350,2013년 3월 15일 16시,금요일,부산광역시 부산진구 양정동,경상사고,0,0,1,0,차대차 - 추돌 - 주정차중,안전운전불이행,건조,맑음,교차로 - 교차로안,승용,남,63세,상해없음,승용,여,45세,경상
2013031500100351,2013년 3월 15일 16시,금요일,부산광역시 사상구 감전동,중상사고,0,1,0,0,차대차 - 측면직각충돌,직진우회전진행방해,건조,맑음,교차로 - 교차로안,자전거,남,78세,중상,화물,남,55세,상해없음
2013031500100352,2013년 3월 15일 16시,금요일,부산광역시 사상구 덕포동,중상사고,0,1,0,0,차대사람 - 길가장자리구역통행중,안전운전불이행,건조,맑음,단일로 - 기타,승용,남,52세,상해없음,보행자,여,64세,중상
2013031500100373,2013년 3월 15일 17시,금요일,부산광역시 사상구 모라동,경상사고,0,0,1,0,차대차 - 측면직각충돌,안전운전불이행,건조,맑음,교차로 - 교차로부근,승용,남,29세,상해없음,자전거,남,62세,경상
2013031500100404,2013년 3월 15일 18시,금요일,부산광역시 강서구 대저1동,중상사고,0,1,0,0,차대차 - 기타,신호위반,건조,맑음,단일로 - 횡단보도상,승용,남,23세,상해없음,자전거,여,38세,중상
2013031500100405,2013년 3월 15일 18시,금요일,부산광역시 사상구 엄궁동,경상사고,0,0,2,0,차대차 - 추돌 - 주정차중,안전운전불이행,건조,맑음,단일로 - 기타,승용,남,58세,상해없음,승용,남,49세,경상
2013031500100431,2013년 3월 15일 19시,금요일,부산광역시 동구 범일동,경상사고,0,0,1,0,차대차 - 기타,안전거리미확보,건조,맑음,단일로 - 기타,승용,남,51세,상해없음,승용,남,64세,상해없음
2013031500100432,2013년 3월 15일 19시,금요일,부산광역시 금정구 노포동,중상사고,0,1,0,0,차대사람 - 기타,안전운전불이행,건조,맑음,단일로 - 기타,승용,남,56세,상해없음,보행자,여,76세,중상
2013031500100469,2013년 3월 15일 20시,금요일,부산광역시 강서구 녹산동,중상사고,0,1,1,0,차대차 - 추돌 - 주정차중,안전운전불이행,건조,맑음,교차로 - 교차로부근,승합,남,62세,상해없음,승용,여,36세,경상
2013031500100470,2013년 3월 15일 20시,금요일,부산광역시 사상구 엄궁동,중상사고,0,1,1,1,차대차 - 측면직각충돌,안전거리미확보,건조,맑음,단일로 - 기타,승용,남,54세,상해없음,승합,남,53세,상해없음
2013031500100513,2013년 3월 15일 21시,금요일,부산광역시 남구 우암동,중상사고,0,2,0,0,차대차 - 측면직각충돌,신호위반,건조,맑음,교차로 - 교차로안,승용,남,61세,상해없음,원동기,남,16세,중상
2013031500100514,2013년 3월 15일 21시,금요일,부산광역시 북구 구포동,경상사고,0,0,2,0,차대차 - 추돌 - 진행중,안전운전불이행,건조,맑음,기타 - 기타,승용,남,39세,상해없음,승합,남,43세,경상
2013031500100515,2013년 3월 15일 21시,금요일,부산광역시 부산진구 부전동,경상사고,0,0,1,0,차대차 - 측면직각충돌,신호위반,건조,맑음,교차로 - 교차로안,승용,남,53세,상해없음,승용,여,58세,경상
2013031500100516,2013년 3월 15일 21시,금요일,부산광역시 사하구 다대동,경상사고,0,0,2,0,차대차 - 측면직각충돌,안전운전불이행,건조,맑음,단일로 - 기타,승용,남,60세,상해없음,자전거,남,11세,경상
2013031500100545,2013년 3월 15일 22시,금요일,부산광역시 남구 대연동,경상사고,0,0,1,0,차대사람 - 기타,안전운전불이행,건조,맑음,단일로 - 기타,승용,남,31세,상해없음,보행자,남,18세,경상
2013031500100582,2013년 3월 15일 23시,금요일,부산광역시 해운대구 우동,경상사고,0,0,1,0,차대차 - 측면직각충돌,안전운전불이행,건조,맑음,교차로 - 교차로안,승합,남,57세,상해없음,승합,남,28세,경상
2013031500100583,2013년 3월 15일 23시,금요일,부산광역시 사하구 괴정동,경상사고,0,0,2,0,차대차 - 측면직각충돌,안전운전불이행,건조,맑음,단일로 - 기타,화물,남,51세,상해없음,승용,남,44세,경상
2013031600100008,2013년 3월 16일 00시,토요일,부산광역시 수영구 민락동,경상사고,0,0,1,0,차대차 - 기타,안전운전불이행,건조,맑음,단일로 - 기타,승용,남,23세,상해없음,승용,남,49세,경상
2013031600100009,2013년 3월 16일 00시,토요일,부산광역시 연제구 연산동,경상사고,0,0,1,0,차대차 - 기타,안전거리미확보,건조,맑음,단일로 - 기타,승용,남,21세,상해없음,승용,남,57세,경상
2013031600100032,2013년 3월 16일 01시,토요일,부산광역시 동구 좌천동,경상사고,0,0,1,0,차대차 - 추돌 - 진행중,신호위반,건조,맑음,교차로 - 교차로안,원동기,남,38세,경상,승용,남,50세,상해없음
2013031600100033,2013년 3월 16일 01시,토요일,부산광역시 부산진구 부암동,경상사고,0,0,1,0,차대차 - 기타,신호위반,건조,맑음,교차로 - 교차로안,승용,남,28세,상해없음,승용,남,54세,상해없음
2013031600100034,2013년 3월 16일 01시,토요일,부산광역시 사하구 신평동,경상사고,0,0,3,0,차대차 - 추돌 - 진행중,안전운전불이행,건조,맑음,단일로 - 횡단보도부근,승용,남,44세,상해없음,승용,남,52세,경상
2013031600100035,2013년 3월 16일 01시,토요일,부산광역시 사상구 감전동,경상사고,0,0,2,0,차대차 - 추돌 - 주정차중,안전운전불이행,건조,맑음,교차로 - 교차로부근,승용,남,29세,상해없음,승용,남,48세,경상
2013031600100053,2013년 3월 16일 02시,토요일,부산광역시 사상구 감전동,경상사고,0,0,1,0,차대차 - 측면직각충돌,신호위반,건조,맑음,단일로 - 횡단보도부근,화물,남,57세,경상,화물,남,54세,상해없음
2013031600100077,2013년 3월 16일 04시,토요일,부산광역시 연제구 연산동,경상사고,0,0,1,0,차대차 - 기타,교차로운행방법위반,건조,맑음,교차로 - 교차로안,승용,남,64세,상해없음,승용,남,71세,경상
2013031600100089,2013년 3월 16일 05시,토요일,부산광역시 기장군 정관면,경상사고,0,0,2,0,차대차 - 측면직각충돌,신호위반,건조,맑음,교차로 - 교차로안,건설기계,남,47세,상해없음,승용,남,29세,경상
2013031600100099,2013년 3월 16일 06시,토요일,부산광역시 수영구 광안동,경상사고,0,0,1,0,차대차 - 기타,중앙선침범,건조,맑음,단일로 - 기타,승용,남,40세,상해없음,승용,남,32세,상해없음
2013031600100100,2013년 3월 16일 06시,토요일,부산광역시 연제구 거제동,경상사고,0,0,1,0,차대차 - 추돌 - 진행중,안전거리미확보,건조,맑음,교차로 - 교차로안,승용,남,60세,상해없음,승용,남,42세,경상
2013031600100101,2013년 3월 16일 06시,토요일,부산광역시 사상구 덕포동,중상사고,0,1,0,0,차대차 - 측면직각충돌,신호위반,건조,맑음,교차로 - 교차로안,승용,남,48세,상해없음,이륜,남,66세,중상
2013031600100112,2013년 3월 16일 07시,토요일,부산광역시 금정구 서동,사망사고,1,0,0,0,차대사람 - 횡단중,보행자보호의무위반,건조,맑음,단일로 - 기타,화물,남,71세,상해없음,보행자,여,69세,사망
2013031600100160,2013년 3월 16일 10시,토요일,부산광역시 사상구 덕포동,중상사고,0,1,1,0,차대차 - 정면충돌,안전운전불이행,건조,맑음,단일로 - 기타,승용,남,46세,상해없음,승용,남,21세,중상
2013031600100177,2013년 3월 16일 11시,토요일,부산광역시 동래구 온천동,경상사고,0,0,1,0,차대차 - 추돌 - 진행중,안전운전불이행,건조,맑음,단일로 - 터널,승용,여,40세,상해없음,승용,남,58세,상해없음
2013031600100178,2013년 3월 16일 11시,토요일,부산광역시 금정구 서동,경상사고,0,0,1,0,차대사람 - 횡단중,안전운전불이행,건조,맑음,단일로 - 기타,승용,남,72세,상해없음,보행자,남,22세,경상
2013031600100179,2013년 3월 16일 11시,토요일,부산광역시 사상구 주례동,경상사고,0,0,1,0,차대차 - 측면직각충돌,안전거리미확보,건조,맑음,단일로 - 기타,승용,남,53세,상해없음,승용,남,23세,상해없음
2013031600100199,2013년 3월 16일 12시,토요일,부산광역시 북구 구포동,중상사고,0,1,0,0,차대차 - 기타,안전운전불이행,건조,맑음,단일로 - 기타,화물,남,57세,상해없음,이륜,남,58세,중상
2013031600100200,2013년 3월 16일 12시,토요일,부산광역시 해운대구 우동,경상사고,0,0,1,0,차대사람 - 기타,안전운전불이행,건조,맑음,교차로 - 교차로안,승용,여,37세,상해없음,보행자,여,43세,경상
2013031600100201,2013년 3월 16일 12시,토요일,부산광역시 기장군 철마면,경상사고,0,0,2,0,차대차 - 측면직각충돌,안전거리미확보,건조,맑음,단일로 - 기타,화물,남,51세,상해없음,승용,남,58세,경상
2013031600100244,2013년 3월 16일 14시,토요일,부산광역시 부산진구 당감동,중상사고,0,1,2,0,차대차 - 기타,안전거리미확보,건조,맑음,단일로 - 기타,승용,남,53세,상해없음,이륜,남,16세,중상
2013031600100273,2013년 3월 16일 15시,토요일,부산광역시 동래구 온천동,경상사고,0,0,1,0,차대차 - 측면직각충돌,신호위반,건조,맑음,교차로 - 교차로안,화물,남,43세,상해없음,원동기,남,23세,경상
2013031600100274,2013년 3월 16일 15시,토요일,부산광역시 사하구 하단동,중상사고,0,1,1,1,차대차 - 추돌 - 진행중,안전거리미확보,건조,맑음,교차로 - 교차로부근,특수,남,39세,상해없음,화물,여,61세,중상
2013031600100298,2013년 3월 16일 16시,토요일,부산광역시 남구 문현동,중상사고,0,1,0,0,차대사람 - 기타,안전운전불이행,건조,맑음,단일로 - 기타,승용,남,42세,상해없음,보행자,여,74세,중상
2013031600100299,2013년 3월 16일 16시,토요일,부산광역시 해운대구 우동,경상사고,0,0,1,0,차대차 - 측면직각충돌,안전운전불이행,건조,맑음,단일로 - 기타,승합,남,52세,상해없음,자전거,남,77세,경상
2013031600100300,2013년 3월 16일 16시,토요일,부산광역시 부산진구 당감동,중상사고,0,1,0,0,차대사람 - 횡단중,보행자보호의무위반,건조,맑음,교차로 - 교차로부근,승용,남,30세,상해없음,보행자,남,68세,중상
2013031600100301,2013년 3월 16일 16시,토요일,부산광역시 사하구 하단동,중상사고,0,1,0,0,차대차 - 측면직각충돌,교차로운행방법위반,건조,맑음,교차로 - 교차로안,승합,남,59세,상해없음,이륜,남,72세,중상
2013031600100338,2013년 3월 16일 17시,토요일,부산광역시 강서구 미음동,중상사고,0,1,1,0,차대차 - 추돌 - 주정차중,안전운전불이행,건조,맑음,교차로 - 교차로부근,화물,남,64세,중상,승용,남,58세,상해없음
2013031600100339,2013년 3월 16일 17시,토요일,부산광역시 강서구 천성동,경상사고,0,0,1,0,차대차 - 추돌 - 진행중,안전운전불이행,건조,맑음,단일로 - 터널,승용,남,35세,상해없음,승용,남,31세,경상
2013031600100378,2013년 3월 16일 18시,토요일,부산광역시 동구 초량동,경상사고,0,0,1,0,차대차 - 측면직각충돌,안전거리미확보,건조,맑음,단일로 - 기타,승합,남,58세,상해없음,승용,남,53세,경상
2013031600100379,2013년 3월 16일 18시,토요일,부산광역시 기장군 기장읍,부상신고사고,0,0,0,1,차량단독 - 전도전복,안전운전불이행,건조,맑음,단일로 - 기타,원동기,남,53세,부상신고,,,,
2013031600100411,2013년 3월 16일 19시,토요일,부산광역시 사상구 모라동,경상사고,0,0,1,0,차대차 - 측면직각충돌,안전운전불이행,건조,맑음,단일로 - 기타,승용,남,45세,상해없음,특수,남,34세,경상
2013031600100451,2013년 3월 16일 20시,토요일,부산광역시 사상구 감전동,중상사고,0,1,5,0,차대차 - 추돌 - 주정차중,안전거리미확보,건조,맑음,교차로 - 교차로부근,승용,남,31세,중상,승용,남,45세,경상
2013031600100452,2013년 3월 16일 20시,토요일,부산광역시 사상구 감전동,중상사고,0,1,1,0,차대차 - 추돌 - 주정차중,안전운전불이행,건조,맑음,교차로 - 교차로부근,승용,남,49세,상해없음,화물,남,49세,경상
2013031600100550,2013년 3월 16일 23시,토요일,부산광역시 남구 대연동,경상사고,0,0,1,0,차대사람 - 길가장자리구역통행중,안전운전불이행,건조,맑음,교차로 - 교차로부근,승용,남,23세,상해없음,보행자,남,31세,경상
2013031600100551,2013년 3월 16일 23시,토요일,부산광역시 영도구 대교동1가,경상사고,0,0,1,0,차대사람 - 차도통행중,안전운전불이행,건조,맑음,단일로 - 기타,승용,여,34세,상해없음,보행자,남,60세,경상
2013031600100552,2013년 3월 16일 23시,토요일,부산광역시 부산진구 범천동,중상사고,0,1,0,0,차대차 - 기타,안전운전불이행,건조,맑음,단일로 - 기타,승용,남,41세,상해없음,이륜,남,17세,중상
2013031600100553,2013년 3월 16일 23시,토요일,부산광역시 부산진구 가야동,경상사고,0,0,1,0,차대차 - 추돌 - 주정차중,안전운전불이행,건조,맑음,단일로 - 기타,승용,남,37세,상해없음,승용,남,54세,경상
2013031600100554,2013년 3월 16일 23시,토요일,부산광역시 강서구 녹산동,부상신고사고,0,0,0,1,차대사람 - 기타,안전운전불이행,건조,맑음,단일로 - 기타,기타불명,기타불명,기타불명,기타불명,보행자,남,50세,부상신고
2013031700100009,2013년 3월 17일 00시,일요일,부산광역시 북구 구포동,중상사고,0,1,0,0,차대사람 - 차도통행중,안전운전불이행,건조,맑음,단일로 - 기타,승용,남,47세,상해없음,보행자,남,61세,중상
2013031700100010,2013년 3월 17일 00시,일요일,부산광역시 부산진구 전포동,중상사고,0,1,0,0,차대사람 - 횡단중,보행자보호의무위반,건조,맑음,단일로 - 횡단보도상,승용,남,29세,상해없음,보행자,여,38세,중상
2013031700100011,2013년 3월 17일 00시,일요일,부산광역시 사하구 당리동,중상사고,0,1,0,0,차대차 - 기타,교차로운행방법위반,건조,맑음,교차로 - 교차로안,승용,남,47세,상해없음,승용,남,50세,상해없음
2013031700100036,2013년 3월 17일 01시,일요일,부산광역시 연제구 거제동,경상사고,0,0,1,0,차대차 - 측면직각충돌,신호위반,건조,맑음,교차로 - 교차로부근,승용,남,54세,상해없음,이륜,남,39세,경상
2013031700100055,2013년 3월 17일 02시,일요일,부산광역시 동래구 복천동,중상사고,0,1,1,0,차대차 - 측면직각충돌,기타,건조,맑음,교차로 - 교차로안,승용,남,55세,상해없음,승용,남,32세,경상
2013031700100128,2013년 3월 17일 08시,일요일,부산광역시 북구 만덕동,경상사고,0,0,1,0,차대차 - 측면직각충돌,안전운전불이행,건조,맑음,단일로 - 기타,승용,남,20세,상해없음,승용,남,56세,상해없음
2013031700100129,2013년 3월 17일 08시,일요일,부산광역시 해운대구 좌동,중상사고,0,1,0,0,차대차 - 측면직각충돌,교차로운행방법위반,건조,맑음,교차로 - 교차로부근,승용,남,73세,상해없음,자전거,남,51세,중상
2013031700100130,2013년 3월 17일 08시,일요일,부산광역시 부산진구 가야동,경상사고,0,0,1,0,차량단독 - 기타,안전운전불이행,건조,맑음,단일로 - 횡단보도부근,승용,남,78세,상해없음,,,,
2013031700100145,2013년 3월 17일 09시,일요일,부산광역시 남구 용호동,경상사고,0,0,2,0,차대차 - 추돌 - 진행중,안전운전불이행,건조,맑음,단일로 - 기타,승용,남,69세,상해없음,승용,남,70세,경상
2013031700100154,2013년 3월 17일 10시,일요일,부산광역시 사하구 감천동,부상신고사고,0,0,0,1,차대사람 - 기타,안전운전불이행,건조,맑음,단일로 - 기타,승용,남,59세,상해없음,보행자,여,16세,부상신고
2013031700100172,2013년 3월 17일 11시,일요일,부산광역시 동구 좌천동,중상사고,0,1,0,0,차대차 - 기타,안전운전불이행,건조,맑음,단일로 - 기타,승합,남,42세,상해없음,자전거,남,57세,중상
2013031700100173,2013년 3월 17일 11시,일요일,부산광역시 동래구 수안동,중상사고,0,1,0,0,차대차 - 추돌 - 진행중,안전운전불이행,건조,맑음,단일로 - 기타,승용,남,52세,상해없음,자전거,남,43세,중상
2013031700100174,2013년 3월 17일 11시,일요일,부산광역시 사하구 장림동,경상사고,0,0,1,0,차대사람 - 기타,안전운전불이행,건조,맑음,단일로 - 기타,승용,여,32세,상해없음,보행자,남,23세,경상
2013031700100189,2013년 3월 17일 12시,일요일,부산광역시 강서구 봉림동,중상사고,0,2,0,0,차량단독 - 공작물충돌,안전운전불이행,건조,맑음,단일로 - 기타,승용,남,20세,중상,,,,
2013031700100211,2013년 3월 17일 13시,일요일,부산광역시 동래구 수안동,경상사고,0,0,1,0,차대사람 - 기타,안전운전불이행,건조,맑음,단일로 - 기타,승용,남,63세,상해없음,보행자,여,62세,경상
2013031700100212,2013년 3월 17일 13시,일요일,부산광역시 사하구 감천동,중상사고,0,3,3,3,차대차 - 추돌 - 주정차중,안전운전불이행,건조,맑음,단일로 - 기타,승용,남,51세,상해없음,화물,남,50세,중상
2013031700100252,2013년 3월 17일 15시,일요일,부산광역시 해운대구 우동,중상사고,0,1,0,0,차대사람 - 횡단중,안전운전불이행,건조,기타,단일로 - 횡단보도부근,승용,여,47세,상해없음,보행자,여,25세,중상
2013031700100276,2013년 3월 17일 16시,일요일,부산광역시 수영구 광안동,경상사고,0,0,1,0,차대사람 - 기타,안전운전불이행,건조,맑음,교차로 - 교차로안,화물,남,46세,상해없음,보행자,남,64세,경상
2013031700100277,2013년 3월 17일 16시,일요일,부산광역시 부산진구 개금동,경상사고,0,0,1,0,차대차 - 기타,안전운전불이행,기타,맑음,단일로 - 기타,승용,남,61세,상해없음,승용,남,55세,경상
2013031700100298,2013년 3월 17일 17시,일요일,부산광역시 해운대구 반여동,경상사고,0,0,2,0,차대차 - 측면직각충돌,교차로운행방법위반,기타,기타,교차로 - 교차로안,승용,남,57세,경상,승용,남,66세,경상
2013031700100299,2013년 3월 17일 17시,일요일,부산광역시 수영구 망미동,경상사고,0,0,2,0,차대차 - 측면직각충돌,신호위반,건조,맑음,교차로 - 교차로안,승용,남,40세,기타불명,승용,남,69세,경상
2013031700100327,2013년 3월 17일 18시,일요일,부산광역시 사상구 모라동,경상사고,0,0,2,0,차대차 - 추돌 - 주정차중,안전운전불이행,습기,비,단일로 - 기타,승용,남,41세,상해없음,화물,남,49세,경상
2013031700100372,2013년 3월 17일 19시,일요일,부산광역시 동구 초량동,중상사고,0,2,0,0,차대사람 - 기타,안전운전불이행,습기,비,단일로 - 기타,승용,남,73세,상해없음,보행자,남,69세,중상
2013031700100373,2013년 3월 17일 19시,일요일,부산광역시 사상구 감전동,중상사고,0,1,3,0,차대차 - 추돌 - 진행중,안전운전불이행,습기,비,단일로 - 기타,승용,남,40세,상해없음,화물,남,53세,경상
2013031700100374,2013년 3월 17일 19시,일요일,부산광역시 사상구 엄궁동,중상사고,0,1,0,0,차대사람 - 횡단중,신호위반,습기,비,교차로 - 교차로안,이륜,남,25세,상해없음,보행자,남,54세,중상
2013031700100425,2013년 3월 17일 20시,일요일,부산광역시 부산진구 전포동,경상사고,0,0,1,0,차대차 - 측면직각충돌,안전운전불이행,습기,비,교차로 - 교차로부근,승용,남,59세,상해없음,승용,남,23세,경상
2013031700100426,2013년 3월 17일 20시,일요일,부산광역시 금정구 남산동,부상신고사고,0,0,0,2,차대차 - 추돌 - 주정차중,안전운전불이행,건조,맑음,단일로 - 기타,승용,남,61세,상해없음,승용,남,35세,부상신고
2013031700100427,2013년 3월 17일 20시,일요일,부산광역시 금정구 구서동,중상사고,0,1,0,0,차대사람 - 횡단중,보행자보호의무위반,건조,맑음,교차로 - 교차로안,승용,남,26세,상해없음,보행자,남,17세,중상
2013031700100428,2013년 3월 17일 20시,일요일,부산광역시 연제구 거제동,중상사고,0,1,0,0,차대사람 - 횡단중,안전운전불이행,건조,맑음,단일로 - 기타,승용,남,54세,상해없음,보행자,여,61세,중상
2013031700100483,2013년 3월 17일 21시,일요일,부산광역시 북구 구포동,경상사고,0,0,2,0,차대차 - 추돌 - 주정차중,안전운전불이행,습기,비,교차로 - 교차로부근,승용,남,43세,상해없음,승용,남,36세,경상
2013031700100484,2013년 3월 17일 21시,일요일,부산광역시 해운대구 반여동,부상신고사고,0,0,0,1,차대차 - 추돌 - 진행중,안전거리미확보,습기,비,단일로 - 기타,화물,남,60세,상해없음,승용,남,32세,상해없음
2013031700100485,2013년 3월 17일 21시,일요일,부산광역시 부산진구 부암동,중상사고,0,1,0,0,차대사람 - 횡단중,신호위반,습기,비,단일로 - 횡단보도상,승용,여,54세,상해없음,보행자,여,75세,중상
2013031700100529,2013년 3월 17일 22시,일요일,부산광역시 사상구 모라동,경상사고,0,0,1,0,차대사람 - 횡단중,신호위반,습기,비,단일로 - 횡단보도상,화물,남,51세,상해없음,보행자,여,35세,경상
2013031700100563,2013년 3월 17일 23시,일요일,부산광역시 수영구 광안동,경상사고,0,0,2,0,차대차 - 추돌 - 주정차중,안전운전불이행,습기,비,교차로 - 교차로부근,승용,남,31세,상해없음,기타불명,기타불명,기타불명,기타불명
2013031700100564,2013년 3월 17일 23시,일요일,부산광역시 부산진구 부암동,경상사고,0,0,1,0,차대차 - 추돌 - 주정차중,안전운전불이행,습기,맑음,단일로 - 기타,승용,남,24세,상해없음,승용,남,64세,경상
2013031800100006,2013년 3월 18일 00시,월요일,부산광역시 부산진구 양정동,중상사고,0,1,1,0,차대차 - 측면직각충돌,교차로운행방법위반,건조,맑음,교차로 - 교차로안,승용,남,18세,상해없음,승용,남,28세,중상
2013031800100007,2013년 3월 18일 00시,월요일,부산광역시 금정구 노포동,경상사고,0,0,2,0,차대차 - 추돌 - 주정차중,안전운전불이행,습기,비,단일로 - 기타,화물,남,30세,상해없음,승합,남,24세,경상
2013031800100008,2013년 3월 18일 00시,월요일,부산광역시 사상구 주례동,경상사고,0,0,1,0,차대차 - 추돌 - 주정차중,안전운전불이행,습기,비,교차로 - 교차로부근,승용,남,58세,상해없음,승용,남,29세,경상
2013031800100035,2013년 3월 18일 01시,월요일,부산광역시 동구 범일동,중상사고,0,1,0,0,차량단독 - 공작물충돌,안전운전불이행,습기,비,교차로 - 교차로부근,승용,남,23세,상해없음,,,,
2013031800100085,2013년 3월 18일 06시,월요일,부산광역시 부산진구 당감동,중상사고,0,1,0,0,차대차 - 추돌 - 진행중,안전거리미확보,습기,비,미분류 - 미분류,승용,남,53세,상해없음,승용,남,55세,중상
2013031800100103,2013년 3월 18일 07시,월요일,부산광역시 북구 덕천동,부상신고사고,0,0,0,1,차대차 - 기타,교차로운행방법위반,습기,비,교차로 - 교차로안,승용,남,37세,상해없음,승용,남,43세,부상신고
2013031800100104,2013년 3월 18일 07시,월요일,부산광역시 해운대구 우동,중상사고,0,3,0,1,차대차 - 측면직각충돌,중앙선침범,습기,흐림,단일로 - 기타,화물,남,49세,부상신고,승용,남,32세,중상
2013031800100105,2013년 3월 18일 07시,월요일,부산광역시 사상구 학장동,경상사고,0,0,3,0,차대차 - 기타,안전운전불이행,습기,비,단일로 - 기타,화물,남,45세,상해없음,승용,남,28세,경상