사고번호,사고일시,요일,시군구,사고내용,사망자수,중상자수,경상자수,부상신고자수,사고유형,법규위반,노면상태,기상상태,도로형태,가해운전자 차종,가해운전자 성별,가해운전자 연령,가해운전자 상해정도,피해운전자 차종,피해운전자 성별,피해운전자 연령,피해운전자 상해정도
2013031800100106,2013년 3월 18일 07시,월요일,부산광역시 강서구 대저1동,중상사고,0,1,3,0,차대차 - 추돌 - 주정차중,안전거리미확보,건조,맑음,단일로 - 기타,승용,남,40세,상해없음,승용,남,38세,중상
2013031800100139,2013년 3월 18일 08시,월요일,부산광역시 북구 구포동,경상사고,0,0,2,0,차대차 - 측면직각충돌,안전운전불이행,건조,맑음,단일로 - 기타,승용,남,31세,경상,승용,남,28세,경상
2013031800100140,2013년 3월 18일 08시,월요일,부산광역시 사상구 모라동,경상사고,0,0,1,0,차대차 - 추돌 - 진행중,안전운전불이행,건조,맑음,단일로 - 기타,승용,남,49세,상해없음,승용,남,40세,경상
2013031800100141,2013년 3월 18일 08시,월요일,부산광역시 기장군 정관면,경상사고,0,0,1,0,차대차 - 측면직각충돌,중앙선침범,습기,비,교차로 - 교차로부근,승용,남,37세,상해없음,승용,여,29세,경상
2013031800100195,2013년 3월 18일 10시,월요일,부산광역시 수영구 민락동,경상사고,0,0,1,0,차대사람 - 기타,안전운전불이행,건조,맑음,단일로 - 기타,승용,여,27세,상해없음,보행자,여,20세,경상
2013031800100244,2013년 3월 18일 12시,월요일,부산광역시 북구 만덕동,경상사고,0,0,1,0,차량단독 - 기타,기타,건조,맑음,단일로 - 기타,승합,남,47세,상해없음,,,,
2013031800100245,2013년 3월 18일 12시,월요일,부산광역시 금정구 장전동,경상사고,0,0,1,0,차대차 - 측면직각충돌,안전운전불이행,건조,맑음,단일로 - 횡단보도상,자전거,남,22세,경상,특수,남,35세,상해없음
2013031800100276,2013년 3월 18일 13시,월요일,부산광역시 해운대구 우동,중상사고,0,1,0,0,차대사람 - 보도통행중,신호위반,건조,맑음,단일로 - 횡단보도상,승용,남,24세,상해없음,보행자,남,24세,중상
2013031800100277,2013년 3월 18일 13시,월요일,부산광역시 부산진구 양정동,중상사고,0,1,0,0,차대차 - 측면직각충돌,신호위반,건조,맑음,교차로 - 교차로부근,승용,여,35세,상해없음,자전거,남,51세,중상
2013031800100278,2013년 3월 18일 13시,월요일,부산광역시 사하구 하단동,중상사고,0,1,0,0,차대차 - 기타,안전거리미확보,건조,흐림,교차로 - 교차로부근,승용,남,53세,상해없음,승용,여,41세,중상
2013031800100303,2013년 3월 18일 14시,월요일,부산광역시 수영구 남천동,경상사고,0,0,1,0,차대차 - 기타,안전운전불이행,건조,맑음,단일로 - 기타,기타불명,기타불명,기타불명,기타불명,자전거,여,25세,경상
2013031800100304,2013년 3월 18일 14시,월요일,부산광역시 동래구 온천동,경상사고,0,0,2,0,차대차 - 측면직각충돌,안전운전불이행,건조,맑음,교차로 - 교차로안,승용,남,67세,상해없음,승용,남,26세,경상
2013031800100305,2013년 3월 18일 14시,월요일,부산광역시 해운대구 좌동,중상사고,0,2,0,0,차대차 - 측면직각충돌,안전거리미확보,건조,맑음,교차로 - 교차로부근,승용,여,42세,중상,승용,여,65세,중상
2013031800100306,2013년 3월 18일 14시,월요일,부산광역시 해운대구 우동,중상사고,0,1,0,0,차대차 - 측면직각충돌,안전운전불이행,건조,기타,교차로 - 교차로안,승용,남,31세,중상,특수,남,52세,상해없음
2013031800100307,2013년 3월 18일 14시,월요일,부산광역시 사하구 감천동,경상사고,0,0,1,0,차대차 - 측면직각충돌,안전운전불이행,건조,맑음,교차로 - 교차로안,화물,남,43세,상해없음,원동기,남,53세,경상
2013031800100366,2013년 3월 18일 16시,월요일,부산광역시 동구 초량동,중상사고,0,1,0,0,차대차 - 기타,안전거리미확보,건조,맑음,단일로 - 기타,화물,남,52세,상해없음,화물,남,67세,중상
2013031800100367,2013년 3월 18일 16시,월요일,부산광역시 사하구 감천동,중상사고,0,1,0,0,차대사람 - 길가장자리구역통행중,안전운전불이행,건조,맑음,교차로 - 교차로부근,승용,남,70세,상해없음,보행자,여,22세,중상
2013031800100368,2013년 3월 18일 16시,월요일,부산광역시 강서구 송정동,경상사고,0,0,4,0,차대차 - 기타,안전운전불이행,건조,맑음,교차로 - 교차로안,승용,남,38세,상해없음,승용,남,44세,경상
2013031800100408,2013년 3월 18일 17시,월요일,부산광역시 수영구 남천동,중상사고,0,3,0,1,차대차 - 정면충돌,중앙선침범,건조,맑음,교차로 - 교차로부근,화물,남,47세,부상신고,승용,여,34세,중상
2013031800100443,2013년 3월 18일 18시,월요일,부산광역시 부산진구 양정동,경상사고,0,0,1,0,차대차 - 추돌 - 주정차중,안전운전불이행,건조,맑음,교차로 - 교차로부근,승용,남,27세,상해없음,승용,남,53세,경상
2013031800100444,2013년 3월 18일 18시,월요일,부산광역시 금정구 구서동,중상사고,0,1,0,0,차대사람 - 횡단중,보행자보호의무위반,건조,맑음,단일로 - 횡단보도상,승용,남,51세,상해없음,보행자,여,15세,중상
2013031800100489,2013년 3월 18일 19시,월요일,부산광역시 연제구 연산동,경상사고,0,0,1,1,차대차 - 기타,교차로운행방법위반,건조,맑음,교차로 - 교차로안,승용,여,29세,상해없음,원동기,남,43세,경상
2013031800100517,2013년 3월 18일 20시,월요일,부산광역시 동래구 안락동,경상사고,0,0,1,0,차대차 - 측면직각충돌,안전거리미확보,건조,맑음,교차로 - 교차로부근,승용,기타불명,기타불명,기타불명,승용,여,41세,경상
2013031800100547,2013년 3월 18일 21시,월요일,부산광역시 해운대구 재송동,중상사고,0,2,0,0,차대차 - 추돌 - 진행중,안전운전불이행,건조,맑음,단일로 - 기타,승용,남,49세,상해없음,승용,남,26세,중상
2013031800100586,2013년 3월 18일 22시,월요일,부산광역시 사하구 장림동,부상신고사고,0,0,0,1,차대사람 - 기타,신호위반,건조,맑음,단일로 - 기타,이륜,남,18세,상해없음,보행자,여,15세,부상신고
2013031900100019,2013년 3월 19일 01시,화요일,부산광역시 사상구 감전동,경상사고,0,0,2,0,차대차 - 추돌 - 진행중,안전운전불이행,건조,맑음,교차로 - 교차로안,승용,여,33세,상해없음,승용,남,39세,경상
2013031900100028,2013년 3월 19일 02시,화요일,부산광역시 동래구 사직동,경상사고,0,0,1,0,차대차 - 추돌 - 주정차중,안전운전불이행,건조,맑음,단일로 - 기타,승용,남,42세,상해없음,승용,남,63세,경상
2013031900100036,2013년 3월 19일 03시,화요일,부산광역시 금정구 금사동,중상사고,0,2,0,0,차대차 - 측면직각충돌,신호위반,건조,맑음,교차로 - 교차로안,승용,남,65세,상해없음,화물,남,47세,중상
2013031900100076,2013년 3월 19일 07시,화요일,부산광역시 강서구 대저1동,중상사고,0,1,0,0,차대차 - 기타,안전운전불이행,건조,맑음,기타 - 기타,승용,여,58세,상해없음,자전거,남,90세,중상
2013031900100108,2013년 3월 19일 08시,화요일,부산광역시 남구 대연동,중상사고,0,1,0,0,차대차 - 측면직각충돌,신호위반,건조,맑음,교차로 - 교차로안,승용,여,55세,상해없음,승용,여,37세,중상
2013031900100109,2013년 3월 19일 08시,화요일,부산광역시 사상구 주례동,중상사고,0,1,0,0,차대차 - 기타,안전운전불이행,건조,맑음,단일로 - 기타,승용,여,42세,상해없음,승용,남,29세,중상
2013031900100160,2013년 3월 19일 10시,화요일,부산광역시 기장군 정관면,중상사고,0,1,0,0,차량단독 - 공작물충돌,안전운전불이행,건조,맑음,단일로 - 기타,화물,남,61세,상해없음,,,,
2013031900100185,2013년 3월 19일 11시,화요일,부산광역시 동구 좌천동,경상사고,0,0,1,0,차대차 - 기타,차로위반,건조,맑음,단일로 - 터널,승용,남,57세,상해없음,승용,여,56세,경상
2013031900100209,2013년 3월 19일 12시,화요일,부산광역시 서구 암남동,중상사고,0,1,1,0,차대차 - 기타,안전거리미확보,건조,맑음,단일로 - 기타,승용,남,26세,상해없음,승용,남,68세,상해없음
2013031900100210,2013년 3월 19일 12시,화요일,부산광역시 남구 문현동,중상사고,0,1,1,0,차대차 - 추돌 - 진행중,안전운전불이행,건조,맑음,단일로 - 기타,승용,여,33세,상해없음,승용,남,57세,경상
2013031900100211,2013년 3월 19일 12시,화요일,부산광역시 북구 구포동,경상사고,0,0,1,0,차대차 - 측면직각충돌,신호위반,건조,맑음,교차로 - 교차로안,승용,남,70세,상해없음,원동기,남,50세,경상
2013031900100212,2013년 3월 19일 12시,화요일,부산광역시 동래구 온천동,중상사고,0,1,0,0,차대차 - 측면직각충돌,신호위반,건조,맑음,교차로 - 교차로안,승합,남,47세,상해없음,원동기,남,35세,중상
2013031900100213,2013년 3월 19일 12시,화요일,부산광역시 부산진구 개금동,부상신고사고,0,0,0,1,차대차 - 측면직각충돌,신호위반,건조,맑음,교차로 - 교차로안,이륜,남,47세,부상신고,승용,남,55세,상해없음
2013031900100240,2013년 3월 19일 13시,화요일,부산광역시 중구 중앙동2가,사망사고,1,0,0,0,차대차 - 측면직각충돌,신호위반,건조,맑음,교차로 - 교차로안,원동기,남,60세,사망,승용,남,28세,상해없음
2013031900100241,2013년 3월 19일 13시,화요일,부산광역시 사하구 괴정동,경상사고,0,0,1,0,차대사람 - 횡단중,안전운전불이행,건조,맑음,교차로 - 교차로부근,화물,기타불명,기타불명,기타불명,보행자,남,58세,경상
2013031900100257,2013년 3월 19일 14시,화요일,부산광역시 동구 범일동,중상사고,0,1,0,0,차대차 - 기타,신호위반,건조,맑음,교차로 - 교차로부근,승용,여,42세,상해없음,자전거,남,81세,중상
2013031900100258,2013년 3월 19일 14시,화요일,부산광역시 동구 초량동,중상사고,0,1,0,0,차대차 - 기타,중앙선침범,건조,맑음,단일로 - 기타,화물,남,53세,상해없음,승용,여,46세,상해없음
2013031900100259,2013년 3월 19일 14시,화요일,부산광역시 동래구 온천동,중상사고,0,1,0,0,차대사람 - 기타,안전운전불이행,건조,맑음,단일로 - 기타,승용,여,44세,상해없음,보행자,남,64세,중상
2013031900100260,2013년 3월 19일 14시,화요일,부산광역시 연제구 연산동,중상사고,0,1,0,0,차대차 - 추돌 - 진행중,안전운전불이행,건조,맑음,교차로 - 교차로부근,승용,남,39세,상해없음,승용,여,37세,중상
2013031900100280,2013년 3월 19일 15시,화요일,부산광역시 남구 대연동,경상사고,0,0,1,0,차대사람 - 기타,안전운전불이행,건조,맑음,단일로 - 기타,승용,여,27세,상해없음,보행자,여,42세,경상
2013031900100303,2013년 3월 19일 16시,화요일,부산광역시 북구 만덕동,경상사고,0,0,1,0,차대사람 - 기타,안전운전불이행,건조,맑음,단일로 - 기타,승용,여,39세,상해없음,보행자,남,14세,경상
2013031900100321,2013년 3월 19일 17시,화요일,부산광역시 금정구 남산동,중상사고,0,1,0,0,차대사람 - 횡단중,안전운전불이행,건조,맑음,단일로 - 횡단보도상,승용,여,58세,상해없음,보행자,남,13세,중상
2013031900100322,2013년 3월 19일 17시,화요일,부산광역시 강서구 녹산동,중상사고,0,1,0,0,차대차 - 측면직각충돌,안전운전불이행,건조,맑음,교차로 - 교차로안,화물,남,56세,상해없음,이륜,남,35세,중상
2013031900100323,2013년 3월 19일 17시,화요일,부산광역시 사상구 덕포동,경상사고,0,0,2,0,차대차 - 기타,기타,건조,맑음,단일로 - 기타,승용,남,39세,경상,화물,남,42세,경상
2013031900100324,2013년 3월 19일 17시,화요일,부산광역시 기장군 기장읍,중상사고,0,1,0,0,차대사람 - 횡단중,안전운전불이행,건조,맑음,단일로 - 기타,화물,남,40세,상해없음,보행자,남,57세,중상
2013031900100355,2013년 3월 19일 18시,화요일,부산광역시 사하구 당리동,경상사고,0,0,1,0,차대차 - 추돌 - 주정차중,안전거리미확보,건조,맑음,단일로 - 기타,승용,남,49세,상해없음,승용,남,59세,경상
2013031900100356,2013년 3월 19일 18시,화요일,부산광역시 연제구 연산동,중상사고,0,2,0,0,차대차 - 측면직각충돌,안전거리미확보,건조,맑음,단일로 - 기타,승용,여,38세,중상,승용,남,49세,중상
2013031900100383,2013년 3월 19일 19시,화요일,부산광역시 북구 구포동,중상사고,0,1,0,0,차대사람 - 기타,기타,건조,맑음,단일로 - 기타,승합,남,46세,상해없음,보행자,남,20세,중상
2013031900100415,2013년 3월 19일 20시,화요일,부산광역시 서구 암남동,중상사고,0,1,0,0,차대사람 - 횡단중,안전운전불이행,건조,맑음,교차로 - 교차로안,화물,남,56세,상해없음,보행자,여,45세,중상
2013031900100416,2013년 3월 19일 20시,화요일,부산광역시 동래구 수안동,경상사고,0,0,1,0,차대사람 - 횡단중,안전운전불이행,건조,맑음,단일로 - 기타,이륜,남,17세,상해없음,보행자,남,44세,경상
2013031900100417,2013년 3월 19일 20시,화요일,부산광역시 사하구 다대동,사망사고,1,0,0,0,차대차 - 정면충돌,중앙선침범,건조,맑음,단일로 - 기타,자전거,남,15세,사망,승용,남,29세,상해없음
2013031900100418,2013년 3월 19일 20시,화요일,부산광역시 기장군 기장읍,경상사고,0,0,1,0,차대차 - 추돌 - 진행중,안전운전불이행,건조,맑음,단일로 - 기타,화물,남,45세,상해없음,원동기,남,16세,경상
2013031900100443,2013년 3월 19일 21시,화요일,부산광역시 남구 대연동,경상사고,0,0,1,0,차대차 - 추돌 - 주정차중,안전거리미확보,건조,맑음,단일로 - 횡단보도부근,승용,남,54세,상해없음,승용,남,38세,경상
2013031900100496,2013년 3월 19일 23시,화요일,부산광역시 해운대구 반송동,경상사고,0,0,1,0,차량단독 - 기타,안전운전불이행,건조,맑음,단일로 - 기타,승용,남,67세,상해없음,,,,
2013031900100497,2013년 3월 19일 23시,화요일,부산광역시 부산진구 부전동,부상신고사고,0,0,0,1,차대차 - 측면직각충돌,안전운전불이행,건조,맑음,교차로 - 교차로안,이륜,남,48세,부상신고,승용,남,58세,상해없음
2013031900100498,2013년 3월 19일 23시,화요일,부산광역시 금정구 장전동,중상사고,0,1,0,0,차대차 - 추돌 - 진행중,안전운전불이행,건조,맑음,교차로 - 교차로안,승용,여,52세,상해없음,원동기,남,25세,중상
2013032000100005,2013년 3월 20일 00시,수요일,부산광역시 사하구 괴정동,경상사고,0,0,2,0,차대차 - 기타,안전거리미확보,건조,맑음,단일로 - 기타,승용,남,35세,상해없음,승용,남,30세,경상
2013032000100037,2013년 3월 20일 02시,수요일,부산광역시 해운대구 우동,중상사고,0,2,1,0,차대차 - 추돌 - 주정차중,안전운전불이행,건조,맑음,교차로 - 교차로부근,승용,남,28세,상해없음,승용,남,60세,중상
2013032000100038,2013년 3월 20일 02시,수요일,부산광역시 부산진구 양정동,중상사고,0,1,0,0,차대차 - 기타,신호위반,기타,맑음,교차로 - 교차로안,건설기계,남,54세,상해없음,이륜,남,26세,중상
2013032000100039,2013년 3월 20일 02시,수요일,부산광역시 수영구 망미동,경상사고,0,0,1,0,차대사람 - 기타,안전운전불이행,건조,맑음,단일로 - 기타,승용,기타불명,기타불명,기타불명,보행자,남,22세,경상
2013032000100064,2013년 3월 20일 04시,수요일,부산광역시 서구 동대신동1가,중상사고,0,4,1,0,차대차 - 측면직각충돌,신호위반,건조,맑음,교차로 - 교차로안,승용,남,59세,상해없음,승용,남,60세,경상
2013032000100065,2013년 3월 20일 04시,수요일,부산광역시 금정구 구서동,경상사고,0,0,2,0,차대차 - 추돌 - 진행중,안전운전불이행,건조,흐림,교차로 - 교차로부근,승용,남,68세,상해없음,승용,남,65세,경상
2013032000100084,2013년 3월 20일 06시,수요일,부산광역시 동래구 명륜동,경상사고,0,0,1,0,차량단독 - 기타,안전운전불이행,건조,맑음,단일로 - 기타,승합,남,48세,상해없음,,,,
2013032000100101,2013년 3월 20일 07시,수요일,부산광역시 북구 화명동,중상사고,0,1,0,0,차대차 - 추돌 - 진행중,안전운전불이행,습기,비,단일로 - 기타,승합,남,57세,상해없음,승용,여,37세,중상
2013032000100102,2013년 3월 20일 07시,수요일,부산광역시 사상구 주례동,경상사고,0,0,1,0,차대차 - 추돌 - 진행중,안전거리미확보,습기,비,단일로 - 기타,승용,남,21세,기타불명,승용,남,38세,경상
2013032000100129,2013년 3월 20일 08시,수요일,부산광역시 해운대구 반송동,부상신고사고,0,0,0,1,차량단독 - 기타,안전운전불이행,건조,맑음,교차로 - 교차로부근,승합,남,61세,상해없음,,,,
2013032000100130,2013년 3월 20일 08시,수요일,부산광역시 부산진구 전포동,경상사고,0,0,1,0,차대차 - 추돌 - 진행중,안전운전불이행,건조,맑음,단일로 - 기타,승용,남,61세,상해없음,승용,남,59세,경상
2013032000100131,2013년 3월 20일 08시,수요일,부산광역시 사상구 감전동,중상사고,0,1,0,0,차대차 - 추돌 - 주정차중,안전거리미확보,건조,흐림,단일로 - 횡단보도부근,승용,남,32세,상해없음,승용,남,31세,중상
2013032000100132,2013년 3월 20일 08시,수요일,부산광역시 사상구 엄궁동,경상사고,0,0,2,0,차대차 - 기타,교차로운행방법위반,습기,비,교차로 - 교차로안,승용,남,42세,경상,승용,남,42세,경상
2013032000100166,2013년 3월 20일 09시,수요일,부산광역시 해운대구 재송동,중상사고,0,1,0,0,차대차 - 측면직각충돌,안전거리미확보,기타,맑음,단일로 - 기타,승용,남,62세,상해없음,이륜,남,24세,중상
2013032000100168,2013년 3월 20일 09시,수요일,부산광역시 사상구 덕포동,중상사고,0,1,0,0,차대사람 - 기타,안전운전불이행,건조,맑음,단일로 - 기타,화물,남,51세,상해없음,보행자,남,58세,중상
2013032000100194,2013년 3월 20일 10시,수요일,부산광역시 중구 중앙동3가,경상사고,0,0,1,0,차대사람 - 기타,안전운전불이행,건조,맑음,기타 - 기타,승용,남,63세,상해없음,보행자,여,71세,경상
2013032000100195,2013년 3월 20일 10시,수요일,부산광역시 사상구 덕포동,경상사고,0,0,2,0,차대차 - 추돌 - 주정차중,안전운전불이행,건조,맑음,교차로 - 교차로부근,화물,남,49세,상해없음,승용,남,24세,경상
2013032000100217,2013년 3월 20일 11시,수요일,부산광역시 동구 좌천동,경상사고,0,0,1,0,차대차 - 기타,안전거리미확보,건조,맑음,단일로 - 기타,승용,여,50세,상해없음,화물,남,29세,경상
2013032000100218,2013년 3월 20일 11시,수요일,부산광역시 부산진구 부암동,중상사고,0,1,0,0,차대차 - 측면직각충돌,신호위반,건조,맑음,교차로 - 교차로안,승합,남,54세,상해없음,승용,남,75세,중상
2013032000100238,2013년 3월 20일 12시,수요일,부산광역시 영도구 봉래동1가,경상사고,0,0,1,0,차대차 - 측면직각충돌,안전거리미확보,건조,맑음,단일로 - 기타,화물,여,57세,상해없음,이륜,남,50세,경상
2013032000100262,2013년 3월 20일 13시,수요일,부산광역시 사하구 하단동,경상사고,0,0,1,0,차대사람 - 길가장자리구역통행중,안전운전불이행,건조,맑음,교차로 - 교차로부근,승용,여,54세,상해없음,보행자,여,47세,경상
2013032000100315,2013년 3월 20일 15시,수요일,부산광역시 부산진구 부전동,경상사고,0,0,1,0,차대사람 - 기타,보행자보호의무위반,건조,맑음,교차로 - 교차로부근,승용,여,57세,상해없음,보행자,여,60세,경상
2013032000100354,2013년 3월 20일 16시,수요일,부산광역시 부산진구 부전동,경상사고,0,0,1,0,차대사람 - 기타,안전운전불이행,건조,맑음,단일로 - 기타,원동기,남,16세,상해없음,보행자,여,22세,경상
2013032000100378,2013년 3월 20일 17시,수요일,부산광역시 서구 동대신동3가,중상사고,0,1,0,0,차대사람 - 기타,안전운전불이행,건조,맑음,단일로 - 기타,승용,여,31세,상해없음,보행자,여,53세,중상
2013032000100379,2013년 3월 20일 17시,수요일,부산광역시 부산진구 개금동,중상사고,0,4,1,0,차대차 - 측면직각충돌,신호위반,건조,맑음,교차로 - 교차로안,승용,여,60세,중상,승용,남,63세,경상
2013032000100380,2013년 3월 20일 17시,수요일,부산광역시 부산진구 부전동,경상사고,0,0,1,0,차대사람 - 기타,안전운전불이행,건조,맑음,단일로 - 기타,승용,여,55세,상해없음,보행자,남,66세,경상
2013032000100381,2013년 3월 20일 17시,수요일,부산광역시 기장군 일광면,경상사고,0,0,1,0,차량단독 - 공작물충돌,안전운전불이행,건조,맑음,단일로 - 기타,화물,남,47세,상해없음,,,,
2013032000100407,2013년 3월 20일 18시,수요일,부산광역시 영도구 청학동,중상사고,0,2,0,0,차대차 - 측면직각충돌,신호위반,건조,맑음,단일로 - 기타,승용,남,50세,상해없음,이륜,남,58세,중상
2013032000100440,2013년 3월 20일 19시,수요일,부산광역시 동구 초량동,경상사고,0,0,1,0,차대사람 - 횡단중,신호위반,건조,맑음,교차로 - 교차로부근,승용,남,75세,상해없음,보행자,여,68세,경상
2013032000100474,2013년 3월 20일 20시,수요일,부산광역시 남구 대연동,경상사고,0,0,1,0,차대차 - 추돌 - 진행중,안전운전불이행,건조,맑음,교차로 - 교차로안,승용,여,47세,상해없음,승용,남,47세,경상
2013032000100475,2013년 3월 20일 20시,수요일,부산광역시 수영구 광안동,중상사고,0,1,0,0,차대사람 - 횡단중,신호위반,건조,맑음,단일로 - 횡단보도상,이륜,남,28세,상해없음,보행자,여,33세,중상
2013032000100476,2013년 3월 20일 20시,수요일,부산광역시 사하구 장림동,경상사고,0,0,1,0,차대사람 - 길가장자리구역통행중,안전운전불이행,건조,맑음,단일로 - 기타,승용,남,46세,상해없음,보행자,여,47세,경상
2013032000100514,2013년 3월 20일 21시,수요일,부산광역시 부산진구 부전동,경상사고,0,0,1,0,차대차 - 기타,안전운전불이행,건조,맑음,단일로 - 기타,승용,남,29세,상해없음,원동기,남,29세,경상
2013032000100515,2013년 3월 20일 21시,수요일,부산광역시 사상구 모라동,부상신고사고,0,0,0,6,차대차 - 추돌 - 진행중,신호위반,건조,맑음,교차로 - 교차로안,승용,남,47세,상해없음,승합,남,55세,부상신고
2013032000100543,2013년 3월 20일 22시,수요일,부산광역시 사하구 하단동,중상사고,0,1,0,0,차대사람 - 기타,안전운전불이행,건조,맑음,교차로 - 교차로부근,화물,남,48세,상해없음,보행자,남,43세,중상
2013032000100568,2013년 3월 20일 23시,수요일,부산광역시 사하구 다대동,경상사고,0,0,1,0,차대차 - 추돌 - 주정차중,안전운전불이행,건조,맑음,단일로 - 기타,승용,남,55세,상해없음,승용,남,38세,경상
2013032100100006,2013년 3월 21일 00시,목요일,부산광역시 동래구 사직동,경상사고,0,0,3,0,차대차 - 추돌 - 주정차중,안전운전불이행,건조,맑음,교차로 - 교차로부근,승용,남,37세,상해없음,승용,남,52세,경상
2013032100100007,2013년 3월 21일 00시,목요일,부산광역시 사상구 감전동,중상사고,0,1,0,0,차대차 - 측면직각충돌,안전거리미확보,건조,맑음,단일로 - 기타,승용,남,29세,상해없음,승용,남,21세,중상
2013032100100028,2013년 3월 21일 01시,목요일,부산광역시 사하구 신평동,중상사고,0,1,3,0,차대차 - 추돌 - 주정차중,안전운전불이행,건조,맑음,교차로 - 교차로부근,승용,남,48세,상해없음,승용,남,44세,중상
2013032100100066,2013년 3월 21일 05시,목요일,부산광역시 강서구 명지동,경상사고,0,0,1,0,차대차 - 추돌 - 진행중,차로위반,건조,맑음,교차로 - 교차로부근,승용,남,27세,상해없음,화물,남,73세,경상
2013032100100080,2013년 3월 21일 06시,목요일,부산광역시 북구 금곡동,중상사고,0,1,0,0,차대차 - 측면직각충돌,신호위반,건조,맑음,교차로 - 교차로안,승용,남,37세,상해없음,승용,남,52세,중상
2013032100100081,2013년 3월 21일 06시,목요일,부산광역시 해운대구 석대동,중상사고,0,1,0,0,차대차 - 측면직각충돌,신호위반,건조,맑음,교차로 - 교차로안,승용,남,36세,상해없음,승용,여,49세,중상
2013032100100082,2013년 3월 21일 06시,목요일,부산광역시 기장군 정관면,사망사고,1,0,0,0,차량단독 - 공작물충돌,안전운전불이행,결빙,맑음,단일로 - 기타,승용,여,45세,사망,,,,
2013032100100091,2013년 3월 21일 07시,목요일,부산광역시 북구 덕천동,경상사고,0,0,2,0,차대차 - 측면직각충돌,안전운전불이행,건조,맑음,단일로 - 기타,승용,남,40세,상해없음,승용,남,56세,경상
2013032100100092,2013년 3월 21일 07시,목요일,부산광역시 동래구 안락동,중상사고,0,2,0,0,차대차 - 측면직각충돌,안전운전불이행,건조,맑음,교차로 - 교차로안,승용,남,47세,상해없음,승용,남,66세,중상
2013032100100093,2013년 3월 21일 07시,목요일,부산광역시 해운대구 우동,중상사고,0,4,0,0,차대차 - 측면직각충돌,신호위반,건조,맑음,교차로 - 교차로안,승용,남,72세,상해없음,승용,남,35세,중상
2013032100100127,2013년 3월 21일 08시,목요일,부산광역시 북구 구포동,중상사고,0,1,0,0,차대차 - 기타,안전운전불이행,건조,맑음,단일로 - 기타,승용,남,57세,상해없음,이륜,남,35세,중상
2013032100100174,2013년 3월 21일 09시,목요일,부산광역시 연제구 거제동,경상사고,0,0,1,0,차대사람 - 횡단중,안전운전불이행,건조,맑음,단일로 - 횡단보도상,승용,남,59세,상해없음,보행자,여,53세,경상
2013032100100215,2013년 3월 21일 10시,목요일,부산광역시 중구 영주동,중상사고,0,1,0,0,차대차 - 측면직각충돌,신호위반,건조,맑음,교차로 - 교차로안,승용,남,61세,상해없음,이륜,남,46세,중상
2013032100100237,2013년 3월 21일 11시,목요일,부산광역시 동래구 안락동,중상사고,0,1,1,0,차대차 - 추돌 - 진행중,안전운전불이행,건조,맑음,단일로 - 기타,화물,여,37세,상해없음,승합,남,67세,경상
2013032100100238,2013년 3월 21일 11시,목요일,부산광역시 금정구 부곡동,경상사고,0,0,1,0,차대차 - 측면직각충돌,신호위반,건조,맑음,교차로 - 교차로안,승용,남,30세,상해없음,이륜,남,52세,경상
2013032100100254,2013년 3월 21일 12시,목요일,부산광역시 사하구 하단동,경상사고,0,0,1,0,차대차 - 측면직각충돌,신호위반,건조,맑음,교차로 - 교차로부근,화물,남,44세,상해없음,원동기,남,53세,경상
2013032100100280,2013년 3월 21일 13시,목요일,부산광역시 동래구 명장동,경상사고,0,0,1,0,차대차 - 측면직각충돌,안전운전불이행,건조,맑음,단일로 - 기타,화물,남,59세,상해없음,승용,남,60세,경상
2013032100100281,2013년 3월 21일 13시,목요일,부산광역시 해운대구 재송동,경상사고,0,0,1,0,차대사람 - 횡단중,안전운전불이행,건조,맑음,단일로 - 기타,승용,여,41세,상해없음,보행자,여,45세,경상
2013032100100282,2013년 3월 21일 13시,목요일,부산광역시 부산진구 개금동,경상사고,0,0,1,0,차대차 - 측면직각충돌,안전거리미확보,건조,맑음,단일로 - 기타,승용,여,46세,경상,승용,남,81세,상해없음
2013032100100300,2013년 3월 21일 14시,목요일,부산광역시 수영구 망미동,경상사고,0,0,1,0,차대차 - 측면직각충돌,안전운전불이행,건조,맑음,단일로 - 기타,화물,남,58세,상해없음,승용,여,66세,경상
2013032100100323,2013년 3월 21일 15시,목요일,부산광역시 남구 용호동,경상사고,0,0,1,0,차량단독 - 기타,안전운전불이행,건조,맑음,기타 - 기타,승합,남,60세,상해없음,,,,
2013032100100324,2013년 3월 21일 15시,목요일,부산광역시 부산진구 범천동,경상사고,0,0,1,0,차대사람 - 기타,안전운전불이행,건조,맑음,단일로 - 기타,승용,남,45세,상해없음,보행자,남,43세,경상
2013032100100350,2013년 3월 21일 16시,목요일,부산광역시 사하구 하단동,경상사고,0,0,1,0,차대차 - 기타,안전운전불이행,건조,맑음,단일로 - 기타,승용,여,45세,상해없음,승합,여,26세,경상
2013032100100351,2013년 3월 21일 16시,목요일,부산광역시 연제구 연산동,중상사고,0,1,0,0,차대사람 - 보도통행중,보행자보호의무위반,건조,맑음,단일로 - 횡단보도상,승용,남,57세,상해없음,보행자,남,37세,중상