사고번호,사고일시,요일,시군구,사고내용,사망자수,중상자수,경상자수,부상신고자수,사고유형,법규위반,노면상태,기상상태,도로형태,가해운전자 차종,가해운전자 성별,가해운전자 연령,가해운전자 상해정도,피해운전자 차종,피해운전자 성별,피해운전자 연령,피해운전자 상해정도
2013032100100352,2013년 3월 21일 16시,목요일,부산광역시 수영구 수영동,중상사고,0,1,0,0,차대사람 - 기타,보행자보호의무위반,건조,맑음,단일로 - 횡단보도상,승용,남,33세,상해없음,보행자,남,13세,중상
2013032100100381,2013년 3월 21일 17시,목요일,부산광역시 부산진구 개금동,경상사고,0,0,1,0,차대사람 - 기타,안전운전불이행,건조,맑음,단일로 - 기타,승용,남,71세,기타불명,보행자,남,7세,경상
2013032100100449,2013년 3월 21일 19시,목요일,부산광역시 동래구 온천동,경상사고,0,0,1,0,차대차 - 측면직각충돌,교차로운행방법위반,건조,맑음,교차로 - 교차로안,승용,남,44세,상해없음,승용,여,58세,경상
2013032100100450,2013년 3월 21일 19시,목요일,부산광역시 부산진구 양정동,경상사고,0,0,1,0,차대차 - 기타,교차로운행방법위반,건조,맑음,교차로 - 교차로안,승용,여,58세,상해없음,승용,남,54세,경상
2013032100100451,2013년 3월 21일 19시,목요일,부산광역시 사하구 괴정동,경상사고,0,0,1,0,차대사람 - 길가장자리구역통행중,안전운전불이행,건조,맑음,단일로 - 기타,승용,여,47세,상해없음,보행자,남,67세,경상
2013032100100452,2013년 3월 21일 19시,목요일,부산광역시 연제구 거제동,부상신고사고,0,0,0,1,차량단독 - 전도전복,안전운전불이행,건조,흐림,단일로 - 기타,이륜,남,58세,부상신고,,,,
2013032100100491,2013년 3월 21일 20시,목요일,부산광역시 강서구 식만동,사망사고,1,0,0,0,차대사람 - 기타,과속,건조,맑음,단일로 - 기타,승용,남,59세,상해없음,보행자,여,77세,사망
2013032100100524,2013년 3월 21일 21시,목요일,부산광역시 금정구 부곡동,부상신고사고,0,0,0,1,차대차 - 측면직각충돌,직진우회전진행방해,건조,맑음,교차로 - 교차로안,자전거,남,26세,부상신고,승용,남,56세,상해없음
2013032100100586,2013년 3월 21일 23시,목요일,부산광역시 해운대구 우동,경상사고,0,0,1,0,차대차 - 추돌 - 진행중,안전운전불이행,건조,맑음,단일로 - 터널,승용,남,38세,상해없음,승용,남,39세,경상
2013032100100587,2013년 3월 21일 23시,목요일,부산광역시 사상구 괘법동,중상사고,0,1,0,0,차대차 - 기타,안전거리미확보,건조,맑음,단일로 - 기타,승용,남,65세,상해없음,승용,남,50세,상해없음
2013032200100023,2013년 3월 22일 01시,금요일,부산광역시 북구 만덕동,경상사고,0,0,2,0,차대차 - 추돌 - 주정차중,안전운전불이행,건조,맑음,단일로 - 기타,승용,여,24세,상해없음,승용,남,34세,상해없음
2013032200100048,2013년 3월 22일 02시,금요일,부산광역시 남구 대연동,경상사고,0,0,2,0,차대사람 - 길가장자리구역통행중,안전운전불이행,건조,맑음,단일로 - 기타,승용,남,25세,상해없음,보행자,남,17세,경상
2013032200100049,2013년 3월 22일 02시,금요일,부산광역시 금정구 서동,중상사고,0,1,0,0,차대사람 - 기타,안전운전불이행,건조,맑음,교차로 - 교차로부근,승합,남,49세,상해없음,보행자,남,45세,중상
2013032200100060,2013년 3월 22일 03시,금요일,부산광역시 수영구 광안동,경상사고,0,0,2,0,차대차 - 측면직각충돌,교차로운행방법위반,건조,맑음,교차로 - 교차로안,승용,남,28세,상해없음,승용,남,49세,경상
2013032200100061,2013년 3월 22일 03시,금요일,부산광역시 부산진구 양정동,경상사고,0,0,1,0,차대차 - 기타,신호위반,건조,맑음,교차로 - 교차로안,승용,남,19세,상해없음,승용,남,26세,경상
2013032200100062,2013년 3월 22일 03시,금요일,부산광역시 부산진구 부전동,경상사고,0,0,1,0,차대사람 - 횡단중,안전운전불이행,건조,맑음,단일로 - 횡단보도부근,승용,남,61세,상해없음,보행자,남,20세,경상
2013032200100063,2013년 3월 22일 03시,금요일,부산광역시 금정구 부곡동,경상사고,0,0,1,1,차대차 - 측면직각충돌,교차로운행방법위반,건조,맑음,교차로 - 교차로안,승용,남,25세,부상신고,승용,남,38세,경상
2013032200100081,2013년 3월 22일 05시,금요일,부산광역시 동래구 명장동,중상사고,0,1,0,0,차대사람 - 횡단중,안전운전불이행,건조,맑음,교차로 - 교차로안,화물,남,39세,상해없음,보행자,여,62세,중상
2013032200100131,2013년 3월 22일 08시,금요일,부산광역시 수영구 민락동,중상사고,0,1,0,0,차대차 - 측면직각충돌,안전운전불이행,건조,맑음,교차로 - 교차로안,자전거,남,69세,중상,승용,남,65세,상해없음
2013032200100132,2013년 3월 22일 08시,금요일,부산광역시 강서구 녹산동,경상사고,0,0,1,0,차대차 - 기타,안전거리미확보,건조,맑음,교차로 - 교차로부근,건설기계,남,58세,상해없음,승용,남,53세,경상
2013032200100175,2013년 3월 22일 09시,금요일,부산광역시 남구 대연동,경상사고,0,0,1,0,차대사람 - 보도통행중,신호위반,건조,맑음,교차로 - 교차로부근,승합,남,54세,상해없음,보행자,남,24세,경상
2013032200100176,2013년 3월 22일 09시,금요일,부산광역시 부산진구 양정동,중상사고,0,1,0,0,차대사람 - 길가장자리구역통행중,안전운전불이행,건조,맑음,교차로 - 교차로안,승합,남,46세,상해없음,보행자,여,58세,중상
2013032200100200,2013년 3월 22일 10시,금요일,부산광역시 중구 부평동2가,중상사고,0,1,0,0,차대사람 - 횡단중,안전운전불이행,건조,맑음,단일로 - 횡단보도부근,승용,남,78세,상해없음,보행자,여,66세,중상
2013032200100201,2013년 3월 22일 10시,금요일,부산광역시 부산진구 범천동,중상사고,0,1,0,0,차대차 - 측면직각충돌,교차로운행방법위반,건조,맑음,교차로 - 교차로안,이륜,남,63세,상해없음,승용,남,34세,상해없음
2013032200100202,2013년 3월 22일 10시,금요일,부산광역시 연제구 연산동,경상사고,0,0,3,0,차대차 - 기타,교차로운행방법위반,건조,맑음,교차로 - 교차로안,승용,남,35세,상해없음,승용,여,58세,경상
2013032200100203,2013년 3월 22일 10시,금요일,부산광역시 사상구 덕포동,경상사고,0,0,1,0,차대차 - 기타,교차로운행방법위반,건조,맑음,단일로 - 기타,승용,남,50세,상해없음,원동기,남,22세,경상
2013032200100204,2013년 3월 22일 10시,금요일,부산광역시 기장군 정관면,경상사고,0,0,8,19,차대차 - 측면직각충돌,안전거리미확보,건조,맑음,단일로 - 기타,화물,남,41세,상해없음,승합,남,55세,경상
2013032200100265,2013년 3월 22일 13시,금요일,부산광역시 금정구 서동,경상사고,0,0,1,0,차대차 - 기타,안전거리미확보,건조,맑음,교차로 - 교차로안,승용,남,46세,상해없음,원동기,남,58세,경상
2013032200100310,2013년 3월 22일 15시,금요일,부산광역시 부산진구 전포동,중상사고,0,1,0,0,차대차 - 기타,안전운전불이행,건조,맑음,단일로 - 기타,특수,남,58세,상해없음,승용,여,48세,중상
2013032200100336,2013년 3월 22일 16시,금요일,부산광역시 연제구 거제동,경상사고,0,0,3,0,차대차 - 측면직각충돌,안전거리미확보,건조,맑음,단일로 - 기타,이륜,남,16세,경상,승용,여,24세,경상
2013032200100337,2013년 3월 22일 16시,금요일,부산광역시 기장군 장안읍,중상사고,0,1,0,0,차대사람 - 길가장자리구역통행중,안전운전불이행,건조,맑음,단일로 - 기타,승용,남,41세,상해없음,보행자,여,51세,중상
2013032200100370,2013년 3월 22일 17시,금요일,부산광역시 남구 문현동,부상신고사고,0,0,0,1,차대사람 - 횡단중,안전운전불이행,건조,맑음,교차로 - 교차로부근,승용,남,70세,상해없음,보행자,남,9세,부상신고
2013032200100371,2013년 3월 22일 17시,금요일,부산광역시 북구 구포동,경상사고,0,0,1,0,차대차 - 추돌 - 진행중,안전운전불이행,건조,맑음,단일로 - 기타,화물,남,39세,상해없음,승용,남,41세,경상
2013032200100372,2013년 3월 22일 17시,금요일,부산광역시 금정구 두구동,경상사고,0,0,1,0,차대차 - 추돌 - 주정차중,안전거리미확보,건조,맑음,단일로 - 기타,승용,남,25세,상해없음,승용,여,42세,경상
2013032200100403,2013년 3월 22일 18시,금요일,부산광역시 동구 초량동,경상사고,0,0,1,0,차량단독 - 기타,기타,건조,맑음,단일로 - 기타,승합,남,55세,상해없음,,,,
2013032200100404,2013년 3월 22일 18시,금요일,부산광역시 남구 대연동,경상사고,0,0,2,0,차대차 - 추돌 - 주정차중,불법유턴,건조,맑음,교차로 - 교차로안,승용,남,51세,상해없음,승용,남,26세,경상
2013032200100405,2013년 3월 22일 18시,금요일,부산광역시 사하구 다대동,경상사고,0,0,1,0,차대차 - 측면직각충돌,안전운전불이행,건조,맑음,단일로 - 기타,승용,남,47세,경상,승용,여,36세,상해없음
2013032200100444,2013년 3월 22일 19시,금요일,부산광역시 동구 초량동,중상사고,0,1,5,1,차대차 - 추돌 - 주정차중,안전운전불이행,건조,맑음,단일로 - 기타,승용,남,43세,부상신고,승용,남,57세,경상
2013032200100445,2013년 3월 22일 19시,금요일,부산광역시 남구 대연동,경상사고,0,0,1,0,차대사람 - 기타,안전운전불이행,건조,맑음,기타 - 기타,화물,남,46세,상해없음,보행자,남,61세,경상
2013032200100446,2013년 3월 22일 19시,금요일,부산광역시 사상구 학장동,경상사고,0,0,1,1,차대차 - 측면직각충돌,안전운전불이행,건조,맑음,단일로 - 기타,원동기,남,17세,부상신고,화물,남,45세,상해없음
2013032200100447,2013년 3월 22일 19시,금요일,부산광역시 사상구 감전동,경상사고,0,0,2,2,차대차 - 측면직각충돌,직진우회전진행방해,건조,맑음,교차로 - 교차로안,승용,남,21세,부상신고,승합,남,55세,부상신고
2013032200100492,2013년 3월 22일 20시,금요일,부산광역시 연제구 연산동,경상사고,0,0,1,0,차대차 - 추돌 - 주정차중,안전운전불이행,건조,맑음,단일로 - 기타,승용,남,47세,기타불명,승용,남,34세,경상
2013032200100530,2013년 3월 22일 21시,금요일,부산광역시 사하구 다대동,경상사고,0,0,1,0,차대차 - 추돌 - 진행중,안전거리미확보,건조,맑음,단일로 - 기타,승용,남,51세,상해없음,승용,남,31세,경상
2013032200100573,2013년 3월 22일 22시,금요일,부산광역시 부산진구 부전동,중상사고,0,1,0,0,차대차 - 기타,안전운전불이행,건조,맑음,교차로 - 교차로안,승용,남,48세,상해없음,이륜,남,20세,중상
2013032200100574,2013년 3월 22일 22시,금요일,부산광역시 강서구 천성동,중상사고,0,2,0,0,차대차 - 정면충돌,중앙선침범,건조,맑음,단일로 - 교량,화물,남,49세,상해없음,승용,여,22세,중상
2013032200100611,2013년 3월 22일 23시,금요일,부산광역시 북구 금곡동,경상사고,0,0,1,0,차대차 - 기타,안전거리미확보,건조,맑음,단일로 - 기타,화물,남,44세,상해없음,승용,여,27세,경상
2013032200100612,2013년 3월 22일 23시,금요일,부산광역시 수영구 수영동,중상사고,0,1,0,0,차대사람 - 기타,안전운전불이행,건조,맑음,단일로 - 기타,승용,남,60세,상해없음,보행자,남,54세,중상
2013032300100006,2013년 3월 23일 00시,토요일,부산광역시 강서구 생곡동,중상사고,0,1,0,0,차대차 - 측면직각충돌,신호위반,건조,맑음,교차로 - 교차로안,승용,남,32세,상해없음,특수,남,53세,중상
2013032300100040,2013년 3월 23일 01시,토요일,부산광역시 해운대구 우동,중상사고,0,1,0,0,차대차 - 측면직각충돌,신호위반,건조,맑음,교차로 - 교차로안,승용,남,25세,상해없음,승용,남,55세,중상
2013032300100041,2013년 3월 23일 01시,토요일,부산광역시 부산진구 양정동,중상사고,0,1,0,0,차대사람 - 기타,안전운전불이행,건조,맑음,교차로 - 교차로부근,승용,남,54세,상해없음,보행자,남,52세,중상
2013032300100042,2013년 3월 23일 01시,토요일,부산광역시 수영구 망미동,중상사고,0,1,1,0,차대차 - 측면직각충돌,차로위반,건조,맑음,미분류 - 미분류,승용,남,19세,상해없음,승용,남,48세,중상
2013032300100043,2013년 3월 23일 01시,토요일,부산광역시 연제구 연산동,경상사고,0,0,1,0,차대차 - 추돌 - 주정차중,안전운전불이행,건조,맑음,교차로 - 교차로부근,승용,남,23세,상해없음,승용,남,46세,경상
2013032300100086,2013년 3월 23일 03시,토요일,부산광역시 금정구 장전동,경상사고,0,0,1,0,차대차 - 추돌 - 진행중,교차로운행방법위반,건조,맑음,교차로 - 교차로안,승용,기타불명,기타불명,기타불명,승용,남,36세,경상
2013032300100105,2013년 3월 23일 04시,토요일,부산광역시 동구 범일동,경상사고,0,0,2,0,차대차 - 기타,교차로운행방법위반,건조,맑음,교차로 - 교차로안,승용,여,53세,상해없음,승용,남,32세,경상
2013032300100106,2013년 3월 23일 04시,토요일,부산광역시 부산진구 부전동,중상사고,0,1,0,0,차대사람 - 기타,중앙선침범,건조,흐림,단일로 - 횡단보도부근,승용,남,54세,상해없음,보행자,여,25세,중상
2013032300100150,2013년 3월 23일 07시,토요일,부산광역시 부산진구 범천동,중상사고,0,1,0,0,차대차 - 측면직각충돌,안전거리미확보,건조,맑음,단일로 - 기타,승용,남,48세,상해없음,이륜,남,78세,중상
2013032300100191,2013년 3월 23일 09시,토요일,부산광역시 강서구 명지동,경상사고,0,0,1,0,차대차 - 추돌 - 주정차중,안전운전불이행,건조,맑음,교차로 - 교차로부근,승용,남,26세,상해없음,승용,남,47세,경상
2013032300100192,2013년 3월 23일 09시,토요일,부산광역시 사상구 학장동,중상사고,0,1,0,0,차대차 - 추돌 - 진행중,안전운전불이행,건조,맑음,단일로 - 기타,승용,남,57세,상해없음,승용,남,40세,중상
2013032300100216,2013년 3월 23일 10시,토요일,부산광역시 기장군 일광면,중상사고,0,1,0,0,차대차 - 측면직각충돌,중앙선침범,건조,맑음,단일로 - 기타,화물,남,58세,상해없음,자전거,남,42세,중상
2013032300100239,2013년 3월 23일 11시,토요일,부산광역시 동래구 온천동,경상사고,0,0,2,0,차대차 - 측면직각충돌,차로위반,건조,맑음,교차로 - 교차로부근,승용,남,43세,상해없음,승용,남,39세,경상
2013032300100266,2013년 3월 23일 12시,토요일,부산광역시 강서구 신호동,경상사고,0,0,1,0,차대차 - 측면직각충돌,중앙선침범,건조,맑음,단일로 - 기타,승용,남,56세,상해없음,원동기,남,34세,경상
2013032300100299,2013년 3월 23일 13시,토요일,부산광역시 연제구 거제동,경상사고,0,0,1,0,차대차 - 기타,안전운전불이행,건조,맑음,교차로 - 교차로부근,승용,남,30세,상해없음,승용,남,48세,경상
2013032300100300,2013년 3월 23일 13시,토요일,부산광역시 사상구 주례동,경상사고,0,0,1,0,차대사람 - 기타,안전운전불이행,건조,맑음,교차로 - 교차로안,승용,남,58세,상해없음,보행자,남,46세,경상
2013032300100331,2013년 3월 23일 14시,토요일,부산광역시 해운대구 반송동,경상사고,0,0,1,0,차대차 - 측면직각충돌,신호위반,건조,맑음,교차로 - 교차로안,승용,남,24세,상해없음,원동기,남,31세,경상
2013032300100332,2013년 3월 23일 14시,토요일,부산광역시 수영구 망미동,경상사고,0,0,1,0,차대차 - 측면직각충돌,안전운전불이행,건조,맑음,단일로 - 기타,승용,남,31세,상해없음,원동기,남,54세,경상
2013032300100333,2013년 3월 23일 14시,토요일,부산광역시 사상구 주례동,경상사고,0,0,1,0,차대차 - 기타,차로위반,건조,맑음,단일로 - 기타,승용,남,21세,상해없음,승합,남,48세,경상
2013032300100369,2013년 3월 23일 15시,토요일,부산광역시 기장군 정관면,중상사고,0,1,0,0,차대사람 - 보도통행중,보행자보호의무위반,건조,맑음,교차로 - 교차로안,승용,여,32세,상해없음,보행자,여,30세,중상
2013032300100410,2013년 3월 23일 16시,토요일,부산광역시 해운대구 반여동,경상사고,0,0,1,0,차대차 - 측면직각충돌,중앙선침범,건조,맑음,단일로 - 기타,승용,남,57세,상해없음,승용,남,53세,경상
2013032300100411,2013년 3월 23일 16시,토요일,부산광역시 수영구 망미동,부상신고사고,0,0,0,1,차대사람 - 길가장자리구역통행중,안전운전불이행,건조,맑음,단일로 - 기타,자전거,남,44세,상해없음,보행자,여,63세,부상신고
2013032300100450,2013년 3월 23일 17시,토요일,부산광역시 부산진구 범천동,경상사고,0,0,1,0,차대차 - 기타,안전운전불이행,건조,맑음,단일로 - 기타,승용,남,36세,상해없음,승용,남,28세,경상
2013032300100483,2013년 3월 23일 18시,토요일,부산광역시 동구 수정동,중상사고,0,1,0,0,차대차 - 기타,안전운전불이행,건조,맑음,교차로 - 교차로안,승용,남,61세,상해없음,승용,남,49세,상해없음
2013032300100484,2013년 3월 23일 18시,토요일,부산광역시 사하구 신평동,경상사고,0,0,2,0,차대차 - 기타,교차로운행방법위반,건조,맑음,교차로 - 교차로안,승용,남,56세,상해없음,승용,남,56세,경상
2013032300100526,2013년 3월 23일 19시,토요일,부산광역시 중구 남포동6가,중상사고,0,1,0,0,차대사람 - 횡단중,안전운전불이행,건조,맑음,단일로 - 횡단보도부근,승용,남,55세,상해없음,보행자,여,50세,중상
2013032300100571,2013년 3월 23일 20시,토요일,부산광역시 부산진구 부전동,중상사고,0,1,0,0,차대사람 - 횡단중,보행자보호의무위반,건조,맑음,단일로 - 기타,승용,남,60세,상해없음,보행자,여,41세,중상
2013032300100572,2013년 3월 23일 20시,토요일,부산광역시 부산진구 당감동,중상사고,0,1,0,0,차대사람 - 횡단중,보행자보호의무위반,건조,맑음,단일로 - 기타,화물,남,57세,상해없음,보행자,남,59세,중상
2013032300100573,2013년 3월 23일 20시,토요일,부산광역시 금정구 노포동,사망사고,1,0,0,1,차대차 - 추돌 - 진행중,안전운전불이행,건조,맑음,교차로 - 교차로부근,화물,남,54세,사망,승합,남,57세,상해없음
2013032300100601,2013년 3월 23일 21시,토요일,부산광역시 동구 초량동,중상사고,0,1,3,0,차대차 - 추돌 - 진행중,신호위반,건조,맑음,교차로 - 교차로안,승용,여,49세,상해없음,승용,남,58세,중상
2013032300100602,2013년 3월 23일 21시,토요일,부산광역시 부산진구 전포동,경상사고,0,0,1,0,차대차 - 측면직각충돌,안전운전불이행,건조,맑음,단일로 - 기타,승용,남,46세,상해없음,이륜,남,21세,경상
2013032300100603,2013년 3월 23일 21시,토요일,부산광역시 연제구 거제동,중상사고,0,1,1,0,차대차 - 기타,중앙선침범,건조,맑음,단일로 - 기타,원동기,남,17세,상해없음,승용,남,24세,상해없음
2013032300100636,2013년 3월 23일 22시,토요일,부산광역시 사상구 주례동,중상사고,0,1,0,0,차대차 - 추돌 - 주정차중,안전운전불이행,건조,맑음,교차로 - 교차로부근,승용,남,44세,상해없음,승용,남,36세,중상
2013032300100661,2013년 3월 23일 23시,토요일,부산광역시 중구 남포동6가,경상사고,0,0,1,0,차대사람 - 기타,안전운전불이행,건조,맑음,교차로 - 교차로안,승용,남,61세,상해없음,보행자,남,28세,경상
2013032300100662,2013년 3월 23일 23시,토요일,부산광역시 동구 좌천동,부상신고사고,0,0,0,3,차대차 - 추돌 - 진행중,신호위반,건조,맑음,교차로 - 교차로부근,승용,남,28세,상해없음,승용,남,44세,부상신고
2013032300100663,2013년 3월 23일 23시,토요일,부산광역시 해운대구 좌동,경상사고,0,0,1,0,차량단독 - 기타,안전운전불이행,건조,맑음,기타 - 기타,자전거,남,26세,경상,,,,
2013032300100664,2013년 3월 23일 23시,토요일,부산광역시 해운대구 반여동,중상사고,0,1,0,0,차대사람 - 횡단중,보행자보호의무위반,기타,맑음,단일로 - 횡단보도상,승합,남,39세,상해없음,보행자,남,46세,중상
2013032300100665,2013년 3월 23일 23시,토요일,부산광역시 해운대구 반여동,부상신고사고,0,0,0,1,차대사람 - 기타,안전운전불이행,기타,기타,기타 - 기타,승용,여,43세,상해없음,보행자,남,38세,부상신고
2013032400100006,2013년 3월 24일 00시,일요일,부산광역시 수영구 광안동,경상사고,0,0,1,0,차대차 - 기타,안전운전불이행,건조,맑음,교차로 - 교차로부근,승용,남,46세,상해없음,원동기,남,17세,경상
2013032400100007,2013년 3월 24일 00시,일요일,부산광역시 연제구 연산동,경상사고,0,0,1,0,차대차 - 추돌 - 진행중,안전거리미확보,건조,맑음,단일로 - 기타,승용,남,53세,기타불명,승용,남,47세,경상
2013032400100025,2013년 3월 24일 01시,일요일,부산광역시 부산진구 부암동,중상사고,0,3,2,0,차대차 - 추돌 - 진행중,안전운전불이행,건조,맑음,교차로 - 교차로부근,승용,여,38세,상해없음,승용,남,28세,중상
2013032400100046,2013년 3월 24일 02시,일요일,부산광역시 남구 대연동,부상신고사고,0,0,0,2,차대사람 - 기타,안전운전불이행,건조,맑음,교차로 - 교차로부근,이륜,남,25세,상해없음,보행자,남,42세,부상신고
2013032400100047,2013년 3월 24일 02시,일요일,부산광역시 사상구 괘법동,경상사고,0,0,1,0,차대차 - 기타,차로위반,건조,맑음,교차로 - 교차로안,승용,남,67세,상해없음,승용,남,15세,경상
2013032400100087,2013년 3월 24일 05시,일요일,부산광역시 사상구 학장동,사망사고,1,0,0,0,차량단독 - 공작물충돌,안전운전불이행,건조,맑음,단일로 - 기타,승용,남,53세,사망,,,,
2013032400100101,2013년 3월 24일 06시,일요일,부산광역시 수영구 광안동,부상신고사고,0,0,0,2,차량단독 - 공작물충돌,안전운전불이행,건조,맑음,단일로 - 기타,승용,남,29세,상해없음,,,,
2013032400100102,2013년 3월 24일 06시,일요일,부산광역시 강서구 신호동,중상사고,0,1,0,0,차대차 - 추돌 - 주정차중,안전운전불이행,건조,맑음,교차로 - 교차로부근,승용,남,24세,상해없음,승용,남,33세,중상
2013032400100140,2013년 3월 24일 09시,일요일,부산광역시 사하구 하단동,중상사고,0,1,0,0,차대사람 - 횡단중,보행자보호의무위반,건조,맑음,단일로 - 횡단보도상,승용,남,49세,상해없음,보행자,남,23세,중상
2013032400100164,2013년 3월 24일 10시,일요일,부산광역시 수영구 민락동,경상사고,0,0,2,0,차대차 - 정면충돌,중앙선침범,건조,맑음,교차로 - 교차로안,승용,남,31세,상해없음,승용,여,44세,상해없음
2013032400100165,2013년 3월 24일 10시,일요일,부산광역시 사상구 감전동,중상사고,0,1,2,0,차대차 - 기타,안전거리미확보,건조,맑음,단일로 - 기타,승용,남,44세,경상,특수,남,46세,경상
2013032400100179,2013년 3월 24일 11시,일요일,부산광역시 수영구 민락동,경상사고,0,0,1,0,차대차 - 추돌 - 진행중,교차로운행방법위반,건조,맑음,교차로 - 교차로안,승용,여,48세,상해없음,승용,남,50세,경상
2013032400100180,2013년 3월 24일 11시,일요일,부산광역시 수영구 광안동,중상사고,0,1,0,0,차대차 - 기타,안전거리미확보,건조,맑음,단일로 - 기타,승용,남,23세,상해없음,이륜,남,59세,중상
2013032400100205,2013년 3월 24일 13시,일요일,부산광역시 동구 초량동,경상사고,0,0,1,0,차대차 - 기타,차로위반,건조,맑음,단일로 - 기타,승용,남,63세,상해없음,원동기,남,47세,경상
2013032400100233,2013년 3월 24일 14시,일요일,부산광역시 강서구 송정동,경상사고,0,0,1,1,차대차 - 측면직각충돌,교차로운행방법위반,건조,맑음,교차로 - 교차로안,승용,남,53세,상해없음,승용,남,39세,경상
2013032400100234,2013년 3월 24일 14시,일요일,부산광역시 강서구 명지동,중상사고,0,1,0,0,차대차 - 기타,안전운전불이행,건조,맑음,단일로 - 기타,화물,남,35세,상해없음,자전거,남,55세,중상
2013032400100235,2013년 3월 24일 14시,일요일,부산광역시 사상구 괘법동,경상사고,0,0,1,0,차대사람 - 보도통행중,기타,건조,맑음,단일로 - 횡단보도부근,이륜,남,15세,상해없음,보행자,여,37세,경상
2013032400100255,2013년 3월 24일 15시,일요일,부산광역시 서구 동대신동2가,경상사고,0,0,2,0,차대차 - 추돌 - 주정차중,안전거리미확보,건조,맑음,단일로 - 횡단보도부근,화물,여,40세,상해없음,승용,남,34세,경상
2013032400100256,2013년 3월 24일 15시,일요일,부산광역시 사하구 다대동,경상사고,0,0,1,0,차대차 - 추돌 - 진행중,안전거리미확보,건조,맑음,단일로 - 기타,화물,남,47세,상해없음,승합,남,51세,경상
2013032400100257,2013년 3월 24일 15시,일요일,부산광역시 연제구 연산동,경상사고,0,0,1,0,차대차 - 추돌 - 진행중,안전운전불이행,건조,맑음,단일로 - 기타,승용,남,49세,상해없음,승용,여,37세,경상
2013032400100285,2013년 3월 24일 16시,일요일,부산광역시 동구 초량동,중상사고,0,1,0,0,차대차 - 추돌 - 주정차중,안전운전불이행,건조,맑음,단일로 - 기타,승용,남,22세,기타불명,승용,여,34세,중상
2013032400100286,2013년 3월 24일 16시,일요일,부산광역시 북구 만덕동,중상사고,0,1,2,0,차대차 - 추돌 - 주정차중,안전운전불이행,건조,맑음,단일로 - 기타,승용,남,71세,상해없음,승용,남,33세,중상
2013032400100287,2013년 3월 24일 16시,일요일,부산광역시 사하구 장림동,중상사고,0,1,0,0,차대사람 - 기타,안전운전불이행,건조,맑음,단일로 - 기타,승용,남,51세,상해없음,보행자,여,27세,중상
2013032400100313,2013년 3월 24일 17시,일요일,부산광역시 부산진구 가야동,부상신고사고,0,0,0,1,차대사람 - 기타,안전운전불이행,건조,맑음,교차로 - 교차로부근,승용,남,62세,기타불명,보행자,남,5세,부상신고
2013032400100314,2013년 3월 24일 17시,일요일,부산광역시 연제구 거제동,중상사고,0,1,0,0,차대차 - 기타,안전운전불이행,건조,맑음,단일로 - 기타,화물,남,54세,상해없음,이륜,남,23세,중상
2013032400100335,2013년 3월 24일 18시,일요일,부산광역시 기장군 기장읍,경상사고,0,0,1,0,차량단독 - 전도전복,안전운전불이행,건조,맑음,단일로 - 기타,원동기,남,15세,경상,,,,
2013032400100367,2013년 3월 24일 19시,일요일,부산광역시 동래구 사직동,중상사고,0,1,0,0,차대사람 - 기타,안전운전불이행,건조,맑음,단일로 - 기타,원동기,남,29세,상해없음,보행자,여,7세,중상
2013032400100398,2013년 3월 24일 20시,일요일,부산광역시 금정구 구서동,경상사고,0,0,1,0,차대사람 - 기타,안전운전불이행,건조,맑음,단일로 - 기타,기타불명,기타불명,기타불명,기타불명,보행자,여,30세,경상
2013032400100399,2013년 3월 24일 20시,일요일,부산광역시 금정구 부곡동,경상사고,0,0,1,0,차량단독 - 기타,기타,건조,맑음,단일로 - 기타,승합,남,43세,상해없음,,,,
2013032400100425,2013년 3월 24일 21시,일요일,부산광역시 남구 대연동,중상사고,0,1,0,0,차대차 - 기타,교차로운행방법위반,건조,맑음,교차로 - 교차로안,승용,남,53세,상해없음,이륜,남,22세,중상
2013032400100426,2013년 3월 24일 21시,일요일,부산광역시 북구 화명동,중상사고,0,1,0,0,차대차 - 측면직각충돌,신호위반,건조,맑음,교차로 - 교차로부근,원동기,남,17세,상해없음,자전거,남,20세,중상
2013032400100427,2013년 3월 24일 21시,일요일,부산광역시 북구 화명동,경상사고,0,0,1,0,차대차 - 측면직각충돌,교차로운행방법위반,건조,맑음,교차로 - 교차로안,승용,여,40세,상해없음,승용,여,45세,경상
2013032400100428,2013년 3월 24일 21시,일요일,부산광역시 사하구 신평동,중상사고,0,1,2,0,차대차 - 추돌 - 주정차중,안전운전불이행,건조,맑음,교차로 - 교차로부근,승합,남,45세,상해없음,승용,여,25세,중상
2013032400100429,2013년 3월 24일 21시,일요일,부산광역시 사하구 신평동,부상신고사고,0,0,0,1,차대차 - 추돌 - 주정차중,기타,건조,맑음,단일로 - 기타,이륜,남,30세,부상신고,화물,기타불명,기타불명,기타불명
2013032400100430,2013년 3월 24일 21시,일요일,부산광역시 사상구 엄궁동,경상사고,0,0,1,0,차대차 - 측면직각충돌,안전거리미확보,건조,맑음,단일로 - 기타,승용,남,45세,상해없음,이륜,남,17세,경상
2013032400100457,2013년 3월 24일 22시,일요일,부산광역시 수영구 민락동,경상사고,0,0,1,0,차대차 - 추돌 - 진행중,안전운전불이행,건조,맑음,단일로 - 기타,승용,남,21세,상해없음,승용,남,60세,경상