사고번호,사고일시,요일,시군구,사고내용,사망자수,중상자수,경상자수,부상신고자수,사고유형,법규위반,노면상태,기상상태,도로형태,가해운전자 차종,가해운전자 성별,가해운전자 연령,가해운전자 상해정도,피해운전자 차종,피해운전자 성별,피해운전자 연령,피해운전자 상해정도
2013032800100233,2013년 3월 28일 12시,목요일,부산광역시 사상구 학장동,중상사고,0,1,0,0,차대차 - 추돌 - 진행중,안전거리미확보,건조,맑음,단일로 - 기타,승용,남,50세,상해없음,이륜,남,47세,중상
2013032800100234,2013년 3월 28일 12시,목요일,부산광역시 사상구 주례동,경상사고,0,0,1,0,차대사람 - 길가장자리구역통행중,안전운전불이행,건조,맑음,단일로 - 기타,화물,남,30세,상해없음,보행자,남,14세,경상
2013032800100254,2013년 3월 28일 13시,목요일,부산광역시 부산진구 양정동,경상사고,0,0,1,0,차대차 - 기타,신호위반,건조,맑음,교차로 - 교차로부근,승용,여,49세,상해없음,자전거,남,42세,경상
2013032800100281,2013년 3월 28일 14시,목요일,부산광역시 부산진구 부전동,경상사고,0,0,1,0,차대사람 - 횡단중,안전운전불이행,건조,맑음,교차로 - 교차로안,승용,남,59세,상해없음,보행자,남,70세,경상
2013032800100297,2013년 3월 28일 15시,목요일,부산광역시 부산진구 전포동,경상사고,0,0,1,0,차대차 - 측면직각충돌,안전운전불이행,건조,맑음,단일로 - 기타,승합,남,33세,상해없음,승용,남,64세,경상
2013032800100298,2013년 3월 28일 15시,목요일,부산광역시 수영구 망미동,중상사고,0,1,0,0,차대차 - 정면충돌,신호위반,건조,맑음,교차로 - 교차로안,승용,남,79세,상해없음,이륜,남,61세,중상
2013032800100299,2013년 3월 28일 15시,목요일,부산광역시 기장군 장안읍,중상사고,0,2,0,0,차대차 - 측면직각충돌,안전운전불이행,건조,맑음,단일로 - 기타,특수,남,50세,상해없음,승용,남,72세,중상
2013032800100320,2013년 3월 28일 16시,목요일,부산광역시 연제구 연산동,경상사고,0,0,1,0,차대사람 - 횡단중,신호위반,건조,맑음,단일로 - 기타,승용,남,56세,상해없음,보행자,남,23세,경상
2013032800100321,2013년 3월 28일 16시,목요일,부산광역시 연제구 연산동,중상사고,0,2,2,0,차대차 - 추돌 - 진행중,안전거리미확보,건조,맑음,단일로 - 기타,승용,남,61세,상해없음,승용,여,34세,중상
2013032800100350,2013년 3월 28일 17시,목요일,부산광역시 남구 대연동,경상사고,0,0,1,0,차대차 - 추돌 - 진행중,안전운전불이행,건조,맑음,교차로 - 교차로안,승용,여,24세,상해없음,원동기,여,54세,경상
2013032800100351,2013년 3월 28일 17시,목요일,부산광역시 해운대구 반송동,중상사고,0,1,0,0,차대차 - 추돌 - 주정차중,안전거리미확보,건조,맑음,교차로 - 교차로부근,화물,남,56세,상해없음,승용,여,34세,중상
2013032800100352,2013년 3월 28일 17시,목요일,부산광역시 금정구 부곡동,중상사고,0,1,0,0,차대사람 - 횡단중,안전운전불이행,건조,맑음,교차로 - 교차로부근,화물,남,44세,상해없음,보행자,남,56세,중상
2013032800100390,2013년 3월 28일 18시,목요일,부산광역시 부산진구 개금동,중상사고,0,1,0,0,차대사람 - 기타,안전운전불이행,건조,맑음,단일로 - 기타,승용,남,48세,상해없음,보행자,남,16세,중상
2013032800100428,2013년 3월 28일 19시,목요일,부산광역시 남구 대연동,경상사고,0,0,1,0,차대차 - 추돌 - 진행중,안전운전불이행,건조,맑음,단일로 - 기타,승용,여,23세,상해없음,승용,남,50세,경상
2013032800100429,2013년 3월 28일 19시,목요일,부산광역시 부산진구 전포동,중상사고,0,1,0,0,차대사람 - 기타,안전운전불이행,건조,맑음,교차로 - 교차로안,이륜,남,23세,상해없음,보행자,여,27세,중상
2013032800100430,2013년 3월 28일 19시,목요일,부산광역시 사하구 하단동,중상사고,0,1,0,0,차대차 - 기타,안전운전불이행,건조,맑음,단일로 - 기타,승용,남,46세,상해없음,이륜,남,32세,중상
2013032800100488,2013년 3월 28일 21시,목요일,부산광역시 사하구 장림동,중상사고,0,1,0,0,차대차 - 기타,안전운전불이행,건조,맑음,단일로 - 기타,승용,여,39세,상해없음,승용,남,48세,중상
2013032800100524,2013년 3월 28일 22시,목요일,부산광역시 남구 용호동,경상사고,0,0,1,0,차대차 - 기타,교차로운행방법위반,건조,맑음,교차로 - 교차로안,승용,남,50세,상해없음,원동기,남,22세,경상
2013032800100525,2013년 3월 28일 22시,목요일,부산광역시 동래구 온천동,경상사고,0,0,1,0,차대차 - 측면직각충돌,차로위반,건조,맑음,교차로 - 교차로부근,승용,남,42세,상해없음,원동기,남,20세,경상
2013032800100549,2013년 3월 28일 23시,목요일,부산광역시 사상구 덕포동,중상사고,0,1,2,0,차대차 - 측면직각충돌,안전운전불이행,건조,맑음,단일로 - 기타,승용,남,59세,상해없음,자전거,남,52세,중상
2013032900100030,2013년 3월 29일 01시,금요일,부산광역시 동래구 온천동,중상사고,0,1,0,0,차대사람 - 횡단중,안전운전불이행,건조,맑음,교차로 - 교차로안,승용,남,57세,상해없음,보행자,남,30세,중상
2013032900100041,2013년 3월 29일 02시,금요일,부산광역시 부산진구 전포동,경상사고,0,0,2,0,차대차 - 추돌 - 진행중,안전운전불이행,건조,맑음,단일로 - 횡단보도부근,승용,남,51세,상해없음,승용,남,53세,경상
2013032900100070,2013년 3월 29일 04시,금요일,부산광역시 부산진구 당감동,중상사고,0,1,1,0,차대차 - 기타,안전운전불이행,건조,맑음,단일로 - 터널,승용,남,41세,중상,화물,남,42세,경상
2013032900100083,2013년 3월 29일 06시,금요일,부산광역시 해운대구 좌동,중상사고,0,1,1,0,차대차 - 측면직각충돌,안전거리미확보,건조,맑음,단일로 - 기타,승용,남,58세,상해없음,승합,남,48세,상해없음
2013032900100093,2013년 3월 29일 07시,금요일,부산광역시 동래구 사직동,중상사고,0,1,0,0,차대사람 - 길가장자리구역통행중,안전운전불이행,건조,맑음,단일로 - 기타,승용,기타불명,기타불명,기타불명,보행자,여,16세,중상
2013032900100094,2013년 3월 29일 07시,금요일,부산광역시 해운대구 중동,경상사고,0,0,1,0,차대사람 - 보도통행중,신호위반,건조,맑음,기타 - 기타,자전거,남,65세,상해없음,보행자,남,53세,경상
2013032900100130,2013년 3월 29일 08시,금요일,부산광역시 사하구 신평동,중상사고,0,1,0,0,차대사람 - 기타,안전운전불이행,건조,맑음,단일로 - 기타,승용,여,52세,상해없음,보행자,여,40세,중상
2013032900100165,2013년 3월 29일 09시,금요일,부산광역시 동구 범일동,중상사고,0,1,0,0,차대차 - 측면직각충돌,안전거리미확보,건조,맑음,단일로 - 기타,화물,남,61세,상해없음,승용,여,51세,중상
2013032900100166,2013년 3월 29일 09시,금요일,부산광역시 금정구 금사동,경상사고,0,0,1,0,차대차 - 측면직각충돌,안전운전불이행,건조,맑음,단일로 - 기타,승용,남,50세,상해없음,이륜,남,38세,경상
2013032900100167,2013년 3월 29일 09시,금요일,부산광역시 강서구 녹산동,경상사고,0,0,1,0,차대차 - 기타,신호위반,건조,맑음,교차로 - 교차로안,화물,남,45세,상해없음,승용,남,60세,경상
2013032900100194,2013년 3월 29일 10시,금요일,부산광역시 강서구 녹산동,중상사고,0,2,0,0,차대차 - 추돌 - 주정차중,안전운전불이행,건조,맑음,단일로 - 기타,화물,남,31세,기타불명,승용,남,50세,중상
2013032900100224,2013년 3월 29일 11시,금요일,부산광역시 남구 대연동,경상사고,0,0,1,0,차대차 - 측면직각충돌,안전운전불이행,건조,맑음,단일로 - 횡단보도상,승용,기타불명,기타불명,기타불명,자전거,여,27세,경상
2013032900100243,2013년 3월 29일 12시,금요일,부산광역시 강서구 강동동,경상사고,0,0,1,0,차대차 - 기타,안전운전불이행,건조,맑음,기타 - 기타,승용,남,53세,상해없음,원동기,남,55세,경상
2013032900100244,2013년 3월 29일 12시,금요일,부산광역시 강서구 녹산동,중상사고,0,1,0,0,차대사람 - 보도통행중,신호위반,건조,맑음,교차로 - 교차로부근,승용,남,43세,상해없음,보행자,여,50세,중상
2013032900100264,2013년 3월 29일 13시,금요일,부산광역시 금정구 장전동,중상사고,0,1,0,0,차대차 - 측면직각충돌,교차로운행방법위반,건조,맑음,교차로 - 교차로안,이륜,남,57세,중상,승용,남,58세,상해없음
2013032900100288,2013년 3월 29일 14시,금요일,부산광역시 동래구 온천동,중상사고,0,1,0,0,차대차 - 측면직각충돌,안전운전불이행,건조,맑음,단일로 - 기타,승용,여,48세,상해없음,이륜,남,55세,중상
2013032900100289,2013년 3월 29일 14시,금요일,부산광역시 영도구 봉래동1가,경상사고,0,0,1,0,차대사람 - 기타,안전운전불이행,건조,맑음,교차로 - 교차로부근,승용,남,57세,상해없음,보행자,남,55세,경상
2013032900100290,2013년 3월 29일 14시,금요일,부산광역시 부산진구 당감동,중상사고,0,1,0,0,차대사람 - 횡단중,안전운전불이행,건조,맑음,단일로 - 기타,승용,여,63세,상해없음,보행자,여,6세,중상
2013032900100322,2013년 3월 29일 15시,금요일,부산광역시 동래구 안락동,경상사고,0,0,2,0,차대차 - 기타,안전운전불이행,건조,맑음,교차로 - 교차로안,승합,남,51세,상해없음,승용,남,58세,경상
2013032900100323,2013년 3월 29일 15시,금요일,부산광역시 해운대구 석대동,중상사고,0,1,0,0,차대차 - 추돌 - 주정차중,안전운전불이행,건조,맑음,단일로 - 기타,승용,남,56세,상해없음,자전거,남,43세,중상
2013032900100324,2013년 3월 29일 15시,금요일,부산광역시 기장군 정관면,경상사고,0,0,1,0,차대차 - 기타,안전운전불이행,건조,맑음,단일로 - 기타,자전거,남,75세,경상,승합,남,41세,상해없음
2013032900100360,2013년 3월 29일 16시,금요일,부산광역시 동구 범일동,중상사고,0,1,0,0,차대차 - 측면직각충돌,안전운전불이행,건조,맑음,단일로 - 기타,승용,남,66세,상해없음,이륜,남,25세,중상
2013032900100361,2013년 3월 29일 16시,금요일,부산광역시 금정구 청룡동,경상사고,0,0,1,0,차대사람 - 기타,안전운전불이행,건조,맑음,단일로 - 기타,기타불명,기타불명,기타불명,기타불명,보행자,남,11세,경상
2013032900100402,2013년 3월 29일 17시,금요일,부산광역시 금정구 부곡동,중상사고,0,1,0,0,차대차 - 추돌 - 진행중,안전거리미확보,건조,맑음,단일로 - 기타,승합,남,24세,상해없음,승용,여,32세,중상
2013032900100403,2013년 3월 29일 17시,금요일,부산광역시 수영구 수영동,경상사고,0,0,1,0,차대차 - 측면직각충돌,안전운전불이행,건조,맑음,단일로 - 기타,승용,남,72세,상해없음,자전거,여,51세,경상
2013032900100428,2013년 3월 29일 18시,금요일,부산광역시 사하구 당리동,중상사고,0,1,0,0,차대사람 - 횡단중,안전운전불이행,건조,맑음,단일로 - 기타,승용,여,27세,상해없음,보행자,남,7세,중상
2013032900100458,2013년 3월 29일 19시,금요일,부산광역시 동구 범일동,사망사고,1,0,0,0,차대사람 - 횡단중,안전운전불이행,건조,맑음,단일로 - 기타,화물,남,51세,상해없음,보행자,남,61세,사망
2013032900100459,2013년 3월 29일 19시,금요일,부산광역시 금정구 서동,중상사고,0,1,0,0,차대사람 - 길가장자리구역통행중,안전운전불이행,건조,맑음,교차로 - 교차로부근,승용,남,26세,상해없음,보행자,여,74세,중상
2013032900100460,2013년 3월 29일 19시,금요일,부산광역시 강서구 대저2동,중상사고,0,1,1,0,차대차 - 추돌 - 진행중,안전운전불이행,건조,맑음,단일로 - 기타,승용,남,53세,상해없음,승용,남,34세,경상
2013032900100461,2013년 3월 29일 19시,금요일,부산광역시 사상구 감전동,경상사고,0,0,1,0,차대차 - 측면직각충돌,안전운전불이행,건조,맑음,교차로 - 교차로부근,이륜,남,44세,경상,승용,남,56세,상해없음
2013032900100580,2013년 3월 29일 22시,금요일,부산광역시 북구 구포동,경상사고,0,0,2,0,차대사람 - 기타,안전운전불이행,건조,맑음,단일로 - 기타,원동기,남,30세,상해없음,보행자,남,34세,경상
2013032900100581,2013년 3월 29일 22시,금요일,부산광역시 부산진구 당감동,경상사고,0,0,1,0,차대사람 - 기타,안전운전불이행,기타,맑음,기타 - 기타,원동기,남,18세,상해없음,보행자,여,53세,경상
2013032900100582,2013년 3월 29일 22시,금요일,부산광역시 부산진구 개금동,경상사고,0,0,3,0,차대차 - 기타,신호위반,기타,맑음,단일로 - 기타,승용,남,66세,상해없음,승용,남,43세,경상
2013032900100583,2013년 3월 29일 22시,금요일,부산광역시 금정구 청룡동,중상사고,0,1,1,0,차대차 - 추돌 - 주정차중,안전운전불이행,건조,맑음,단일로 - 기타,승용,남,31세,상해없음,승용,여,45세,중상
2013032900100584,2013년 3월 29일 22시,금요일,부산광역시 금정구 금사동,중상사고,0,1,0,0,차대사람 - 횡단중,보행자보호의무위반,건조,맑음,교차로 - 교차로안,승용,남,61세,상해없음,보행자,여,37세,중상
2013032900100585,2013년 3월 29일 22시,금요일,부산광역시 수영구 수영동,중상사고,0,1,0,0,차대사람 - 횡단중,안전운전불이행,건조,맑음,단일로 - 횡단보도부근,승용,남,41세,상해없음,보행자,남,61세,중상
2013032900100586,2013년 3월 29일 22시,금요일,부산광역시 사상구 괘법동,부상신고사고,0,0,0,1,차대차 - 측면직각충돌,안전운전불이행,건조,맑음,단일로 - 횡단보도상,자전거,남,14세,부상신고,승용,남,30세,상해없음
2013032900100587,2013년 3월 29일 22시,금요일,부산광역시 금정구 구서동,경상사고,0,0,1,0,차대사람 - 차도통행중,안전운전불이행,건조,맑음,단일로 - 기타,승용,남,31세,상해없음,보행자,여,76세,경상
2013032900100631,2013년 3월 29일 23시,금요일,부산광역시 해운대구 반여동,중상사고,0,1,0,0,차대사람 - 기타,안전운전불이행,건조,맑음,단일로 - 횡단보도상,승용,남,51세,상해없음,보행자,남,51세,중상
2013033000100007,2013년 3월 30일 00시,토요일,부산광역시 해운대구 우동,중상사고,0,2,0,0,차대차 - 정면충돌,중앙선침범,건조,맑음,단일로 - 기타,승용,남,46세,상해없음,승용,남,25세,중상
2013033000100008,2013년 3월 30일 00시,토요일,부산광역시 부산진구 전포동,경상사고,0,0,1,0,차대차 - 기타,안전운전불이행,건조,맑음,교차로 - 교차로부근,승용,남,22세,상해없음,승용,남,23세,경상
2013033000100009,2013년 3월 30일 00시,토요일,부산광역시 연제구 연산동,중상사고,0,1,1,0,차대사람 - 보도통행중,신호위반,건조,맑음,단일로 - 횡단보도상,승용,남,53세,상해없음,보행자,여,22세,중상
2013033000100010,2013년 3월 30일 00시,토요일,부산광역시 수영구 수영동,경상사고,0,0,1,0,차대사람 - 횡단중,안전운전불이행,건조,맑음,단일로 - 기타,이륜,여,20세,상해없음,보행자,남,62세,경상
2013033000100034,2013년 3월 30일 01시,토요일,부산광역시 북구 구포동,경상사고,0,0,1,0,차대차 - 추돌 - 진행중,안전거리미확보,건조,맑음,단일로 - 기타,승용,남,39세,상해없음,승용,남,64세,경상
2013033000100035,2013년 3월 30일 01시,토요일,부산광역시 부산진구 부전동,경상사고,0,0,1,0,차대차 - 기타,중앙선침범,건조,맑음,단일로 - 기타,기타불명,기타불명,기타불명,기타불명,승용,남,43세,경상
2013033000100054,2013년 3월 30일 02시,토요일,부산광역시 해운대구 중동,중상사고,0,1,0,0,차대차 - 추돌 - 진행중,안전운전불이행,건조,맑음,단일로 - 교량,승용,남,23세,상해없음,승용,남,42세,중상
2013033000100055,2013년 3월 30일 02시,토요일,부산광역시 사상구 덕포동,중상사고,0,2,1,0,차대차 - 측면직각충돌,신호위반,건조,맑음,교차로 - 교차로안,승용,남,38세,상해없음,승용,남,40세,중상
2013033000100084,2013년 3월 30일 03시,토요일,부산광역시 동구 범일동,경상사고,0,0,1,0,차대사람 - 횡단중,안전운전불이행,건조,맑음,단일로 - 기타,승용,남,28세,상해없음,보행자,남,21세,경상
2013033000100085,2013년 3월 30일 03시,토요일,부산광역시 해운대구 우동,부상신고사고,0,0,0,1,차대차 - 측면직각충돌,중앙선침범,건조,맑음,단일로 - 기타,승용,남,26세,상해없음,승용,남,55세,부상신고
2013033000100086,2013년 3월 30일 03시,토요일,부산광역시 부산진구 부전동,경상사고,0,0,1,0,차대사람 - 횡단중,안전운전불이행,건조,맑음,단일로 - 기타,승용,남,46세,상해없음,보행자,남,24세,경상
2013033000100096,2013년 3월 30일 04시,토요일,부산광역시 사하구 괴정동,경상사고,0,0,1,1,차대차 - 측면직각충돌,안전거리미확보,건조,맑음,단일로 - 횡단보도부근,승용,남,50세,상해없음,승용,남,56세,경상
2013033000100097,2013년 3월 30일 04시,토요일,부산광역시 사상구 감전동,중상사고,0,1,1,0,차대차 - 측면직각충돌,신호위반,건조,맑음,교차로 - 교차로안,원동기,남,57세,중상,화물,남,29세,경상
2013033000100113,2013년 3월 30일 05시,토요일,부산광역시 남구 우암동,중상사고,0,1,0,0,차대사람 - 기타,안전운전불이행,건조,맑음,단일로 - 기타,승용,기타불명,기타불명,기타불명,보행자,남,52세,중상
2013033000100122,2013년 3월 30일 06시,토요일,부산광역시 동래구 명장동,중상사고,0,1,0,1,차대차 - 정면충돌,중앙선침범,건조,맑음,단일로 - 기타,승용,남,25세,부상신고,승용,남,51세,중상
2013033000100123,2013년 3월 30일 06시,토요일,부산광역시 부산진구 당감동,경상사고,0,0,1,0,차대차 - 측면직각충돌,교차로운행방법위반,건조,맑음,교차로 - 교차로안,승용,기타불명,기타불명,기타불명,승용,남,29세,경상
2013033000100153,2013년 3월 30일 08시,토요일,부산광역시 동래구 온천동,중상사고,0,2,1,0,차대차 - 추돌 - 진행중,안전운전불이행,건조,맑음,교차로 - 교차로안,화물,남,45세,상해없음,승용,남,47세,중상
2013033000100191,2013년 3월 30일 09시,토요일,부산광역시 수영구 남천동,중상사고,0,1,0,0,차대차 - 정면충돌,신호위반,건조,맑음,교차로 - 교차로안,승용,남,30세,상해없음,원동기,남,32세,중상
2013033000100212,2013년 3월 30일 10시,토요일,부산광역시 해운대구 중동,경상사고,0,0,1,0,차대차 - 기타,안전운전불이행,건조,맑음,단일로 - 기타,화물,남,49세,상해없음,승용,남,60세,경상
2013033000100237,2013년 3월 30일 11시,토요일,부산광역시 수영구 광안동,경상사고,0,0,1,0,차대차 - 측면직각충돌,기타,건조,맑음,교차로 - 교차로부근,승용,남,25세,상해없음,화물,남,55세,상해없음
2013033000100238,2013년 3월 30일 11시,토요일,부산광역시 북구 화명동,중상사고,0,1,0,0,차대사람 - 기타,보행자보호의무위반,건조,맑음,교차로 - 교차로안,승용,남,67세,상해없음,보행자,남,5세,중상
2013033000100239,2013년 3월 30일 11시,토요일,부산광역시 기장군 기장읍,경상사고,0,0,1,0,차대차 - 추돌 - 진행중,안전거리미확보,건조,흐림,단일로 - 기타,승용,남,64세,상해없음,승용,여,52세,경상
2013033000100259,2013년 3월 30일 12시,토요일,부산광역시 사하구 괴정동,중상사고,0,1,0,0,차대사람 - 횡단중,안전운전불이행,건조,맑음,교차로 - 교차로안,승용,남,43세,상해없음,보행자,여,63세,중상
2013033000100260,2013년 3월 30일 12시,토요일,부산광역시 연제구 연산동,부상신고사고,0,0,0,1,차대사람 - 기타,안전운전불이행,건조,맑음,단일로 - 기타,승용,남,54세,상해없음,보행자,여,28세,부상신고
2013033000100290,2013년 3월 30일 13시,토요일,부산광역시 수영구 광안동,중상사고,0,1,0,0,차대차 - 측면직각충돌,교차로운행방법위반,건조,맑음,교차로 - 교차로안,승용,남,18세,상해없음,원동기,남,70세,상해없음
2013033000100328,2013년 3월 30일 14시,토요일,부산광역시 부산진구 전포동,중상사고,0,1,0,0,차대사람 - 차도통행중,안전운전불이행,건조,맑음,단일로 - 기타,승합,남,56세,상해없음,보행자,여,73세,중상
2013033000100329,2013년 3월 30일 14시,토요일,부산광역시 사하구 당리동,경상사고,0,0,1,0,차량단독 - 기타,안전운전불이행,건조,맑음,단일로 - 기타,승합,기타불명,기타불명,기타불명,,,,
2013033000100330,2013년 3월 30일 14시,토요일,부산광역시 사상구 학장동,경상사고,0,0,3,0,차대차 - 추돌 - 진행중,안전거리미확보,건조,맑음,단일로 - 기타,승합,남,40세,경상,승용,남,65세,경상
2013033000100352,2013년 3월 30일 15시,토요일,부산광역시 남구 대연동,중상사고,0,1,1,0,차대차 - 추돌 - 진행중,안전거리미확보,건조,맑음,단일로 - 기타,승용,남,40세,상해없음,승용,여,33세,중상
2013033000100382,2013년 3월 30일 16시,토요일,부산광역시 남구 대연동,경상사고,0,0,1,0,차대사람 - 길가장자리구역통행중,안전운전불이행,건조,맑음,단일로 - 기타,승용,남,43세,상해없음,보행자,여,20세,경상
2013033000100383,2013년 3월 30일 16시,토요일,부산광역시 북구 화명동,중상사고,0,1,0,0,차대사람 - 기타,안전운전불이행,건조,맑음,교차로 - 교차로부근,이륜,남,15세,상해없음,보행자,남,19세,중상
2013033000100384,2013년 3월 30일 16시,토요일,부산광역시 부산진구 부전동,경상사고,0,0,1,0,차대사람 - 기타,안전운전불이행,건조,맑음,단일로 - 기타,승용,남,70세,상해없음,보행자,여,40세,경상
2013033000100418,2013년 3월 30일 17시,토요일,부산광역시 해운대구 재송동,경상사고,0,0,1,0,차대사람 - 횡단중,안전운전불이행,건조,맑음,단일로 - 기타,이륜,남,22세,상해없음,보행자,남,3세,경상
2013033000100419,2013년 3월 30일 17시,토요일,부산광역시 금정구 서동,중상사고,0,1,0,0,차대차 - 측면직각충돌,안전운전불이행,건조,맑음,단일로 - 기타,원동기,남,17세,상해없음,승용,남,49세,상해없음
2013033000100462,2013년 3월 30일 18시,토요일,부산광역시 중구 중앙동2가,중상사고,0,1,0,0,차대차 - 측면직각충돌,차로위반,건조,맑음,단일로 - 기타,승용,남,41세,상해없음,이륜,남,29세,중상
2013033000100463,2013년 3월 30일 18시,토요일,부산광역시 남구 대연동,부상신고사고,0,0,0,1,차대사람 - 기타,안전운전불이행,건조,맑음,단일로 - 기타,승합,남,56세,상해없음,보행자,남,43세,부상신고
2013033000100464,2013년 3월 30일 18시,토요일,부산광역시 강서구 대저1동,중상사고,0,1,0,0,차대차 - 기타,안전운전불이행,건조,맑음,단일로 - 기타,승합,남,51세,상해없음,이륜,남,27세,중상
2013033000100507,2013년 3월 30일 19시,토요일,부산광역시 중구 영주동,중상사고,0,1,0,0,차대사람 - 횡단중,안전운전불이행,건조,맑음,단일로 - 기타,승용,남,58세,상해없음,보행자,여,73세,중상
2013033000100508,2013년 3월 30일 19시,토요일,부산광역시 부산진구 당감동,중상사고,0,1,0,0,차대사람 - 횡단중,안전운전불이행,건조,맑음,단일로 - 횡단보도부근,승용,남,56세,상해없음,보행자,남,50세,중상
2013033000100509,2013년 3월 30일 19시,토요일,부산광역시 부산진구 당감동,중상사고,0,1,4,0,차대차 - 측면직각충돌,신호위반,건조,맑음,교차로 - 교차로안,승용,여,42세,상해없음,승용,남,41세,중상
2013033000100510,2013년 3월 30일 19시,토요일,부산광역시 강서구 송정동,중상사고,0,2,0,0,차대차 - 기타,신호위반,건조,맑음,교차로 - 교차로안,승용,남,54세,기타불명,승용,남,32세,중상
2013033000100560,2013년 3월 30일 20시,토요일,부산광역시 사하구 하단동,중상사고,0,1,0,0,차대차 - 기타,안전운전불이행,건조,맑음,단일로 - 기타,승합,남,52세,상해없음,승용,남,51세,중상
2013033000100561,2013년 3월 30일 20시,토요일,부산광역시 강서구 대저1동,경상사고,0,0,2,0,차대차 - 추돌 - 진행중,안전운전불이행,건조,맑음,교차로 - 교차로부근,승용,남,45세,상해없음,승용,남,31세,경상
2013033000100594,2013년 3월 30일 21시,토요일,부산광역시 사하구 괴정동,경상사고,0,0,2,0,차대차 - 기타,안전운전불이행,건조,맑음,단일로 - 기타,승합,남,48세,상해없음,승용,남,39세,경상
2013033000100595,2013년 3월 30일 21시,토요일,부산광역시 사상구 덕포동,경상사고,0,0,1,0,차대차 - 기타,안전운전불이행,건조,맑음,단일로 - 기타,승용,남,59세,상해없음,원동기,남,18세,경상
2013033000100638,2013년 3월 30일 22시,토요일,부산광역시 해운대구 우동,경상사고,0,0,2,0,차대차 - 측면직각충돌,신호위반,건조,맑음,교차로 - 교차로안,승용,남,57세,상해없음,승용,남,34세,경상
2013033000100681,2013년 3월 30일 23시,토요일,부산광역시 남구 대연동,경상사고,0,0,3,0,차대차 - 추돌 - 진행중,중앙선침범,건조,맑음,단일로 - 기타,승용,남,21세,상해없음,승합,남,43세,경상
2013033000100682,2013년 3월 30일 23시,토요일,부산광역시 동래구 명장동,중상사고,0,2,0,0,차대사람 - 차도통행중,신호위반,건조,맑음,교차로 - 교차로부근,승용,남,20세,상해없음,보행자,여,40세,중상
2013033000100683,2013년 3월 30일 23시,토요일,부산광역시 사상구 감전동,경상사고,0,0,1,0,차대차 - 측면직각충돌,신호위반,건조,맑음,교차로 - 교차로안,승용,남,34세,상해없음,승용,남,43세,경상
2013033100100034,2013년 3월 31일 01시,일요일,부산광역시 수영구 남천동,중상사고,0,2,0,0,차대차 - 측면직각충돌,안전운전불이행,건조,맑음,단일로 - 기타,승용,남,29세,상해없음,승용,남,30세,중상
2013033100100035,2013년 3월 31일 01시,일요일,부산광역시 부산진구 전포동,중상사고,0,2,1,0,차대차 - 기타,안전운전불이행,건조,맑음,단일로 - 기타,승용,남,26세,상해없음,승용,남,44세,경상
2013033100100056,2013년 3월 31일 02시,일요일,부산광역시 중구 중앙동2가,중상사고,0,1,1,0,차대차 - 측면직각충돌,교차로운행방법위반,건조,맑음,교차로 - 교차로안,승용,남,56세,상해없음,승용,남,52세,중상
2013033100100057,2013년 3월 31일 02시,일요일,부산광역시 수영구 광안동,부상신고사고,0,0,0,3,차대차 - 기타,안전운전불이행,습기,비,단일로 - 기타,승용,남,27세,상해없음,승용,남,41세,부상신고
2013033100100058,2013년 3월 31일 02시,일요일,부산광역시 해운대구 우동,경상사고,0,0,1,0,차대차 - 추돌 - 주정차중,안전운전불이행,건조,흐림,교차로 - 교차로부근,승용,남,37세,상해없음,승용,남,56세,경상
2013033100100059,2013년 3월 31일 02시,일요일,부산광역시 부산진구 부전동,경상사고,0,0,1,0,차대차 - 기타,안전운전불이행,건조,맑음,단일로 - 기타,승용,남,25세,상해없음,승용,남,65세,경상
2013033100100060,2013년 3월 31일 02시,일요일,부산광역시 사상구 덕포동,부상신고사고,0,0,0,2,차대차 - 추돌 - 진행중,안전운전불이행,습기,비,교차로 - 교차로부근,승용,남,48세,상해없음,승용,남,52세,부상신고
2013033100100083,2013년 3월 31일 04시,일요일,부산광역시 해운대구 석대동,경상사고,0,0,1,0,차량단독 - 기타,안전운전불이행,습기,비,단일로 - 기타,승용,남,72세,상해없음,,,,
2013033100100097,2013년 3월 31일 05시,일요일,부산광역시 남구 대연동,경상사고,0,0,1,0,차대차 - 측면직각충돌,신호위반,습기,흐림,교차로 - 교차로안,승용,남,23세,상해없음,승용,남,58세,경상
2013033100100098,2013년 3월 31일 05시,일요일,부산광역시 연제구 연산동,중상사고,0,1,0,0,차대차 - 측면직각충돌,교차로운행방법위반,습기,비,교차로 - 교차로안,승용,남,34세,상해없음,승합,남,51세,상해없음
2013033100100112,2013년 3월 31일 06시,일요일,부산광역시 동래구 온천동,경상사고,0,0,1,0,차대차 - 추돌 - 진행중,안전운전불이행,건조,맑음,단일로 - 터널,승용,남,28세,상해없음,승용,남,31세,경상
2013033100100113,2013년 3월 31일 06시,일요일,부산광역시 기장군 정관면,경상사고,0,0,2,0,차량단독 - 도로외이탈 - 추락,안전운전불이행,습기,비,단일로 - 기타,승용,남,38세,경상,,,,
2013033100100133,2013년 3월 31일 08시,일요일,부산광역시 부산진구 부전동,중상사고,0,1,0,0,차대차 - 기타,안전운전불이행,건조,맑음,단일로 - 기타,기타불명,기타불명,기타불명,기타불명,이륜,남,29세,중상