사고번호,사고일시,요일,시군구,사고내용,사망자수,중상자수,경상자수,부상신고자수,사고유형,법규위반,노면상태,기상상태,도로형태,가해운전자 차종,가해운전자 성별,가해운전자 연령,가해운전자 상해정도,피해운전자 차종,피해운전자 성별,피해운전자 연령,피해운전자 상해정도
2013033100100146,2013년 3월 31일 09시,일요일,부산광역시 기장군 기장읍,중상사고,0,3,1,0,차대차 - 측면직각충돌,안전거리미확보,건조,맑음,단일로 - 기타,승용,남,55세,상해없음,승용,여,34세,중상
2013033100100154,2013년 3월 31일 10시,일요일,부산광역시 중구 광복동1가,경상사고,0,0,1,0,차대사람 - 보도통행중,기타,건조,맑음,기타 - 기타,이륜,남,55세,상해없음,보행자,남,24세,경상
2013033100100155,2013년 3월 31일 10시,일요일,부산광역시 부산진구 부전동,경상사고,0,0,1,0,차대차 - 추돌 - 진행중,안전운전불이행,건조,맑음,교차로 - 교차로부근,승용,남,66세,상해없음,이륜,남,75세,경상
2013033100100156,2013년 3월 31일 10시,일요일,부산광역시 사상구 모라동,중상사고,0,1,0,0,차대사람 - 횡단중,안전운전불이행,건조,맑음,단일로 - 기타,승용,남,42세,상해없음,보행자,여,77세,중상
2013033100100175,2013년 3월 31일 11시,일요일,부산광역시 동래구 온천동,경상사고,0,0,3,0,차대차 - 추돌 - 진행중,안전운전불이행,건조,맑음,단일로 - 기타,승용,남,68세,상해없음,승용,남,41세,경상
2013033100100188,2013년 3월 31일 12시,일요일,부산광역시 수영구 민락동,경상사고,0,0,1,0,차대차 - 기타,교차로운행방법위반,건조,맑음,기타 - 기타,승용,여,49세,상해없음,자전거,남,14세,경상
2013033100100239,2013년 3월 31일 14시,일요일,부산광역시 동래구 안락동,중상사고,0,1,0,0,차대차 - 측면직각충돌,신호위반,건조,맑음,교차로 - 교차로안,승용,남,38세,상해없음,승용,남,49세,중상
2013033100100240,2013년 3월 31일 14시,일요일,부산광역시 사하구 괴정동,경상사고,0,0,1,0,차대차 - 추돌 - 주정차중,안전운전불이행,건조,맑음,기타 - 기타,화물,남,46세,상해없음,승용,남,26세,경상
2013033100100298,2013년 3월 31일 16시,일요일,부산광역시 북구 화명동,중상사고,0,1,1,0,차량단독 - 기타,안전운전불이행,건조,맑음,단일로 - 기타,승합,남,59세,상해없음,,,,
2013033100100299,2013년 3월 31일 16시,일요일,부산광역시 사하구 하단동,경상사고,0,0,1,0,차대차 - 측면직각충돌,신호위반,건조,맑음,교차로 - 교차로안,승용,여,39세,상해없음,원동기,남,23세,경상
2013033100100358,2013년 3월 31일 18시,일요일,부산광역시 기장군 기장읍,경상사고,0,0,1,0,차대사람 - 횡단중,안전운전불이행,건조,맑음,교차로 - 교차로부근,승용,남,65세,상해없음,보행자,남,55세,경상
2013033100100381,2013년 3월 31일 19시,일요일,부산광역시 해운대구 좌동,경상사고,0,0,2,0,차대차 - 측면직각충돌,안전운전불이행,건조,맑음,단일로 - 기타,승용,남,59세,상해없음,승용,남,55세,경상
2013033100100418,2013년 3월 31일 20시,일요일,부산광역시 부산진구 초읍동,중상사고,0,1,0,0,차대차 - 측면직각충돌,중앙선침범,건조,맑음,교차로 - 교차로부근,화물,여,40세,상해없음,이륜,남,39세,중상
2013033100100419,2013년 3월 31일 20시,일요일,부산광역시 부산진구 부암동,중상사고,0,1,1,0,차대사람 - 횡단중,안전운전불이행,건조,맑음,단일로 - 횡단보도상,승용,여,53세,상해없음,보행자,남,60세,중상
2013033100100483,2013년 3월 31일 22시,일요일,부산광역시 서구 암남동,경상사고,0,0,2,0,차대차 - 추돌 - 주정차중,안전운전불이행,건조,맑음,교차로 - 교차로부근,승용,남,60세,상해없음,승용,남,22세,경상
2013033100100484,2013년 3월 31일 22시,일요일,부산광역시 기장군 기장읍,중상사고,0,1,0,0,차대차 - 측면직각충돌,안전거리미확보,건조,맑음,교차로 - 교차로안,화물,기타불명,기타불명,기타불명,이륜,남,19세,중상
2013040100100013,2013년 4월 1일 01시,월요일,부산광역시 서구 암남동,경상사고,0,0,1,0,차대사람 - 차도통행중,안전운전불이행,건조,맑음,교차로 - 교차로부근,승용,남,48세,상해없음,보행자,남,28세,경상
2013040100100014,2013년 4월 1일 01시,월요일,부산광역시 수영구 광안동,중상사고,0,1,0,0,차대차 - 추돌 - 진행중,안전운전불이행,건조,맑음,단일로 - 기타,승용,남,65세,기타불명,승용,남,55세,중상
2013040100100015,2013년 4월 1일 01시,월요일,부산광역시 남구 대연동,중상사고,0,1,0,0,차대사람 - 기타,안전운전불이행,건조,맑음,교차로 - 교차로안,이륜,남,31세,상해없음,보행자,남,19세,중상
2013040100100043,2013년 4월 1일 05시,월요일,부산광역시 강서구 대저1동,중상사고,0,1,0,0,차대사람 - 길가장자리구역통행중,안전운전불이행,건조,맑음,단일로 - 기타,이륜,남,25세,상해없음,보행자,남,57세,중상
2013040100100057,2013년 4월 1일 06시,월요일,부산광역시 부산진구 범천동,중상사고,0,1,0,0,차대차 - 측면직각충돌,안전거리미확보,건조,맑음,단일로 - 기타,승용,기타불명,기타불명,기타불명,승용,남,46세,중상
2013040100100067,2013년 4월 1일 07시,월요일,부산광역시 남구 대연동,경상사고,0,0,1,0,차대차 - 기타,안전운전불이행,건조,맑음,교차로 - 교차로안,승용,여,48세,상해없음,원동기,남,32세,경상
2013040100100093,2013년 4월 1일 08시,월요일,부산광역시 해운대구 반송동,경상사고,0,0,1,0,차대사람 - 기타,안전운전불이행,건조,맑음,단일로 - 기타,승용,기타불명,기타불명,기타불명,보행자,남,8세,경상
2013040100100094,2013년 4월 1일 08시,월요일,부산광역시 사하구 괴정동,중상사고,0,1,0,0,차대사람 - 기타,안전운전불이행,건조,맑음,단일로 - 기타,승용,남,50세,상해없음,보행자,여,29세,중상
2013040100100095,2013년 4월 1일 08시,월요일,부산광역시 강서구 송정동,중상사고,0,1,0,0,차대차 - 추돌 - 진행중,안전운전불이행,건조,맑음,기타 - 기타,승용,남,51세,상해없음,승용,남,50세,중상
2013040100100148,2013년 4월 1일 10시,월요일,부산광역시 남구 문현동,중상사고,0,1,0,0,차대사람 - 기타,보행자보호의무위반,건조,맑음,교차로 - 교차로부근,화물,남,32세,상해없음,보행자,여,42세,중상
2013040100100150,2013년 4월 1일 10시,월요일,부산광역시 동래구 온천동,경상사고,0,0,1,0,차대차 - 측면직각충돌,신호위반,건조,맑음,교차로 - 교차로안,승용,남,35세,상해없음,승용,여,37세,경상
2013040100100151,2013년 4월 1일 10시,월요일,부산광역시 해운대구 우동,중상사고,0,1,0,0,차대사람 - 횡단중,신호위반,건조,맑음,단일로 - 횡단보도상,화물,남,64세,상해없음,보행자,여,52세,중상
2013040100100202,2013년 4월 1일 12시,월요일,부산광역시 기장군 기장읍,경상사고,0,0,1,0,차대사람 - 길가장자리구역통행중,안전운전불이행,건조,맑음,단일로 - 기타,화물,남,57세,상해없음,보행자,여,59세,경상
2013040100100228,2013년 4월 1일 13시,월요일,부산광역시 북구 덕천동,중상사고,0,1,0,0,차대사람 - 횡단중,안전운전불이행,건조,맑음,단일로 - 횡단보도상,이륜,남,22세,상해없음,보행자,남,67세,중상
2013040100100229,2013년 4월 1일 13시,월요일,부산광역시 동래구 사직동,중상사고,0,1,0,0,차대사람 - 기타,안전운전불이행,건조,맑음,단일로 - 기타,승용,남,33세,상해없음,보행자,남,7세,중상
2013040100100230,2013년 4월 1일 13시,월요일,부산광역시 해운대구 우동,사망사고,1,0,0,0,차대차 - 측면직각충돌,신호위반,건조,맑음,단일로 - 횡단보도상,승용,남,58세,상해없음,자전거,남,75세,사망
2013040100100253,2013년 4월 1일 14시,월요일,부산광역시 영도구 남항동1가,중상사고,0,1,0,0,차대사람 - 차도통행중,신호위반,건조,맑음,단일로 - 횡단보도부근,화물,남,35세,상해없음,보행자,여,83세,중상
2013040100100254,2013년 4월 1일 14시,월요일,부산광역시 해운대구 우동,경상사고,0,0,1,0,차대차 - 추돌 - 진행중,안전운전불이행,건조,맑음,단일로 - 기타,화물,남,47세,상해없음,승용,남,39세,경상
2013040100100255,2013년 4월 1일 14시,월요일,부산광역시 부산진구 당감동,경상사고,0,0,1,0,차량단독 - 기타,안전운전불이행,건조,맑음,단일로 - 기타,승합,남,45세,상해없음,,,,
2013040100100256,2013년 4월 1일 14시,월요일,부산광역시 금정구 금사동,부상신고사고,0,0,0,1,차대차 - 측면직각충돌,불법유턴,건조,맑음,교차로 - 교차로부근,자전거,남,53세,부상신고,이륜,남,38세,상해없음
2013040100100306,2013년 4월 1일 16시,월요일,부산광역시 부산진구 전포동,중상사고,0,1,0,0,차대차 - 추돌 - 주정차중,안전운전불이행,건조,맑음,단일로 - 기타,화물,남,51세,상해없음,승용,남,43세,중상
2013040100100308,2013년 4월 1일 16시,월요일,부산광역시 사상구 학장동,경상사고,0,0,1,0,차대사람 - 횡단중,안전운전불이행,건조,맑음,단일로 - 기타,화물,남,59세,상해없음,보행자,남,13세,경상
2013040100100309,2013년 4월 1일 16시,월요일,부산광역시 기장군 정관면,중상사고,0,1,0,0,차대사람 - 횡단중,안전운전불이행,건조,맑음,단일로 - 횡단보도상,화물,남,36세,상해없음,보행자,남,12세,중상
2013040100100345,2013년 4월 1일 17시,월요일,부산광역시 남구 감만동,중상사고,0,1,0,0,차대사람 - 횡단중,안전운전불이행,건조,맑음,단일로 - 기타,승용,남,38세,상해없음,보행자,남,60세,중상
2013040100100375,2013년 4월 1일 18시,월요일,부산광역시 서구 충무동3가,중상사고,0,1,0,0,차대사람 - 기타,안전운전불이행,건조,맑음,단일로 - 기타,원동기,남,63세,상해없음,보행자,여,72세,중상
2013040100100376,2013년 4월 1일 18시,월요일,부산광역시 사하구 감천동,중상사고,0,1,0,0,차대차 - 측면직각충돌,안전운전불이행,건조,맑음,단일로 - 기타,승용,남,57세,상해없음,원동기,남,31세,중상
2013040100100377,2013년 4월 1일 18시,월요일,부산광역시 사하구 감천동,경상사고,0,0,1,0,차대차 - 기타,안전운전불이행,건조,맑음,단일로 - 기타,화물,남,50세,상해없음,승용,남,28세,경상
2013040100100401,2013년 4월 1일 19시,월요일,부산광역시 금정구 부곡동,중상사고,0,1,0,0,차대차 - 기타,기타,건조,맑음,단일로 - 기타,화물,남,50세,상해없음,자전거,여,59세,중상
2013040100100432,2013년 4월 1일 20시,월요일,부산광역시 동래구 안락동,경상사고,0,0,1,0,차대차 - 기타,불법유턴,건조,맑음,단일로 - 기타,자전거,남,15세,상해없음,승용,남,30세,상해없음
2013040100100433,2013년 4월 1일 20시,월요일,부산광역시 해운대구 우동,경상사고,0,0,1,2,차대차 - 추돌 - 진행중,차로위반,건조,맑음,단일로 - 기타,이륜,남,16세,경상,승용,남,48세,부상신고
2013040100100461,2013년 4월 1일 21시,월요일,부산광역시 사하구 장림동,경상사고,0,0,1,0,차대차 - 측면직각충돌,안전운전불이행,건조,맑음,교차로 - 교차로부근,화물,남,51세,상해없음,승용,남,63세,경상
2013040100100487,2013년 4월 1일 22시,월요일,부산광역시 해운대구 재송동,부상신고사고,0,0,0,1,차대사람 - 차도통행중,교차로운행방법위반,건조,맑음,교차로 - 교차로안,승합,남,55세,상해없음,보행자,남,39세,부상신고
2013040100100515,2013년 4월 1일 23시,월요일,부산광역시 금정구 구서동,경상사고,0,0,1,0,차대사람 - 횡단중,안전운전불이행,건조,맑음,교차로 - 교차로안,승용,여,52세,상해없음,보행자,여,33세,경상
2013040100100516,2013년 4월 1일 23시,월요일,부산광역시 연제구 연산동,부상신고사고,0,0,0,1,차대사람 - 횡단중,안전운전불이행,건조,맑음,단일로 - 기타,승용,여,51세,상해없음,보행자,남,50세,부상신고
2013040200100009,2013년 4월 2일 00시,화요일,부산광역시 사하구 괴정동,경상사고,0,0,1,1,차대사람 - 횡단중,안전운전불이행,건조,맑음,단일로 - 기타,승용,남,51세,상해없음,보행자,남,59세,부상신고
2013040200100031,2013년 4월 2일 01시,화요일,부산광역시 서구 동대신동3가,중상사고,0,1,0,0,차대차 - 측면직각충돌,신호위반,건조,맑음,교차로 - 교차로안,승용,남,49세,상해없음,승용,남,68세,상해없음
2013040200100116,2013년 4월 2일 07시,화요일,부산광역시 강서구 대저1동,중상사고,0,1,2,0,차대차 - 측면직각충돌,교차로운행방법위반,건조,맑음,교차로 - 교차로안,승용,남,52세,상해없음,승용,남,35세,경상
2013040200100117,2013년 4월 2일 07시,화요일,부산광역시 사상구 모라동,중상사고,0,1,0,0,차대사람 - 기타,보행자보호의무위반,건조,맑음,교차로 - 교차로부근,승용,남,63세,상해없음,보행자,여,33세,중상
2013040200100181,2013년 4월 2일 09시,화요일,부산광역시 강서구 대저2동,경상사고,0,0,2,0,차대차 - 측면직각충돌,기타,건조,맑음,교차로 - 교차로안,승용,여,45세,경상,승용,남,46세,경상
2013040200100182,2013년 4월 2일 09시,화요일,부산광역시 사상구 괘법동,중상사고,0,1,0,0,차대사람 - 기타,불법유턴,건조,맑음,단일로 - 기타,화물,남,45세,상해없음,보행자,여,65세,중상
2013040200100214,2013년 4월 2일 10시,화요일,부산광역시 사하구 구평동,경상사고,0,0,1,0,차대사람 - 횡단중,신호위반,건조,맑음,단일로 - 기타,화물,남,38세,상해없음,보행자,여,72세,경상
2013040200100215,2013년 4월 2일 10시,화요일,부산광역시 사상구 감전동,사망사고,1,0,0,0,차대차 - 추돌 - 주정차중,안전운전불이행,건조,맑음,단일로 - 기타,화물,남,61세,상해없음,자전거,남,60세,사망
2013040200100273,2013년 4월 2일 13시,화요일,부산광역시 사하구 하단동,경상사고,0,0,2,0,차대차 - 기타,교차로운행방법위반,건조,맑음,교차로 - 교차로안,승용,남,29세,상해없음,승용,남,39세,경상
2013040200100294,2013년 4월 2일 14시,화요일,부산광역시 북구 덕천동,경상사고,0,0,2,0,차대차 - 측면직각충돌,안전운전불이행,건조,맑음,교차로 - 교차로안,승용,남,54세,상해없음,승용,남,31세,경상
2013040200100295,2013년 4월 2일 14시,화요일,부산광역시 해운대구 중동,경상사고,0,0,2,0,차대차 - 측면직각충돌,교차로운행방법위반,기타,맑음,교차로 - 교차로안,승용,여,72세,상해없음,승용,여,35세,경상
2013040200100318,2013년 4월 2일 15시,화요일,부산광역시 금정구 장전동,중상사고,0,1,0,0,차대사람 - 횡단중,신호위반,건조,맑음,교차로 - 교차로안,승용,남,46세,상해없음,보행자,여,63세,중상
2013040200100319,2013년 4월 2일 15시,화요일,부산광역시 사상구 덕포동,경상사고,0,0,1,0,차대사람 - 횡단중,안전운전불이행,건조,맑음,단일로 - 기타,화물,남,38세,상해없음,보행자,남,10세,경상
2013040200100348,2013년 4월 2일 16시,화요일,부산광역시 수영구 광안동,중상사고,0,1,0,0,차대사람 - 기타,안전운전불이행,건조,맑음,단일로 - 기타,승용,남,32세,상해없음,보행자,남,78세,중상
2013040200100349,2013년 4월 2일 16시,화요일,부산광역시 동래구 안락동,중상사고,0,1,0,0,차대사람 - 횡단중,안전운전불이행,건조,맑음,단일로 - 기타,승용,남,34세,상해없음,보행자,여,53세,중상
2013040200100350,2013년 4월 2일 16시,화요일,부산광역시 사하구 괴정동,경상사고,0,0,1,0,차대사람 - 기타,안전운전불이행,건조,맑음,단일로 - 기타,승용,남,67세,기타불명,보행자,여,28세,경상
2013040200100378,2013년 4월 2일 17시,화요일,부산광역시 동래구 온천동,중상사고,0,1,2,0,차대사람 - 횡단중,안전운전불이행,건조,맑음,교차로 - 교차로부근,승용,남,57세,상해없음,보행자,남,45세,경상
2013040200100404,2013년 4월 2일 18시,화요일,부산광역시 동구 수정동,중상사고,0,1,0,0,차대차 - 추돌 - 주정차중,안전거리미확보,건조,맑음,단일로 - 기타,승용,남,60세,상해없음,승용,남,47세,중상
2013040200100405,2013년 4월 2일 18시,화요일,부산광역시 동래구 안락동,경상사고,0,0,1,0,차대사람 - 차도통행중,안전운전불이행,건조,흐림,단일로 - 기타,화물,남,32세,상해없음,보행자,남,58세,경상
2013040200100406,2013년 4월 2일 18시,화요일,부산광역시 사하구 하단동,중상사고,0,1,0,0,차대사람 - 횡단중,안전운전불이행,건조,맑음,단일로 - 기타,승용,여,23세,상해없음,보행자,남,14세,중상
2013040200100440,2013년 4월 2일 19시,화요일,부산광역시 해운대구 좌동,경상사고,0,0,1,0,차대차 - 추돌 - 진행중,안전운전불이행,건조,맑음,교차로 - 교차로안,승합,남,66세,상해없음,승용,남,46세,경상
2013040200100441,2013년 4월 2일 19시,화요일,부산광역시 사하구 다대동,경상사고,0,0,1,0,차대사람 - 기타,안전운전불이행,건조,맑음,단일로 - 기타,승합,남,58세,상해없음,보행자,여,45세,경상
2013040200100469,2013년 4월 2일 20시,화요일,부산광역시 부산진구 개금동,중상사고,0,1,0,0,차대사람 - 기타,보행자보호의무위반,건조,맑음,단일로 - 횡단보도상,승용,남,49세,상해없음,보행자,여,26세,중상
2013040200100470,2013년 4월 2일 20시,화요일,부산광역시 금정구 장전동,중상사고,0,1,0,0,차대차 - 기타,안전운전불이행,건조,맑음,단일로 - 기타,승용,남,46세,상해없음,자전거,남,22세,중상
2013040200100471,2013년 4월 2일 20시,화요일,부산광역시 사상구 괘법동,경상사고,0,0,1,0,차대차 - 기타,중앙선침범,건조,맑음,교차로 - 교차로부근,승용,남,30세,상해없음,원동기,남,29세,경상
2013040200100503,2013년 4월 2일 21시,화요일,부산광역시 남구 대연동,중상사고,0,1,0,0,차대사람 - 기타,안전운전불이행,건조,맑음,단일로 - 기타,승합,남,53세,상해없음,보행자,남,32세,중상
2013040200100504,2013년 4월 2일 21시,화요일,부산광역시 영도구 동삼동,중상사고,0,1,0,0,차대차 - 추돌 - 진행중,안전운전불이행,건조,흐림,단일로 - 기타,승용,남,25세,상해없음,이륜,남,50세,중상
2013040200100505,2013년 4월 2일 21시,화요일,부산광역시 강서구 신호동,중상사고,0,2,4,0,차대차 - 추돌 - 주정차중,안전운전불이행,건조,맑음,단일로 - 기타,화물,남,52세,상해없음,화물,남,35세,경상
2013040200100506,2013년 4월 2일 21시,화요일,부산광역시 사상구 괘법동,경상사고,0,0,1,1,차대차 - 기타,차로위반,건조,맑음,단일로 - 기타,승용,여,28세,부상신고,승용,여,31세,경상
2013040200100543,2013년 4월 2일 22시,화요일,부산광역시 서구 동대신동3가,중상사고,0,1,4,0,차대차 - 측면직각충돌,신호위반,건조,맑음,교차로 - 교차로안,승용,남,54세,경상,승합,남,54세,상해없음
2013040200100544,2013년 4월 2일 22시,화요일,부산광역시 해운대구 우동,경상사고,0,0,1,0,차대차 - 추돌 - 진행중,교차로운행방법위반,건조,맑음,교차로 - 교차로안,승용,남,51세,상해없음,승용,남,42세,경상
2013040200100545,2013년 4월 2일 22시,화요일,부산광역시 부산진구 가야동,중상사고,0,2,3,0,차대차 - 기타,과속,건조,맑음,단일로 - 기타,승용,남,62세,상해없음,승용,남,27세,중상
2013040200100571,2013년 4월 2일 23시,화요일,부산광역시 부산진구 부암동,중상사고,0,1,1,0,차대차 - 기타,신호위반,기타,맑음,교차로 - 교차로안,화물,남,36세,상해없음,승용,남,65세,중상
2013040200100572,2013년 4월 2일 23시,화요일,부산광역시 강서구 대저1동,경상사고,0,0,1,0,차대차 - 추돌 - 주정차중,중앙선침범,건조,맑음,기타 - 기타,화물,남,43세,상해없음,화물,남,34세,경상
2013040300100009,2013년 4월 3일 00시,수요일,부산광역시 사하구 하단동,경상사고,0,0,1,0,차대차 - 추돌 - 주정차중,안전운전불이행,건조,맑음,교차로 - 교차로부근,승용,남,32세,상해없음,승용,여,54세,경상
2013040300100010,2013년 4월 3일 00시,수요일,부산광역시 사하구 신평동,경상사고,0,0,1,0,차대사람 - 횡단중,안전운전불이행,건조,맑음,단일로 - 횡단보도부근,승용,남,45세,상해없음,보행자,남,18세,경상
2013040300100011,2013년 4월 3일 00시,수요일,부산광역시 연제구 연산동,경상사고,0,0,1,0,차대차 - 측면직각충돌,안전운전불이행,건조,맑음,단일로 - 기타,승용,남,29세,상해없음,승용,남,38세,경상
2013040300100046,2013년 4월 3일 02시,수요일,부산광역시 수영구 남천동,중상사고,0,1,1,0,차량단독 - 공작물충돌,안전운전불이행,건조,맑음,단일로 - 기타,원동기,남,17세,경상,,,,
2013040300100052,2013년 4월 3일 03시,수요일,부산광역시 사상구 덕포동,중상사고,0,2,0,0,차대차 - 기타,차로위반,건조,맑음,단일로 - 기타,화물,남,18세,상해없음,이륜,남,53세,중상
2013040300100070,2013년 4월 3일 05시,수요일,부산광역시 해운대구 우동,경상사고,0,0,2,0,차대차 - 정면충돌,신호위반,건조,맑음,교차로 - 교차로안,이륜,남,67세,경상,승용,여,46세,경상
2013040300100092,2013년 4월 3일 07시,수요일,부산광역시 사하구 하단동,경상사고,0,0,2,0,차대차 - 측면직각충돌,안전운전불이행,건조,맑음,단일로 - 기타,화물,남,33세,상해없음,승용,여,47세,경상
2013040300100093,2013년 4월 3일 07시,수요일,부산광역시 강서구 송정동,중상사고,0,2,0,0,차대사람 - 횡단중,신호위반,건조,맑음,교차로 - 교차로부근,승용,남,23세,상해없음,보행자,남,62세,중상
2013040300100119,2013년 4월 3일 08시,수요일,부산광역시 서구 서대신동3가,중상사고,0,1,0,0,차대사람 - 기타,신호위반,건조,맑음,단일로 - 기타,승용,남,52세,상해없음,보행자,남,11세,중상
2013040300100120,2013년 4월 3일 08시,수요일,부산광역시 부산진구 범천동,경상사고,0,0,1,0,차대차 - 기타,안전운전불이행,건조,맑음,단일로 - 기타,승용,남,40세,상해없음,승용,남,44세,경상
2013040300100159,2013년 4월 3일 09시,수요일,부산광역시 사상구 주례동,경상사고,0,0,2,0,차대차 - 추돌 - 진행중,안전운전불이행,건조,맑음,교차로 - 교차로안,승용,여,36세,상해없음,승용,남,72세,경상
2013040300100186,2013년 4월 3일 10시,수요일,부산광역시 해운대구 우동,경상사고,0,0,1,0,차대차 - 측면직각충돌,중앙선침범,건조,흐림,단일로 - 횡단보도부근,승용,남,69세,상해없음,원동기,남,54세,경상
2013040300100187,2013년 4월 3일 10시,수요일,부산광역시 부산진구 전포동,중상사고,0,1,0,0,차대사람 - 기타,안전운전불이행,건조,맑음,단일로 - 기타,승용,남,64세,상해없음,보행자,여,83세,중상
2013040300100227,2013년 4월 3일 12시,수요일,부산광역시 기장군 기장읍,경상사고,0,0,1,0,차대사람 - 기타,안전운전불이행,건조,맑음,단일로 - 기타,승용,남,30세,상해없음,보행자,남,41세,경상
2013040300100247,2013년 4월 3일 13시,수요일,부산광역시 북구 구포동,경상사고,0,0,1,0,차대차 - 추돌 - 진행중,차로위반,건조,맑음,단일로 - 기타,기타불명,기타불명,기타불명,기타불명,승용,남,57세,경상
2013040300100248,2013년 4월 3일 13시,수요일,부산광역시 연제구 연산동,중상사고,0,1,0,0,차대차 - 추돌 - 주정차중,안전운전불이행,건조,맑음,단일로 - 기타,승용,여,58세,상해없음,화물,남,48세,기타불명
2013040300100307,2013년 4월 3일 15시,수요일,부산광역시 사하구 하단동,경상사고,0,0,1,0,차대차 - 측면직각충돌,안전운전불이행,건조,맑음,단일로 - 기타,특수,남,50세,상해없음,승용,남,31세,경상
2013040300100331,2013년 4월 3일 16시,수요일,부산광역시 남구 용호동,중상사고,0,1,0,0,차대사람 - 횡단중,안전운전불이행,건조,맑음,단일로 - 기타,승합,남,66세,상해없음,보행자,여,71세,중상
2013040300100332,2013년 4월 3일 16시,수요일,부산광역시 동래구 사직동,중상사고,0,1,0,0,차대사람 - 횡단중,안전운전불이행,건조,맑음,단일로 - 기타,승용,남,32세,상해없음,보행자,남,13세,중상
2013040300100368,2013년 4월 3일 17시,수요일,부산광역시 북구 구포동,경상사고,0,0,1,0,차대사람 - 기타,안전운전불이행,건조,맑음,기타 - 기타,승용,남,23세,기타불명,보행자,여,17세,경상
2013040300100369,2013년 4월 3일 17시,수요일,부산광역시 북구 금곡동,중상사고,0,1,0,0,차대차 - 측면직각충돌,신호위반,건조,맑음,단일로 - 횡단보도상,승용,여,47세,상해없음,자전거,남,22세,중상
2013040300100370,2013년 4월 3일 17시,수요일,부산광역시 북구 구포동,중상사고,0,1,0,0,차대사람 - 보도통행중,안전운전불이행,건조,맑음,단일로 - 기타,승용,여,53세,상해없음,보행자,여,10세,중상
2013040300100412,2013년 4월 3일 18시,수요일,부산광역시 해운대구 반송동,중상사고,0,1,0,0,차대사람 - 횡단중,보행자보호의무위반,기타,흐림,단일로 - 횡단보도상,승용,남,53세,상해없음,보행자,남,59세,중상
2013040300100458,2013년 4월 3일 19시,수요일,부산광역시 동래구 안락동,중상사고,0,1,0,0,차대사람 - 횡단중,안전운전불이행,건조,맑음,단일로 - 기타,승용,남,49세,상해없음,보행자,남,46세,중상
2013040300100459,2013년 4월 3일 19시,수요일,부산광역시 연제구 연산동,경상사고,0,0,1,0,차대차 - 추돌 - 진행중,안전운전불이행,건조,맑음,단일로 - 기타,승용,기타불명,기타불명,기타불명,승용,여,71세,경상
2013040300100460,2013년 4월 3일 19시,수요일,부산광역시 기장군 기장읍,부상신고사고,0,0,0,1,차대차 - 측면직각충돌,안전운전불이행,건조,맑음,기타 - 기타,승용,남,41세,상해없음,자전거,남,56세,부상신고
2013040300100496,2013년 4월 3일 20시,수요일,부산광역시 연제구 연산동,중상사고,0,2,0,0,차대차 - 측면직각충돌,신호위반,건조,맑음,교차로 - 교차로안,승용,남,66세,상해없음,승용,남,43세,중상
2013040300100497,2013년 4월 3일 20시,수요일,부산광역시 사상구 주례동,경상사고,0,0,2,0,차대차 - 측면직각충돌,교차로운행방법위반,건조,맑음,교차로 - 교차로안,승용,남,47세,상해없음,승용,남,60세,경상
2013040300100597,2013년 4월 3일 23시,수요일,부산광역시 중구 부평동1가,중상사고,0,1,0,0,차대사람 - 횡단중,안전운전불이행,건조,맑음,단일로 - 횡단보도상,승용,남,38세,상해없음,보행자,남,35세,중상
2013040300100598,2013년 4월 3일 23시,수요일,부산광역시 해운대구 반여동,경상사고,0,0,1,0,차대차 - 측면직각충돌,안전운전불이행,건조,맑음,단일로 - 기타,승용,여,44세,상해없음,이륜,남,17세,경상
2013040300100599,2013년 4월 3일 23시,수요일,부산광역시 사하구 괴정동,중상사고,0,2,0,0,차대차 - 기타,신호위반,건조,맑음,교차로 - 교차로안,승용,남,58세,상해없음,승용,남,39세,중상
2013040400100009,2013년 4월 4일 00시,목요일,부산광역시 연제구 연산동,경상사고,0,0,2,0,차대차 - 측면직각충돌,안전운전불이행,건조,맑음,교차로 - 교차로부근,승용,남,34세,상해없음,승용,남,52세,경상
2013040400100035,2013년 4월 4일 01시,목요일,부산광역시 동구 초량동,중상사고,0,1,0,0,차대사람 - 기타,안전운전불이행,건조,맑음,단일로 - 기타,승용,남,49세,상해없음,보행자,남,52세,중상
2013040400100051,2013년 4월 4일 02시,목요일,부산광역시 영도구 봉래동1가,경상사고,0,0,1,0,차대차 - 측면직각충돌,신호위반,건조,맑음,교차로 - 교차로안,승용,남,46세,상해없음,승용,남,67세,상해없음
2013040400100061,2013년 4월 4일 03시,목요일,부산광역시 수영구 광안동,경상사고,0,0,1,0,차대차 - 기타,안전거리미확보,건조,맑음,단일로 - 기타,승용,남,37세,기타불명,승용,남,49세,경상
2013040400100072,2013년 4월 4일 05시,목요일,부산광역시 동구 범일동,중상사고,0,1,0,0,차대사람 - 기타,안전운전불이행,건조,맑음,교차로 - 교차로안,승용,남,44세,상해없음,보행자,남,56세,중상
2013040400100101,2013년 4월 4일 07시,목요일,부산광역시 수영구 민락동,중상사고,0,1,0,0,차대차 - 기타,교차로운행방법위반,건조,맑음,교차로 - 교차로부근,승용,여,23세,상해없음,자전거,남,73세,중상
2013040400100102,2013년 4월 4일 07시,목요일,부산광역시 영도구 남항동1가,경상사고,0,0,1,0,차대차 - 측면직각충돌,안전운전불이행,건조,맑음,단일로 - 기타,승용,남,58세,상해없음,이륜,남,52세,경상