사고번호,사고일시,요일,시군구,사고내용,사망자수,중상자수,경상자수,부상신고자수,사고유형,법규위반,노면상태,기상상태,도로형태,가해운전자 차종,가해운전자 성별,가해운전자 연령,가해운전자 상해정도,피해운전자 차종,피해운전자 성별,피해운전자 연령,피해운전자 상해정도
2013040400100134,2013년 4월 4일 08시,목요일,부산광역시 부산진구 초읍동,중상사고,0,1,0,0,차대사람 - 기타,안전운전불이행,건조,맑음,단일로 - 기타,승합,여,49세,상해없음,보행자,여,40세,중상
2013040400100171,2013년 4월 4일 09시,목요일,부산광역시 서구 동대신동3가,중상사고,0,1,0,0,차대사람 - 횡단중,보행자보호의무위반,건조,맑음,단일로 - 횡단보도상,화물,남,27세,상해없음,보행자,여,57세,중상
2013040400100217,2013년 4월 4일 11시,목요일,부산광역시 북구 만덕동,중상사고,0,1,0,0,차대사람 - 기타,기타,건조,맑음,단일로 - 기타,승합,남,54세,상해없음,보행자,여,84세,중상
2013040400100235,2013년 4월 4일 12시,목요일,부산광역시 금정구 두구동,경상사고,0,0,1,0,차대차 - 기타,안전운전불이행,건조,맑음,단일로 - 기타,기타불명,기타불명,기타불명,기타불명,자전거,여,46세,경상
2013040400100236,2013년 4월 4일 12시,목요일,부산광역시 연제구 연산동,중상사고,0,1,3,0,차대차 - 측면직각충돌,안전운전불이행,건조,맑음,단일로 - 기타,승용,남,53세,상해없음,승합,남,33세,상해없음
2013040400100237,2013년 4월 4일 12시,목요일,부산광역시 기장군 정관면,경상사고,0,0,1,0,차대사람 - 기타,안전운전불이행,건조,맑음,단일로 - 기타,승용,여,43세,상해없음,보행자,남,35세,경상
2013040400100256,2013년 4월 4일 13시,목요일,부산광역시 수영구 남천동,경상사고,0,0,1,0,차대사람 - 기타,안전운전불이행,건조,맑음,단일로 - 기타,승합,여,47세,상해없음,보행자,여,21세,경상
2013040400100257,2013년 4월 4일 13시,목요일,부산광역시 동래구 온천동,중상사고,0,1,0,0,차대차 - 측면직각충돌,안전운전불이행,건조,흐림,단일로 - 기타,승용,남,38세,상해없음,자전거,여,42세,중상
2013040400100258,2013년 4월 4일 13시,목요일,부산광역시 사상구 모라동,경상사고,0,0,1,0,차대차 - 측면직각충돌,직진우회전진행방해,건조,맑음,교차로 - 교차로안,화물,남,40세,상해없음,승용,남,50세,경상
2013040400100275,2013년 4월 4일 14시,목요일,부산광역시 연제구 연산동,경상사고,0,0,1,0,차대사람 - 차도통행중,안전운전불이행,건조,맑음,단일로 - 기타,승용,여,52세,상해없음,보행자,여,65세,경상
2013040400100297,2013년 4월 4일 15시,목요일,부산광역시 부산진구 부전동,중상사고,0,1,0,0,차대차 - 기타,안전운전불이행,건조,맑음,단일로 - 기타,기타불명,기타불명,기타불명,기타불명,자전거,남,61세,중상
2013040400100298,2013년 4월 4일 15시,목요일,부산광역시 사하구 당리동,중상사고,0,1,0,0,차대사람 - 기타,보행자보호의무위반,건조,맑음,교차로 - 교차로부근,승용,여,45세,상해없음,보행자,여,8세,중상
2013040400100299,2013년 4월 4일 15시,목요일,부산광역시 연제구 연산동,경상사고,0,0,1,0,차대차 - 측면직각충돌,안전운전불이행,건조,맑음,단일로 - 기타,승합,남,58세,상해없음,승용,여,51세,경상
2013040400100300,2013년 4월 4일 15시,목요일,부산광역시 기장군 정관면,경상사고,0,0,1,0,차량단독 - 공작물충돌,안전운전불이행,건조,맑음,교차로 - 교차로안,특수,남,46세,경상,,,,
2013040400100328,2013년 4월 4일 16시,목요일,부산광역시 해운대구 좌동,경상사고,0,0,1,0,차대사람 - 기타,안전운전불이행,건조,맑음,단일로 - 기타,승합,남,43세,상해없음,보행자,여,51세,경상
2013040400100329,2013년 4월 4일 16시,목요일,부산광역시 연제구 거제동,경상사고,0,0,1,0,차대사람 - 길가장자리구역통행중,안전운전불이행,건조,맑음,교차로 - 교차로부근,승용,여,45세,상해없음,보행자,여,67세,경상
2013040400100362,2013년 4월 4일 17시,목요일,부산광역시 부산진구 부전동,경상사고,0,0,2,0,차대차 - 측면직각충돌,안전거리미확보,건조,맑음,단일로 - 기타,승용,남,51세,상해없음,이륜,남,39세,경상
2013040400100363,2013년 4월 4일 17시,목요일,부산광역시 수영구 망미동,경상사고,0,0,1,0,차량단독 - 공작물충돌,안전운전불이행,건조,맑음,단일로 - 기타,승용,남,64세,상해없음,,,,
2013040400100441,2013년 4월 4일 19시,목요일,부산광역시 해운대구 좌동,경상사고,0,0,1,0,차대차 - 추돌 - 주정차중,안전거리미확보,건조,맑음,단일로 - 기타,승용,남,65세,상해없음,승용,여,46세,경상
2013040400100442,2013년 4월 4일 19시,목요일,부산광역시 금정구 부곡동,경상사고,0,0,1,0,차대사람 - 횡단중,안전운전불이행,건조,맑음,교차로 - 교차로안,승용,남,23세,상해없음,보행자,여,20세,경상
2013040400100474,2013년 4월 4일 20시,목요일,부산광역시 북구 화명동,중상사고,0,1,0,0,차대차 - 추돌 - 진행중,안전운전불이행,건조,맑음,기타 - 기타,기타불명,기타불명,기타불명,기타불명,이륜,남,41세,중상
2013040400100475,2013년 4월 4일 20시,목요일,부산광역시 사상구 모라동,중상사고,0,1,0,0,차대사람 - 기타,안전운전불이행,건조,맑음,교차로 - 교차로안,승합,남,35세,상해없음,보행자,남,56세,중상
2013040400100497,2013년 4월 4일 21시,목요일,부산광역시 북구 금곡동,중상사고,0,3,0,1,차대차 - 기타,안전운전불이행,습기,비,단일로 - 기타,승용,남,41세,부상신고,승용,남,56세,중상
2013040400100498,2013년 4월 4일 21시,목요일,부산광역시 해운대구 반여동,경상사고,0,0,1,0,차대사람 - 횡단중,보행자보호의무위반,건조,맑음,교차로 - 교차로안,승용,남,39세,상해없음,보행자,남,58세,경상
2013040400100533,2013년 4월 4일 22시,목요일,부산광역시 동래구 안락동,경상사고,0,0,1,0,차대차 - 측면직각충돌,신호위반,건조,맑음,교차로 - 교차로안,승용,남,53세,상해없음,원동기,남,45세,경상
2013040400100534,2013년 4월 4일 22시,목요일,부산광역시 연제구 연산동,중상사고,0,1,0,0,차대사람 - 길가장자리구역통행중,안전운전불이행,건조,맑음,단일로 - 기타,승용,기타불명,기타불명,기타불명,보행자,여,31세,중상
2013040400100535,2013년 4월 4일 22시,목요일,부산광역시 사상구 모라동,경상사고,0,0,2,0,차대차 - 기타,안전운전불이행,건조,맑음,교차로 - 교차로안,승용,여,45세,상해없음,이륜,남,20세,경상
2013040400100566,2013년 4월 4일 23시,목요일,부산광역시 부산진구 가야동,중상사고,0,1,0,0,차대사람 - 기타,보행자보호의무위반,건조,맑음,단일로 - 횡단보도상,승용,여,27세,상해없음,보행자,여,50세,중상
2013040500100008,2013년 4월 5일 00시,금요일,부산광역시 부산진구 전포동,중상사고,0,1,0,0,차대차 - 추돌 - 진행중,안전운전불이행,건조,맑음,단일로 - 기타,승용,기타불명,기타불명,기타불명,이륜,남,72세,상해없음
2013040500100009,2013년 4월 5일 00시,금요일,부산광역시 부산진구 개금동,중상사고,0,1,0,0,차대차 - 기타,안전거리미확보,건조,맑음,단일로 - 기타,화물,남,71세,상해없음,승용,남,52세,중상
2013040500100033,2013년 4월 5일 01시,금요일,부산광역시 수영구 민락동,중상사고,0,1,1,0,차대차 - 기타,안전운전불이행,건조,맑음,교차로 - 교차로안,승용,남,25세,상해없음,승용,남,54세,경상
2013040500100057,2013년 4월 5일 03시,금요일,부산광역시 수영구 망미동,중상사고,0,1,0,1,차대차 - 측면직각충돌,신호위반,건조,맑음,교차로 - 교차로안,이륜,남,16세,중상,승용,남,43세,상해없음
2013040500100058,2013년 4월 5일 03시,금요일,부산광역시 사상구 엄궁동,사망사고,1,0,0,0,차대차 - 기타,중앙선침범,건조,맑음,단일로 - 기타,이륜,남,71세,사망,승용,남,31세,상해없음
2013040500100072,2013년 4월 5일 05시,금요일,부산광역시 중구 남포동1가,중상사고,0,1,0,0,차대차 - 측면직각충돌,교차로운행방법위반,건조,맑음,단일로 - 횡단보도부근,승용,남,72세,상해없음,이륜,남,36세,중상
2013040500100073,2013년 4월 5일 05시,금요일,부산광역시 남구 대연동,중상사고,0,1,0,0,차대차 - 추돌 - 진행중,안전운전불이행,건조,맑음,단일로 - 기타,화물,남,45세,상해없음,이륜,남,40세,중상
2013040500100100,2013년 4월 5일 07시,금요일,부산광역시 금정구 서동,경상사고,0,0,1,0,차대사람 - 기타,안전운전불이행,건조,맑음,단일로 - 기타,승용,남,69세,상해없음,보행자,여,12세,경상
2013040500100101,2013년 4월 5일 07시,금요일,부산광역시 강서구 송정동,경상사고,0,0,1,0,차대차 - 측면직각충돌,신호위반,건조,맑음,교차로 - 교차로안,승용,남,30세,상해없음,승용,남,47세,경상
2013040500100102,2013년 4월 5일 07시,금요일,부산광역시 강서구 명지동,중상사고,0,1,0,0,차대차 - 기타,신호위반,건조,맑음,교차로 - 교차로부근,승용,남,44세,상해없음,자전거,남,36세,중상
2013040500100158,2013년 4월 5일 09시,금요일,부산광역시 동래구 명륜동,중상사고,0,1,1,0,차대차 - 측면직각충돌,교차로운행방법위반,건조,맑음,교차로 - 교차로안,승용,남,21세,상해없음,승용,여,38세,중상
2013040500100159,2013년 4월 5일 09시,금요일,부산광역시 부산진구 전포동,경상사고,0,0,2,0,차대차 - 기타,안전거리미확보,건조,맑음,교차로 - 교차로부근,승용,남,58세,상해없음,승용,여,33세,경상
2013040500100160,2013년 4월 5일 09시,금요일,부산광역시 사하구 괴정동,경상사고,0,0,1,0,차대사람 - 기타,안전운전불이행,건조,맑음,교차로 - 교차로안,승용,남,50세,상해없음,보행자,여,39세,경상
2013040500100161,2013년 4월 5일 09시,금요일,부산광역시 사하구 괴정동,경상사고,0,0,3,0,차대차 - 추돌 - 주정차중,안전거리미확보,건조,맑음,단일로 - 기타,화물,남,63세,상해없음,승용,여,63세,경상
2013040500100162,2013년 4월 5일 09시,금요일,부산광역시 강서구 성북동,중상사고,0,1,0,0,차대차 - 기타,안전운전불이행,기타,맑음,단일로 - 기타,건설기계,남,36세,상해없음,승합,남,39세,중상
2013040500100163,2013년 4월 5일 09시,금요일,부산광역시 사상구 감전동,경상사고,0,0,1,1,차대차 - 추돌 - 주정차중,안전운전불이행,건조,맑음,단일로 - 기타,화물,남,55세,상해없음,승용,남,55세,경상
2013040500100196,2013년 4월 5일 10시,금요일,부산광역시 남구 용호동,중상사고,0,1,0,0,차대사람 - 횡단중,보행자보호의무위반,건조,맑음,단일로 - 횡단보도상,승용,남,48세,상해없음,보행자,여,83세,중상
2013040500100197,2013년 4월 5일 10시,금요일,부산광역시 동래구 온천동,중상사고,0,1,0,0,차대차 - 측면직각충돌,중앙선침범,건조,맑음,단일로 - 기타,원동기,남,32세,상해없음,원동기,남,68세,중상
2013040500100217,2013년 4월 5일 11시,금요일,부산광역시 수영구 망미동,경상사고,0,0,1,0,차대사람 - 차도통행중,안전운전불이행,건조,맑음,단일로 - 기타,승용,여,45세,상해없음,보행자,여,48세,경상
2013040500100267,2013년 4월 5일 13시,금요일,부산광역시 수영구 망미동,경상사고,0,0,3,0,차대차 - 추돌 - 진행중,안전거리미확보,건조,맑음,단일로 - 기타,승용,여,61세,상해없음,승합,남,51세,상해없음
2013040500100268,2013년 4월 5일 13시,금요일,부산광역시 강서구 대저2동,경상사고,0,0,1,0,차대차 - 기타,신호위반,건조,맑음,교차로 - 교차로안,특수,남,58세,상해없음,승용,남,29세,경상
2013040500100269,2013년 4월 5일 13시,금요일,부산광역시 사상구 주례동,중상사고,0,1,1,1,차대차 - 측면직각충돌,안전운전불이행,건조,맑음,기타 - 기타,승용,남,25세,부상신고,승용,남,50세,경상
2013040500100270,2013년 4월 5일 13시,금요일,부산광역시 사상구 모라동,중상사고,0,2,1,0,차대차 - 추돌 - 진행중,안전운전불이행,건조,맑음,교차로 - 교차로안,화물,남,49세,경상,화물,남,40세,중상
2013040500100295,2013년 4월 5일 14시,금요일,부산광역시 수영구 망미동,중상사고,0,1,0,0,차대차 - 추돌 - 진행중,기타,건조,맑음,단일로 - 기타,승용,남,46세,상해없음,이륜,남,23세,중상
2013040500100314,2013년 4월 5일 15시,금요일,부산광역시 강서구 대저1동,경상사고,0,0,1,0,차대차 - 기타,안전운전불이행,건조,맑음,단일로 - 기타,화물,남,65세,상해없음,화물,남,27세,경상
2013040500100352,2013년 4월 5일 16시,금요일,부산광역시 서구 암남동,중상사고,0,1,0,0,차대사람 - 기타,안전운전불이행,건조,맑음,단일로 - 횡단보도부근,화물,남,62세,상해없음,보행자,여,45세,중상
2013040500100353,2013년 4월 5일 16시,금요일,부산광역시 사하구 감천동,경상사고,0,0,1,0,차대사람 - 길가장자리구역통행중,안전운전불이행,건조,맑음,단일로 - 기타,승용,남,58세,상해없음,보행자,여,50세,경상
2013040500100354,2013년 4월 5일 16시,금요일,부산광역시 사상구 학장동,경상사고,0,0,1,0,차대차 - 측면직각충돌,중앙선침범,건조,맑음,단일로 - 기타,화물,남,40세,상해없음,승용,여,47세,경상
2013040500100391,2013년 4월 5일 17시,금요일,부산광역시 북구 구포동,경상사고,0,0,1,0,차대사람 - 기타,안전운전불이행,건조,맑음,단일로 - 기타,승용,여,35세,상해없음,보행자,남,46세,경상
2013040500100392,2013년 4월 5일 17시,금요일,부산광역시 부산진구 가야동,경상사고,0,0,1,0,차대사람 - 기타,보행자보호의무위반,건조,맑음,교차로 - 교차로안,승용,여,29세,상해없음,보행자,남,17세,경상
2013040500100393,2013년 4월 5일 17시,금요일,부산광역시 강서구 송정동,경상사고,0,0,1,0,차대차 - 기타,교차로운행방법위반,건조,맑음,교차로 - 교차로안,승용,남,53세,상해없음,승용,여,47세,경상
2013040500100394,2013년 4월 5일 17시,금요일,부산광역시 금정구 두구동,경상사고,0,0,2,0,차대차 - 추돌 - 주정차중,안전운전불이행,건조,맑음,단일로 - 기타,승용,남,77세,상해없음,승용,남,36세,경상
2013040500100434,2013년 4월 5일 18시,금요일,부산광역시 사하구 하단동,경상사고,0,0,1,0,차대사람 - 길가장자리구역통행중,안전운전불이행,건조,맑음,단일로 - 기타,승용,남,53세,상해없음,보행자,남,60세,경상
2013040500100475,2013년 4월 5일 19시,금요일,부산광역시 동구 초량동,경상사고,0,0,2,0,차대차 - 기타,직진우회전진행방해,건조,맑음,교차로 - 교차로안,승용,남,55세,상해없음,승용,남,41세,경상
2013040500100476,2013년 4월 5일 19시,금요일,부산광역시 부산진구 전포동,경상사고,0,0,1,0,차대사람 - 횡단중,중앙선침범,건조,맑음,단일로 - 기타,원동기,남,29세,상해없음,보행자,남,66세,경상
2013040500100477,2013년 4월 5일 19시,금요일,부산광역시 수영구 수영동,경상사고,0,0,1,0,차대차 - 기타,차로위반,건조,맑음,교차로 - 교차로부근,승용,여,37세,상해없음,승용,남,63세,상해없음
2013040500100529,2013년 4월 5일 20시,금요일,부산광역시 해운대구 좌동,경상사고,0,0,1,0,차대사람 - 횡단중,신호위반,건조,맑음,단일로 - 횡단보도상,승용,남,33세,상해없음,보행자,남,12세,경상
2013040500100530,2013년 4월 5일 20시,금요일,부산광역시 사상구 괘법동,경상사고,0,0,1,0,차대차 - 추돌 - 주정차중,안전운전불이행,건조,맑음,단일로 - 기타,승용,남,21세,상해없음,승용,남,37세,경상
2013040500100565,2013년 4월 5일 21시,금요일,부산광역시 사하구 신평동,경상사고,0,0,1,0,차대차 - 추돌 - 진행중,기타,건조,맑음,단일로 - 횡단보도부근,승용,남,61세,상해없음,이륜,남,18세,경상
2013040500100566,2013년 4월 5일 21시,금요일,부산광역시 연제구 연산동,경상사고,0,0,1,0,차대차 - 측면직각충돌,안전운전불이행,건조,맑음,교차로 - 교차로부근,승용,여,40세,상해없음,승용,남,69세,경상
2013040500100567,2013년 4월 5일 21시,금요일,부산광역시 사상구 엄궁동,경상사고,0,0,1,0,차대차 - 추돌 - 진행중,안전거리미확보,건조,맑음,단일로 - 기타,승용,남,45세,상해없음,화물,남,45세,경상
2013040500100599,2013년 4월 5일 22시,금요일,부산광역시 중구 부평동1가,중상사고,0,1,0,0,차대사람 - 기타,안전운전불이행,건조,맑음,단일로 - 기타,승용,남,41세,상해없음,보행자,여,59세,중상
2013040500100600,2013년 4월 5일 22시,금요일,부산광역시 해운대구 우동,중상사고,0,1,0,1,차대차 - 측면직각충돌,신호위반,건조,흐림,교차로 - 교차로안,승용,남,36세,상해없음,승용,남,48세,중상
2013040500100601,2013년 4월 5일 22시,금요일,부산광역시 사하구 당리동,경상사고,0,0,1,0,차대차 - 추돌 - 진행중,안전운전불이행,건조,맑음,단일로 - 기타,승용,남,50세,상해없음,승용,여,68세,경상
2013040500100602,2013년 4월 5일 22시,금요일,부산광역시 연제구 연산동,경상사고,0,0,2,0,차대차 - 추돌 - 주정차중,안전운전불이행,건조,맑음,단일로 - 기타,승용,남,51세,상해없음,승용,남,25세,상해없음
2013040500100638,2013년 4월 5일 23시,금요일,부산광역시 금정구 구서동,부상신고사고,0,0,0,1,차량단독 - 공작물충돌,안전운전불이행,건조,흐림,단일로 - 기타,승용,남,41세,부상신고,,,,
2013040600100007,2013년 4월 6일 00시,토요일,부산광역시 영도구 봉래동1가,경상사고,0,0,1,0,차대사람 - 기타,안전운전불이행,건조,맑음,단일로 - 기타,승용,남,46세,기타불명,보행자,남,62세,경상
2013040600100008,2013년 4월 6일 00시,토요일,부산광역시 해운대구 우동,경상사고,0,0,1,0,차대차 - 측면직각충돌,신호위반,건조,맑음,교차로 - 교차로안,승용,남,36세,상해없음,이륜,남,23세,경상
2013040600100009,2013년 4월 6일 00시,토요일,부산광역시 금정구 서동,경상사고,0,0,1,3,차대차 - 추돌 - 주정차중,안전운전불이행,건조,흐림,단일로 - 기타,화물,남,35세,부상신고,승용,남,62세,경상
2013040600100098,2013년 4월 6일 03시,토요일,부산광역시 서구 동대신동1가,중상사고,0,1,1,0,차대차 - 추돌 - 주정차중,안전운전불이행,습기,비,교차로 - 교차로부근,화물,남,35세,상해없음,승용,남,48세,중상
2013040600100099,2013년 4월 6일 03시,토요일,부산광역시 동래구 명륜동,중상사고,0,1,0,0,차대사람 - 횡단중,보행자보호의무위반,습기,비,단일로 - 횡단보도상,승용,남,34세,상해없음,보행자,남,49세,중상
2013040600100100,2013년 4월 6일 03시,토요일,부산광역시 해운대구 반송동,중상사고,0,1,0,0,차대차 - 측면직각충돌,교차로운행방법위반,습기,비,교차로 - 교차로안,승용,남,58세,상해없음,승용,남,54세,중상
2013040600100101,2013년 4월 6일 03시,토요일,부산광역시 해운대구 반여동,경상사고,0,0,1,0,차대차 - 측면직각충돌,신호위반,습기,비,교차로 - 교차로안,승용,남,31세,상해없음,승용,남,59세,경상
2013040600100102,2013년 4월 6일 03시,토요일,부산광역시 부산진구 부전동,경상사고,0,0,3,0,차대차 - 측면직각충돌,안전운전불이행,습기,비,단일로 - 기타,승합,남,19세,상해없음,승용,남,55세,경상
2013040600100103,2013년 4월 6일 03시,토요일,부산광역시 사하구 괴정동,중상사고,0,1,0,0,차대차 - 정면충돌,안전운전불이행,습기,비,교차로 - 교차로부근,승용,남,34세,상해없음,화물,남,26세,중상
2013040600100104,2013년 4월 6일 03시,토요일,부산광역시 사상구 덕포동,경상사고,0,0,1,0,차대차 - 추돌 - 진행중,중앙선침범,건조,맑음,단일로 - 기타,승용,남,21세,상해없음,승용,남,46세,경상
2013040600100128,2013년 4월 6일 04시,토요일,부산광역시 남구 대연동,중상사고,0,1,0,0,차대사람 - 기타,안전운전불이행,습기,비,단일로 - 기타,승용,남,48세,상해없음,보행자,남,26세,중상
2013040600100129,2013년 4월 6일 04시,토요일,부산광역시 금정구 부곡동,중상사고,0,1,0,0,차대사람 - 횡단중,신호위반,습기,비,단일로 - 횡단보도상,승용,남,54세,상해없음,보행자,여,63세,중상
2013040600100130,2013년 4월 6일 04시,토요일,부산광역시 사상구 괘법동,경상사고,0,0,1,0,차대사람 - 기타,안전운전불이행,건조,맑음,단일로 - 기타,승용,남,52세,상해없음,보행자,남,43세,경상
2013040600100163,2013년 4월 6일 06시,토요일,부산광역시 부산진구 범천동,중상사고,0,4,1,0,차량단독 - 공작물충돌,안전운전불이행,습기,비,단일로 - 기타,승합,남,49세,상해없음,,,,
2013040600100179,2013년 4월 6일 07시,토요일,부산광역시 사상구 감전동,중상사고,0,2,0,0,차대차 - 측면직각충돌,안전운전불이행,습기,비,단일로 - 기타,화물,남,41세,상해없음,승용,남,45세,중상
2013040600100202,2013년 4월 6일 08시,토요일,부산광역시 서구 아미동2가,경상사고,0,0,1,0,차량단독 - 기타,기타,습기,비,단일로 - 기타,승합,남,30세,상해없음,,,,
2013040600100203,2013년 4월 6일 08시,토요일,부산광역시 북구 금곡동,중상사고,0,2,8,2,차량단독 - 전도전복,안전운전불이행,습기,비,단일로 - 기타,승합,남,57세,부상신고,,,,
2013040600100204,2013년 4월 6일 08시,토요일,부산광역시 금정구 구서동,경상사고,0,0,1,0,차대차 - 추돌 - 주정차중,안전운전불이행,습기,비,단일로 - 기타,승용,여,38세,상해없음,승용,남,56세,경상
2013040600100222,2013년 4월 6일 09시,토요일,부산광역시 부산진구 전포동,중상사고,0,1,0,0,차대차 - 측면직각충돌,차로위반,습기,비,단일로 - 기타,승용,여,50세,상해없음,승용,여,49세,중상
2013040600100243,2013년 4월 6일 10시,토요일,부산광역시 남구 용당동,중상사고,0,1,0,0,차대차 - 추돌 - 진행중,안전운전불이행,습기,비,교차로 - 교차로안,승합,남,47세,상해없음,화물,남,54세,중상
2013040600100244,2013년 4월 6일 10시,토요일,부산광역시 동래구 낙민동,경상사고,0,0,1,0,차대차 - 추돌 - 진행중,안전운전불이행,습기,비,단일로 - 기타,승용,남,41세,상해없음,승합,여,41세,경상
2013040600100245,2013년 4월 6일 10시,토요일,부산광역시 연제구 연산동,부상신고사고,0,0,0,1,차대차 - 측면직각충돌,교차로운행방법위반,습기,비,교차로 - 교차로안,승용,여,47세,상해없음,승용,여,41세,부상신고
2013040600100261,2013년 4월 6일 11시,토요일,부산광역시 해운대구 반여동,경상사고,0,0,1,0,차대차 - 측면직각충돌,안전운전불이행,습기,비,교차로 - 교차로안,화물,남,54세,기타불명,승용,남,61세,경상
2013040600100262,2013년 4월 6일 11시,토요일,부산광역시 부산진구 초읍동,중상사고,0,1,0,0,차대차 - 기타,신호위반,습기,비,교차로 - 교차로안,승용,여,54세,상해없음,승합,남,42세,상해없음
2013040600100290,2013년 4월 6일 12시,토요일,부산광역시 북구 덕천동,중상사고,0,1,0,0,차대사람 - 기타,기타,습기,비,단일로 - 기타,승합,남,48세,상해없음,보행자,여,49세,중상
2013040600100291,2013년 4월 6일 12시,토요일,부산광역시 연제구 거제동,중상사고,0,1,0,0,차대사람 - 횡단중,보행자보호의무위반,습기,비,교차로 - 교차로부근,승용,남,34세,상해없음,보행자,여,52세,중상
2013040600100292,2013년 4월 6일 12시,토요일,부산광역시 수영구 망미동,중상사고,0,1,2,0,차대차 - 기타,중앙선침범,습기,비,단일로 - 기타,승용,여,31세,상해없음,승용,남,34세,중상
2013040600100293,2013년 4월 6일 12시,토요일,부산광역시 강서구 대저2동,경상사고,0,0,1,0,차대차 - 추돌 - 진행중,안전운전불이행,습기,비,단일로 - 기타,화물,남,42세,상해없음,승용,남,27세,경상
2013040600100327,2013년 4월 6일 13시,토요일,부산광역시 북구 금곡동,경상사고,0,0,1,0,차대차 - 기타,신호위반,습기,비,교차로 - 교차로안,승용,여,39세,상해없음,승용,남,51세,경상
2013040600100328,2013년 4월 6일 13시,토요일,부산광역시 사하구 장림동,경상사고,0,0,1,0,차대차 - 기타,중앙선침범,건조,맑음,교차로 - 교차로부근,화물,남,66세,상해없음,이륜,남,46세,경상
2013040600100329,2013년 4월 6일 13시,토요일,부산광역시 기장군 장안읍,경상사고,0,0,2,0,차대차 - 측면직각충돌,안전운전불이행,습기,비,단일로 - 기타,승용,여,39세,상해없음,승용,남,57세,경상
2013040600100366,2013년 4월 6일 14시,토요일,부산광역시 부산진구 당감동,경상사고,0,0,6,0,차대차 - 기타,안전거리미확보,기타,맑음,단일로 - 기타,승용,남,29세,상해없음,승용,남,35세,경상
2013040600100394,2013년 4월 6일 15시,토요일,부산광역시 중구 부평동1가,경상사고,0,0,1,0,차대차 - 정면충돌,신호위반,건조,맑음,교차로 - 교차로안,승용,남,39세,상해없음,승용,여,51세,경상
2013040600100395,2013년 4월 6일 15시,토요일,부산광역시 서구 서대신동3가,중상사고,0,1,0,0,차대사람 - 차도통행중,안전운전불이행,습기,흐림,교차로 - 교차로부근,승용,남,41세,상해없음,보행자,남,86세,중상
2013040600100396,2013년 4월 6일 15시,토요일,부산광역시 해운대구 반여동,중상사고,0,1,0,0,차대차 - 기타,직진우회전진행방해,습기,비,교차로 - 교차로안,승용,남,46세,상해없음,승용,여,72세,중상
2013040600100397,2013년 4월 6일 15시,토요일,부산광역시 기장군 기장읍,경상사고,0,0,2,0,차량단독 - 공작물충돌,안전운전불이행,건조,맑음,단일로 - 기타,승용,남,33세,경상,,,,
2013040600100423,2013년 4월 6일 16시,토요일,부산광역시 서구 서대신동3가,사망사고,1,0,0,0,차대사람 - 횡단중,신호위반,습기,비,단일로 - 횡단보도상,건설기계,남,53세,상해없음,보행자,여,71세,사망
2013040600100424,2013년 4월 6일 16시,토요일,부산광역시 남구 문현동,중상사고,0,1,0,0,차대차 - 기타,안전거리미확보,습기,비,미분류 - 미분류,기타불명,기타불명,기타불명,기타불명,화물,남,37세,중상
2013040600100425,2013년 4월 6일 16시,토요일,부산광역시 연제구 거제동,경상사고,0,0,1,0,차대차 - 측면직각충돌,신호위반,건조,맑음,교차로 - 교차로부근,승용,남,43세,상해없음,승용,남,42세,경상
2013040600100426,2013년 4월 6일 16시,토요일,부산광역시 연제구 연산동,중상사고,0,1,0,0,차대차 - 추돌 - 주정차중,중앙선침범,습기,비,교차로 - 교차로부근,승용,여,37세,상해없음,승용,여,33세,중상
2013040600100452,2013년 4월 6일 17시,토요일,부산광역시 동래구 온천동,중상사고,0,1,0,0,차대사람 - 횡단중,보행자보호의무위반,습기,비,단일로 - 횡단보도상,승용,남,55세,상해없음,보행자,남,61세,중상
2013040600100453,2013년 4월 6일 17시,토요일,부산광역시 금정구 두구동,중상사고,0,1,0,0,차대차 - 측면직각충돌,안전운전불이행,건조,맑음,단일로 - 기타,승용,남,59세,상해없음,승용,남,53세,중상
2013040600100485,2013년 4월 6일 18시,토요일,부산광역시 금정구 금사동,경상사고,0,0,1,0,차량단독 - 기타,기타,습기,비,단일로 - 기타,승합,남,34세,상해없음,,,,
2013040600100522,2013년 4월 6일 19시,토요일,부산광역시 영도구 동삼동,경상사고,0,0,2,0,차대차 - 추돌 - 진행중,중앙선침범,습기,비,단일로 - 기타,승용,여,47세,상해없음,승용,남,58세,경상
2013040600100523,2013년 4월 6일 19시,토요일,부산광역시 부산진구 부암동,중상사고,0,2,4,0,차대차 - 측면직각충돌,중앙선침범,습기,비,미분류 - 미분류,승용,남,21세,상해없음,승용,남,27세,중상
2013040600100581,2013년 4월 6일 20시,토요일,부산광역시 북구 화명동,경상사고,0,0,1,0,차대차 - 측면직각충돌,안전운전불이행,습기,비,단일로 - 기타,승용,남,51세,상해없음,원동기,남,16세,상해없음
2013040600100582,2013년 4월 6일 20시,토요일,부산광역시 동래구 온천동,경상사고,0,0,2,0,차대사람 - 횡단중,보행자보호의무위반,습기,비,단일로 - 횡단보도상,승용,남,51세,상해없음,보행자,여,16세,경상
2013040600100583,2013년 4월 6일 20시,토요일,부산광역시 사하구 하단동,경상사고,0,0,1,0,차대차 - 측면직각충돌,교차로운행방법위반,습기,비,교차로 - 교차로안,승용,남,50세,상해없음,승용,여,50세,경상