사고번호,사고일시,요일,시군구,사고내용,사망자수,중상자수,경상자수,부상신고자수,사고유형,법규위반,노면상태,기상상태,도로형태,가해운전자 차종,가해운전자 성별,가해운전자 연령,가해운전자 상해정도,피해운전자 차종,피해운전자 성별,피해운전자 연령,피해운전자 상해정도
2013041300100240,2013년 4월 13일 12시,토요일,부산광역시 해운대구 반여동,중상사고,0,1,0,0,차대차 - 추돌 - 주정차중,안전운전불이행,건조,맑음,단일로 - 기타,승용,남,56세,상해없음,승용,남,38세,중상
2013041300100270,2013년 4월 13일 13시,토요일,부산광역시 사상구 괘법동,중상사고,0,1,0,0,차대차 - 기타,안전운전불이행,건조,맑음,단일로 - 횡단보도상,승용,남,61세,상해없음,자전거,남,65세,중상
2013041300100309,2013년 4월 13일 14시,토요일,부산광역시 북구 만덕동,경상사고,0,0,1,0,차대차 - 추돌 - 진행중,안전거리미확보,건조,맑음,단일로 - 기타,승합,남,42세,상해없음,승용,여,52세,경상
2013041300100310,2013년 4월 13일 14시,토요일,부산광역시 해운대구 송정동,중상사고,0,1,0,0,차대차 - 추돌 - 진행중,안전운전불이행,건조,맑음,단일로 - 기타,승용,여,58세,상해없음,승용,남,41세,중상
2013041300100311,2013년 4월 13일 14시,토요일,부산광역시 사상구 괘법동,경상사고,0,0,1,0,차대차 - 측면직각충돌,중앙선침범,건조,맑음,교차로 - 교차로안,승용,남,54세,상해없음,승용,남,26세,경상
2013041300100312,2013년 4월 13일 14시,토요일,부산광역시 기장군 정관면,중상사고,0,1,1,0,차대차 - 기타,안전거리미확보,건조,맑음,단일로 - 기타,승용,남,26세,상해없음,원동기,남,16세,중상
2013041300100356,2013년 4월 13일 15시,토요일,부산광역시 사하구 다대동,부상신고사고,0,0,0,1,차대차 - 기타,안전운전불이행,건조,맑음,단일로 - 기타,화물,남,57세,상해없음,이륜,남,45세,부상신고
2013041300100402,2013년 4월 13일 16시,토요일,부산광역시 동구 좌천동,중상사고,0,1,2,0,차대차 - 추돌 - 진행중,안전거리미확보,건조,맑음,미분류 - 미분류,승용,남,32세,경상,승용,남,38세,상해없음
2013041300100403,2013년 4월 13일 16시,토요일,부산광역시 영도구 봉래동1가,경상사고,0,0,1,0,차대사람 - 기타,안전운전불이행,건조,맑음,단일로 - 기타,승용,남,33세,상해없음,보행자,남,54세,경상
2013041300100404,2013년 4월 13일 16시,토요일,부산광역시 부산진구 부전동,경상사고,0,0,3,0,차대차 - 추돌 - 진행중,안전운전불이행,건조,맑음,단일로 - 기타,승용,남,24세,상해없음,승용,여,31세,경상
2013041300100405,2013년 4월 13일 16시,토요일,부산광역시 강서구 송정동,중상사고,0,1,5,0,차대차 - 기타,교차로운행방법위반,건조,맑음,교차로 - 교차로안,승용,남,55세,상해없음,승용,남,36세,경상
2013041300100436,2013년 4월 13일 17시,토요일,부산광역시 사하구 신평동,부상신고사고,0,0,0,1,차대사람 - 기타,신호위반,건조,맑음,단일로 - 기타,승용,남,63세,상해없음,보행자,여,61세,부상신고
2013041300100469,2013년 4월 13일 18시,토요일,부산광역시 북구 구포동,경상사고,0,0,1,0,차대차 - 측면직각충돌,안전거리미확보,건조,맑음,교차로 - 교차로부근,승용,남,58세,상해없음,승용,남,31세,경상
2013041300100503,2013년 4월 13일 19시,토요일,부산광역시 중구 부평동1가,중상사고,0,1,1,0,차대차 - 측면직각충돌,중앙선침범,건조,맑음,단일로 - 기타,승용,남,25세,상해없음,원동기,남,35세,중상
2013041300100504,2013년 4월 13일 19시,토요일,부산광역시 수영구 광안동,중상사고,0,1,0,0,차대차 - 측면직각충돌,교차로운행방법위반,건조,맑음,교차로 - 교차로안,승용,남,72세,상해없음,자전거,남,71세,중상
2013041300100505,2013년 4월 13일 19시,토요일,부산광역시 해운대구 반여동,중상사고,0,1,2,0,차대차 - 추돌 - 진행중,안전운전불이행,건조,맑음,단일로 - 기타,승용,남,40세,상해없음,승용,남,35세,중상
2013041300100538,2013년 4월 13일 20시,토요일,부산광역시 동래구 수안동,중상사고,0,2,0,0,차대차 - 기타,안전운전불이행,건조,맑음,단일로 - 기타,승합,남,47세,상해없음,승용,남,28세,상해없음
2013041300100539,2013년 4월 13일 20시,토요일,부산광역시 해운대구 중동,부상신고사고,0,0,0,1,차대사람 - 기타,안전운전불이행,건조,맑음,단일로 - 기타,승용,여,46세,상해없음,보행자,여,47세,부상신고
2013041300100540,2013년 4월 13일 20시,토요일,부산광역시 부산진구 가야동,부상신고사고,0,0,0,1,차량단독 - 기타,안전운전불이행,건조,맑음,단일로 - 기타,승합,남,38세,상해없음,,,,
2013041300100573,2013년 4월 13일 21시,토요일,부산광역시 동래구 명륜동,경상사고,0,0,1,0,차대사람 - 길가장자리구역통행중,안전운전불이행,건조,맑음,단일로 - 기타,승용,여,23세,상해없음,보행자,남,29세,경상
2013041300100574,2013년 4월 13일 21시,토요일,부산광역시 해운대구 반여동,중상사고,0,1,0,0,차대사람 - 기타,안전운전불이행,건조,맑음,기타 - 기타,승용,남,41세,상해없음,보행자,남,58세,중상
2013041300100608,2013년 4월 13일 22시,토요일,부산광역시 북구 덕천동,경상사고,0,0,4,0,차대차 - 추돌 - 진행중,안전운전불이행,건조,맑음,기타 - 기타,승용,남,19세,상해없음,승용,남,60세,경상
2013041300100609,2013년 4월 13일 22시,토요일,부산광역시 사상구 주례동,경상사고,0,0,1,0,차대차 - 추돌 - 진행중,안전운전불이행,건조,맑음,교차로 - 교차로부근,승용,여,57세,상해없음,승용,남,58세,경상
2013041300100640,2013년 4월 13일 23시,토요일,부산광역시 영도구 봉래동3가,경상사고,0,0,2,0,차대차 - 추돌 - 진행중,안전거리미확보,건조,맑음,단일로 - 기타,승용,남,22세,상해없음,승용,남,19세,경상
2013041300100641,2013년 4월 13일 23시,토요일,부산광역시 사하구 하단동,경상사고,0,0,2,0,차대차 - 측면직각충돌,신호위반,건조,맑음,교차로 - 교차로안,승용,남,26세,상해없음,승합,남,52세,경상
2013041300100642,2013년 4월 13일 23시,토요일,부산광역시 사하구 괴정동,부상신고사고,0,0,0,1,차대차 - 측면직각충돌,안전거리미확보,건조,맑음,단일로 - 기타,승용,여,55세,상해없음,승용,남,48세,부상신고
2013041400100004,2013년 4월 14일 00시,일요일,부산광역시 부산진구 당감동,경상사고,0,0,2,0,차대차 - 추돌 - 진행중,안전운전불이행,건조,맑음,교차로 - 교차로부근,화물,남,39세,상해없음,승용,여,40세,경상
2013041400100005,2013년 4월 14일 00시,일요일,부산광역시 강서구 대저1동,중상사고,0,1,2,0,차대차 - 기타,기타,건조,맑음,단일로 - 기타,승용,남,24세,상해없음,승용,남,49세,중상
2013041400100018,2013년 4월 14일 01시,일요일,부산광역시 금정구 장전동,경상사고,0,0,1,0,차대차 - 기타,안전운전불이행,건조,맑음,교차로 - 교차로안,이륜,남,26세,경상,승용,남,56세,상해없음
2013041400100019,2013년 4월 14일 01시,일요일,부산광역시 사하구 감천동,부상신고사고,0,0,0,1,차량단독 - 기타,안전운전불이행,건조,맑음,단일로 - 기타,승용,기타불명,기타불명,기타불명,,,,
2013041400100080,2013년 4월 14일 05시,일요일,부산광역시 동구 초량동,중상사고,0,2,0,0,차대차 - 기타,안전운전불이행,건조,맑음,교차로 - 교차로부근,승용,여,34세,상해없음,승용,남,59세,중상
2013041400100148,2013년 4월 14일 10시,일요일,부산광역시 사하구 장림동,경상사고,0,0,1,0,차대차 - 추돌 - 주정차중,안전운전불이행,건조,맑음,단일로 - 기타,승용,남,54세,상해없음,승용,남,36세,경상
2013041400100222,2013년 4월 14일 13시,일요일,부산광역시 부산진구 범천동,중상사고,0,1,0,0,차대사람 - 길가장자리구역통행중,안전운전불이행,건조,맑음,교차로 - 교차로부근,승용,남,41세,상해없음,보행자,남,66세,중상
2013041400100223,2013년 4월 14일 13시,일요일,부산광역시 금정구 장전동,중상사고,0,2,0,0,차대차 - 추돌 - 진행중,차로위반,습기,비,교차로 - 교차로안,승용,여,39세,상해없음,화물,남,53세,중상
2013041400100251,2013년 4월 14일 14시,일요일,부산광역시 영도구 동삼동,중상사고,0,1,0,0,차량단독 - 기타,기타,습기,비,단일로 - 기타,승합,남,48세,상해없음,,,,
2013041400100273,2013년 4월 14일 15시,일요일,부산광역시 남구 대연동,중상사고,0,1,0,0,차대차 - 추돌 - 진행중,중앙선침범,건조,맑음,단일로 - 기타,화물,남,52세,상해없음,이륜,남,24세,중상
2013041400100305,2013년 4월 14일 16시,일요일,부산광역시 영도구 동삼동,경상사고,0,0,1,0,차대차 - 추돌 - 진행중,교차로운행방법위반,건조,맑음,교차로 - 교차로안,승용,여,50세,상해없음,승용,여,48세,경상
2013041400100336,2013년 4월 14일 17시,일요일,부산광역시 연제구 연산동,중상사고,0,1,0,0,차대사람 - 기타,안전운전불이행,건조,맑음,단일로 - 기타,승용,남,66세,상해없음,보행자,남,77세,중상
2013041400100408,2013년 4월 14일 19시,일요일,부산광역시 부산진구 개금동,중상사고,0,1,0,0,차대차 - 측면직각충돌,안전운전불이행,건조,맑음,교차로 - 교차로안,승용,여,31세,중상,승용,남,48세,상해없음
2013041400100446,2013년 4월 14일 20시,일요일,부산광역시 수영구 광안동,경상사고,0,0,1,0,차대차 - 측면직각충돌,기타,건조,맑음,단일로 - 기타,승용,남,60세,상해없음,자전거,여,23세,경상
2013041400100447,2013년 4월 14일 20시,일요일,부산광역시 북구 덕천동,경상사고,0,0,1,0,차대사람 - 기타,안전운전불이행,건조,맑음,단일로 - 기타,승용,남,22세,상해없음,보행자,남,47세,경상
2013041400100448,2013년 4월 14일 20시,일요일,부산광역시 부산진구 가야동,중상사고,0,1,0,0,차량단독 - 기타,안전운전불이행,건조,맑음,단일로 - 기타,승합,남,52세,상해없음,,,,
2013041500100011,2013년 4월 15일 01시,월요일,부산광역시 동구 초량동,중상사고,0,1,1,0,차대차 - 추돌 - 주정차중,안전운전불이행,건조,맑음,단일로 - 기타,승용,남,51세,상해없음,승용,남,28세,중상
2013041500100034,2013년 4월 15일 04시,월요일,부산광역시 남구 용호동,중상사고,0,1,0,0,차대사람 - 기타,보행자보호의무위반,건조,맑음,교차로 - 교차로부근,승용,기타불명,기타불명,기타불명,보행자,남,68세,중상
2013041500100113,2013년 4월 15일 09시,월요일,부산광역시 사하구 감천동,사망사고,1,0,0,0,차대차 - 측면직각충돌,안전거리미확보,건조,맑음,교차로 - 교차로부근,이륜,남,56세,사망,화물,남,43세,상해없음
2013041500100140,2013년 4월 15일 10시,월요일,부산광역시 서구 서대신동2가,중상사고,0,1,0,0,차대사람 - 차도통행중,불법유턴,건조,맑음,단일로 - 기타,화물,남,45세,상해없음,보행자,여,75세,중상
2013041500100185,2013년 4월 15일 12시,월요일,부산광역시 부산진구 가야동,부상신고사고,0,0,0,1,차대차 - 기타,안전운전불이행,건조,맑음,단일로 - 기타,자전거,남,45세,부상신고,화물,남,34세,상해없음
2013041500100186,2013년 4월 15일 12시,월요일,부산광역시 강서구 강동동,경상사고,0,0,1,0,차대차 - 기타,안전운전불이행,건조,맑음,단일로 - 횡단보도상,건설기계,남,40세,상해없음,이륜,남,50세,경상
2013041500100204,2013년 4월 15일 13시,월요일,부산광역시 중구 보수동3가,경상사고,0,0,1,0,차대차 - 측면직각충돌,교차로운행방법위반,건조,맑음,교차로 - 교차로안,이륜,남,62세,경상,이륜,남,51세,상해없음
2013041500100205,2013년 4월 15일 13시,월요일,부산광역시 동구 범일동,중상사고,0,1,0,0,차대차 - 기타,차로위반,건조,맑음,교차로 - 교차로부근,승용,여,36세,기타불명,승용,여,52세,중상
2013041500100245,2013년 4월 15일 15시,월요일,부산광역시 동구 수정동,부상신고사고,0,0,0,1,차량단독 - 기타,안전운전불이행,건조,맑음,단일로 - 기타,승합,남,51세,상해없음,,,,
2013041500100246,2013년 4월 15일 15시,월요일,부산광역시 사하구 괴정동,경상사고,0,0,2,0,차대차 - 정면충돌,신호위반,건조,맑음,교차로 - 교차로안,이륜,남,37세,상해없음,승용,남,65세,경상
2013041500100276,2013년 4월 15일 16시,월요일,부산광역시 남구 대연동,경상사고,0,0,2,0,차대차 - 측면직각충돌,안전거리미확보,건조,맑음,단일로 - 기타,승용,남,51세,경상,승용,남,42세,경상
2013041500100277,2013년 4월 15일 16시,월요일,부산광역시 해운대구 반여동,중상사고,0,1,0,0,차대차 - 측면직각충돌,안전거리미확보,기타,기타,기타 - 기타,승용,여,42세,상해없음,자전거,남,22세,중상
2013041500100278,2013년 4월 15일 16시,월요일,부산광역시 강서구 대저1동,중상사고,0,1,0,0,차대차 - 기타,안전운전불이행,건조,맑음,단일로 - 기타,승용,남,68세,기타불명,이륜,남,16세,중상
2013041500100337,2013년 4월 15일 18시,월요일,부산광역시 금정구 장전동,경상사고,0,0,1,0,차대사람 - 기타,안전운전불이행,건조,맑음,교차로 - 교차로안,승용,여,21세,상해없음,보행자,남,18세,경상
2013041500100363,2013년 4월 15일 19시,월요일,부산광역시 동래구 명륜동,경상사고,0,0,1,0,차대사람 - 기타,안전운전불이행,건조,맑음,단일로 - 기타,승용,여,37세,상해없음,보행자,여,35세,경상
2013041500100364,2013년 4월 15일 19시,월요일,부산광역시 금정구 부곡동,부상신고사고,0,0,0,2,차대차 - 추돌 - 주정차중,안전거리미확보,건조,맑음,단일로 - 기타,승용,남,42세,상해없음,승용,남,49세,부상신고
2013041500100365,2013년 4월 15일 19시,월요일,부산광역시 사하구 감천동,중상사고,0,1,0,0,차대차 - 기타,교차로운행방법위반,건조,맑음,교차로 - 교차로안,이륜,남,14세,상해없음,화물,남,60세,상해없음
2013041500100405,2013년 4월 15일 20시,월요일,부산광역시 동구 초량동,중상사고,0,1,0,0,차대차 - 기타,신호위반,건조,맑음,교차로 - 교차로안,승합,남,52세,상해없음,원동기,남,41세,중상
2013041500100406,2013년 4월 15일 20시,월요일,부산광역시 영도구 대교동1가,중상사고,0,1,0,0,차량단독 - 기타,기타,건조,맑음,단일로 - 기타,승합,남,55세,상해없음,,,,
2013041500100407,2013년 4월 15일 20시,월요일,부산광역시 해운대구 반여동,중상사고,0,1,0,0,차대차 - 측면직각충돌,차로위반,건조,맑음,단일로 - 기타,승용,남,56세,상해없음,원동기,남,28세,중상
2013041500100408,2013년 4월 15일 20시,월요일,부산광역시 부산진구 부전동,중상사고,0,1,1,0,차대차 - 추돌 - 진행중,안전운전불이행,건조,맑음,교차로 - 교차로부근,승용,남,20세,상해없음,승용,여,41세,경상
2013041500100409,2013년 4월 15일 20시,월요일,부산광역시 사하구 괴정동,경상사고,0,0,1,0,차대사람 - 기타,안전운전불이행,건조,맑음,단일로 - 기타,승용,남,22세,상해없음,보행자,남,33세,경상
2013041500100435,2013년 4월 15일 21시,월요일,부산광역시 금정구 구서동,부상신고사고,0,0,0,1,차대차 - 추돌 - 주정차중,안전운전불이행,건조,맑음,단일로 - 기타,승용,남,44세,상해없음,승합,남,36세,부상신고
2013041500100436,2013년 4월 15일 21시,월요일,부산광역시 사하구 하단동,중상사고,0,1,0,0,차대차 - 기타,안전거리미확보,건조,맑음,단일로 - 기타,승용,남,56세,상해없음,이륜,남,27세,중상
2013041500100472,2013년 4월 15일 22시,월요일,부산광역시 북구 만덕동,경상사고,0,0,1,0,차대차 - 추돌 - 주정차중,안전운전불이행,건조,맑음,기타 - 기타,승용,남,42세,상해없음,화물,남,56세,경상
2013041500100473,2013년 4월 15일 22시,월요일,부산광역시 사하구 다대동,경상사고,0,0,1,0,차대사람 - 횡단중,신호위반,건조,맑음,단일로 - 횡단보도상,승합,남,68세,상해없음,보행자,여,14세,경상
2013041500100497,2013년 4월 15일 23시,월요일,부산광역시 사상구 감전동,경상사고,0,0,1,0,차대차 - 추돌 - 진행중,안전운전불이행,건조,맑음,단일로 - 기타,화물,남,48세,기타불명,화물,남,39세,경상
2013041600100003,2013년 4월 16일 00시,화요일,부산광역시 해운대구 석대동,중상사고,0,1,0,0,차대차 - 측면직각충돌,교차로운행방법위반,건조,맑음,교차로 - 교차로안,승용,남,25세,기타불명,승용,남,37세,중상
2013041600100030,2013년 4월 16일 02시,화요일,부산광역시 금정구 장전동,경상사고,0,0,1,0,차대사람 - 횡단중,보행자보호의무위반,건조,맑음,교차로 - 교차로안,승용,남,49세,상해없음,보행자,여,62세,경상
2013041600100036,2013년 4월 16일 03시,화요일,부산광역시 동래구 안락동,경상사고,0,0,1,0,차대차 - 측면직각충돌,안전거리미확보,건조,맑음,단일로 - 기타,승용,기타불명,기타불명,기타불명,승용,여,32세,경상
2013041600100037,2013년 4월 16일 03시,화요일,부산광역시 동래구 수안동,중상사고,0,1,0,0,차대사람 - 횡단중,신호위반,건조,맑음,단일로 - 기타,승용,남,50세,상해없음,보행자,남,42세,중상
2013041600100058,2013년 4월 16일 05시,화요일,부산광역시 수영구 광안동,중상사고,0,1,0,0,차대차 - 측면직각충돌,기타,건조,맑음,교차로 - 교차로안,승용,남,57세,상해없음,승용,남,61세,상해없음
2013041600100065,2013년 4월 16일 06시,화요일,부산광역시 강서구 봉림동,중상사고,0,1,0,0,차대차 - 기타,안전운전불이행,건조,맑음,단일로 - 기타,화물,남,32세,상해없음,승용,남,65세,중상
2013041600100087,2013년 4월 16일 07시,화요일,부산광역시 부산진구 개금동,경상사고,0,0,1,0,차대사람 - 기타,안전운전불이행,건조,맑음,단일로 - 기타,승용,남,23세,상해없음,보행자,남,32세,경상
2013041600100136,2013년 4월 16일 09시,화요일,부산광역시 북구 화명동,중상사고,0,1,0,0,차대사람 - 횡단중,신호위반,건조,맑음,단일로 - 기타,이륜,남,37세,상해없음,보행자,여,43세,중상
2013041600100137,2013년 4월 16일 09시,화요일,부산광역시 금정구 부곡동,경상사고,0,0,1,0,차대사람 - 기타,안전운전불이행,건조,맑음,단일로 - 기타,승용,기타불명,기타불명,기타불명,보행자,여,21세,경상
2013041600100201,2013년 4월 16일 12시,화요일,부산광역시 강서구 강동동,중상사고,0,1,1,1,차대차 - 정면충돌,안전운전불이행,건조,맑음,교차로 - 교차로안,화물,남,35세,상해없음,승용,남,37세,상해없음
2013041600100227,2013년 4월 16일 13시,화요일,부산광역시 기장군 철마면,부상신고사고,0,0,0,1,차대차 - 측면직각충돌,안전거리미확보,건조,맑음,단일로 - 기타,승용,여,67세,부상신고,건설기계,남,21세,상해없음
2013041600100257,2013년 4월 16일 14시,화요일,부산광역시 사상구 괘법동,중상사고,0,1,0,0,차대사람 - 기타,불법유턴,건조,맑음,단일로 - 기타,화물,남,38세,상해없음,보행자,여,61세,중상
2013041600100285,2013년 4월 16일 15시,화요일,부산광역시 사하구 다대동,중상사고,0,1,0,0,차대차 - 추돌 - 진행중,안전거리미확보,건조,맑음,교차로 - 교차로부근,승용,여,50세,상해없음,화물,남,40세,중상
2013041600100286,2013년 4월 16일 15시,화요일,부산광역시 연제구 거제동,경상사고,0,0,1,0,차대차 - 측면직각충돌,기타,건조,맑음,교차로 - 교차로안,승용,남,50세,상해없음,이륜,남,20세,경상
2013041600100312,2013년 4월 16일 16시,화요일,부산광역시 동구 초량동,중상사고,0,1,0,0,차량단독 - 기타,안전운전불이행,건조,맑음,단일로 - 기타,승합,남,36세,상해없음,,,,
2013041600100313,2013년 4월 16일 16시,화요일,부산광역시 영도구 청학동,경상사고,0,0,1,0,차대차 - 기타,안전운전불이행,건조,맑음,단일로 - 기타,승용,남,61세,상해없음,승용,남,43세,경상
2013041600100314,2013년 4월 16일 16시,화요일,부산광역시 해운대구 우동,경상사고,0,0,1,0,차대차 - 추돌 - 진행중,안전거리미확보,건조,맑음,단일로 - 기타,승용,남,51세,상해없음,승용,남,58세,경상
2013041600100315,2013년 4월 16일 16시,화요일,부산광역시 사하구 다대동,경상사고,0,0,1,0,차대사람 - 기타,기타,건조,맑음,단일로 - 기타,승합,남,40세,상해없음,보행자,여,77세,경상
2013041600100350,2013년 4월 16일 17시,화요일,부산광역시 해운대구 좌동,중상사고,0,1,0,0,차대사람 - 횡단중,신호위반,건조,맑음,단일로 - 횡단보도상,이륜,남,16세,상해없음,보행자,여,22세,중상
2013041600100351,2013년 4월 16일 17시,화요일,부산광역시 기장군 정관면,경상사고,0,0,1,0,차대차 - 추돌 - 진행중,안전운전불이행,건조,맑음,단일로 - 기타,승용,여,45세,상해없음,화물,남,37세,경상
2013041600100388,2013년 4월 16일 18시,화요일,부산광역시 금정구 장전동,경상사고,0,0,1,0,차대사람 - 차도통행중,안전운전불이행,건조,맑음,단일로 - 기타,기타불명,기타불명,기타불명,기타불명,보행자,여,20세,경상
2013041600100389,2013년 4월 16일 18시,화요일,부산광역시 연제구 거제동,경상사고,0,0,4,0,차대차 - 측면직각충돌,차로위반,건조,맑음,단일로 - 기타,승용,남,53세,상해없음,승용,남,58세,경상
2013041600100420,2013년 4월 16일 19시,화요일,부산광역시 동래구 명륜동,경상사고,0,0,1,0,차대사람 - 횡단중,안전운전불이행,건조,맑음,단일로 - 횡단보도부근,승용,여,33세,상해없음,보행자,남,13세,경상
2013041600100421,2013년 4월 16일 19시,화요일,부산광역시 동래구 명륜동,중상사고,0,1,0,0,차대차 - 측면직각충돌,신호위반,건조,맑음,교차로 - 교차로안,이륜,여,53세,중상,승용,여,38세,상해없음
2013041600100492,2013년 4월 16일 22시,화요일,부산광역시 해운대구 중동,경상사고,0,0,1,1,차대차 - 측면직각충돌,안전운전불이행,건조,맑음,단일로 - 기타,승용,여,46세,상해없음,승용,남,48세,경상
2013041600100493,2013년 4월 16일 22시,화요일,부산광역시 금정구 서동,중상사고,0,1,0,0,차대사람 - 횡단중,안전운전불이행,건조,맑음,교차로 - 교차로안,승용,남,29세,상해없음,보행자,여,59세,중상
2013041600100523,2013년 4월 16일 23시,화요일,부산광역시 남구 대연동,경상사고,0,0,2,0,차대차 - 기타,안전운전불이행,건조,흐림,단일로 - 기타,승용,남,44세,상해없음,이륜,남,25세,경상
2013041600100524,2013년 4월 16일 23시,화요일,부산광역시 부산진구 부암동,경상사고,0,0,2,0,차대차 - 추돌 - 주정차중,안전운전불이행,건조,맑음,교차로 - 교차로부근,승용,남,36세,상해없음,승용,남,51세,경상
2013041700100006,2013년 4월 17일 00시,수요일,부산광역시 사상구 삼락동,경상사고,0,0,2,0,차대차 - 추돌 - 진행중,안전운전불이행,건조,맑음,단일로 - 기타,승용,남,25세,상해없음,승용,여,44세,경상
2013041700100023,2013년 4월 17일 01시,수요일,부산광역시 동래구 수안동,중상사고,0,1,0,0,차대사람 - 차도통행중,안전운전불이행,건조,맑음,단일로 - 기타,승용,남,75세,상해없음,보행자,여,78세,중상
2013041700100024,2013년 4월 17일 01시,수요일,부산광역시 동래구 수안동,경상사고,0,0,1,1,차대차 - 측면직각충돌,차로위반,건조,맑음,단일로 - 기타,승용,남,37세,상해없음,승용,남,61세,경상
2013041700100047,2013년 4월 17일 03시,수요일,부산광역시 북구 화명동,경상사고,0,0,1,0,차대차 - 추돌 - 주정차중,안전운전불이행,건조,맑음,교차로 - 교차로부근,승용,여,48세,상해없음,승용,남,34세,경상
2013041700100048,2013년 4월 17일 03시,수요일,부산광역시 동래구 명장동,중상사고,0,1,0,0,차대차 - 측면직각충돌,교차로운행방법위반,습기,비,교차로 - 교차로안,승용,남,55세,상해없음,승용,남,49세,중상
2013041700100049,2013년 4월 17일 03시,수요일,부산광역시 강서구 범방동,중상사고,0,2,0,0,차대차 - 추돌 - 주정차중,안전운전불이행,습기,비,교차로 - 교차로부근,특수,남,49세,상해없음,승용,남,52세,중상
2013041700100050,2013년 4월 17일 03시,수요일,부산광역시 사상구 삼락동,중상사고,0,1,0,0,차량단독 - 기타,안전운전불이행,습기,흐림,단일로 - 교량,승용,남,18세,상해없음,,,,
2013041700100055,2013년 4월 17일 04시,수요일,부산광역시 부산진구 전포동,중상사고,0,1,0,0,차대차 - 측면직각충돌,교차로운행방법위반,습기,비,교차로 - 교차로안,승용,남,54세,상해없음,승용,남,46세,중상
2013041700100056,2013년 4월 17일 04시,수요일,부산광역시 기장군 정관면,중상사고,0,1,0,0,차량단독 - 공작물충돌,안전운전불이행,습기,비,교차로 - 교차로부근,승용,남,40세,중상,,,,
2013041700100068,2013년 4월 17일 05시,수요일,부산광역시 연제구 거제동,경상사고,0,0,1,0,차대차 - 기타,안전운전불이행,건조,맑음,교차로 - 교차로부근,승용,남,41세,상해없음,승용,남,63세,상해없음
2013041700100076,2013년 4월 17일 06시,수요일,부산광역시 수영구 민락동,중상사고,0,1,0,0,차대사람 - 횡단중,안전운전불이행,건조,흐림,단일로 - 기타,승용,남,63세,상해없음,보행자,여,39세,중상
2013041700100132,2013년 4월 17일 08시,수요일,부산광역시 부산진구 부암동,중상사고,0,2,0,0,차대차 - 측면직각충돌,안전운전불이행,건조,맑음,단일로 - 기타,자전거,남,73세,중상,원동기,남,38세,중상
2013041700100167,2013년 4월 17일 09시,수요일,부산광역시 동래구 안락동,중상사고,0,1,0,0,차대사람 - 차도통행중,보행자보호의무위반,건조,흐림,단일로 - 기타,승용,남,52세,상해없음,보행자,여,63세,중상
2013041700100168,2013년 4월 17일 09시,수요일,부산광역시 해운대구 재송동,중상사고,0,1,0,0,차대사람 - 기타,안전운전불이행,건조,맑음,기타 - 기타,승용,남,50세,상해없음,보행자,남,33세,중상
2013041700100169,2013년 4월 17일 09시,수요일,부산광역시 사상구 감전동,경상사고,0,0,2,1,차대차 - 측면직각충돌,신호위반,건조,흐림,단일로 - 기타,화물,남,54세,부상신고,특수,남,46세,상해없음
2013041700100219,2013년 4월 17일 11시,수요일,부산광역시 부산진구 부전동,경상사고,0,0,1,0,차대사람 - 기타,안전운전불이행,기타,맑음,단일로 - 기타,화물,남,58세,상해없음,보행자,여,75세,경상
2013041700100242,2013년 4월 17일 12시,수요일,부산광역시 금정구 금사동,경상사고,0,0,1,0,차대차 - 측면직각충돌,안전운전불이행,건조,맑음,단일로 - 기타,승용,여,48세,상해없음,승용,여,43세,경상
2013041700100264,2013년 4월 17일 13시,수요일,부산광역시 동래구 온천동,부상신고사고,0,0,0,1,차대사람 - 길가장자리구역통행중,안전운전불이행,건조,맑음,교차로 - 교차로부근,승용,기타불명,기타불명,기타불명,보행자,남,74세,부상신고
2013041700100287,2013년 4월 17일 14시,수요일,부산광역시 사상구 덕포동,경상사고,0,0,2,0,차대차 - 측면직각충돌,신호위반,건조,맑음,교차로 - 교차로안,승용,여,50세,상해없음,승용,남,20세,경상
2013041700100310,2013년 4월 17일 15시,수요일,부산광역시 금정구 선동,경상사고,0,0,1,0,차대차 - 측면직각충돌,안전거리미확보,건조,맑음,단일로 - 기타,화물,남,78세,상해없음,화물,남,62세,경상
2013041700100335,2013년 4월 17일 16시,수요일,부산광역시 금정구 부곡동,중상사고,0,1,0,0,차대차 - 측면직각충돌,신호위반,건조,맑음,교차로 - 교차로부근,화물,남,60세,상해없음,이륜,남,47세,중상
2013041700100336,2013년 4월 17일 16시,수요일,부산광역시 사상구 엄궁동,경상사고,0,0,1,0,차대차 - 추돌 - 진행중,안전운전불이행,건조,맑음,기타 - 기타,승용,여,62세,상해없음,화물,남,55세,경상
2013041700100372,2013년 4월 17일 17시,수요일,부산광역시 금정구 부곡동,부상신고사고,0,0,0,1,차대차 - 추돌 - 진행중,교차로운행방법위반,건조,맑음,교차로 - 교차로안,승용,남,71세,부상신고,승용,남,34세,상해없음
2013041700100408,2013년 4월 17일 18시,수요일,부산광역시 부산진구 당감동,중상사고,0,1,2,0,차대차 - 측면직각충돌,신호위반,건조,맑음,교차로 - 교차로안,화물,남,60세,상해없음,승용,남,61세,경상
2013041700100447,2013년 4월 17일 19시,수요일,부산광역시 수영구 남천동,경상사고,0,0,1,0,차대사람 - 횡단중,신호위반,건조,맑음,단일로 - 횡단보도상,원동기,남,34세,상해없음,보행자,여,53세,경상