사고번호,사고일시,요일,시군구,사고내용,사망자수,중상자수,경상자수,부상신고자수,사고유형,법규위반,노면상태,기상상태,도로형태,가해운전자 차종,가해운전자 성별,가해운전자 연령,가해운전자 상해정도,피해운전자 차종,피해운전자 성별,피해운전자 연령,피해운전자 상해정도
2013042000100416,2013년 4월 20일 15시,토요일,부산광역시 해운대구 반여동,중상사고,0,1,0,0,차대차 - 측면직각충돌,안전거리미확보,습기,비,단일로 - 기타,승용,남,48세,상해없음,화물,남,35세,상해없음
2013042000100417,2013년 4월 20일 15시,토요일,부산광역시 사상구 삼락동,경상사고,0,0,2,0,차대차 - 추돌 - 진행중,안전운전불이행,습기,비,교차로 - 교차로부근,화물,남,40세,상해없음,승합,남,31세,경상
2013042000100449,2013년 4월 20일 16시,토요일,부산광역시 동래구 사직동,중상사고,0,1,2,0,차대차 - 측면직각충돌,안전운전불이행,건조,맑음,교차로 - 교차로안,승합,남,65세,상해없음,승용,남,59세,경상
2013042000100450,2013년 4월 20일 16시,토요일,부산광역시 해운대구 좌동,중상사고,0,1,0,0,차대사람 - 횡단중,안전운전불이행,건조,흐림,단일로 - 기타,원동기,남,42세,상해없음,보행자,남,9세,중상
2013042000100536,2013년 4월 20일 19시,토요일,부산광역시 부산진구 범천동,경상사고,0,0,1,0,차대사람 - 기타,안전운전불이행,습기,흐림,단일로 - 기타,승용,남,62세,상해없음,보행자,여,57세,경상
2013042000100583,2013년 4월 20일 20시,토요일,부산광역시 강서구 명지동,경상사고,0,0,3,0,차대차 - 추돌 - 주정차중,안전운전불이행,습기,비,교차로 - 교차로부근,승용,남,49세,상해없음,승용,여,44세,경상
2013042000100584,2013년 4월 20일 20시,토요일,부산광역시 사상구 덕포동,경상사고,0,0,1,0,차대차 - 측면직각충돌,교차로운행방법위반,습기,비,교차로 - 교차로안,승용,여,45세,상해없음,승용,남,34세,경상
2013042000100631,2013년 4월 20일 21시,토요일,부산광역시 수영구 광안동,경상사고,0,0,1,0,차대차 - 측면직각충돌,중앙선침범,건조,맑음,단일로 - 기타,승용,남,46세,상해없음,승용,남,52세,경상
2013042000100632,2013년 4월 20일 21시,토요일,부산광역시 해운대구 송정동,경상사고,0,0,1,0,차대사람 - 횡단중,안전운전불이행,습기,비,단일로 - 기타,승용,남,59세,상해없음,보행자,남,40세,경상
2013042000100633,2013년 4월 20일 21시,토요일,부산광역시 사상구 학장동,경상사고,0,0,1,0,차대차 - 기타,안전거리미확보,건조,맑음,단일로 - 기타,승용,남,46세,상해없음,승용,남,29세,경상
2013042000100665,2013년 4월 20일 22시,토요일,부산광역시 북구 구포동,경상사고,0,0,1,0,차대차 - 기타,안전거리미확보,건조,맑음,단일로 - 기타,승용,남,57세,상해없음,원동기,남,27세,경상
2013042000100666,2013년 4월 20일 22시,토요일,부산광역시 해운대구 중동,경상사고,0,0,1,0,차대사람 - 횡단중,안전운전불이행,기타,맑음,단일로 - 기타,승용,여,36세,상해없음,보행자,남,21세,경상
2013042000100667,2013년 4월 20일 22시,토요일,부산광역시 금정구 장전동,중상사고,0,1,2,0,차대차 - 측면직각충돌,기타,습기,흐림,교차로 - 교차로안,승용,남,33세,경상,승용,남,53세,중상
2013042000100690,2013년 4월 20일 23시,토요일,부산광역시 동구 범일동,경상사고,0,0,1,0,차대사람 - 횡단중,중앙선침범,건조,맑음,단일로 - 기타,승용,남,50세,상해없음,보행자,여,27세,경상
2013042000100691,2013년 4월 20일 23시,토요일,부산광역시 북구 덕천동,경상사고,0,0,1,0,차대차 - 추돌 - 진행중,안전거리미확보,건조,맑음,단일로 - 기타,승용,남,33세,상해없음,원동기,남,18세,경상
2013042100100007,2013년 4월 21일 00시,일요일,부산광역시 사하구 감천동,중상사고,0,1,0,0,차대사람 - 횡단중,안전운전불이행,건조,맑음,단일로 - 기타,승용,남,40세,상해없음,보행자,남,49세,중상
2013042100100008,2013년 4월 21일 00시,일요일,부산광역시 강서구 송정동,경상사고,0,0,2,0,차대차 - 기타,안전운전불이행,건조,맑음,단일로 - 기타,승용,남,22세,상해없음,승용,남,47세,경상
2013042100100009,2013년 4월 21일 00시,일요일,부산광역시 사상구 모라동,경상사고,0,0,1,0,차대차 - 추돌 - 주정차중,안전운전불이행,습기,비,단일로 - 기타,화물,남,51세,상해없음,승용,남,63세,경상
2013042100100036,2013년 4월 21일 01시,일요일,부산광역시 부산진구 개금동,경상사고,0,0,3,0,차대차 - 추돌 - 진행중,안전거리미확보,건조,맑음,단일로 - 횡단보도부근,승용,여,43세,상해없음,승용,남,23세,경상
2013042100100065,2013년 4월 21일 03시,일요일,부산광역시 금정구 금사동,경상사고,0,0,2,0,차대차 - 정면충돌,중앙선침범,건조,맑음,단일로 - 기타,승용,남,55세,상해없음,승용,여,35세,경상
2013042100100081,2013년 4월 21일 04시,일요일,부산광역시 부산진구 부전동,중상사고,0,1,0,0,차대사람 - 기타,안전운전불이행,건조,맑음,단일로 - 기타,승용,남,55세,상해없음,보행자,남,32세,중상
2013042100100082,2013년 4월 21일 04시,일요일,부산광역시 사상구 덕포동,경상사고,0,0,9,0,차대차 - 추돌 - 주정차중,안전운전불이행,건조,맑음,단일로 - 기타,승용,여,55세,상해없음,승용,남,57세,경상
2013042100100124,2013년 4월 21일 08시,일요일,부산광역시 기장군 철마면,경상사고,0,0,3,0,차대차 - 추돌 - 주정차중,안전운전불이행,건조,맑음,단일로 - 기타,승용,남,37세,상해없음,승용,여,46세,경상
2013042100100140,2013년 4월 21일 09시,일요일,부산광역시 부산진구 부전동,중상사고,0,1,2,1,차대차 - 측면직각충돌,안전거리미확보,건조,맑음,단일로 - 기타,승용,남,23세,상해없음,승합,남,53세,부상신고
2013042100100166,2013년 4월 21일 11시,일요일,부산광역시 연제구 연산동,중상사고,0,1,0,0,차대차 - 추돌 - 진행중,안전운전불이행,건조,맑음,단일로 - 기타,승용,남,55세,상해없음,자전거,남,42세,중상
2013042100100187,2013년 4월 21일 12시,일요일,부산광역시 동구 범일동,경상사고,0,0,1,0,차대사람 - 횡단중,보행자보호의무위반,건조,맑음,단일로 - 횡단보도상,승용,남,61세,상해없음,보행자,여,20세,경상
2013042100100208,2013년 4월 21일 13시,일요일,부산광역시 사하구 감천동,경상사고,0,0,1,0,차대차 - 측면직각충돌,교차로운행방법위반,건조,맑음,단일로 - 기타,승용,남,59세,상해없음,원동기,남,40세,경상
2013042100100267,2013년 4월 21일 15시,일요일,부산광역시 남구 대연동,경상사고,0,0,1,0,차대사람 - 기타,안전운전불이행,건조,맑음,단일로 - 기타,승합,남,57세,상해없음,보행자,여,16세,경상
2013042100100268,2013년 4월 21일 15시,일요일,부산광역시 동래구 명륜동,중상사고,0,1,0,0,차대사람 - 기타,안전운전불이행,건조,맑음,기타 - 기타,승용,남,52세,상해없음,보행자,여,32세,중상
2013042100100269,2013년 4월 21일 15시,일요일,부산광역시 동래구 낙민동,중상사고,0,3,0,0,차대차 - 기타,안전운전불이행,건조,맑음,기타 - 기타,자전거,남,12세,중상,이륜,남,16세,중상
2013042100100270,2013년 4월 21일 15시,일요일,부산광역시 부산진구 부전동,경상사고,0,0,1,0,차대사람 - 기타,신호위반,건조,맑음,단일로 - 기타,승용,남,70세,상해없음,보행자,여,23세,경상
2013042100100292,2013년 4월 21일 16시,일요일,부산광역시 동구 범일동,중상사고,0,1,0,0,차대차 - 측면직각충돌,신호위반,건조,맑음,교차로 - 교차로안,승용,여,71세,상해없음,이륜,남,43세,중상
2013042100100293,2013년 4월 21일 16시,일요일,부산광역시 기장군 정관면,경상사고,0,0,2,0,차대사람 - 횡단중,신호위반,건조,맑음,단일로 - 횡단보도상,승용,남,48세,상해없음,보행자,여,35세,경상
2013042100100329,2013년 4월 21일 17시,일요일,부산광역시 금정구 오륜동,경상사고,0,0,5,1,차대차 - 추돌 - 진행중,안전운전불이행,건조,맑음,단일로 - 기타,이륜,남,35세,부상신고,승용,남,48세,경상
2013042100100330,2013년 4월 21일 17시,일요일,부산광역시 사하구 다대동,경상사고,0,0,1,0,차대사람 - 길가장자리구역통행중,안전운전불이행,건조,맑음,단일로 - 기타,승용,남,53세,상해없음,보행자,남,58세,경상
2013042100100331,2013년 4월 21일 17시,일요일,부산광역시 연제구 연산동,중상사고,0,1,0,0,차대차 - 추돌 - 진행중,안전거리미확보,건조,맑음,단일로 - 기타,승용,남,33세,상해없음,자전거,남,12세,중상
2013042100100363,2013년 4월 21일 18시,일요일,부산광역시 동구 범일동,중상사고,0,1,0,0,차대차 - 기타,안전거리미확보,건조,맑음,단일로 - 기타,승용,남,81세,상해없음,이륜,남,33세,중상
2013042100100364,2013년 4월 21일 18시,일요일,부산광역시 동래구 수안동,경상사고,0,0,1,0,차대사람 - 횡단중,안전운전불이행,건조,맑음,기타 - 기타,자전거,여,29세,상해없음,보행자,여,7세,경상
2013042100100365,2013년 4월 21일 18시,일요일,부산광역시 기장군 기장읍,경상사고,0,0,1,0,차대차 - 측면직각충돌,안전거리미확보,건조,맑음,단일로 - 기타,이륜,남,26세,경상,기타불명,기타불명,기타불명,기타불명
2013042100100431,2013년 4월 21일 20시,일요일,부산광역시 수영구 남천동,경상사고,0,0,1,0,차대차 - 측면직각충돌,안전운전불이행,건조,맑음,단일로 - 기타,이륜,남,16세,상해없음,승용,남,29세,경상
2013042100100432,2013년 4월 21일 20시,일요일,부산광역시 연제구 거제동,경상사고,0,0,2,1,차대차 - 측면직각충돌,중앙선침범,건조,맑음,교차로 - 교차로부근,승용,남,44세,상해없음,승용,여,53세,상해없음
2013042100100433,2013년 4월 21일 20시,일요일,부산광역시 사상구 모라동,경상사고,0,0,1,0,차대사람 - 기타,신호위반,건조,맑음,교차로 - 교차로부근,원동기,남,25세,상해없음,보행자,남,50세,경상
2013042100100465,2013년 4월 21일 21시,일요일,부산광역시 부산진구 초읍동,부상신고사고,0,0,0,1,차대사람 - 기타,안전운전불이행,건조,맑음,단일로 - 횡단보도부근,기타불명,기타불명,기타불명,기타불명,보행자,남,20세,부상신고
2013042100100499,2013년 4월 21일 22시,일요일,부산광역시 부산진구 부전동,중상사고,0,1,0,0,차대차 - 측면직각충돌,안전거리미확보,건조,맑음,교차로 - 교차로부근,승용,남,56세,상해없음,이륜,남,17세,중상
2013042100100500,2013년 4월 21일 22시,일요일,부산광역시 부산진구 전포동,경상사고,0,0,1,0,차대차 - 기타,안전운전불이행,건조,맑음,단일로 - 기타,승용,남,25세,상해없음,승용,남,35세,경상
2013042100100517,2013년 4월 21일 23시,일요일,부산광역시 부산진구 전포동,중상사고,0,1,1,0,차대차 - 측면직각충돌,신호위반,건조,흐림,교차로 - 교차로안,승용,남,62세,상해없음,승용,남,56세,중상
2013042100100518,2013년 4월 21일 23시,일요일,부산광역시 사하구 하단동,중상사고,0,1,0,0,차대사람 - 길가장자리구역통행중,신호위반,건조,맑음,단일로 - 기타,이륜,남,22세,상해없음,보행자,여,45세,중상
2013042200100004,2013년 4월 22일 00시,월요일,부산광역시 영도구 봉래동1가,중상사고,0,2,1,0,차대차 - 측면직각충돌,신호위반,건조,맑음,교차로 - 교차로안,승용,남,40세,상해없음,승용,남,57세,상해없음
2013042200100005,2013년 4월 22일 00시,월요일,부산광역시 부산진구 가야동,중상사고,0,1,0,0,차량단독 - 도로외이탈 - 기타,안전운전불이행,건조,흐림,단일로 - 기타,이륜,남,31세,중상,,,,
2013042200100027,2013년 4월 22일 02시,월요일,부산광역시 부산진구 부전동,경상사고,0,0,1,1,차대차 - 기타,신호위반,건조,맑음,단일로 - 기타,승용,남,26세,상해없음,원동기,남,24세,경상
2013042200100036,2013년 4월 22일 04시,월요일,부산광역시 부산진구 개금동,경상사고,0,0,1,0,차대차 - 기타,안전거리미확보,기타,맑음,미분류 - 미분류,승용,여,22세,상해없음,승용,남,46세,경상
2013042200100037,2013년 4월 22일 04시,월요일,부산광역시 금정구 구서동,경상사고,0,0,2,0,차대차 - 측면직각충돌,직진우회전진행방해,건조,맑음,교차로 - 교차로부근,승용,남,27세,상해없음,화물,남,53세,경상
2013042200100043,2013년 4월 22일 05시,월요일,부산광역시 강서구 범방동,중상사고,0,1,0,0,차대차 - 추돌 - 주정차중,안전운전불이행,건조,맑음,교차로 - 교차로부근,승용,남,25세,상해없음,승용,남,45세,중상
2013042200100044,2013년 4월 22일 05시,월요일,부산광역시 강서구 대저2동,경상사고,0,0,1,0,차대차 - 측면직각충돌,신호위반,건조,맑음,교차로 - 교차로안,승용,남,68세,상해없음,승용,여,55세,경상
2013042200100051,2013년 4월 22일 06시,월요일,부산광역시 사하구 구평동,사망사고,1,0,0,0,차량단독 - 전도전복,안전운전불이행,건조,맑음,단일로 - 기타,원동기,남,63세,사망,,,,
2013042200100074,2013년 4월 22일 07시,월요일,부산광역시 영도구 봉래동2가,경상사고,0,0,1,0,차대차 - 측면직각충돌,교차로운행방법위반,건조,맑음,교차로 - 교차로안,승용,남,67세,상해없음,승용,남,63세,경상
2013042200100075,2013년 4월 22일 07시,월요일,부산광역시 영도구 영선동1가,경상사고,0,0,1,0,차대차 - 측면직각충돌,신호위반,건조,맑음,교차로 - 교차로안,화물,남,55세,상해없음,승용,남,57세,상해없음
2013042200100076,2013년 4월 22일 07시,월요일,부산광역시 강서구 구랑동,중상사고,0,2,0,0,차대차 - 측면직각충돌,신호위반,건조,맑음,교차로 - 교차로부근,승용,남,45세,상해없음,화물,남,43세,중상
2013042200100117,2013년 4월 22일 08시,월요일,부산광역시 남구 우암동,중상사고,0,1,1,0,차대차 - 추돌 - 진행중,안전운전불이행,건조,맑음,단일로 - 기타,승용,여,40세,중상,승용,남,33세,경상
2013042200100118,2013년 4월 22일 08시,월요일,부산광역시 사하구 신평동,경상사고,0,0,1,0,차대차 - 추돌 - 진행중,안전운전불이행,건조,맑음,교차로 - 교차로부근,승용,남,53세,상해없음,화물,남,63세,경상
2013042200100119,2013년 4월 22일 08시,월요일,부산광역시 사상구 주례동,중상사고,0,1,0,0,차대차 - 측면직각충돌,안전거리미확보,건조,맑음,단일로 - 기타,화물,남,38세,상해없음,화물,남,60세,중상
2013042200100151,2013년 4월 22일 09시,월요일,부산광역시 동구 수정동,중상사고,0,1,0,0,차량단독 - 기타,안전운전불이행,건조,맑음,단일로 - 기타,승합,남,45세,상해없음,,,,
2013042200100152,2013년 4월 22일 09시,월요일,부산광역시 영도구 청학동,경상사고,0,0,1,0,차량단독 - 기타,기타,건조,맑음,단일로 - 기타,승합,남,45세,상해없음,,,,
2013042200100153,2013년 4월 22일 09시,월요일,부산광역시 부산진구 부전동,중상사고,0,1,0,0,차대차 - 기타,신호위반,건조,맑음,단일로 - 기타,원동기,남,62세,상해없음,자전거,여,23세,중상
2013042200100179,2013년 4월 22일 10시,월요일,부산광역시 사하구 괴정동,중상사고,0,1,0,0,차대차 - 기타,안전거리미확보,건조,맑음,교차로 - 교차로안,승용,남,66세,상해없음,승합,남,30세,중상
2013042200100242,2013년 4월 22일 12시,월요일,부산광역시 중구 중앙동4가,중상사고,0,1,0,0,차대사람 - 차도통행중,안전운전불이행,건조,맑음,교차로 - 교차로부근,승용,남,50세,상해없음,보행자,여,22세,중상
2013042200100244,2013년 4월 22일 12시,월요일,부산광역시 부산진구 가야동,중상사고,0,1,0,0,차대차 - 측면직각충돌,신호위반,건조,맑음,교차로 - 교차로안,승용,남,32세,상해없음,승용,남,58세,중상
2013042200100245,2013년 4월 22일 12시,월요일,부산광역시 사하구 장림동,경상사고,0,0,1,0,차대차 - 측면직각충돌,차로위반,건조,맑음,교차로 - 교차로부근,승용,여,37세,상해없음,건설기계,남,49세,상해없음
2013042200100295,2013년 4월 22일 14시,월요일,부산광역시 동구 수정동,부상신고사고,0,0,0,1,차대사람 - 횡단중,보행자보호의무위반,건조,맑음,단일로 - 횡단보도상,승용,남,62세,상해없음,보행자,남,8세,부상신고
2013042200100297,2013년 4월 22일 14시,월요일,부산광역시 부산진구 연지동,중상사고,0,1,2,0,차대차 - 기타,안전거리미확보,기타,맑음,단일로 - 기타,화물,남,31세,상해없음,승용,남,25세,중상
2013042200100298,2013년 4월 22일 14시,월요일,부산광역시 부산진구 부암동,중상사고,0,1,0,0,차대사람 - 기타,기타,건조,맑음,기타 - 기타,승용,여,58세,상해없음,보행자,남,26세,중상
2013042200100324,2013년 4월 22일 15시,월요일,부산광역시 동래구 명륜동,경상사고,0,0,1,0,차대사람 - 횡단중,신호위반,건조,맑음,단일로 - 횡단보도상,승합,남,51세,상해없음,보행자,남,14세,경상
2013042200100325,2013년 4월 22일 15시,월요일,부산광역시 사하구 신평동,경상사고,0,0,1,0,차대차 - 측면직각충돌,안전운전불이행,건조,맑음,단일로 - 기타,화물,남,44세,상해없음,자전거,남,56세,경상
2013042200100352,2013년 4월 22일 16시,월요일,부산광역시 남구 우암동,사망사고,1,0,0,0,차대사람 - 횡단중,신호위반,건조,맑음,단일로 - 횡단보도상,특수,남,37세,상해없음,보행자,여,73세,사망
2013042200100386,2013년 4월 22일 17시,월요일,부산광역시 동구 초량동,중상사고,0,1,0,0,차대차 - 측면직각충돌,교차로운행방법위반,건조,맑음,교차로 - 교차로안,승용,남,42세,상해없음,원동기,남,24세,중상
2013042200100387,2013년 4월 22일 17시,월요일,부산광역시 수영구 남천동,부상신고사고,0,0,0,1,차대차 - 기타,안전운전불이행,건조,맑음,단일로 - 횡단보도상,승용,여,36세,상해없음,자전거,여,23세,부상신고
2013042200100388,2013년 4월 22일 17시,월요일,부산광역시 남구 대연동,중상사고,0,1,0,0,차대사람 - 기타,안전운전불이행,건조,맑음,교차로 - 교차로안,화물,남,50세,상해없음,보행자,남,75세,중상
2013042200100389,2013년 4월 22일 17시,월요일,부산광역시 해운대구 중동,중상사고,0,1,0,0,차대사람 - 횡단중,보행자보호의무위반,건조,맑음,단일로 - 횡단보도상,승용,여,35세,상해없음,보행자,남,62세,중상
2013042200100423,2013년 4월 22일 18시,월요일,부산광역시 동래구 안락동,중상사고,0,1,0,0,차대차 - 측면직각충돌,교차로운행방법위반,건조,맑음,교차로 - 교차로안,승용,남,57세,상해없음,원동기,남,45세,중상
2013042200100459,2013년 4월 22일 19시,월요일,부산광역시 해운대구 우동,경상사고,0,0,1,0,차대차 - 기타,안전운전불이행,건조,맑음,단일로 - 기타,승용,남,64세,상해없음,승용,남,42세,경상
2013042200100460,2013년 4월 22일 19시,월요일,부산광역시 사하구 신평동,경상사고,0,0,1,0,차대차 - 기타,안전거리미확보,건조,맑음,단일로 - 기타,승용,남,58세,상해없음,자전거,남,55세,경상
2013042200100493,2013년 4월 22일 20시,월요일,부산광역시 해운대구 중동,경상사고,0,0,1,0,차대차 - 측면직각충돌,안전운전불이행,건조,맑음,교차로 - 교차로안,승용,남,66세,상해없음,승용,여,50세,경상
2013042200100590,2013년 4월 22일 23시,월요일,부산광역시 북구 구포동,경상사고,0,0,1,0,차대차 - 추돌 - 주정차중,안전운전불이행,건조,맑음,단일로 - 기타,화물,남,58세,상해없음,승합,남,57세,상해없음
2013042200100591,2013년 4월 22일 23시,월요일,부산광역시 사하구 하단동,중상사고,0,1,0,0,차대차 - 측면직각충돌,신호위반,건조,맑음,교차로 - 교차로안,승용,남,30세,상해없음,승용,여,62세,중상
2013042300100027,2013년 4월 23일 01시,화요일,부산광역시 해운대구 중동,경상사고,0,0,1,0,차대차 - 추돌 - 진행중,안전운전불이행,건조,맑음,교차로 - 교차로안,승용,남,38세,상해없음,승용,남,63세,경상
2013042300100039,2013년 4월 23일 02시,화요일,부산광역시 사하구 장림동,경상사고,0,0,1,0,차대사람 - 기타,안전운전불이행,건조,맑음,기타 - 기타,승용,남,55세,상해없음,보행자,여,55세,경상
2013042300100067,2013년 4월 23일 05시,화요일,부산광역시 중구 부평동3가,중상사고,0,1,0,0,차대차 - 측면직각충돌,신호위반,건조,맑음,교차로 - 교차로안,이륜,남,64세,중상,승용,남,56세,상해없음
2013042300100082,2013년 4월 23일 06시,화요일,부산광역시 서구 암남동,경상사고,0,0,1,0,차대차 - 기타,안전거리미확보,건조,맑음,교차로 - 교차로부근,승용,남,60세,상해없음,승용,남,30세,경상
2013042300100094,2013년 4월 23일 07시,화요일,부산광역시 사하구 장림동,경상사고,0,0,1,0,차대차 - 기타,신호위반,건조,맑음,교차로 - 교차로안,승용,남,64세,상해없음,이륜,남,33세,경상
2013042300100095,2013년 4월 23일 07시,화요일,부산광역시 사상구 모라동,중상사고,0,1,0,0,차대사람 - 횡단중,안전운전불이행,건조,맑음,단일로 - 기타,승용,남,47세,상해없음,보행자,여,66세,중상
2013042300100152,2013년 4월 23일 09시,화요일,부산광역시 동구 범일동,중상사고,0,2,0,0,차대차 - 기타,안전운전불이행,습기,비,교차로 - 교차로부근,승용,남,26세,상해없음,승용,남,58세,중상
2013042300100153,2013년 4월 23일 09시,화요일,부산광역시 강서구 송정동,중상사고,0,1,0,0,차대차 - 추돌 - 주정차중,안전운전불이행,습기,비,교차로 - 교차로부근,승합,남,41세,상해없음,승용,남,42세,중상
2013042300100176,2013년 4월 23일 10시,화요일,부산광역시 해운대구 좌동,중상사고,0,1,0,0,차대사람 - 횡단중,안전운전불이행,기타,비,단일로 - 기타,승용,남,28세,상해없음,보행자,여,59세,중상
2013042300100177,2013년 4월 23일 10시,화요일,부산광역시 부산진구 개금동,경상사고,0,0,1,0,차대차 - 기타,안전거리미확보,건조,맑음,단일로 - 기타,승용,여,39세,상해없음,승합,남,57세,상해없음
2013042300100178,2013년 4월 23일 10시,화요일,부산광역시 금정구 서동,경상사고,0,0,2,0,차대차 - 추돌 - 진행중,안전거리미확보,습기,비,교차로 - 교차로부근,승합,남,50세,상해없음,승용,남,59세,상해없음
2013042300100179,2013년 4월 23일 10시,화요일,부산광역시 강서구 송정동,경상사고,0,0,1,0,차대차 - 추돌 - 주정차중,안전거리미확보,습기,비,교차로 - 교차로부근,화물,남,46세,상해없음,승용,남,48세,경상
2013042300100180,2013년 4월 23일 10시,화요일,부산광역시 사상구 감전동,중상사고,0,1,12,0,차대차 - 기타,안전거리미확보,습기,비,단일로 - 기타,승용,남,50세,상해없음,승합,남,57세,상해없음
2013042300100181,2013년 4월 23일 10시,화요일,부산광역시 기장군 일광면,경상사고,0,0,1,0,차량단독 - 공작물충돌,안전운전불이행,습기,비,단일로 - 기타,승용,남,57세,경상,,,,
2013042300100209,2013년 4월 23일 11시,화요일,부산광역시 연제구 연산동,경상사고,0,0,1,0,차대차 - 추돌 - 주정차중,안전운전불이행,습기,비,단일로 - 기타,승용,남,56세,상해없음,승용,남,62세,상해없음
2013042300100228,2013년 4월 23일 12시,화요일,부산광역시 해운대구 좌동,경상사고,0,0,1,0,차대차 - 추돌 - 주정차중,안전운전불이행,습기,비,교차로 - 교차로부근,화물,남,57세,상해없음,화물,남,58세,경상
2013042300100249,2013년 4월 23일 13시,화요일,부산광역시 부산진구 연지동,부상신고사고,0,0,0,1,차대차 - 기타,안전거리미확보,습기,비,단일로 - 기타,원동기,남,17세,부상신고,화물,남,51세,상해없음
2013042300100250,2013년 4월 23일 13시,화요일,부산광역시 부산진구 당감동,중상사고,0,1,0,0,차대사람 - 기타,보행자보호의무위반,건조,맑음,단일로 - 횡단보도상,화물,남,52세,상해없음,보행자,남,85세,중상
2013042300100307,2013년 4월 23일 15시,화요일,부산광역시 부산진구 부전동,경상사고,0,0,1,0,차량단독 - 기타,안전운전불이행,습기,흐림,단일로 - 기타,승합,남,45세,상해없음,,,,
2013042300100336,2013년 4월 23일 16시,화요일,부산광역시 동구 좌천동,중상사고,0,1,0,0,차대차 - 기타,교차로운행방법위반,건조,맑음,교차로 - 교차로안,화물,남,39세,상해없음,승용,남,42세,중상
2013042300100337,2013년 4월 23일 16시,화요일,부산광역시 남구 용당동,중상사고,0,1,0,0,차대사람 - 기타,안전운전불이행,건조,맑음,단일로 - 기타,승합,남,55세,상해없음,보행자,남,15세,중상
2013042300100338,2013년 4월 23일 16시,화요일,부산광역시 북구 덕천동,경상사고,0,0,1,0,차대사람 - 기타,보행자보호의무위반,습기,비,교차로 - 교차로안,승합,여,43세,상해없음,보행자,남,61세,경상
2013042300100339,2013년 4월 23일 16시,화요일,부산광역시 동래구 수안동,중상사고,0,1,1,0,차대차 - 측면직각충돌,신호위반,습기,비,교차로 - 교차로안,승용,남,66세,상해없음,승용,여,40세,중상
2013042300100340,2013년 4월 23일 16시,화요일,부산광역시 사하구 하단동,경상사고,0,0,1,0,차대사람 - 길가장자리구역통행중,안전운전불이행,습기,비,교차로 - 교차로부근,승합,남,45세,상해없음,보행자,여,58세,경상
2013042300100368,2013년 4월 23일 17시,화요일,부산광역시 동래구 명륜동,경상사고,0,0,2,0,차대차 - 측면직각충돌,안전거리미확보,습기,안개,단일로 - 기타,승합,남,34세,상해없음,승용,여,42세,경상
2013042300100369,2013년 4월 23일 17시,화요일,부산광역시 사하구 하단동,경상사고,0,0,1,0,차대차 - 측면직각충돌,교차로운행방법위반,건조,맑음,교차로 - 교차로안,승용,남,62세,상해없음,승용,여,52세,경상
2013042300100415,2013년 4월 23일 18시,화요일,부산광역시 서구 부민동1가,중상사고,0,1,0,0,차대사람 - 횡단중,신호위반,습기,비,단일로 - 횡단보도상,승용,남,29세,상해없음,보행자,여,42세,중상
2013042300100457,2013년 4월 23일 19시,화요일,부산광역시 중구 부평동1가,경상사고,0,0,1,0,차대사람 - 차도통행중,안전운전불이행,습기,비,단일로 - 기타,이륜,남,47세,상해없음,보행자,여,65세,경상
2013042300100458,2013년 4월 23일 19시,화요일,부산광역시 해운대구 좌동,경상사고,0,0,2,0,차대차 - 추돌 - 진행중,안전거리미확보,습기,비,단일로 - 기타,승용,남,69세,상해없음,승합,남,47세,상해없음
2013042300100520,2013년 4월 23일 20시,화요일,부산광역시 해운대구 재송동,경상사고,0,0,1,0,차대사람 - 횡단중,안전운전불이행,습기,비,단일로 - 기타,이륜,남,17세,상해없음,보행자,남,62세,경상
2013042300100521,2013년 4월 23일 20시,화요일,부산광역시 부산진구 당감동,중상사고,0,1,3,0,차대차 - 추돌 - 진행중,안전운전불이행,습기,비,교차로 - 교차로부근,승용,남,54세,상해없음,승용,남,41세,경상
2013042300100522,2013년 4월 23일 20시,화요일,부산광역시 강서구 녹산동,경상사고,0,0,1,0,차대사람 - 기타,안전운전불이행,습기,비,교차로 - 교차로부근,승용,남,43세,상해없음,보행자,남,51세,경상
2013042300100570,2013년 4월 23일 21시,화요일,부산광역시 사상구 감전동,중상사고,0,1,0,0,차대사람 - 횡단중,보행자보호의무위반,습기,비,단일로 - 기타,승용,남,21세,상해없음,보행자,여,47세,중상
2013042300100623,2013년 4월 23일 22시,화요일,부산광역시 영도구 동삼동,중상사고,0,1,0,0,차대차 - 기타,안전운전불이행,습기,비,단일로 - 기타,이륜,남,22세,중상,승용,남,38세,상해없음
2013042300100624,2013년 4월 23일 22시,화요일,부산광역시 사상구 감전동,중상사고,0,1,1,0,차대차 - 추돌 - 진행중,안전운전불이행,습기,비,단일로 - 기타,승용,남,30세,상해없음,승합,남,47세,경상
2013042300100666,2013년 4월 23일 23시,화요일,부산광역시 남구 문현동,중상사고,0,2,0,0,차대차 - 정면충돌,중앙선침범,습기,비,단일로 - 기타,승합,남,62세,상해없음,승용,남,54세,중상
2013042300100667,2013년 4월 23일 23시,화요일,부산광역시 남구 대연동,중상사고,0,1,3,0,차대차 - 추돌 - 진행중,안전운전불이행,습기,비,단일로 - 교량,승용,남,28세,경상,승용,남,47세,경상
2013042300100668,2013년 4월 23일 23시,화요일,부산광역시 해운대구 우동,중상사고,0,2,1,0,차대차 - 추돌 - 주정차중,안전운전불이행,습기,비,단일로 - 기타,승용,남,36세,상해없음,승용,남,47세,경상