사고번호,사고일시,요일,시군구,사고내용,사망자수,중상자수,경상자수,부상신고자수,사고유형,법규위반,노면상태,기상상태,도로형태,가해운전자 차종,가해운전자 성별,가해운전자 연령,가해운전자 상해정도,피해운전자 차종,피해운전자 성별,피해운전자 연령,피해운전자 상해정도
2013042700100313,2013년 4월 27일 14시,토요일,부산광역시 금정구 서동,부상신고사고,0,0,0,1,차량단독 - 전도전복,안전운전불이행,건조,흐림,단일로 - 기타,원동기,남,49세,부상신고,,,,
2013042700100353,2013년 4월 27일 15시,토요일,부산광역시 해운대구 재송동,중상사고,0,1,0,0,차대사람 - 기타,안전운전불이행,건조,맑음,단일로 - 기타,승용,여,56세,상해없음,보행자,여,20세,중상
2013042700100385,2013년 4월 27일 16시,토요일,부산광역시 북구 화명동,부상신고사고,0,0,0,2,차대차 - 측면직각충돌,직진우회전진행방해,건조,맑음,교차로 - 교차로안,화물,남,58세,부상신고,승용,남,25세,부상신고
2013042700100386,2013년 4월 27일 16시,토요일,부산광역시 동래구 사직동,경상사고,0,0,2,0,차대차 - 측면직각충돌,안전운전불이행,건조,맑음,교차로 - 교차로안,승용,남,29세,상해없음,이륜,남,43세,경상
2013042700100387,2013년 4월 27일 16시,토요일,부산광역시 기장군 기장읍,부상신고사고,0,0,0,1,차대차 - 측면직각충돌,교차로운행방법위반,건조,흐림,교차로 - 교차로안,이륜,여,51세,부상신고,승용,남,41세,상해없음
2013042700100419,2013년 4월 27일 17시,토요일,부산광역시 북구 화명동,경상사고,0,0,1,0,차대차 - 기타,안전운전불이행,건조,맑음,단일로 - 기타,승용,여,45세,상해없음,승용,남,26세,경상
2013042700100420,2013년 4월 27일 17시,토요일,부산광역시 북구 덕천동,경상사고,0,0,2,0,차대차 - 측면직각충돌,안전거리미확보,건조,맑음,단일로 - 기타,화물,남,50세,상해없음,승용,남,62세,상해없음
2013042700100421,2013년 4월 27일 17시,토요일,부산광역시 해운대구 송정동,중상사고,0,1,0,0,차대차 - 측면직각충돌,안전운전불이행,건조,맑음,단일로 - 기타,승용,남,25세,상해없음,이륜,남,34세,중상
2013042700100466,2013년 4월 27일 18시,토요일,부산광역시 북구 만덕동,경상사고,0,0,1,0,차대차 - 측면직각충돌,안전운전불이행,건조,맑음,단일로 - 기타,승용,남,68세,상해없음,승합,남,71세,경상
2013042700100508,2013년 4월 27일 19시,토요일,부산광역시 북구 금곡동,부상신고사고,0,0,0,1,차대사람 - 기타,안전운전불이행,건조,흐림,단일로 - 기타,승용,여,53세,상해없음,보행자,여,66세,부상신고
2013042700100547,2013년 4월 27일 20시,토요일,부산광역시 사상구 괘법동,경상사고,0,0,1,0,차대차 - 측면직각충돌,안전운전불이행,건조,맑음,단일로 - 횡단보도상,원동기,남,31세,경상,승용,남,25세,상해없음
2013042700100590,2013년 4월 27일 21시,토요일,부산광역시 동구 초량동,경상사고,0,0,1,0,차대사람 - 횡단중,안전운전불이행,건조,맑음,교차로 - 교차로안,승합,남,35세,상해없음,보행자,남,47세,경상
2013042700100591,2013년 4월 27일 21시,토요일,부산광역시 연제구 연산동,경상사고,0,0,1,0,차대차 - 측면직각충돌,교차로운행방법위반,건조,맑음,교차로 - 교차로안,승용,남,30세,상해없음,이륜,남,18세,경상
2013042700100614,2013년 4월 27일 22시,토요일,부산광역시 영도구 신선동1가,중상사고,0,1,0,0,차대차 - 기타,교차로운행방법위반,건조,맑음,교차로 - 교차로안,승용,남,52세,상해없음,승용,남,29세,중상
2013042700100615,2013년 4월 27일 22시,토요일,부산광역시 해운대구 우동,중상사고,0,1,0,0,차대차 - 측면직각충돌,안전운전불이행,건조,맑음,단일로 - 기타,승용,남,53세,상해없음,이륜,남,19세,중상
2013042700100616,2013년 4월 27일 22시,토요일,부산광역시 사하구 다대동,경상사고,0,0,1,0,차대차 - 기타,안전운전불이행,건조,맑음,단일로 - 기타,이륜,남,19세,상해없음,승용,남,46세,상해없음
2013042700100647,2013년 4월 27일 23시,토요일,부산광역시 동구 초량동,중상사고,0,1,0,0,차대사람 - 횡단중,보행자보호의무위반,건조,맑음,교차로 - 교차로부근,원동기,남,56세,상해없음,보행자,여,51세,중상
2013042700100648,2013년 4월 27일 23시,토요일,부산광역시 서구 충무동3가,경상사고,0,0,1,0,차대사람 - 기타,안전운전불이행,건조,맑음,단일로 - 기타,이륜,남,29세,상해없음,보행자,남,45세,경상
2013042800100005,2013년 4월 28일 00시,일요일,부산광역시 사하구 다대동,경상사고,0,0,2,0,차대차 - 기타,신호위반,건조,맑음,교차로 - 교차로안,승용,남,49세,상해없음,승용,남,53세,경상
2013042800100006,2013년 4월 28일 00시,일요일,부산광역시 사상구 모라동,경상사고,0,0,1,0,차대차 - 추돌 - 주정차중,기타,건조,맑음,단일로 - 기타,원동기,남,29세,경상,승용,남,63세,상해없음
2013042800100007,2013년 4월 28일 00시,일요일,부산광역시 사상구 감전동,경상사고,0,0,3,0,차대차 - 측면직각충돌,안전거리미확보,건조,맑음,교차로 - 교차로안,승용,남,50세,상해없음,승용,남,26세,경상
2013042800100008,2013년 4월 28일 00시,일요일,부산광역시 기장군 정관면,경상사고,0,0,1,0,차대사람 - 횡단중,신호위반,건조,흐림,단일로 - 횡단보도상,승합,남,61세,상해없음,보행자,남,44세,경상
2013042800100047,2013년 4월 28일 02시,일요일,부산광역시 동래구 명륜동,경상사고,0,0,1,0,차대사람 - 기타,안전운전불이행,건조,맑음,교차로 - 교차로부근,승용,남,61세,기타불명,보행자,남,21세,경상
2013042800100087,2013년 4월 28일 05시,일요일,부산광역시 사하구 괴정동,경상사고,0,0,1,0,차대차 - 추돌 - 주정차중,안전운전불이행,건조,맑음,단일로 - 기타,화물,남,24세,상해없음,승용,남,39세,경상
2013042800100110,2013년 4월 28일 07시,일요일,부산광역시 사하구 구평동,중상사고,0,1,0,0,차대차 - 측면직각충돌,안전운전불이행,건조,맑음,단일로 - 기타,승용,남,52세,상해없음,이륜,남,42세,중상
2013042800100135,2013년 4월 28일 09시,일요일,부산광역시 동래구 사직동,부상신고사고,0,0,0,1,차대사람 - 횡단중,안전운전불이행,건조,맑음,단일로 - 기타,승용,남,31세,상해없음,보행자,남,16세,부상신고
2013042800100167,2013년 4월 28일 11시,일요일,부산광역시 동구 초량동,부상신고사고,0,0,0,3,차대차 - 기타,중앙선침범,건조,맑음,교차로 - 교차로부근,승용,남,49세,상해없음,화물,남,35세,부상신고
2013042800100168,2013년 4월 28일 11시,일요일,부산광역시 연제구 연산동,경상사고,0,0,1,0,차대차 - 정면충돌,중앙선침범,건조,맑음,단일로 - 기타,승용,여,39세,상해없음,승용,여,36세,경상
2013042800100189,2013년 4월 28일 12시,일요일,부산광역시 동래구 온천동,중상사고,0,1,0,0,차대차 - 측면직각충돌,교차로운행방법위반,건조,맑음,교차로 - 교차로안,원동기,남,18세,상해없음,승용,남,24세,중상
2013042800100190,2013년 4월 28일 12시,일요일,부산광역시 기장군 일광면,경상사고,0,0,2,0,차대차 - 추돌 - 주정차중,안전거리미확보,건조,맑음,단일로 - 기타,화물,남,35세,상해없음,승용,남,32세,경상
2013042800100220,2013년 4월 28일 13시,일요일,부산광역시 해운대구 중동,중상사고,0,1,0,0,차대차 - 측면직각충돌,안전운전불이행,건조,맑음,단일로 - 기타,승용,여,48세,상해없음,이륜,남,31세,상해없음
2013042800100221,2013년 4월 28일 13시,일요일,부산광역시 부산진구 부전동,부상신고사고,0,0,0,1,차대차 - 측면직각충돌,안전운전불이행,건조,맑음,교차로 - 교차로안,승용,남,19세,상해없음,이륜,남,17세,부상신고
2013042800100222,2013년 4월 28일 13시,일요일,부산광역시 금정구 구서동,경상사고,0,0,1,0,차대차 - 측면직각충돌,직진우회전진행방해,건조,맑음,교차로 - 교차로안,승용,남,18세,상해없음,승용,남,56세,경상
2013042800100258,2013년 4월 28일 14시,일요일,부산광역시 수영구 남천동,경상사고,0,0,1,0,차대사람 - 길가장자리구역통행중,안전운전불이행,건조,맑음,단일로 - 기타,화물,남,40세,상해없음,보행자,여,47세,경상
2013042800100259,2013년 4월 28일 14시,일요일,부산광역시 사하구 다대동,중상사고,0,1,0,0,차대차 - 기타,안전운전불이행,건조,맑음,단일로 - 기타,승용,남,30세,상해없음,승용,남,52세,중상
2013042800100285,2013년 4월 28일 15시,일요일,부산광역시 영도구 청학동,중상사고,0,1,0,0,차대사람 - 횡단중,안전운전불이행,건조,맑음,단일로 - 기타,승용,여,35세,상해없음,보행자,여,81세,중상
2013042800100286,2013년 4월 28일 15시,일요일,부산광역시 기장군 기장읍,중상사고,0,1,0,0,차대사람 - 길가장자리구역통행중,안전운전불이행,건조,맑음,단일로 - 기타,승용,남,60세,상해없음,보행자,여,53세,중상
2013042800100327,2013년 4월 28일 16시,일요일,부산광역시 금정구 부곡동,중상사고,0,1,0,0,차대차 - 측면직각충돌,안전운전불이행,건조,맑음,교차로 - 교차로부근,승합,남,54세,상해없음,승용,남,47세,상해없음
2013042800100328,2013년 4월 28일 16시,일요일,부산광역시 사상구 감전동,중상사고,0,1,6,2,차대차 - 추돌 - 진행중,안전거리미확보,건조,맑음,단일로 - 기타,승용,남,31세,상해없음,승용,남,64세,부상신고
2013042800100361,2013년 4월 28일 17시,일요일,부산광역시 동래구 온천동,중상사고,0,1,0,0,차대사람 - 기타,안전운전불이행,건조,맑음,기타 - 기타,자전거,남,21세,상해없음,보행자,여,74세,중상
2013042800100362,2013년 4월 28일 17시,일요일,부산광역시 동래구 온천동,경상사고,0,0,1,0,차대차 - 추돌 - 진행중,안전운전불이행,건조,맑음,단일로 - 기타,승용,남,27세,상해없음,승용,남,32세,경상
2013042800100414,2013년 4월 28일 19시,일요일,부산광역시 기장군 기장읍,경상사고,0,0,1,0,차대사람 - 길가장자리구역통행중,안전운전불이행,건조,맑음,단일로 - 기타,승용,남,51세,상해없음,보행자,여,50세,경상
2013042800100444,2013년 4월 28일 20시,일요일,부산광역시 금정구 남산동,경상사고,0,0,1,0,차대사람 - 횡단중,안전운전불이행,건조,맑음,단일로 - 횡단보도상,승용,여,41세,상해없음,보행자,남,58세,경상
2013042800100445,2013년 4월 28일 20시,일요일,부산광역시 사하구 장림동,경상사고,0,0,1,0,차량단독 - 기타,기타,건조,맑음,단일로 - 기타,승합,남,43세,상해없음,,,,
2013042800100503,2013년 4월 28일 22시,일요일,부산광역시 동래구 사직동,중상사고,0,1,0,0,차대사람 - 기타,안전운전불이행,건조,맑음,단일로 - 기타,승용,남,30세,상해없음,보행자,남,68세,중상
2013042800100531,2013년 4월 28일 23시,일요일,부산광역시 북구 만덕동,경상사고,0,0,1,0,차량단독 - 전도전복,안전운전불이행,건조,맑음,교차로 - 교차로안,이륜,남,23세,경상,,,,
2013042900100035,2013년 4월 29일 03시,월요일,부산광역시 연제구 거제동,중상사고,0,1,1,0,차대차 - 기타,신호위반,건조,맑음,단일로 - 횡단보도부근,원동기,남,18세,상해없음,자전거,남,29세,중상
2013042900100061,2013년 4월 29일 06시,월요일,부산광역시 중구 남포동1가,부상신고사고,0,0,0,1,차대차 - 측면직각충돌,안전운전불이행,건조,맑음,단일로 - 기타,승용,남,50세,부상신고,승용,남,30세,상해없음
2013042900100071,2013년 4월 29일 07시,월요일,부산광역시 남구 감만동,중상사고,0,1,0,0,차대차 - 기타,신호위반,건조,맑음,교차로 - 교차로안,승용,남,34세,상해없음,승합,남,69세,중상
2013042900100072,2013년 4월 29일 07시,월요일,부산광역시 기장군 장안읍,중상사고,0,1,1,0,차대차 - 측면직각충돌,신호위반,건조,맑음,교차로 - 교차로안,승용,남,48세,상해없음,이륜,남,64세,중상
2013042900100142,2013년 4월 29일 09시,월요일,부산광역시 수영구 민락동,부상신고사고,0,0,0,1,차대사람 - 길가장자리구역통행중,안전운전불이행,건조,맑음,단일로 - 기타,승용,남,29세,상해없음,보행자,남,48세,부상신고
2013042900100143,2013년 4월 29일 09시,월요일,부산광역시 사상구 모라동,경상사고,0,0,1,0,차대사람 - 횡단중,안전운전불이행,습기,흐림,교차로 - 교차로부근,승용,남,61세,상해없음,보행자,여,61세,경상
2013042900100189,2013년 4월 29일 11시,월요일,부산광역시 중구 신창동1가,경상사고,0,0,1,0,차대사람 - 기타,안전운전불이행,건조,맑음,기타 - 기타,승용,남,64세,상해없음,보행자,남,59세,경상
2013042900100190,2013년 4월 29일 11시,월요일,부산광역시 중구 영주동,중상사고,0,1,1,0,차대차 - 추돌 - 진행중,안전운전불이행,습기,흐림,교차로 - 교차로부근,승용,남,66세,상해없음,승용,남,47세,중상
2013042900100191,2013년 4월 29일 11시,월요일,부산광역시 금정구 회동동,중상사고,0,1,0,0,차대차 - 기타,기타,습기,비,단일로 - 기타,승용,남,48세,상해없음,원동기,여,26세,중상
2013042900100217,2013년 4월 29일 12시,월요일,부산광역시 동구 초량동,경상사고,0,0,2,2,차대차 - 측면직각충돌,직진우회전진행방해,건조,맑음,교차로 - 교차로안,승용,여,42세,상해없음,승용,남,60세,부상신고
2013042900100218,2013년 4월 29일 12시,월요일,부산광역시 사상구 엄궁동,중상사고,0,1,0,0,차대차 - 기타,안전거리미확보,습기,비,단일로 - 기타,자전거,남,36세,중상,승용,남,64세,상해없음
2013042900100249,2013년 4월 29일 13시,월요일,부산광역시 금정구 장전동,경상사고,0,0,1,0,차대차 - 측면직각충돌,신호위반,습기,맑음,교차로 - 교차로안,승용,기타불명,기타불명,기타불명,승용,여,42세,경상
2013042900100270,2013년 4월 29일 14시,월요일,부산광역시 사상구 덕포동,경상사고,0,0,1,1,차대차 - 측면직각충돌,교차로운행방법위반,건조,맑음,교차로 - 교차로안,승용,남,30세,부상신고,이륜,남,39세,경상
2013042900100295,2013년 4월 29일 15시,월요일,부산광역시 남구 대연동,중상사고,0,1,0,0,차대차 - 측면직각충돌,불법유턴,건조,맑음,단일로 - 횡단보도상,자전거,남,84세,중상,승용,남,55세,상해없음
2013042900100322,2013년 4월 29일 16시,월요일,부산광역시 사하구 장림동,중상사고,0,1,1,0,차대차 - 측면직각충돌,교차로운행방법위반,건조,맑음,교차로 - 교차로부근,승합,남,58세,상해없음,승용,남,46세,중상
2013042900100349,2013년 4월 29일 17시,월요일,부산광역시 수영구 광안동,경상사고,0,0,1,0,차대차 - 측면직각충돌,안전운전불이행,건조,맑음,교차로 - 교차로안,승용,남,58세,상해없음,승용,여,24세,경상
2013042900100350,2013년 4월 29일 17시,월요일,부산광역시 남구 용호동,경상사고,0,0,1,0,차대사람 - 차도통행중,안전운전불이행,건조,맑음,교차로 - 교차로부근,기타불명,기타불명,기타불명,기타불명,보행자,여,72세,경상
2013042900100407,2013년 4월 29일 19시,월요일,부산광역시 남구 대연동,중상사고,0,1,2,0,차대차 - 기타,안전운전불이행,건조,맑음,단일로 - 기타,승용,여,45세,상해없음,승용,남,63세,상해없음
2013042900100408,2013년 4월 29일 19시,월요일,부산광역시 북구 구포동,경상사고,0,0,1,0,차대차 - 기타,중앙선침범,건조,맑음,기타 - 기타,승용,남,42세,상해없음,이륜,남,38세,경상
2013042900100434,2013년 4월 29일 20시,월요일,부산광역시 동구 초량동,경상사고,0,0,1,0,차대차 - 추돌 - 주정차중,안전거리미확보,건조,맑음,단일로 - 기타,승용,남,54세,상해없음,승용,남,33세,경상
2013042900100435,2013년 4월 29일 20시,월요일,부산광역시 부산진구 범천동,중상사고,0,2,2,0,차대차 - 기타,안전운전불이행,건조,맑음,단일로 - 기타,승합,남,55세,상해없음,승용,남,47세,중상
2013042900100436,2013년 4월 29일 20시,월요일,부산광역시 사상구 괘법동,중상사고,0,1,0,0,차대사람 - 횡단중,안전운전불이행,건조,맑음,교차로 - 교차로안,승용,남,53세,상해없음,보행자,남,42세,중상
2013042900100467,2013년 4월 29일 21시,월요일,부산광역시 북구 만덕동,중상사고,0,1,0,1,차대차 - 측면직각충돌,안전운전불이행,건조,맑음,교차로 - 교차로안,승용,남,62세,상해없음,승용,남,22세,중상
2013042900100497,2013년 4월 29일 22시,월요일,부산광역시 영도구 대교동1가,경상사고,0,0,1,0,차대사람 - 횡단중,안전운전불이행,건조,맑음,교차로 - 교차로안,승합,여,51세,상해없음,보행자,남,47세,경상
2013042900100498,2013년 4월 29일 22시,월요일,부산광역시 해운대구 송정동,부상신고사고,0,0,0,1,차대차 - 추돌 - 주정차중,안전운전불이행,건조,흐림,단일로 - 기타,승용,여,48세,상해없음,승합,남,44세,부상신고
2013042900100499,2013년 4월 29일 22시,월요일,부산광역시 연제구 연산동,사망사고,1,0,0,0,차대사람 - 횡단중,안전운전불이행,건조,맑음,단일로 - 기타,승용,남,49세,상해없음,보행자,남,48세,사망
2013042900100527,2013년 4월 29일 23시,월요일,부산광역시 남구 대연동,중상사고,0,1,0,1,차대차 - 기타,안전운전불이행,건조,맑음,단일로 - 기타,원동기,남,17세,상해없음,원동기,남,16세,중상
2013042900100528,2013년 4월 29일 23시,월요일,부산광역시 해운대구 좌동,경상사고,0,0,1,1,차대차 - 측면직각충돌,안전거리미확보,건조,맑음,단일로 - 기타,승용,남,33세,상해없음,승용,남,53세,경상
2013042900100529,2013년 4월 29일 23시,월요일,부산광역시 수영구 망미동,경상사고,0,0,1,0,차대사람 - 길가장자리구역통행중,안전운전불이행,건조,맑음,단일로 - 기타,승용,기타불명,기타불명,기타불명,보행자,여,19세,경상
2013043000100005,2013년 4월 30일 00시,화요일,부산광역시 연제구 연산동,경상사고,0,0,1,0,차대차 - 측면직각충돌,안전운전불이행,건조,맑음,교차로 - 교차로안,승용,남,59세,경상,승용,남,47세,상해없음
2013043000100030,2013년 4월 30일 02시,화요일,부산광역시 해운대구 중동,중상사고,0,1,0,0,차대사람 - 기타,안전운전불이행,건조,맑음,단일로 - 기타,승용,남,41세,상해없음,보행자,남,54세,중상
2013043000100046,2013년 4월 30일 03시,화요일,부산광역시 부산진구 부전동,경상사고,0,0,1,0,차대사람 - 기타,안전운전불이행,건조,맑음,단일로 - 기타,승용,남,55세,상해없음,보행자,남,18세,경상
2013043000100053,2013년 4월 30일 04시,화요일,부산광역시 연제구 연산동,중상사고,0,3,0,1,차대차 - 측면직각충돌,중앙선침범,건조,맑음,단일로 - 기타,승용,남,16세,상해없음,승용,남,28세,중상
2013043000100059,2013년 4월 30일 05시,화요일,부산광역시 기장군 장안읍,중상사고,0,1,0,0,차대차 - 측면직각충돌,안전거리미확보,건조,맑음,단일로 - 기타,화물,남,59세,상해없음,승용,남,30세,중상
2013043000100067,2013년 4월 30일 06시,화요일,부산광역시 강서구 대저1동,경상사고,0,0,2,0,차대차 - 기타,안전거리미확보,건조,맑음,단일로 - 기타,승용,여,31세,상해없음,승용,남,39세,경상
2013043000100080,2013년 4월 30일 07시,화요일,부산광역시 수영구 민락동,경상사고,0,0,1,0,차대차 - 추돌 - 진행중,안전운전불이행,건조,맑음,교차로 - 교차로부근,승용,남,30세,상해없음,승용,남,59세,경상
2013043000100081,2013년 4월 30일 07시,화요일,부산광역시 사하구 괴정동,경상사고,0,0,2,0,차대차 - 추돌 - 진행중,안전거리미확보,건조,맑음,교차로 - 교차로부근,승합,남,60세,상해없음,화물,남,47세,경상
2013043000100144,2013년 4월 30일 09시,화요일,부산광역시 동구 수정동,경상사고,0,0,1,0,차대사람 - 횡단중,보행자보호의무위반,건조,맑음,교차로 - 교차로안,승합,기타불명,기타불명,기타불명,보행자,남,18세,경상
2013043000100145,2013년 4월 30일 09시,화요일,부산광역시 동래구 명륜동,부상신고사고,0,0,0,1,차대차 - 기타,안전거리미확보,건조,맑음,단일로 - 기타,승용,기타불명,기타불명,기타불명,승용,남,65세,부상신고
2013043000100146,2013년 4월 30일 09시,화요일,부산광역시 영도구 영선동2가,경상사고,0,0,1,0,차대차 - 추돌 - 진행중,안전운전불이행,건조,맑음,기타 - 기타,승용,남,50세,상해없음,승용,여,32세,경상
2013043000100147,2013년 4월 30일 09시,화요일,부산광역시 부산진구 부전동,중상사고,0,1,0,0,차대사람 - 횡단중,안전운전불이행,건조,맑음,교차로 - 교차로안,승용,남,52세,상해없음,보행자,여,21세,중상
2013043000100148,2013년 4월 30일 09시,화요일,부산광역시 부산진구 부암동,경상사고,0,0,1,0,차대차 - 기타,신호위반,건조,맑음,교차로 - 교차로안,승용,남,34세,상해없음,승용,남,61세,경상
2013043000100175,2013년 4월 30일 10시,화요일,부산광역시 강서구 명지동,중상사고,0,1,0,0,차량단독 - 기타,기타,건조,맑음,단일로 - 기타,승합,남,37세,상해없음,,,,
2013043000100198,2013년 4월 30일 11시,화요일,부산광역시 영도구 남항동1가,경상사고,0,0,1,0,차대사람 - 횡단중,안전운전불이행,건조,맑음,기타 - 기타,화물,남,61세,상해없음,보행자,여,54세,경상
2013043000100199,2013년 4월 30일 11시,화요일,부산광역시 사하구 괴정동,경상사고,0,0,1,0,차대차 - 기타,안전운전불이행,건조,맑음,단일로 - 기타,화물,남,51세,상해없음,화물,남,39세,경상
2013043000100224,2013년 4월 30일 12시,화요일,부산광역시 남구 대연동,경상사고,0,0,1,0,차대차 - 추돌 - 진행중,안전운전불이행,건조,맑음,교차로 - 교차로안,승용,남,65세,상해없음,승용,여,27세,경상
2013043000100225,2013년 4월 30일 12시,화요일,부산광역시 북구 덕천동,경상사고,0,0,1,0,차대차 - 추돌 - 주정차중,안전운전불이행,건조,기타,단일로 - 횡단보도부근,승용,남,30세,상해없음,승용,남,71세,상해없음
2013043000100253,2013년 4월 30일 13시,화요일,부산광역시 북구 화명동,경상사고,0,0,1,0,차대차 - 기타,안전운전불이행,건조,맑음,단일로 - 기타,이륜,남,25세,경상,승용,여,54세,상해없음
2013043000100254,2013년 4월 30일 13시,화요일,부산광역시 동래구 안락동,경상사고,0,0,1,0,차대사람 - 기타,안전운전불이행,건조,맑음,단일로 - 기타,승용,남,23세,상해없음,보행자,여,90세,경상
2013043000100255,2013년 4월 30일 13시,화요일,부산광역시 부산진구 부전동,경상사고,0,0,1,0,차대사람 - 기타,안전운전불이행,기타,맑음,단일로 - 기타,화물,남,49세,상해없음,보행자,여,63세,경상
2013043000100277,2013년 4월 30일 14시,화요일,부산광역시 해운대구 반여동,중상사고,0,1,4,0,차대차 - 기타,중앙선침범,건조,맑음,단일로 - 기타,승용,남,56세,중상,화물,남,51세,경상
2013043000100278,2013년 4월 30일 14시,화요일,부산광역시 사하구 감천동,경상사고,0,0,1,0,차대차 - 기타,교차로운행방법위반,건조,맑음,교차로 - 교차로안,화물,남,59세,상해없음,이륜,남,42세,경상
2013043000100307,2013년 4월 30일 15시,화요일,부산광역시 부산진구 전포동,경상사고,0,0,1,0,차대차 - 기타,교차로운행방법위반,건조,맑음,단일로 - 기타,화물,남,45세,상해없음,승용,남,58세,경상
2013043000100308,2013년 4월 30일 15시,화요일,부산광역시 금정구 장전동,중상사고,0,1,0,0,차대사람 - 기타,기타,건조,맑음,단일로 - 기타,승용,남,70세,상해없음,보행자,여,63세,중상
2013043000100351,2013년 4월 30일 16시,화요일,부산광역시 강서구 송정동,경상사고,0,0,1,0,차대차 - 기타,안전운전불이행,건조,맑음,단일로 - 기타,농기계,남,50세,기타불명,승용,여,44세,경상
2013043000100427,2013년 4월 30일 18시,화요일,부산광역시 금정구 장전동,중상사고,0,1,0,0,차대사람 - 횡단중,보행자보호의무위반,건조,맑음,단일로 - 횡단보도상,원동기,남,48세,상해없음,보행자,여,4세,중상
2013043000100428,2013년 4월 30일 18시,화요일,부산광역시 사하구 하단동,경상사고,0,0,1,0,차대사람 - 길가장자리구역통행중,안전운전불이행,건조,맑음,단일로 - 기타,승합,남,63세,상해없음,보행자,남,69세,경상
2013043000100465,2013년 4월 30일 19시,화요일,부산광역시 사하구 당리동,경상사고,0,0,1,0,차대차 - 기타,안전운전불이행,건조,맑음,교차로 - 교차로안,화물,남,57세,상해없음,승용,여,39세,경상
2013043000100494,2013년 4월 30일 20시,화요일,부산광역시 수영구 민락동,경상사고,0,0,1,0,차대차 - 기타,안전운전불이행,건조,맑음,단일로 - 기타,승용,남,48세,상해없음,자전거,남,17세,경상
2013043000100495,2013년 4월 30일 20시,화요일,부산광역시 부산진구 양정동,경상사고,0,0,1,0,차대사람 - 기타,기타,건조,맑음,단일로 - 기타,승합,남,44세,상해없음,보행자,남,17세,경상
2013043000100496,2013년 4월 30일 20시,화요일,부산광역시 사상구 괘법동,경상사고,0,0,1,0,차대사람 - 기타,안전운전불이행,건조,맑음,교차로 - 교차로안,승용,여,31세,상해없음,보행자,남,61세,경상
2013043000100536,2013년 4월 30일 21시,화요일,부산광역시 북구 화명동,중상사고,0,2,0,0,차대사람 - 횡단중,안전운전불이행,건조,맑음,단일로 - 횡단보도상,승용,남,66세,상해없음,보행자,여,17세,중상
2013043000100537,2013년 4월 30일 21시,화요일,부산광역시 연제구 연산동,경상사고,0,0,1,0,차대차 - 기타,기타,건조,맑음,단일로 - 기타,승용,남,71세,상해없음,자전거,남,33세,경상
2013043000100538,2013년 4월 30일 21시,화요일,부산광역시 강서구 송정동,중상사고,0,1,0,0,차대차 - 기타,신호위반,건조,맑음,교차로 - 교차로안,승용,여,45세,상해없음,승용,남,35세,중상
2013043000100567,2013년 4월 30일 22시,화요일,부산광역시 영도구 동삼동,경상사고,0,0,1,0,차대차 - 측면직각충돌,신호위반,건조,맑음,교차로 - 교차로안,승용,남,58세,상해없음,승용,남,24세,경상
2013043000100568,2013년 4월 30일 22시,화요일,부산광역시 금정구 구서동,중상사고,0,3,0,0,차대차 - 추돌 - 진행중,안전운전불이행,건조,맑음,단일로 - 기타,승용,여,33세,상해없음,승용,여,38세,중상
2013043000100600,2013년 4월 30일 23시,화요일,부산광역시 연제구 연산동,경상사고,0,0,1,0,차대사람 - 차도통행중,안전운전불이행,건조,흐림,단일로 - 기타,승용,남,43세,상해없음,보행자,남,44세,경상
2013043000100601,2013년 4월 30일 23시,화요일,부산광역시 수영구 수영동,경상사고,0,0,1,0,차대차 - 추돌 - 주정차중,안전운전불이행,건조,맑음,교차로 - 교차로부근,승용,남,53세,상해없음,승용,남,63세,경상
2013050100100005,2013년 5월 1일 00시,수요일,부산광역시 북구 덕천동,경상사고,0,0,1,0,차대차 - 추돌 - 주정차중,안전운전불이행,건조,맑음,단일로 - 기타,승용,남,26세,상해없음,승용,남,58세,경상
2013050100100006,2013년 5월 1일 00시,수요일,부산광역시 해운대구 우동,중상사고,0,1,0,0,차대차 - 기타,신호위반,건조,맑음,교차로 - 교차로안,승용,여,51세,상해없음,승용,남,65세,중상
2013050100100007,2013년 5월 1일 00시,수요일,부산광역시 사하구 괴정동,경상사고,0,0,1,0,차대차 - 기타,교차로운행방법위반,건조,맑음,교차로 - 교차로안,승용,남,55세,상해없음,승용,남,25세,상해없음
2013050100100038,2013년 5월 1일 01시,수요일,부산광역시 동래구 명장동,부상신고사고,0,0,0,2,차대차 - 추돌 - 진행중,안전운전불이행,건조,맑음,단일로 - 기타,승용,남,38세,상해없음,승용,남,50세,부상신고
2013050100100039,2013년 5월 1일 01시,수요일,부산광역시 금정구 구서동,중상사고,0,1,0,0,차대사람 - 기타,안전운전불이행,건조,맑음,단일로 - 기타,승용,남,27세,상해없음,보행자,남,35세,중상
2013050100100079,2013년 5월 1일 03시,수요일,부산광역시 금정구 부곡동,중상사고,0,1,0,0,차대차 - 측면직각충돌,신호위반,건조,맑음,교차로 - 교차로안,승용,남,24세,상해없음,승용,남,46세,중상
2013050100100087,2013년 5월 1일 04시,수요일,부산광역시 사하구 다대동,부상신고사고,0,0,0,1,차량단독 - 기타,안전운전불이행,건조,맑음,교차로 - 교차로안,승용,남,54세,상해없음,,,,