사고번호,사고일시,요일,시군구,사고내용,사망자수,중상자수,경상자수,부상신고자수,사고유형,법규위반,노면상태,기상상태,도로형태,가해운전자 차종,가해운전자 성별,가해운전자 연령,가해운전자 상해정도,피해운전자 차종,피해운전자 성별,피해운전자 연령,피해운전자 상해정도
2013050100100088,2013년 5월 1일 04시,수요일,부산광역시 사상구 괘법동,경상사고,0,0,2,0,차대차 - 기타,안전운전불이행,건조,맑음,교차로 - 교차로부근,승용,여,62세,상해없음,승용,남,39세,경상
2013050100100111,2013년 5월 1일 06시,수요일,부산광역시 동구 범일동,경상사고,0,0,5,3,차대차 - 추돌 - 진행중,안전거리미확보,건조,맑음,단일로 - 기타,승용,남,46세,상해없음,승용,남,52세,경상
2013050100100130,2013년 5월 1일 07시,수요일,부산광역시 부산진구 전포동,중상사고,0,1,0,0,차대사람 - 횡단중,안전운전불이행,건조,맑음,교차로 - 교차로안,승용,남,36세,상해없음,보행자,남,15세,중상
2013050100100151,2013년 5월 1일 08시,수요일,부산광역시 부산진구 당감동,경상사고,0,0,1,0,차대차 - 기타,차로위반,건조,맑음,교차로 - 교차로부근,승용,남,43세,상해없음,승용,남,39세,상해없음
2013050100100183,2013년 5월 1일 09시,수요일,부산광역시 사하구 하단동,경상사고,0,0,1,0,차대차 - 추돌 - 진행중,안전거리미확보,건조,맑음,단일로 - 기타,승용,여,64세,상해없음,승용,남,34세,경상
2013050100100184,2013년 5월 1일 09시,수요일,부산광역시 사상구 덕포동,중상사고,0,1,0,0,차대차 - 측면직각충돌,안전운전불이행,건조,맑음,교차로 - 교차로안,승용,남,53세,상해없음,원동기,남,64세,중상
2013050100100207,2013년 5월 1일 10시,수요일,부산광역시 사상구 괘법동,중상사고,0,1,0,0,차대차 - 측면직각충돌,안전운전불이행,건조,맑음,단일로 - 기타,승용,남,54세,상해없음,자전거,남,70세,중상
2013050100100221,2013년 5월 1일 11시,수요일,부산광역시 금정구 서동,중상사고,0,1,0,0,차대차 - 측면직각충돌,중앙선침범,건조,맑음,단일로 - 기타,화물,남,60세,상해없음,이륜,남,46세,중상
2013050100100222,2013년 5월 1일 11시,수요일,부산광역시 연제구 연산동,중상사고,0,1,0,0,차대차 - 기타,교차로운행방법위반,건조,맑음,교차로 - 교차로안,승용,여,43세,상해없음,원동기,남,58세,중상
2013050100100250,2013년 5월 1일 12시,수요일,부산광역시 사하구 괴정동,경상사고,0,0,1,0,차대차 - 기타,안전운전불이행,건조,맑음,단일로 - 기타,승용,남,30세,상해없음,승용,남,55세,경상
2013050100100281,2013년 5월 1일 13시,수요일,부산광역시 중구 중앙동6가,경상사고,0,0,1,0,차대사람 - 기타,안전운전불이행,건조,맑음,단일로 - 기타,승용,남,37세,상해없음,보행자,남,86세,경상
2013050100100282,2013년 5월 1일 13시,수요일,부산광역시 동래구 온천동,경상사고,0,0,1,0,차대차 - 측면직각충돌,교차로운행방법위반,건조,맑음,교차로 - 교차로안,승용,여,45세,상해없음,이륜,남,24세,경상
2013050100100307,2013년 5월 1일 14시,수요일,부산광역시 강서구 강동동,중상사고,0,1,0,0,차대차 - 기타,안전운전불이행,건조,흐림,단일로 - 기타,화물,남,32세,상해없음,이륜,남,51세,중상
2013050100100308,2013년 5월 1일 14시,수요일,부산광역시 기장군 정관면,중상사고,0,2,1,0,차대차 - 추돌 - 진행중,안전거리미확보,건조,맑음,교차로 - 교차로부근,승합,남,70세,경상,승용,여,46세,중상
2013050100100309,2013년 5월 1일 14시,수요일,부산광역시 기장군 기장읍,중상사고,0,1,0,0,차량단독 - 기타,안전운전불이행,건조,맑음,단일로 - 기타,승합,남,41세,상해없음,,,,
2013050100100360,2013년 5월 1일 16시,수요일,부산광역시 중구 남포동6가,경상사고,0,0,1,0,차대차 - 측면직각충돌,안전운전불이행,건조,맑음,단일로 - 기타,이륜,남,54세,경상,승합,남,58세,상해없음
2013050100100361,2013년 5월 1일 16시,수요일,부산광역시 동구 범일동,경상사고,0,0,1,0,차대차 - 기타,안전거리미확보,건조,맑음,단일로 - 기타,승합,남,53세,상해없음,승용,여,29세,경상
2013050100100362,2013년 5월 1일 16시,수요일,부산광역시 사상구 덕포동,중상사고,0,1,0,0,차대사람 - 횡단중,안전운전불이행,건조,맑음,단일로 - 기타,승용,남,37세,상해없음,보행자,남,10세,중상
2013050100100399,2013년 5월 1일 17시,수요일,부산광역시 금정구 노포동,중상사고,0,1,1,0,차대차 - 기타,안전운전불이행,건조,맑음,단일로 - 기타,승용,남,47세,상해없음,승용,여,61세,경상
2013050100100400,2013년 5월 1일 17시,수요일,부산광역시 강서구 대저1동,경상사고,0,0,1,0,차대사람 - 기타,안전운전불이행,건조,맑음,단일로 - 기타,승용,여,39세,상해없음,보행자,남,8세,경상
2013050100100443,2013년 5월 1일 18시,수요일,부산광역시 남구 문현동,중상사고,0,1,0,0,차대차 - 측면직각충돌,기타,건조,맑음,단일로 - 횡단보도상,승용,남,50세,상해없음,자전거,남,53세,중상
2013050100100444,2013년 5월 1일 18시,수요일,부산광역시 동래구 온천동,중상사고,0,1,0,0,차대차 - 측면직각충돌,교차로운행방법위반,건조,맑음,교차로 - 교차로부근,승용,여,37세,상해없음,특수,남,47세,중상
2013050100100472,2013년 5월 1일 19시,수요일,부산광역시 사하구 다대동,중상사고,0,1,0,0,차대차 - 정면충돌,중앙선침범,건조,맑음,단일로 - 기타,승용,남,71세,상해없음,원동기,남,20세,중상
2013050100100507,2013년 5월 1일 20시,수요일,부산광역시 수영구 광안동,중상사고,0,4,0,0,차대차 - 기타,안전운전불이행,건조,흐림,단일로 - 횡단보도부근,승용,남,27세,상해없음,승용,남,67세,중상
2013050100100508,2013년 5월 1일 20시,수요일,부산광역시 북구 구포동,경상사고,0,0,1,0,차대사람 - 횡단중,안전운전불이행,건조,맑음,기타 - 기타,기타불명,기타불명,기타불명,기타불명,보행자,남,14세,경상
2013050100100509,2013년 5월 1일 20시,수요일,부산광역시 금정구 금사동,경상사고,0,0,1,0,차대차 - 측면직각충돌,교차로운행방법위반,건조,맑음,교차로 - 교차로안,화물,남,57세,상해없음,이륜,남,16세,경상
2013050100100510,2013년 5월 1일 20시,수요일,부산광역시 연제구 연산동,경상사고,0,0,1,0,차대차 - 측면직각충돌,안전거리미확보,건조,맑음,단일로 - 기타,승용,남,69세,상해없음,이륜,남,29세,경상
2013050100100511,2013년 5월 1일 20시,수요일,부산광역시 연제구 연산동,부상신고사고,0,0,0,1,차대사람 - 차도통행중,안전운전불이행,건조,맑음,교차로 - 교차로부근,승용,남,69세,상해없음,보행자,여,39세,부상신고
2013050100100579,2013년 5월 1일 22시,수요일,부산광역시 동구 범일동,중상사고,0,1,0,0,차대사람 - 기타,안전운전불이행,건조,맑음,단일로 - 횡단보도부근,승용,남,63세,상해없음,보행자,남,38세,중상
2013050100100580,2013년 5월 1일 22시,수요일,부산광역시 수영구 민락동,부상신고사고,0,0,0,3,차대차 - 측면직각충돌,안전운전불이행,건조,맑음,교차로 - 교차로안,승용,남,42세,상해없음,승용,남,19세,부상신고
2013050100100581,2013년 5월 1일 22시,수요일,부산광역시 동래구 낙민동,중상사고,0,3,2,0,차대차 - 기타,안전운전불이행,건조,맑음,단일로 - 기타,화물,여,61세,상해없음,승합,남,44세,중상
2013050100100582,2013년 5월 1일 22시,수요일,부산광역시 동래구 온천동,경상사고,0,0,1,0,차대차 - 추돌 - 진행중,안전운전불이행,건조,맑음,단일로 - 횡단보도부근,승용,남,69세,상해없음,승용,여,28세,경상
2013050100100604,2013년 5월 1일 23시,수요일,부산광역시 북구 만덕동,경상사고,0,0,1,0,차대차 - 기타,안전운전불이행,건조,맑음,기타 - 기타,승용,남,41세,상해없음,승용,남,30세,경상
2013050100100605,2013년 5월 1일 23시,수요일,부산광역시 수영구 수영동,경상사고,0,0,1,0,차량단독 - 기타,기타,건조,맑음,단일로 - 기타,승용,남,47세,상해없음,,,,
2013050200100032,2013년 5월 2일 03시,목요일,부산광역시 동래구 수안동,중상사고,0,1,0,0,차대사람 - 횡단중,과속,건조,맑음,교차로 - 교차로부근,승용,남,47세,상해없음,보행자,남,40세,중상
2013050200100061,2013년 5월 2일 07시,목요일,부산광역시 사하구 장림동,경상사고,0,0,1,0,차대차 - 기타,신호위반,건조,맑음,교차로 - 교차로안,승용,남,32세,상해없음,승용,남,54세,경상
2013050200100094,2013년 5월 2일 08시,목요일,부산광역시 북구 구포동,중상사고,0,1,0,0,차대사람 - 횡단중,안전운전불이행,건조,맑음,교차로 - 교차로안,승용,남,61세,상해없음,보행자,남,19세,중상
2013050200100095,2013년 5월 2일 08시,목요일,부산광역시 해운대구 좌동,경상사고,0,0,2,0,차대차 - 추돌 - 주정차중,안전운전불이행,건조,맑음,교차로 - 교차로부근,승용,남,42세,상해없음,승용,남,72세,경상
2013050200100136,2013년 5월 2일 09시,목요일,부산광역시 금정구 남산동,중상사고,0,1,0,0,차대차 - 측면직각충돌,신호위반,건조,맑음,단일로 - 기타,승합,남,70세,상해없음,원동기,남,43세,중상
2013050200100137,2013년 5월 2일 09시,목요일,부산광역시 연제구 연산동,경상사고,0,0,1,0,차대사람 - 길가장자리구역통행중,안전운전불이행,건조,맑음,단일로 - 기타,승용,여,33세,상해없음,보행자,여,20세,경상
2013050200100163,2013년 5월 2일 10시,목요일,부산광역시 사상구 주례동,경상사고,0,0,1,0,차대차 - 기타,안전거리미확보,건조,맑음,단일로 - 기타,화물,남,59세,기타불명,승용,여,19세,경상
2013050200100232,2013년 5월 2일 13시,목요일,부산광역시 부산진구 개금동,중상사고,0,1,0,0,차대차 - 기타,안전운전불이행,건조,맑음,단일로 - 기타,승용,여,42세,상해없음,승용,여,55세,중상
2013050200100268,2013년 5월 2일 14시,목요일,부산광역시 북구 금곡동,중상사고,0,1,0,0,차대차 - 측면직각충돌,신호위반,건조,맑음,교차로 - 교차로안,승합,여,35세,상해없음,승용,남,53세,중상
2013050200100269,2013년 5월 2일 14시,목요일,부산광역시 동래구 온천동,경상사고,0,0,1,0,차대사람 - 횡단중,안전운전불이행,건조,맑음,단일로 - 횡단보도부근,승합,남,39세,상해없음,보행자,남,10세,경상
2013050200100298,2013년 5월 2일 15시,목요일,부산광역시 수영구 광안동,경상사고,0,0,1,0,차대차 - 추돌 - 진행중,안전운전불이행,건조,맑음,단일로 - 기타,화물,남,56세,상해없음,승용,남,42세,경상
2013050200100320,2013년 5월 2일 16시,목요일,부산광역시 중구 보수동1가,중상사고,0,1,0,0,차대차 - 기타,차로위반,건조,맑음,교차로 - 교차로부근,승용,남,44세,상해없음,원동기,남,58세,중상
2013050200100321,2013년 5월 2일 16시,목요일,부산광역시 북구 구포동,경상사고,0,0,1,0,차대차 - 측면직각충돌,안전거리미확보,건조,맑음,단일로 - 기타,승합,남,58세,상해없음,이륜,남,31세,경상
2013050200100322,2013년 5월 2일 16시,목요일,부산광역시 영도구 신선동1가,중상사고,0,1,0,0,차대사람 - 기타,안전운전불이행,건조,맑음,단일로 - 기타,승용,남,51세,상해없음,보행자,여,11세,중상
2013050200100323,2013년 5월 2일 16시,목요일,부산광역시 금정구 남산동,부상신고사고,0,0,0,1,차대차 - 기타,안전운전불이행,건조,맑음,단일로 - 기타,승용,남,50세,부상신고,승용,남,50세,상해없음
2013050200100324,2013년 5월 2일 16시,목요일,부산광역시 금정구 장전동,부상신고사고,0,0,0,1,차대사람 - 기타,안전운전불이행,건조,맑음,단일로 - 기타,승용,여,40세,상해없음,보행자,여,80세,부상신고
2013050200100356,2013년 5월 2일 17시,목요일,부산광역시 영도구 봉래동1가,중상사고,0,1,1,0,차대차 - 추돌 - 주정차중,안전운전불이행,건조,맑음,단일로 - 횡단보도부근,승용,남,54세,상해없음,승용,남,42세,중상
2013050200100357,2013년 5월 2일 17시,목요일,부산광역시 부산진구 전포동,경상사고,0,0,2,0,차대차 - 추돌 - 진행중,안전운전불이행,건조,맑음,단일로 - 기타,승합,남,56세,상해없음,승용,남,32세,상해없음
2013050200100441,2013년 5월 2일 19시,목요일,부산광역시 북구 구포동,경상사고,0,0,2,0,차대사람 - 횡단중,안전운전불이행,건조,맑음,교차로 - 교차로안,승용,남,48세,상해없음,보행자,남,15세,경상
2013050200100442,2013년 5월 2일 19시,목요일,부산광역시 금정구 금사동,사망사고,1,0,0,0,차대차 - 측면직각충돌,안전운전불이행,건조,맑음,단일로 - 기타,원동기,남,53세,사망,화물,남,45세,상해없음
2013050200100443,2013년 5월 2일 19시,목요일,부산광역시 사하구 당리동,경상사고,0,0,1,0,차대차 - 기타,안전거리미확보,건조,맑음,교차로 - 교차로부근,승용,여,37세,상해없음,자전거,여,11세,경상
2013050200100476,2013년 5월 2일 20시,목요일,부산광역시 동구 수정동,경상사고,0,0,1,0,차대사람 - 기타,안전운전불이행,건조,맑음,단일로 - 기타,기타불명,기타불명,기타불명,기타불명,보행자,여,29세,경상
2013050200100477,2013년 5월 2일 20시,목요일,부산광역시 수영구 광안동,경상사고,0,0,1,0,차대사람 - 길가장자리구역통행중,안전운전불이행,건조,맑음,기타 - 기타,승합,남,71세,상해없음,보행자,남,74세,경상
2013050200100478,2013년 5월 2일 20시,목요일,부산광역시 남구 대연동,경상사고,0,0,1,0,차대차 - 추돌 - 진행중,안전운전불이행,건조,맑음,교차로 - 교차로안,화물,남,49세,상해없음,승용,여,61세,경상
2013050200100479,2013년 5월 2일 20시,목요일,부산광역시 연제구 연산동,부상신고사고,0,0,0,1,차대사람 - 기타,안전운전불이행,건조,맑음,단일로 - 기타,원동기,남,18세,상해없음,보행자,여,74세,부상신고
2013050200100544,2013년 5월 2일 22시,목요일,부산광역시 부산진구 연지동,경상사고,0,0,1,0,차대차 - 추돌 - 진행중,안전운전불이행,건조,맑음,교차로 - 교차로부근,승용,남,33세,상해없음,승용,남,32세,경상
2013050200100545,2013년 5월 2일 22시,목요일,부산광역시 사상구 괘법동,사망사고,1,0,0,0,차대사람 - 기타,안전운전불이행,건조,맑음,단일로 - 기타,화물,남,35세,상해없음,보행자,남,54세,사망
2013050200100546,2013년 5월 2일 22시,목요일,부산광역시 기장군 장안읍,중상사고,0,1,1,0,차대차 - 기타,안전운전불이행,습기,비,단일로 - 기타,화물,남,53세,상해없음,화물,남,48세,경상
2013050200100577,2013년 5월 2일 23시,목요일,부산광역시 부산진구 부전동,경상사고,0,0,1,0,차대사람 - 기타,안전운전불이행,건조,맑음,단일로 - 기타,승용,남,29세,상해없음,보행자,남,17세,경상
2013050200100578,2013년 5월 2일 23시,목요일,부산광역시 연제구 거제동,경상사고,0,0,2,0,차대차 - 기타,안전운전불이행,습기,비,단일로 - 기타,승용,남,27세,상해없음,승용,남,37세,경상
2013050300100007,2013년 5월 3일 00시,금요일,부산광역시 중구 남포동5가,경상사고,0,0,1,0,차대차 - 측면직각충돌,안전거리미확보,건조,맑음,단일로 - 기타,승용,남,51세,상해없음,이륜,남,23세,경상
2013050300100008,2013년 5월 3일 00시,금요일,부산광역시 해운대구 반여동,중상사고,0,1,0,0,차대차 - 추돌 - 진행중,안전운전불이행,건조,맑음,단일로 - 기타,승용,남,25세,상해없음,승용,남,27세,상해없음
2013050300100009,2013년 5월 3일 00시,금요일,부산광역시 사하구 하단동,중상사고,0,1,0,0,차대차 - 측면직각충돌,안전운전불이행,건조,맑음,단일로 - 기타,승용,남,21세,상해없음,이륜,남,21세,중상
2013050300100046,2013년 5월 3일 02시,금요일,부산광역시 동래구 온천동,중상사고,0,1,0,0,차대사람 - 기타,안전운전불이행,습기,흐림,단일로 - 기타,승용,남,29세,상해없음,보행자,남,19세,중상
2013050300100047,2013년 5월 3일 02시,금요일,부산광역시 부산진구 부전동,중상사고,0,1,0,0,차대차 - 측면직각충돌,신호위반,건조,맑음,단일로 - 기타,승용,남,19세,상해없음,승용,남,58세,중상
2013050300100048,2013년 5월 3일 02시,금요일,부산광역시 부산진구 부암동,중상사고,0,1,1,0,차대차 - 정면충돌,안전운전불이행,건조,맑음,교차로 - 교차로안,승용,남,19세,상해없음,승용,남,55세,경상
2013050300100055,2013년 5월 3일 03시,금요일,부산광역시 남구 대연동,부상신고사고,0,0,0,1,차대차 - 추돌 - 진행중,안전운전불이행,건조,흐림,단일로 - 기타,승용,남,39세,상해없음,승합,남,44세,상해없음
2013050300100076,2013년 5월 3일 05시,금요일,부산광역시 동래구 사직동,중상사고,0,1,0,0,차대차 - 측면직각충돌,안전운전불이행,건조,흐림,단일로 - 기타,승용,남,45세,상해없음,자전거,남,48세,중상
2013050300100098,2013년 5월 3일 07시,금요일,부산광역시 연제구 거제동,경상사고,0,0,1,0,차대차 - 측면직각충돌,안전운전불이행,건조,맑음,교차로 - 교차로안,승용,남,52세,상해없음,승용,여,64세,경상
2013050300100133,2013년 5월 3일 08시,금요일,부산광역시 수영구 남천동,경상사고,0,0,1,0,차대차 - 추돌 - 진행중,안전운전불이행,건조,맑음,단일로 - 기타,승용,남,29세,상해없음,승합,남,54세,경상
2013050300100134,2013년 5월 3일 08시,금요일,부산광역시 부산진구 양정동,경상사고,0,0,1,0,차대차 - 측면직각충돌,안전운전불이행,건조,맑음,교차로 - 교차로안,승용,여,66세,상해없음,자전거,남,33세,경상
2013050300100135,2013년 5월 3일 08시,금요일,부산광역시 금정구 서동,중상사고,0,1,0,0,차대사람 - 횡단중,안전운전불이행,건조,맑음,교차로 - 교차로부근,승용,여,33세,상해없음,보행자,여,77세,중상
2013050300100136,2013년 5월 3일 08시,금요일,부산광역시 사하구 감천동,부상신고사고,0,0,0,2,차대차 - 기타,안전거리미확보,건조,맑음,단일로 - 기타,승용,남,70세,상해없음,승용,남,57세,부상신고
2013050300100137,2013년 5월 3일 08시,금요일,부산광역시 사하구 하단동,부상신고사고,0,0,0,1,차대차 - 기타,안전운전불이행,건조,맑음,단일로 - 기타,승용,남,68세,상해없음,이륜,남,52세,상해없음
2013050300100138,2013년 5월 3일 08시,금요일,부산광역시 강서구 신호동,중상사고,0,1,0,0,차대차 - 측면직각충돌,신호위반,건조,맑음,교차로 - 교차로안,승용,남,64세,상해없음,승용,남,29세,중상
2013050300100174,2013년 5월 3일 09시,금요일,부산광역시 연제구 연산동,경상사고,0,0,1,0,차대차 - 추돌 - 진행중,안전거리미확보,건조,맑음,단일로 - 기타,이륜,남,48세,상해없음,승용,여,56세,경상
2013050300100203,2013년 5월 3일 10시,금요일,부산광역시 동구 범일동,경상사고,0,0,1,0,차대차 - 추돌 - 주정차중,안전운전불이행,건조,맑음,단일로 - 기타,승용,남,28세,상해없음,승용,남,55세,경상
2013050300100228,2013년 5월 3일 11시,금요일,부산광역시 남구 문현동,중상사고,0,1,0,0,차대사람 - 기타,안전운전불이행,건조,맑음,교차로 - 교차로안,승용,남,56세,상해없음,보행자,여,51세,중상
2013050300100229,2013년 5월 3일 11시,금요일,부산광역시 영도구 봉래동4가,경상사고,0,0,1,0,차대차 - 추돌 - 진행중,안전거리미확보,건조,맑음,단일로 - 기타,승용,남,50세,상해없음,화물,남,31세,경상
2013050300100230,2013년 5월 3일 11시,금요일,부산광역시 금정구 금사동,경상사고,0,0,1,0,차대사람 - 차도통행중,안전운전불이행,건조,맑음,단일로 - 기타,승합,남,62세,상해없음,보행자,여,79세,경상
2013050300100282,2013년 5월 3일 13시,금요일,부산광역시 부산진구 부전동,경상사고,0,0,1,0,차대차 - 기타,안전거리미확보,건조,맑음,단일로 - 기타,승용,남,74세,상해없음,승용,남,47세,경상
2013050300100283,2013년 5월 3일 13시,금요일,부산광역시 사하구 신평동,경상사고,0,0,1,0,차대사람 - 길가장자리구역통행중,안전운전불이행,건조,맑음,단일로 - 기타,기타불명,기타불명,기타불명,기타불명,보행자,여,7세,경상
2013050300100312,2013년 5월 3일 14시,금요일,부산광역시 동래구 수안동,경상사고,0,0,1,0,차대사람 - 횡단중,신호위반,건조,맑음,단일로 - 기타,승합,남,50세,상해없음,보행자,남,21세,경상
2013050300100313,2013년 5월 3일 14시,금요일,부산광역시 금정구 남산동,중상사고,0,1,0,0,차대차 - 측면직각충돌,안전운전불이행,건조,맑음,단일로 - 기타,승용,남,42세,상해없음,원동기,남,22세,중상
2013050300100314,2013년 5월 3일 14시,금요일,부산광역시 사하구 장림동,중상사고,0,1,0,0,차대사람 - 차도통행중,안전운전불이행,건조,맑음,교차로 - 교차로부근,특수,남,46세,상해없음,보행자,여,89세,중상
2013050300100343,2013년 5월 3일 15시,금요일,부산광역시 북구 구포동,경상사고,0,0,1,0,차대사람 - 기타,기타,건조,맑음,단일로 - 기타,승합,남,46세,상해없음,보행자,여,32세,경상
2013050300100344,2013년 5월 3일 15시,금요일,부산광역시 해운대구 우동,경상사고,0,0,1,0,차대차 - 추돌 - 진행중,안전운전불이행,건조,맑음,단일로 - 기타,승용,여,47세,상해없음,승용,여,47세,경상
2013050300100365,2013년 5월 3일 16시,금요일,부산광역시 부산진구 부전동,경상사고,0,0,1,0,차대사람 - 횡단중,안전운전불이행,건조,맑음,교차로 - 교차로안,승용,남,34세,상해없음,보행자,여,67세,경상
2013050300100405,2013년 5월 3일 17시,금요일,부산광역시 연제구 연산동,중상사고,0,2,1,0,차대차 - 추돌 - 주정차중,안전운전불이행,건조,맑음,단일로 - 기타,승용,여,52세,상해없음,승용,남,51세,중상
2013050300100406,2013년 5월 3일 17시,금요일,부산광역시 기장군 철마면,경상사고,0,0,2,0,차대차 - 정면충돌,중앙선침범,건조,맑음,단일로 - 기타,승용,남,72세,상해없음,승용,남,48세,경상
2013050300100446,2013년 5월 3일 18시,금요일,부산광역시 서구 암남동,경상사고,0,0,1,0,차대사람 - 기타,기타,건조,맑음,단일로 - 기타,승용,여,56세,상해없음,보행자,남,5세,경상
2013050300100447,2013년 5월 3일 18시,금요일,부산광역시 서구 충무동1가,중상사고,0,1,0,0,차대차 - 측면직각충돌,안전운전불이행,건조,맑음,단일로 - 기타,승용,남,28세,상해없음,원동기,남,53세,중상
2013050300100483,2013년 5월 3일 19시,금요일,부산광역시 서구 초장동,중상사고,0,1,0,0,차대사람 - 차도통행중,안전운전불이행,건조,맑음,교차로 - 교차로안,승용,남,63세,상해없음,보행자,여,49세,중상
2013050300100484,2013년 5월 3일 19시,금요일,부산광역시 사상구 삼락동,중상사고,0,1,0,0,차대차 - 추돌 - 주정차중,안전거리미확보,건조,맑음,교차로 - 교차로안,승용,남,64세,상해없음,승용,남,49세,중상
2013050300100485,2013년 5월 3일 19시,금요일,부산광역시 사상구 엄궁동,경상사고,0,0,3,0,차대차 - 측면직각충돌,교차로운행방법위반,건조,맑음,교차로 - 교차로안,승용,남,35세,경상,승용,남,38세,경상
2013050300100569,2013년 5월 3일 21시,금요일,부산광역시 동래구 명장동,중상사고,0,1,0,0,차대차 - 정면충돌,신호위반,건조,맑음,교차로 - 교차로안,승용,남,52세,상해없음,원동기,남,44세,중상
2013050300100570,2013년 5월 3일 21시,금요일,부산광역시 해운대구 재송동,중상사고,0,1,0,0,차대사람 - 기타,안전운전불이행,습기,비,단일로 - 기타,승용,기타불명,기타불명,기타불명,보행자,남,66세,중상
2013050300100571,2013년 5월 3일 21시,금요일,부산광역시 부산진구 양정동,경상사고,0,0,1,0,차대사람 - 기타,신호위반,기타,맑음,단일로 - 횡단보도상,승용,남,57세,상해없음,보행자,남,48세,경상
2013050300100572,2013년 5월 3일 21시,금요일,부산광역시 사상구 삼락동,경상사고,0,0,1,0,차대차 - 추돌 - 주정차중,안전운전불이행,습기,흐림,단일로 - 기타,승용,남,44세,경상,승용,남,51세,기타불명
2013050300100616,2013년 5월 3일 22시,금요일,부산광역시 동래구 사직동,경상사고,0,0,1,0,차대사람 - 길가장자리구역통행중,안전운전불이행,건조,맑음,단일로 - 기타,승용,여,61세,상해없음,보행자,여,51세,경상
2013050300100661,2013년 5월 3일 23시,금요일,부산광역시 금정구 구서동,경상사고,0,0,3,0,차대차 - 측면직각충돌,안전운전불이행,건조,맑음,교차로 - 교차로안,승용,남,56세,상해없음,승용,여,53세,경상
2013050300100662,2013년 5월 3일 23시,금요일,부산광역시 수영구 수영동,경상사고,0,0,2,0,차대차 - 추돌 - 주정차중,안전운전불이행,건조,흐림,단일로 - 기타,승용,남,50세,상해없음,승용,남,46세,경상
2013050400100006,2013년 5월 4일 00시,토요일,부산광역시 동래구 사직동,경상사고,0,0,1,0,차대사람 - 횡단중,안전운전불이행,건조,맑음,교차로 - 교차로부근,승용,여,61세,상해없음,보행자,남,20세,경상
2013050400100037,2013년 5월 4일 01시,토요일,부산광역시 중구 대청동4가,경상사고,0,0,1,0,차대차 - 측면직각충돌,안전운전불이행,건조,맑음,단일로 - 기타,승용,남,58세,상해없음,승용,남,43세,경상
2013050400100038,2013년 5월 4일 01시,토요일,부산광역시 사하구 괴정동,중상사고,0,1,0,0,차대차 - 측면직각충돌,교차로운행방법위반,건조,맑음,교차로 - 교차로안,승용,남,47세,상해없음,승용,남,29세,상해없음
2013050400100060,2013년 5월 4일 02시,토요일,부산광역시 북구 화명동,경상사고,0,0,1,1,차대차 - 기타,안전운전불이행,습기,비,단일로 - 기타,승용,남,30세,상해없음,승용,남,59세,경상
2013050400100061,2013년 5월 4일 02시,토요일,부산광역시 동래구 안락동,중상사고,0,2,0,0,차대차 - 측면직각충돌,신호위반,건조,맑음,교차로 - 교차로안,화물,남,48세,상해없음,승용,남,50세,중상
2013050400100087,2013년 5월 4일 04시,토요일,부산광역시 동래구 안락동,경상사고,0,0,1,0,차대차 - 측면직각충돌,중앙선침범,건조,맑음,단일로 - 기타,승용,여,23세,상해없음,승용,남,67세,경상
2013050400100094,2013년 5월 4일 05시,토요일,부산광역시 서구 동대신동1가,경상사고,0,0,1,0,차대차 - 측면직각충돌,신호위반,건조,맑음,교차로 - 교차로안,승용,남,62세,상해없음,승용,남,76세,상해없음
2013050400100141,2013년 5월 4일 08시,토요일,부산광역시 부산진구 전포동,중상사고,0,1,0,0,차대차 - 기타,중앙선침범,건조,맑음,단일로 - 횡단보도상,승용,남,48세,상해없음,승용,남,36세,중상
2013050400100155,2013년 5월 4일 09시,토요일,부산광역시 수영구 남천동,중상사고,0,1,0,0,차대사람 - 기타,신호위반,건조,맑음,단일로 - 횡단보도상,승용,여,52세,상해없음,보행자,여,60세,중상
2013050400100156,2013년 5월 4일 09시,토요일,부산광역시 연제구 연산동,중상사고,0,4,0,0,차대차 - 기타,교차로운행방법위반,건조,맑음,교차로 - 교차로안,승용,남,45세,중상,승용,남,47세,상해없음
2013050400100175,2013년 5월 4일 10시,토요일,부산광역시 남구 대연동,중상사고,0,1,0,0,차량단독 - 기타,안전운전불이행,건조,맑음,단일로 - 기타,승합,남,53세,상해없음,,,,
2013050400100176,2013년 5월 4일 10시,토요일,부산광역시 동래구 안락동,경상사고,0,0,1,0,차대차 - 추돌 - 주정차중,안전운전불이행,건조,맑음,교차로 - 교차로부근,승용,여,25세,상해없음,승용,남,64세,경상
2013050400100177,2013년 5월 4일 10시,토요일,부산광역시 강서구 대저1동,중상사고,0,1,0,0,차대차 - 측면직각충돌,안전거리미확보,건조,맑음,단일로 - 기타,원동기,남,22세,중상,승용,남,54세,상해없음
2013050400100178,2013년 5월 4일 10시,토요일,부산광역시 기장군 기장읍,중상사고,0,1,1,0,차대사람 - 보도통행중,신호위반,건조,맑음,교차로 - 교차로안,승용,남,47세,경상,보행자,남,70세,중상
2013050400100208,2013년 5월 4일 11시,토요일,부산광역시 강서구 대저1동,중상사고,0,1,0,0,차대사람 - 기타,신호위반,건조,맑음,단일로 - 횡단보도상,화물,남,51세,상해없음,보행자,여,58세,중상
2013050400100235,2013년 5월 4일 12시,토요일,부산광역시 동구 초량동,경상사고,0,0,1,0,차대차 - 기타,중앙선침범,건조,맑음,단일로 - 기타,승용,남,26세,상해없음,원동기,남,49세,경상