사고번호,사고일시,요일,시군구,사고내용,사망자수,중상자수,경상자수,부상신고자수,사고유형,법규위반,노면상태,기상상태,도로형태,가해운전자 차종,가해운전자 성별,가해운전자 연령,가해운전자 상해정도,피해운전자 차종,피해운전자 성별,피해운전자 연령,피해운전자 상해정도
2013050800100127,2013년 5월 8일 08시,수요일,부산광역시 연제구 거제동,중상사고,0,1,0,0,차대사람 - 횡단중,보행자보호의무위반,건조,맑음,단일로 - 횡단보도상,화물,남,51세,상해없음,보행자,남,45세,중상
2013050800100162,2013년 5월 8일 09시,수요일,부산광역시 영도구 봉래동1가,경상사고,0,0,1,0,차대차 - 기타,안전운전불이행,건조,맑음,기타 - 기타,화물,남,45세,상해없음,승용,남,46세,경상
2013050800100163,2013년 5월 8일 09시,수요일,부산광역시 연제구 연산동,중상사고,0,1,0,0,차대사람 - 기타,안전운전불이행,건조,맑음,단일로 - 기타,승용,남,53세,상해없음,보행자,여,64세,중상
2013050800100164,2013년 5월 8일 09시,수요일,부산광역시 사상구 학장동,중상사고,0,1,0,0,차대사람 - 기타,안전운전불이행,건조,맑음,교차로 - 교차로부근,화물,남,43세,상해없음,보행자,남,32세,중상
2013050800100199,2013년 5월 8일 10시,수요일,부산광역시 동구 초량동,경상사고,0,0,1,0,차량단독 - 기타,안전운전불이행,건조,맑음,단일로 - 기타,승합,남,58세,상해없음,,,,
2013050800100200,2013년 5월 8일 10시,수요일,부산광역시 수영구 남천동,경상사고,0,0,1,0,차대차 - 측면직각충돌,안전거리미확보,건조,맑음,단일로 - 기타,승용,여,52세,상해없음,승용,여,47세,경상
2013050800100201,2013년 5월 8일 10시,수요일,부산광역시 동래구 온천동,경상사고,0,0,1,0,차대차 - 기타,안전운전불이행,건조,맑음,교차로 - 교차로부근,승용,남,48세,상해없음,승용,남,55세,상해없음
2013050800100223,2013년 5월 8일 11시,수요일,부산광역시 동래구 온천동,중상사고,0,1,0,0,차대차 - 측면직각충돌,안전운전불이행,건조,맑음,교차로 - 교차로안,승용,여,31세,상해없음,원동기,남,41세,상해없음
2013050800100244,2013년 5월 8일 12시,수요일,부산광역시 강서구 신호동,사망사고,1,0,0,0,차대차 - 추돌 - 주정차중,안전운전불이행,건조,맑음,단일로 - 교량,원동기,남,35세,사망,건설기계,남,58세,기타불명
2013050800100245,2013년 5월 8일 12시,수요일,부산광역시 사상구 학장동,중상사고,0,3,0,0,차대차 - 측면직각충돌,안전운전불이행,건조,맑음,단일로 - 기타,건설기계,남,46세,상해없음,승용,남,43세,중상
2013050800100308,2013년 5월 8일 14시,수요일,부산광역시 부산진구 전포동,경상사고,0,0,1,0,차대사람 - 기타,안전운전불이행,건조,맑음,단일로 - 횡단보도부근,승용,여,33세,상해없음,보행자,여,56세,경상
2013050800100337,2013년 5월 8일 15시,수요일,부산광역시 동구 범일동,중상사고,0,1,0,0,차대차 - 추돌 - 진행중,안전운전불이행,건조,맑음,교차로 - 교차로부근,화물,남,26세,상해없음,승용,여,44세,중상
2013050800100363,2013년 5월 8일 16시,수요일,부산광역시 부산진구 개금동,경상사고,0,0,1,0,차대차 - 기타,중앙선침범,건조,맑음,단일로 - 기타,승용,남,50세,상해없음,원동기,남,19세,경상
2013050800100364,2013년 5월 8일 16시,수요일,부산광역시 사상구 모라동,경상사고,0,0,1,0,차량단독 - 기타,기타,건조,맑음,단일로 - 기타,승합,남,61세,상해없음,,,,
2013050800100402,2013년 5월 8일 17시,수요일,부산광역시 영도구 남항동3가,경상사고,0,0,1,0,차대차 - 기타,안전운전불이행,건조,맑음,교차로 - 교차로부근,승합,남,43세,상해없음,승용,여,37세,경상
2013050800100403,2013년 5월 8일 17시,수요일,부산광역시 금정구 노포동,부상신고사고,0,0,0,1,차대사람 - 횡단중,안전운전불이행,건조,맑음,단일로 - 기타,화물,남,28세,상해없음,보행자,남,18세,부상신고
2013050800100404,2013년 5월 8일 17시,수요일,부산광역시 사하구 하단동,경상사고,0,0,1,0,차대차 - 기타,안전운전불이행,건조,맑음,단일로 - 기타,승합,남,51세,상해없음,승용,남,37세,경상
2013050800100443,2013년 5월 8일 18시,수요일,부산광역시 금정구 부곡동,중상사고,0,1,0,0,차대사람 - 기타,안전운전불이행,건조,맑음,단일로 - 기타,승합,남,61세,상해없음,보행자,남,31세,중상
2013050800100444,2013년 5월 8일 18시,수요일,부산광역시 사하구 다대동,경상사고,0,0,1,0,차대차 - 추돌 - 진행중,신호위반,건조,맑음,교차로 - 교차로안,자전거,남,47세,경상,승용,여,33세,상해없음
2013050800100488,2013년 5월 8일 19시,수요일,부산광역시 부산진구 양정동,경상사고,0,0,1,0,차대차 - 측면직각충돌,안전거리미확보,건조,흐림,단일로 - 기타,원동기,남,51세,상해없음,승용,여,41세,경상
2013050800100489,2013년 5월 8일 19시,수요일,부산광역시 사하구 다대동,경상사고,0,0,1,0,차대차 - 기타,안전거리미확보,건조,맑음,단일로 - 기타,승용,남,32세,상해없음,원동기,남,19세,경상
2013050800100490,2013년 5월 8일 19시,수요일,부산광역시 사하구 신평동,중상사고,0,1,0,0,차대차 - 측면직각충돌,안전거리미확보,건조,맑음,교차로 - 교차로부근,승합,남,41세,상해없음,승용,남,33세,중상
2013050800100530,2013년 5월 8일 20시,수요일,부산광역시 동래구 명장동,중상사고,0,1,0,0,차대사람 - 차도통행중,안전운전불이행,건조,맑음,단일로 - 기타,원동기,남,17세,상해없음,보행자,여,51세,중상
2013050800100531,2013년 5월 8일 20시,수요일,부산광역시 사하구 하단동,경상사고,0,0,1,0,차대차 - 기타,안전운전불이행,건조,맑음,단일로 - 기타,승용,여,58세,상해없음,승용,남,40세,경상
2013050800100532,2013년 5월 8일 20시,수요일,부산광역시 강서구 송정동,중상사고,0,1,0,0,차대차 - 측면직각충돌,안전거리미확보,건조,맑음,교차로 - 교차로부근,화물,남,49세,상해없음,원동기,남,25세,중상
2013050800100574,2013년 5월 8일 21시,수요일,부산광역시 남구 용호동,중상사고,0,1,0,0,차대사람 - 횡단중,보행자보호의무위반,건조,맑음,교차로 - 교차로안,승용,남,32세,상해없음,보행자,여,20세,중상
2013050800100575,2013년 5월 8일 21시,수요일,부산광역시 수영구 망미동,경상사고,0,0,1,0,차대사람 - 횡단중,안전운전불이행,건조,흐림,단일로 - 기타,승용,남,28세,상해없음,보행자,남,52세,경상
2013050800100576,2013년 5월 8일 21시,수요일,부산광역시 수영구 수영동,중상사고,0,1,0,0,차대사람 - 보도통행중,신호위반,건조,맑음,단일로 - 횡단보도상,승용,여,46세,상해없음,보행자,남,59세,중상
2013050800100577,2013년 5월 8일 21시,수요일,부산광역시 강서구 대저1동,중상사고,0,2,1,0,차대차 - 추돌 - 주정차중,안전거리미확보,건조,맑음,단일로 - 기타,화물,남,28세,상해없음,승용,남,64세,상해없음
2013050800100612,2013년 5월 8일 22시,수요일,부산광역시 사하구 감천동,부상신고사고,0,0,0,1,차대차 - 기타,안전운전불이행,건조,맑음,단일로 - 기타,승용,남,54세,상해없음,승용,남,25세,부상신고
2013050900100006,2013년 5월 9일 00시,목요일,부산광역시 영도구 영선동4가,경상사고,0,0,1,0,차대차 - 기타,안전거리미확보,건조,맑음,단일로 - 기타,승용,남,59세,상해없음,화물,남,61세,상해없음
2013050900100017,2013년 5월 9일 01시,목요일,부산광역시 남구 문현동,경상사고,0,0,1,0,차대차 - 기타,차로위반,건조,맑음,미분류 - 미분류,승용,기타불명,기타불명,기타불명,승용,남,40세,경상
2013050900100028,2013년 5월 9일 02시,목요일,부산광역시 중구 보수동1가,경상사고,0,0,1,0,차대차 - 기타,신호위반,건조,맑음,교차로 - 교차로안,승용,남,21세,상해없음,승용,남,44세,경상
2013050900100029,2013년 5월 9일 02시,목요일,부산광역시 북구 구포동,중상사고,0,1,0,0,차대차 - 측면직각충돌,안전거리미확보,건조,맑음,단일로 - 기타,이륜,남,16세,상해없음,이륜,남,25세,중상
2013050900100030,2013년 5월 9일 02시,목요일,부산광역시 부산진구 당감동,중상사고,0,1,0,0,차대차 - 추돌 - 주정차중,안전운전불이행,건조,맑음,미분류 - 미분류,이륜,남,22세,중상,승용,남,30세,기타불명
2013050900100042,2013년 5월 9일 04시,목요일,부산광역시 연제구 연산동,경상사고,0,0,2,0,차대차 - 추돌 - 진행중,안전거리미확보,습기,비,교차로 - 교차로부근,승용,남,53세,상해없음,승용,남,23세,경상
2013050900100047,2013년 5월 9일 05시,목요일,부산광역시 동래구 안락동,경상사고,0,0,1,0,차대차 - 기타,안전운전불이행,습기,비,단일로 - 기타,승용,남,31세,상해없음,승용,남,58세,경상
2013050900100053,2013년 5월 9일 06시,목요일,부산광역시 영도구 청학동,경상사고,0,0,2,0,차대차 - 추돌 - 진행중,안전거리미확보,건조,맑음,단일로 - 기타,화물,남,40세,상해없음,화물,남,44세,경상
2013050900100069,2013년 5월 9일 07시,목요일,부산광역시 해운대구 좌동,경상사고,0,0,1,0,차대차 - 추돌 - 진행중,안전운전불이행,기타,맑음,단일로 - 기타,승용,남,23세,상해없음,승용,남,67세,경상
2013050900100070,2013년 5월 9일 07시,목요일,부산광역시 사상구 주례동,중상사고,0,1,0,0,차대차 - 기타,안전운전불이행,건조,맑음,단일로 - 기타,승합,남,50세,상해없음,이륜,남,39세,중상
2013050900100093,2013년 5월 9일 08시,목요일,부산광역시 동래구 안락동,경상사고,0,0,1,0,차대차 - 추돌 - 진행중,안전운전불이행,건조,맑음,단일로 - 기타,승용,여,36세,상해없음,승용,남,42세,경상
2013050900100094,2013년 5월 9일 08시,목요일,부산광역시 부산진구 부암동,경상사고,0,0,1,0,차대사람 - 횡단중,안전운전불이행,건조,맑음,단일로 - 횡단보도부근,승용,남,22세,상해없음,보행자,남,8세,경상
2013050900100135,2013년 5월 9일 09시,목요일,부산광역시 부산진구 당감동,경상사고,0,0,2,0,차대차 - 측면직각충돌,안전거리미확보,건조,맑음,단일로 - 교량,승용,남,58세,상해없음,건설기계,남,57세,상해없음
2013050900100136,2013년 5월 9일 09시,목요일,부산광역시 사상구 덕포동,중상사고,0,1,0,0,차대차 - 측면직각충돌,안전운전불이행,건조,맑음,교차로 - 교차로안,화물,남,52세,상해없음,승용,남,58세,중상
2013050900100160,2013년 5월 9일 10시,목요일,부산광역시 금정구 장전동,중상사고,0,1,0,0,차대사람 - 횡단중,안전운전불이행,건조,맑음,단일로 - 기타,승용,남,24세,상해없음,보행자,여,68세,중상
2013050900100162,2013년 5월 9일 10시,목요일,부산광역시 연제구 거제동,경상사고,0,0,2,0,차대차 - 기타,안전거리미확보,건조,맑음,단일로 - 기타,승용,남,53세,상해없음,승용,남,24세,경상
2013050900100185,2013년 5월 9일 11시,목요일,부산광역시 수영구 광안동,경상사고,0,0,1,0,차대차 - 추돌 - 주정차중,안전운전불이행,건조,맑음,단일로 - 기타,승용,여,67세,상해없음,화물,남,35세,경상
2013050900100209,2013년 5월 9일 12시,목요일,부산광역시 남구 용당동,중상사고,0,1,0,0,차대차 - 기타,안전운전불이행,건조,맑음,교차로 - 교차로부근,화물,남,59세,상해없음,이륜,남,33세,중상
2013050900100210,2013년 5월 9일 12시,목요일,부산광역시 해운대구 좌동,중상사고,0,1,0,0,차대사람 - 횡단중,신호위반,기타,맑음,교차로 - 교차로안,승용,여,47세,상해없음,보행자,여,21세,중상
2013050900100243,2013년 5월 9일 13시,목요일,부산광역시 남구 용호동,경상사고,0,0,1,0,차대사람 - 기타,안전운전불이행,건조,흐림,단일로 - 기타,승합,남,60세,상해없음,보행자,남,62세,경상
2013050900100244,2013년 5월 9일 13시,목요일,부산광역시 기장군 정관면,중상사고,0,1,0,0,차대사람 - 기타,안전운전불이행,건조,흐림,단일로 - 기타,승용,남,52세,상해없음,보행자,여,38세,중상
2013050900100272,2013년 5월 9일 14시,목요일,부산광역시 부산진구 개금동,경상사고,0,0,1,0,차대차 - 기타,안전거리미확보,건조,맑음,교차로 - 교차로안,승용,남,66세,상해없음,승용,남,30세,경상
2013050900100303,2013년 5월 9일 15시,목요일,부산광역시 연제구 연산동,경상사고,0,0,1,0,차대사람 - 횡단중,신호위반,건조,맑음,단일로 - 횡단보도상,원동기,남,58세,상해없음,보행자,남,73세,경상
2013050900100304,2013년 5월 9일 15시,목요일,부산광역시 사상구 모라동,경상사고,0,0,1,0,차대차 - 기타,안전운전불이행,건조,맑음,단일로 - 기타,화물,남,47세,상해없음,승용,남,50세,경상
2013050900100331,2013년 5월 9일 16시,목요일,부산광역시 북구 만덕동,경상사고,0,0,3,0,차대차 - 추돌 - 진행중,안전운전불이행,건조,맑음,단일로 - 기타,승용,여,52세,상해없음,승용,여,35세,경상
2013050900100332,2013년 5월 9일 16시,목요일,부산광역시 동래구 안락동,중상사고,0,1,0,0,차대차 - 측면직각충돌,안전운전불이행,건조,맑음,단일로 - 기타,이륜,남,16세,상해없음,승용,남,41세,상해없음
2013050900100333,2013년 5월 9일 16시,목요일,부산광역시 동래구 수안동,중상사고,0,1,0,0,차대차 - 기타,안전운전불이행,건조,흐림,단일로 - 기타,화물,남,48세,상해없음,승용,여,41세,중상
2013050900100334,2013년 5월 9일 16시,목요일,부산광역시 부산진구 전포동,경상사고,0,0,1,0,차대차 - 추돌 - 주정차중,안전운전불이행,건조,맑음,단일로 - 기타,승용,남,63세,상해없음,승합,남,73세,상해없음
2013050900100335,2013년 5월 9일 16시,목요일,부산광역시 금정구 부곡동,경상사고,0,0,2,0,차대사람 - 기타,안전운전불이행,건조,맑음,단일로 - 기타,자전거,여,48세,경상,보행자,여,58세,경상
2013050900100361,2013년 5월 9일 17시,목요일,부산광역시 부산진구 부전동,중상사고,0,1,0,0,차대사람 - 길가장자리구역통행중,보행자보호의무위반,건조,흐림,단일로 - 기타,승용,남,60세,상해없음,보행자,여,52세,중상
2013050900100394,2013년 5월 9일 18시,목요일,부산광역시 동구 수정동,중상사고,0,1,0,0,차대사람 - 횡단중,보행자보호의무위반,건조,맑음,교차로 - 교차로부근,승용,여,43세,상해없음,보행자,여,41세,중상
2013050900100395,2013년 5월 9일 18시,목요일,부산광역시 동래구 사직동,경상사고,0,0,3,0,차대차 - 추돌 - 주정차중,안전운전불이행,건조,맑음,단일로 - 기타,승합,남,47세,기타불명,승용,남,40세,경상
2013050900100396,2013년 5월 9일 18시,목요일,부산광역시 부산진구 부전동,중상사고,0,2,0,0,차대차 - 기타,안전운전불이행,건조,맑음,교차로 - 교차로부근,승용,여,56세,상해없음,승용,남,37세,중상
2013050900100397,2013년 5월 9일 18시,목요일,부산광역시 사하구 괴정동,경상사고,0,0,1,0,차대차 - 추돌 - 진행중,안전거리미확보,건조,맑음,단일로 - 기타,승용,남,63세,상해없음,승합,남,41세,경상
2013050900100398,2013년 5월 9일 18시,목요일,부산광역시 사상구 모라동,경상사고,0,0,1,0,차대사람 - 길가장자리구역통행중,안전운전불이행,건조,맑음,교차로 - 교차로안,승용,여,39세,상해없음,보행자,남,50세,경상
2013050900100444,2013년 5월 9일 19시,목요일,부산광역시 북구 구포동,경상사고,0,0,1,0,차대사람 - 기타,안전운전불이행,건조,맑음,단일로 - 기타,승용,남,22세,상해없음,보행자,남,56세,경상
2013050900100445,2013년 5월 9일 19시,목요일,부산광역시 사하구 감천동,경상사고,0,0,3,0,차대차 - 기타,안전거리미확보,건조,맑음,교차로 - 교차로부근,승용,남,49세,상해없음,승용,남,46세,경상
2013050900100446,2013년 5월 9일 19시,목요일,부산광역시 연제구 연산동,경상사고,0,0,1,0,차대차 - 추돌 - 진행중,안전운전불이행,건조,흐림,단일로 - 기타,승용,남,49세,상해없음,승용,남,47세,경상
2013050900100504,2013년 5월 9일 21시,목요일,부산광역시 중구 남포동3가,중상사고,0,1,0,0,차대사람 - 횡단중,안전운전불이행,건조,맑음,단일로 - 횡단보도상,승용,기타불명,기타불명,기타불명,보행자,남,32세,중상
2013050900100505,2013년 5월 9일 21시,목요일,부산광역시 사상구 삼락동,중상사고,0,1,0,0,차대차 - 측면직각충돌,직진우회전진행방해,건조,맑음,교차로 - 교차로안,원동기,남,16세,중상,승용,남,34세,상해없음
2013050900100560,2013년 5월 9일 22시,목요일,부산광역시 금정구 청룡동,중상사고,0,1,0,0,차대차 - 측면직각충돌,교차로운행방법위반,건조,맑음,교차로 - 교차로안,승용,여,35세,기타불명,승용,여,57세,중상
2013050900100561,2013년 5월 9일 22시,목요일,부산광역시 수영구 망미동,경상사고,0,0,1,0,차대차 - 측면직각충돌,신호위반,습기,비,단일로 - 횡단보도상,승용,여,41세,상해없음,자전거,남,38세,경상
2013050900100625,2013년 5월 9일 23시,목요일,부산광역시 동구 좌천동,경상사고,0,0,1,0,차대차 - 기타,신호위반,습기,비,단일로 - 기타,승용,남,58세,상해없음,승용,남,42세,경상
2013050900100626,2013년 5월 9일 23시,목요일,부산광역시 동래구 온천동,경상사고,0,0,1,0,차대차 - 측면직각충돌,중앙선침범,습기,비,단일로 - 기타,승용,남,36세,상해없음,승용,남,47세,경상
2013051000100008,2013년 5월 10일 00시,금요일,부산광역시 사하구 괴정동,경상사고,0,0,2,0,차대차 - 기타,안전거리미확보,건조,맑음,단일로 - 기타,승용,여,42세,상해없음,승용,남,62세,경상
2013051000100009,2013년 5월 10일 00시,금요일,부산광역시 연제구 연산동,사망사고,1,0,0,0,차대사람 - 횡단중,안전운전불이행,습기,맑음,단일로 - 기타,승용,남,36세,상해없음,보행자,남,35세,사망
2013051000100053,2013년 5월 10일 01시,금요일,부산광역시 남구 대연동,경상사고,0,0,2,0,차대차 - 추돌 - 주정차중,안전운전불이행,습기,비,교차로 - 교차로부근,승용,남,26세,상해없음,승용,남,49세,경상
2013051000100054,2013년 5월 10일 01시,금요일,부산광역시 수영구 남천동,중상사고,0,3,1,0,차대차 - 측면직각충돌,안전거리미확보,건조,기타,단일로 - 기타,승용,남,26세,상해없음,승용,남,53세,경상
2013051000100055,2013년 5월 10일 01시,금요일,부산광역시 북구 덕천동,중상사고,0,2,0,0,차대차 - 측면직각충돌,중앙선침범,습기,비,기타 - 기타,승용,남,42세,상해없음,승용,남,45세,중상
2013051000100087,2013년 5월 10일 02시,금요일,부산광역시 해운대구 반송동,중상사고,0,2,0,0,차대차 - 추돌 - 주정차중,안전운전불이행,습기,비,단일로 - 기타,이륜,남,14세,중상,승합,남,46세,상해없음
2013051000100110,2013년 5월 10일 03시,금요일,부산광역시 부산진구 양정동,중상사고,0,1,1,0,차대차 - 기타,안전거리미확보,습기,흐림,단일로 - 기타,화물,남,32세,상해없음,승용,남,63세,중상
2013051000100111,2013년 5월 10일 03시,금요일,부산광역시 연제구 연산동,사망사고,1,0,0,0,차량단독 - 공작물충돌,안전운전불이행,습기,비,단일로 - 기타,원동기,남,38세,사망,,,,
2013051000100135,2013년 5월 10일 04시,금요일,부산광역시 해운대구 중동,중상사고,0,1,1,0,차대차 - 추돌 - 진행중,안전운전불이행,습기,비,미분류 - 미분류,승용,남,29세,상해없음,승용,여,35세,중상
2013051000100136,2013년 5월 10일 04시,금요일,부산광역시 사하구 장림동,중상사고,0,3,3,0,차량단독 - 공작물충돌,안전운전불이행,습기,비,단일로 - 기타,승합,남,31세,상해없음,,,,
2013051000100149,2013년 5월 10일 05시,금요일,부산광역시 동구 범일동,중상사고,0,1,0,0,차대사람 - 기타,안전운전불이행,습기,비,단일로 - 기타,승용,남,55세,상해없음,보행자,남,51세,중상
2013051000100150,2013년 5월 10일 05시,금요일,부산광역시 서구 충무동1가,중상사고,0,2,0,0,차대차 - 기타,안전운전불이행,습기,비,교차로 - 교차로안,승용,남,29세,상해없음,승용,남,23세,중상
2013051000100151,2013년 5월 10일 05시,금요일,부산광역시 동래구 수안동,중상사고,0,1,0,0,차대사람 - 길가장자리구역통행중,안전운전불이행,건조,맑음,단일로 - 횡단보도부근,화물,남,58세,상해없음,보행자,남,23세,중상
2013051000100181,2013년 5월 10일 07시,금요일,부산광역시 사하구 장림동,중상사고,0,1,2,0,차대차 - 측면직각충돌,신호위반,건조,맑음,단일로 - 기타,승용,여,39세,상해없음,승용,남,20세,경상
2013051000100211,2013년 5월 10일 08시,금요일,부산광역시 남구 감만동,경상사고,0,0,1,0,차대차 - 추돌 - 진행중,안전운전불이행,습기,비,단일로 - 기타,승용,여,21세,상해없음,승용,남,43세,경상
2013051000100212,2013년 5월 10일 08시,금요일,부산광역시 해운대구 우동,경상사고,0,0,1,0,차대사람 - 횡단중,안전운전불이행,습기,비,단일로 - 기타,승용,남,23세,상해없음,보행자,여,24세,경상
2013051000100213,2013년 5월 10일 08시,금요일,부산광역시 해운대구 우동,경상사고,0,0,1,0,차대차 - 측면직각충돌,신호위반,습기,비,교차로 - 교차로안,화물,남,43세,상해없음,승용,여,47세,상해없음
2013051000100214,2013년 5월 10일 08시,금요일,부산광역시 해운대구 중동,경상사고,0,0,3,0,차대차 - 측면직각충돌,안전운전불이행,건조,맑음,교차로 - 교차로안,승용,남,25세,상해없음,승용,남,60세,경상
2013051000100215,2013년 5월 10일 08시,금요일,부산광역시 해운대구 반여동,중상사고,0,1,0,0,차량단독 - 기타,기타,기타,기타,단일로 - 기타,기타불명,기타불명,기타불명,기타불명,,,,
2013051000100216,2013년 5월 10일 08시,금요일,부산광역시 부산진구 개금동,경상사고,0,0,1,0,차대사람 - 보도통행중,안전운전불이행,습기,비,단일로 - 횡단보도상,승용,기타불명,기타불명,기타불명,보행자,남,14세,경상
2013051000100261,2013년 5월 10일 09시,금요일,부산광역시 동구 초량동,중상사고,0,1,0,0,차대차 - 기타,안전운전불이행,습기,비,단일로 - 기타,승용,남,59세,상해없음,화물,여,40세,중상
2013051000100262,2013년 5월 10일 09시,금요일,부산광역시 해운대구 우동,중상사고,0,1,0,0,차대사람 - 횡단중,신호위반,습기,비,단일로 - 기타,승용,여,44세,상해없음,보행자,남,70세,중상
2013051000100263,2013년 5월 10일 09시,금요일,부산광역시 사하구 신평동,경상사고,0,0,1,0,차대차 - 추돌 - 진행중,안전운전불이행,습기,비,단일로 - 기타,건설기계,남,50세,상해없음,승용,여,33세,경상
2013051000100264,2013년 5월 10일 09시,금요일,부산광역시 연제구 연산동,경상사고,0,0,1,0,차대차 - 기타,신호위반,습기,맑음,교차로 - 교차로안,승용,여,33세,기타불명,승용,남,61세,경상
2013051000100329,2013년 5월 10일 11시,금요일,부산광역시 북구 화명동,중상사고,0,1,0,0,차대차 - 추돌 - 주정차중,안전운전불이행,건조,맑음,단일로 - 기타,승용,남,48세,상해없음,화물,남,36세,중상
2013051000100330,2013년 5월 10일 11시,금요일,부산광역시 사상구 감전동,중상사고,0,1,0,0,차대차 - 측면직각충돌,안전운전불이행,건조,맑음,교차로 - 교차로부근,승용,남,33세,상해없음,자전거,여,51세,중상
2013051000100346,2013년 5월 10일 12시,금요일,부산광역시 연제구 연산동,중상사고,0,1,0,0,차대차 - 추돌 - 주정차중,안전운전불이행,건조,맑음,교차로 - 교차로부근,화물,남,56세,상해없음,승용,남,71세,중상
2013051000100369,2013년 5월 10일 13시,금요일,부산광역시 남구 대연동,중상사고,0,1,0,0,차대사람 - 기타,안전운전불이행,건조,맑음,교차로 - 교차로부근,승용,남,59세,상해없음,보행자,여,70세,중상
2013051000100392,2013년 5월 10일 14시,금요일,부산광역시 강서구 화전동,경상사고,0,0,1,0,차대차 - 측면직각충돌,신호위반,건조,맑음,교차로 - 교차로안,승용,남,30세,상해없음,승용,남,35세,경상
2013051000100411,2013년 5월 10일 15시,금요일,부산광역시 해운대구 재송동,중상사고,0,1,1,0,차대차 - 측면직각충돌,안전운전불이행,건조,맑음,단일로 - 기타,승용,여,37세,상해없음,승용,남,49세,중상
2013051000100412,2013년 5월 10일 15시,금요일,부산광역시 사상구 엄궁동,중상사고,0,1,0,0,차대사람 - 보도통행중,기타,건조,맑음,단일로 - 기타,승용,여,46세,상해없음,보행자,여,40세,중상
2013051000100445,2013년 5월 10일 16시,금요일,부산광역시 동래구 명륜동,중상사고,0,1,0,0,차대사람 - 횡단중,안전운전불이행,건조,맑음,단일로 - 기타,승용,여,54세,상해없음,보행자,여,74세,중상
2013051000100486,2013년 5월 10일 17시,금요일,부산광역시 부산진구 부전동,경상사고,0,0,1,0,차대차 - 기타,신호위반,건조,맑음,교차로 - 교차로안,승용,남,55세,상해없음,이륜,남,34세,경상
2013051000100487,2013년 5월 10일 17시,금요일,부산광역시 기장군 정관면,경상사고,0,0,1,0,차대차 - 측면직각충돌,신호위반,건조,맑음,교차로 - 교차로안,승용,여,31세,상해없음,승용,여,65세,경상
2013051000100514,2013년 5월 10일 18시,금요일,부산광역시 동래구 사직동,중상사고,0,1,0,0,차대차 - 측면직각충돌,안전운전불이행,건조,맑음,단일로 - 기타,승용,여,55세,상해없음,자전거,여,68세,중상
2013051000100559,2013년 5월 10일 19시,금요일,부산광역시 동래구 명륜동,중상사고,0,1,0,0,차대사람 - 기타,안전운전불이행,건조,맑음,단일로 - 기타,승용,남,63세,상해없음,보행자,남,45세,중상
2013051000100560,2013년 5월 10일 19시,금요일,부산광역시 영도구 동삼동,경상사고,0,0,1,0,차대차 - 기타,안전운전불이행,건조,맑음,단일로 - 기타,승용,여,60세,상해없음,승용,여,51세,경상
2013051000100561,2013년 5월 10일 19시,금요일,부산광역시 해운대구 재송동,중상사고,0,1,0,0,차대사람 - 횡단중,안전운전불이행,건조,기타,교차로 - 교차로부근,승용,남,65세,상해없음,보행자,남,63세,중상
2013051000100562,2013년 5월 10일 19시,금요일,부산광역시 부산진구 개금동,경상사고,0,0,2,0,차대차 - 추돌 - 주정차중,안전운전불이행,건조,맑음,단일로 - 기타,승합,남,34세,상해없음,승합,남,51세,경상
2013051000100563,2013년 5월 10일 19시,금요일,부산광역시 연제구 연산동,경상사고,0,0,1,0,차대사람 - 기타,안전운전불이행,건조,맑음,단일로 - 기타,승용,남,48세,상해없음,보행자,남,49세,경상
2013051000100592,2013년 5월 10일 20시,금요일,부산광역시 금정구 장전동,경상사고,0,0,1,0,차대사람 - 길가장자리구역통행중,안전운전불이행,건조,맑음,단일로 - 기타,승용,남,19세,상해없음,보행자,남,10세,경상
2013051000100593,2013년 5월 10일 20시,금요일,부산광역시 사하구 하단동,중상사고,0,1,0,0,차대사람 - 기타,안전운전불이행,건조,맑음,교차로 - 교차로안,승용,남,25세,상해없음,보행자,여,26세,중상
2013051000100629,2013년 5월 10일 21시,금요일,부산광역시 부산진구 가야동,중상사고,0,1,0,0,차대사람 - 횡단중,보행자보호의무위반,건조,맑음,교차로 - 교차로부근,승용,여,39세,상해없음,보행자,여,50세,중상
2013051000100630,2013년 5월 10일 21시,금요일,부산광역시 사하구 장림동,경상사고,0,0,2,0,차대차 - 기타,안전거리미확보,건조,맑음,단일로 - 기타,승용,남,56세,상해없음,승용,남,58세,경상
2013051000100698,2013년 5월 10일 23시,금요일,부산광역시 동래구 안락동,경상사고,0,0,1,0,차대차 - 정면충돌,교차로운행방법위반,건조,맑음,교차로 - 교차로안,자전거,여,30세,상해없음,자전거,여,22세,경상
2013051000100699,2013년 5월 10일 23시,금요일,부산광역시 연제구 연산동,중상사고,0,1,0,0,차대사람 - 길가장자리구역통행중,안전운전불이행,건조,맑음,단일로 - 기타,승용,여,50세,상해없음,보행자,남,41세,중상
2013051100100008,2013년 5월 11일 00시,토요일,부산광역시 중구 중앙동4가,경상사고,0,0,1,1,차대차 - 추돌 - 진행중,안전운전불이행,건조,맑음,단일로 - 횡단보도부근,승용,남,40세,부상신고,승용,남,41세,경상
2013051100100009,2013년 5월 11일 00시,토요일,부산광역시 중구 부평동2가,중상사고,0,1,0,0,차대사람 - 횡단중,안전운전불이행,건조,맑음,단일로 - 횡단보도부근,승용,남,24세,상해없음,보행자,남,64세,중상