사고번호,사고일시,요일,시군구,사고내용,사망자수,중상자수,경상자수,부상신고자수,사고유형,법규위반,노면상태,기상상태,도로형태,가해운전자 차종,가해운전자 성별,가해운전자 연령,가해운전자 상해정도,피해운전자 차종,피해운전자 성별,피해운전자 연령,피해운전자 상해정도
2013051400100244,2013년 5월 14일 12시,화요일,부산광역시 수영구 남천동,경상사고,0,0,1,0,차대차 - 기타,차로위반,건조,맑음,단일로 - 기타,승용,기타불명,기타불명,기타불명,이륜,남,19세,상해없음
2013051400100245,2013년 5월 14일 12시,화요일,부산광역시 사하구 하단동,중상사고,0,1,0,0,차대차 - 측면직각충돌,안전운전불이행,건조,맑음,교차로 - 교차로안,승용,남,53세,상해없음,이륜,남,21세,중상
2013051400100263,2013년 5월 14일 13시,화요일,부산광역시 금정구 장전동,경상사고,0,0,1,0,차대사람 - 횡단중,안전운전불이행,건조,맑음,단일로 - 기타,원동기,남,40세,상해없음,보행자,남,61세,경상
2013051400100264,2013년 5월 14일 13시,화요일,부산광역시 사상구 삼락동,중상사고,0,1,0,0,차대차 - 추돌 - 진행중,안전운전불이행,건조,맑음,단일로 - 기타,승용,여,52세,중상,화물,남,56세,상해없음
2013051400100304,2013년 5월 14일 14시,화요일,부산광역시 부산진구 부전동,경상사고,0,0,1,0,차대차 - 기타,신호위반,건조,맑음,교차로 - 교차로안,승용,여,20세,상해없음,원동기,남,59세,경상
2013051400100331,2013년 5월 14일 15시,화요일,부산광역시 부산진구 연지동,경상사고,0,0,1,0,차대사람 - 횡단중,불법유턴,건조,맑음,단일로 - 기타,승용,남,39세,상해없음,보행자,남,79세,경상
2013051400100332,2013년 5월 14일 15시,화요일,부산광역시 사하구 신평동,경상사고,0,0,1,0,차대차 - 기타,신호위반,건조,맑음,교차로 - 교차로안,화물,남,37세,상해없음,승용,남,55세,경상
2013051400100333,2013년 5월 14일 15시,화요일,부산광역시 강서구 명지동,경상사고,0,0,1,0,차대차 - 기타,안전운전불이행,건조,맑음,단일로 - 기타,승용,여,30세,상해없음,자전거,남,60세,경상
2013051400100334,2013년 5월 14일 15시,화요일,부산광역시 사상구 괘법동,중상사고,0,1,0,0,차대사람 - 기타,신호위반,건조,맑음,교차로 - 교차로부근,승용,남,76세,상해없음,보행자,남,51세,중상
2013051400100375,2013년 5월 14일 16시,화요일,부산광역시 동구 초량동,부상신고사고,0,0,0,1,차대사람 - 횡단중,안전운전불이행,건조,맑음,교차로 - 교차로안,승용,여,30세,상해없음,보행자,남,55세,부상신고
2013051400100376,2013년 5월 14일 16시,화요일,부산광역시 동래구 안락동,중상사고,0,1,0,0,차대차 - 측면직각충돌,안전운전불이행,건조,맑음,단일로 - 기타,승용,여,30세,상해없음,자전거,남,83세,중상
2013051400100377,2013년 5월 14일 16시,화요일,부산광역시 사하구 괴정동,경상사고,0,0,1,0,차대차 - 추돌 - 주정차중,안전운전불이행,건조,맑음,교차로 - 교차로부근,건설기계,남,63세,상해없음,승용,남,54세,경상
2013051400100378,2013년 5월 14일 16시,화요일,부산광역시 수영구 수영동,경상사고,0,0,1,0,차대차 - 측면직각충돌,안전운전불이행,건조,맑음,단일로 - 기타,화물,남,41세,상해없음,자전거,남,23세,경상
2013051400100412,2013년 5월 14일 17시,화요일,부산광역시 남구 용호동,중상사고,0,1,0,1,차대차 - 기타,신호위반,건조,맑음,교차로 - 교차로안,이륜,남,16세,부상신고,이륜,남,56세,중상
2013051400100413,2013년 5월 14일 17시,화요일,부산광역시 동래구 사직동,경상사고,0,0,2,0,차대차 - 기타,안전운전불이행,건조,맑음,단일로 - 기타,승용,남,56세,상해없음,승용,여,44세,경상
2013051400100458,2013년 5월 14일 18시,화요일,부산광역시 금정구 부곡동,부상신고사고,0,0,0,1,차대사람 - 기타,안전운전불이행,건조,맑음,단일로 - 기타,승용,남,23세,상해없음,보행자,남,25세,부상신고
2013051400100459,2013년 5월 14일 18시,화요일,부산광역시 금정구 구서동,경상사고,0,0,2,1,차대차 - 측면직각충돌,안전운전불이행,건조,맑음,교차로 - 교차로안,원동기,남,47세,경상,승용,여,40세,경상
2013051400100460,2013년 5월 14일 18시,화요일,부산광역시 강서구 강동동,중상사고,0,1,0,0,차대차 - 측면직각충돌,안전운전불이행,건조,맑음,단일로 - 기타,승용,남,37세,상해없음,이륜,남,29세,중상
2013051400100499,2013년 5월 14일 19시,화요일,부산광역시 남구 대연동,경상사고,0,0,1,0,차대사람 - 기타,안전운전불이행,건조,맑음,교차로 - 교차로부근,승용,여,22세,상해없음,보행자,여,25세,경상
2013051400100500,2013년 5월 14일 19시,화요일,부산광역시 강서구 대저1동,경상사고,0,0,1,0,차대차 - 기타,신호위반,건조,맑음,교차로 - 교차로안,승용,남,37세,상해없음,원동기,남,71세,경상
2013051400100539,2013년 5월 14일 20시,화요일,부산광역시 금정구 장전동,중상사고,0,1,0,0,차대사람 - 횡단중,안전운전불이행,건조,맑음,단일로 - 기타,승용,남,38세,상해없음,보행자,남,15세,중상
2013051400100540,2013년 5월 14일 20시,화요일,부산광역시 사상구 학장동,중상사고,0,2,0,0,차대차 - 추돌 - 주정차중,안전운전불이행,건조,맑음,단일로 - 기타,승용,남,21세,상해없음,승용,남,51세,중상
2013051400100577,2013년 5월 14일 21시,화요일,부산광역시 서구 동대신동1가,경상사고,0,0,1,0,차대차 - 추돌 - 진행중,안전운전불이행,건조,맑음,단일로 - 기타,승용,남,26세,상해없음,승용,여,39세,경상
2013051400100578,2013년 5월 14일 21시,화요일,부산광역시 남구 용호동,경상사고,0,0,1,0,차대차 - 측면직각충돌,중앙선침범,건조,맑음,단일로 - 기타,승용,남,49세,기타불명,승용,여,31세,경상
2013051400100579,2013년 5월 14일 21시,화요일,부산광역시 해운대구 반송동,경상사고,0,0,1,0,차대사람 - 횡단중,보행자보호의무위반,건조,맑음,단일로 - 기타,승용,남,35세,상해없음,보행자,남,8세,경상
2013051400100580,2013년 5월 14일 21시,화요일,부산광역시 기장군 기장읍,중상사고,0,1,3,0,차대차 - 추돌 - 주정차중,안전운전불이행,건조,맑음,단일로 - 기타,승용,남,39세,상해없음,승용,여,53세,경상
2013051400100581,2013년 5월 14일 21시,화요일,부산광역시 기장군 정관면,중상사고,0,1,1,0,차대차 - 측면직각충돌,안전거리미확보,건조,맑음,단일로 - 기타,화물,남,52세,상해없음,승용,남,43세,중상
2013051500100024,2013년 5월 15일 01시,수요일,부산광역시 수영구 광안동,중상사고,0,1,0,0,차대사람 - 차도통행중,안전운전불이행,건조,맑음,단일로 - 기타,승용,남,28세,상해없음,보행자,남,25세,중상
2013051500100025,2013년 5월 15일 01시,수요일,부산광역시 해운대구 우동,중상사고,0,1,3,0,차대차 - 추돌 - 진행중,안전운전불이행,기타,기타,단일로 - 기타,승용,여,40세,상해없음,승용,남,28세,중상
2013051500100057,2013년 5월 15일 04시,수요일,부산광역시 해운대구 재송동,경상사고,0,0,1,0,차대차 - 측면직각충돌,안전운전불이행,기타,기타,단일로 - 기타,승용,남,28세,상해없음,승용,남,63세,경상
2013051500100058,2013년 5월 15일 04시,수요일,부산광역시 연제구 연산동,중상사고,0,4,0,0,차대차 - 추돌 - 주정차중,안전거리미확보,건조,맑음,단일로 - 기타,승용,남,35세,상해없음,승용,남,34세,중상
2013051500100065,2013년 5월 15일 05시,수요일,부산광역시 강서구 대저2동,중상사고,0,1,0,0,차대차 - 기타,안전운전불이행,건조,맑음,단일로 - 기타,승용,남,61세,중상,승용,남,51세,상해없음
2013051500100073,2013년 5월 15일 06시,수요일,부산광역시 해운대구 중동,중상사고,0,1,0,0,차대사람 - 길가장자리구역통행중,안전운전불이행,건조,맑음,단일로 - 기타,승합,남,61세,상해없음,보행자,남,69세,중상
2013051500100074,2013년 5월 15일 06시,수요일,부산광역시 사하구 다대동,부상신고사고,0,0,0,1,차량단독 - 기타,안전운전불이행,건조,맑음,단일로 - 기타,승합,남,43세,상해없음,,,,
2013051500100092,2013년 5월 15일 07시,수요일,부산광역시 동래구 사직동,경상사고,0,0,1,0,차대사람 - 길가장자리구역통행중,안전운전불이행,건조,맑음,단일로 - 기타,승용,남,48세,기타불명,보행자,여,61세,경상
2013051500100119,2013년 5월 15일 08시,수요일,부산광역시 동구 초량동,경상사고,0,0,1,0,차대차 - 측면직각충돌,안전운전불이행,건조,맑음,교차로 - 교차로부근,승용,여,50세,상해없음,승용,여,25세,경상
2013051500100120,2013년 5월 15일 08시,수요일,부산광역시 금정구 남산동,경상사고,0,0,1,0,차대사람 - 차도통행중,안전운전불이행,건조,맑음,단일로 - 기타,승용,여,45세,상해없음,보행자,여,64세,경상
2013051500100121,2013년 5월 15일 08시,수요일,부산광역시 사하구 구평동,경상사고,0,0,1,0,차대차 - 기타,안전운전불이행,건조,맑음,단일로 - 기타,화물,남,51세,상해없음,승용,여,42세,경상
2013051500100150,2013년 5월 15일 09시,수요일,부산광역시 금정구 구서동,경상사고,0,0,1,0,차대차 - 측면직각충돌,안전거리미확보,건조,맑음,단일로 - 기타,승용,남,24세,상해없음,승용,남,58세,경상
2013051500100187,2013년 5월 15일 10시,수요일,부산광역시 부산진구 전포동,중상사고,0,1,0,0,차대차 - 기타,중앙선침범,건조,맑음,단일로 - 기타,승용,여,46세,상해없음,승용,남,47세,중상
2013051500100188,2013년 5월 15일 10시,수요일,부산광역시 연제구 연산동,경상사고,0,0,2,0,차대차 - 측면직각충돌,신호위반,건조,맑음,교차로 - 교차로안,승용,남,64세,상해없음,승용,남,70세,경상
2013051500100214,2013년 5월 15일 11시,수요일,부산광역시 영도구 청학동,경상사고,0,0,3,0,차대차 - 측면직각충돌,신호위반,건조,맑음,교차로 - 교차로안,승용,남,64세,상해없음,승용,남,45세,경상
2013051500100215,2013년 5월 15일 11시,수요일,부산광역시 금정구 장전동,중상사고,0,1,0,1,차대차 - 측면직각충돌,신호위반,건조,맑음,교차로 - 교차로안,승용,남,19세,부상신고,승용,여,34세,중상
2013051500100236,2013년 5월 15일 12시,수요일,부산광역시 수영구 광안동,중상사고,0,1,2,0,차대차 - 추돌 - 진행중,안전운전불이행,건조,맑음,단일로 - 기타,승용,여,45세,상해없음,승용,남,35세,경상
2013051500100261,2013년 5월 15일 13시,수요일,부산광역시 부산진구 개금동,중상사고,0,1,0,0,차대사람 - 기타,안전운전불이행,건조,맑음,교차로 - 교차로안,승용,남,56세,상해없음,보행자,남,68세,중상
2013051500100262,2013년 5월 15일 13시,수요일,부산광역시 부산진구 개금동,중상사고,0,1,0,0,차대차 - 측면직각충돌,안전운전불이행,건조,맑음,단일로 - 기타,승용,남,51세,상해없음,이륜,남,24세,중상
2013051500100289,2013년 5월 15일 14시,수요일,부산광역시 중구 남포동1가,부상신고사고,0,0,0,2,차대차 - 기타,차로위반,건조,맑음,단일로 - 기타,승용,기타불명,기타불명,기타불명,승용,남,64세,상해없음
2013051500100290,2013년 5월 15일 14시,수요일,부산광역시 동구 범일동,중상사고,0,1,0,0,차대차 - 측면직각충돌,안전거리미확보,건조,맑음,단일로 - 기타,승용,여,23세,상해없음,이륜,남,21세,중상
2013051500100291,2013년 5월 15일 14시,수요일,부산광역시 사하구 신평동,중상사고,0,1,0,0,차대차 - 기타,신호위반,건조,맑음,교차로 - 교차로안,자전거,남,70세,중상,건설기계,남,41세,상해없음
2013051500100322,2013년 5월 15일 15시,수요일,부산광역시 북구 구포동,경상사고,0,0,1,0,차대사람 - 차도통행중,안전운전불이행,건조,맑음,단일로 - 기타,승용,여,38세,상해없음,보행자,남,15세,경상
2013051500100367,2013년 5월 15일 16시,수요일,부산광역시 부산진구 개금동,중상사고,0,1,0,0,차대사람 - 기타,보행자보호의무위반,건조,맑음,단일로 - 기타,승용,여,39세,상해없음,보행자,여,59세,중상
2013051500100368,2013년 5월 15일 16시,수요일,부산광역시 금정구 청룡동,경상사고,0,0,1,0,차대차 - 추돌 - 진행중,안전거리미확보,건조,맑음,단일로 - 기타,화물,남,40세,상해없음,승용,남,69세,경상
2013051500100369,2013년 5월 15일 16시,수요일,부산광역시 연제구 거제동,중상사고,0,2,0,0,차대차 - 추돌 - 진행중,안전거리미확보,건조,맑음,단일로 - 기타,승합,남,51세,상해없음,승용,여,30세,중상
2013051500100413,2013년 5월 15일 17시,수요일,부산광역시 사하구 하단동,중상사고,0,1,0,2,차대차 - 기타,불법유턴,건조,맑음,단일로 - 기타,이륜,남,50세,상해없음,승합,여,49세,상해없음
2013051500100456,2013년 5월 15일 18시,수요일,부산광역시 동구 범일동,부상신고사고,0,0,0,1,차대차 - 추돌 - 진행중,안전거리미확보,건조,맑음,단일로 - 기타,이륜,남,38세,부상신고,승용,남,40세,상해없음
2013051500100457,2013년 5월 15일 18시,수요일,부산광역시 동구 초량동,중상사고,0,1,0,0,차대사람 - 횡단중,안전운전불이행,건조,맑음,단일로 - 횡단보도상,승용,남,39세,상해없음,보행자,남,7세,중상
2013051500100458,2013년 5월 15일 18시,수요일,부산광역시 남구 대연동,부상신고사고,0,0,0,1,차대사람 - 보도통행중,안전운전불이행,건조,맑음,교차로 - 교차로부근,자전거,남,19세,상해없음,보행자,여,20세,부상신고
2013051500100459,2013년 5월 15일 18시,수요일,부산광역시 영도구 동삼동,중상사고,0,1,0,0,차대차 - 기타,신호위반,건조,맑음,단일로 - 기타,승용,남,53세,상해없음,이륜,남,44세,중상
2013051500100514,2013년 5월 15일 19시,수요일,부산광역시 해운대구 우동,중상사고,0,1,0,0,차대차 - 측면직각충돌,안전거리미확보,건조,맑음,교차로 - 교차로부근,승용,남,68세,상해없음,승용,남,34세,중상
2013051500100515,2013년 5월 15일 19시,수요일,부산광역시 사상구 엄궁동,중상사고,0,1,0,0,차대사람 - 횡단중,보행자보호의무위반,건조,맑음,교차로 - 교차로안,승용,여,31세,상해없음,보행자,여,59세,중상
2013051500100548,2013년 5월 15일 20시,수요일,부산광역시 동래구 명륜동,경상사고,0,0,1,0,차대차 - 추돌 - 진행중,안전운전불이행,건조,맑음,교차로 - 교차로부근,승용,기타불명,기타불명,기타불명,승용,남,57세,경상
2013051500100549,2013년 5월 15일 20시,수요일,부산광역시 연제구 연산동,중상사고,0,1,0,0,차대차 - 측면직각충돌,안전거리미확보,건조,맑음,단일로 - 기타,화물,남,35세,상해없음,승용,여,50세,중상
2013051500100584,2013년 5월 15일 21시,수요일,부산광역시 수영구 광안동,경상사고,0,0,1,0,차대차 - 추돌 - 진행중,안전거리미확보,건조,맑음,교차로 - 교차로부근,승용,남,30세,상해없음,승용,남,50세,경상
2013051500100585,2013년 5월 15일 21시,수요일,부산광역시 사하구 하단동,경상사고,0,0,1,0,차대사람 - 기타,안전운전불이행,건조,맑음,단일로 - 기타,승용,남,42세,상해없음,보행자,남,45세,경상
2013051500100586,2013년 5월 15일 21시,수요일,부산광역시 강서구 강동동,중상사고,0,1,1,0,차대차 - 추돌 - 주정차중,안전운전불이행,건조,맑음,단일로 - 기타,화물,남,53세,상해없음,승용,남,55세,중상
2013051500100621,2013년 5월 15일 22시,수요일,부산광역시 동래구 온천동,경상사고,0,0,2,0,차대차 - 정면충돌,중앙선침범,건조,맑음,교차로 - 교차로안,승용,남,25세,상해없음,승용,남,54세,경상
2013051500100649,2013년 5월 15일 23시,수요일,부산광역시 금정구 남산동,경상사고,0,0,2,0,차대차 - 추돌 - 진행중,안전운전불이행,건조,맑음,교차로 - 교차로부근,승용,남,50세,상해없음,승용,남,36세,경상
2013051500100650,2013년 5월 15일 23시,수요일,부산광역시 사상구 주례동,중상사고,0,1,0,0,차량단독 - 공작물충돌,신호위반,건조,맑음,교차로 - 교차로부근,승용,남,52세,중상,,,,
2013051600100009,2013년 5월 16일 00시,목요일,부산광역시 중구 영주동,중상사고,0,1,0,0,차대사람 - 기타,안전운전불이행,건조,맑음,단일로 - 기타,승용,남,46세,상해없음,보행자,남,74세,중상
2013051600100010,2013년 5월 16일 00시,목요일,부산광역시 북구 덕천동,경상사고,0,0,2,0,차대차 - 추돌 - 진행중,신호위반,건조,맑음,교차로 - 교차로안,승용,남,29세,상해없음,승용,남,55세,경상
2013051600100027,2013년 5월 16일 01시,목요일,부산광역시 사상구 주례동,경상사고,0,0,1,0,차대사람 - 길가장자리구역통행중,불법유턴,건조,맑음,단일로 - 기타,승용,남,51세,상해없음,보행자,남,60세,경상
2013051600100047,2013년 5월 16일 02시,목요일,부산광역시 해운대구 중동,경상사고,0,0,4,0,차대차 - 측면직각충돌,차로위반,건조,맑음,단일로 - 기타,승용,남,66세,상해없음,승용,남,30세,경상
2013051600100078,2013년 5월 16일 04시,목요일,부산광역시 금정구 금사동,부상신고사고,0,0,0,1,차대차 - 측면직각충돌,신호위반,건조,흐림,교차로 - 교차로안,승용,남,38세,상해없음,자전거,남,55세,부상신고
2013051600100088,2013년 5월 16일 05시,목요일,부산광역시 연제구 연산동,경상사고,0,0,1,0,차대차 - 추돌 - 진행중,신호위반,건조,맑음,교차로 - 교차로안,원동기,남,66세,경상,승용,남,64세,상해없음
2013051600100114,2013년 5월 16일 07시,목요일,부산광역시 북구 만덕동,경상사고,0,0,1,0,차대사람 - 횡단중,신호위반,건조,맑음,단일로 - 횡단보도상,승용,남,54세,상해없음,보행자,남,17세,경상
2013051600100141,2013년 5월 16일 08시,목요일,부산광역시 강서구 송정동,경상사고,0,0,1,0,차대차 - 기타,안전운전불이행,건조,맑음,단일로 - 기타,승용,남,61세,상해없음,승용,여,29세,경상
2013051600100183,2013년 5월 16일 09시,목요일,부산광역시 부산진구 부전동,경상사고,0,0,1,0,차대차 - 측면직각충돌,안전운전불이행,건조,맑음,단일로 - 기타,승용,남,35세,상해없음,승용,남,57세,경상
2013051600100184,2013년 5월 16일 09시,목요일,부산광역시 부산진구 개금동,경상사고,0,0,2,0,차대차 - 측면직각충돌,불법유턴,건조,맑음,단일로 - 기타,승용,남,59세,상해없음,승용,여,47세,경상
2013051600100185,2013년 5월 16일 09시,목요일,부산광역시 연제구 거제동,중상사고,0,1,0,0,차대사람 - 차도통행중,중앙선침범,건조,맑음,단일로 - 기타,화물,남,35세,상해없음,보행자,여,34세,중상
2013051600100186,2013년 5월 16일 09시,목요일,부산광역시 강서구 강동동,중상사고,0,1,1,0,차대차 - 추돌 - 주정차중,안전운전불이행,건조,맑음,단일로 - 기타,화물,남,54세,기타불명,화물,남,47세,경상
2013051600100228,2013년 5월 16일 10시,목요일,부산광역시 부산진구 초읍동,경상사고,0,0,1,0,차량단독 - 기타,안전운전불이행,건조,맑음,단일로 - 기타,승합,남,53세,상해없음,,,,
2013051600100229,2013년 5월 16일 10시,목요일,부산광역시 연제구 연산동,중상사고,0,1,2,0,차대차 - 추돌 - 진행중,안전거리미확보,건조,맑음,단일로 - 기타,승용,여,43세,경상,승용,남,66세,상해없음
2013051600100230,2013년 5월 16일 10시,목요일,부산광역시 사상구 감전동,중상사고,0,1,1,0,차대차 - 측면직각충돌,신호위반,건조,맑음,교차로 - 교차로안,화물,남,64세,상해없음,승용,남,21세,중상
2013051600100259,2013년 5월 16일 11시,목요일,부산광역시 서구 암남동,경상사고,0,0,1,0,차대사람 - 기타,안전운전불이행,건조,맑음,기타 - 기타,승용,남,57세,상해없음,보행자,남,27세,경상
2013051600100260,2013년 5월 16일 11시,목요일,부산광역시 금정구 장전동,사망사고,1,0,0,0,차대사람 - 기타,안전운전불이행,건조,맑음,단일로 - 기타,승합,남,52세,상해없음,보행자,여,72세,사망
2013051600100261,2013년 5월 16일 11시,목요일,부산광역시 사하구 괴정동,경상사고,0,0,1,0,차대사람 - 차도통행중,안전운전불이행,건조,맑음,단일로 - 기타,이륜,남,24세,상해없음,보행자,남,59세,경상
2013051600100262,2013년 5월 16일 11시,목요일,부산광역시 사상구 괘법동,경상사고,0,0,1,0,차대사람 - 횡단중,안전운전불이행,건조,맑음,단일로 - 기타,승합,남,54세,상해없음,보행자,남,34세,경상
2013051600100312,2013년 5월 16일 13시,목요일,부산광역시 사하구 감천동,중상사고,0,1,0,0,차대차 - 정면충돌,안전운전불이행,건조,흐림,교차로 - 교차로안,승용,남,44세,상해없음,승용,여,46세,중상
2013051600100337,2013년 5월 16일 14시,목요일,부산광역시 수영구 남천동,중상사고,0,1,2,0,차대차 - 측면직각충돌,기타,건조,맑음,교차로 - 교차로안,승용,여,45세,상해없음,승용,여,30세,경상
2013051600100338,2013년 5월 16일 14시,목요일,부산광역시 금정구 장전동,부상신고사고,0,0,0,1,차대사람 - 횡단중,보행자보호의무위반,건조,맑음,단일로 - 횡단보도상,승용,여,46세,상해없음,보행자,남,6세,부상신고
2013051600100339,2013년 5월 16일 14시,목요일,부산광역시 연제구 연산동,경상사고,0,0,2,0,차대차 - 측면직각충돌,신호위반,건조,맑음,교차로 - 교차로안,승용,남,22세,경상,이륜,남,32세,경상
2013051600100340,2013년 5월 16일 14시,목요일,부산광역시 연제구 거제동,경상사고,0,0,1,0,차대차 - 측면직각충돌,차로위반,건조,맑음,교차로 - 교차로안,승용,여,39세,상해없음,이륜,남,24세,경상
2013051600100341,2013년 5월 16일 14시,목요일,부산광역시 강서구 대저2동,경상사고,0,0,1,0,차대차 - 추돌 - 진행중,안전운전불이행,건조,맑음,단일로 - 기타,화물,남,55세,기타불명,화물,남,62세,경상
2013051600100370,2013년 5월 16일 15시,목요일,부산광역시 동구 범일동,중상사고,0,1,0,0,차대사람 - 횡단중,안전운전불이행,건조,맑음,단일로 - 기타,승용,여,48세,상해없음,보행자,남,11세,중상
2013051600100371,2013년 5월 16일 15시,목요일,부산광역시 남구 문현동,경상사고,0,0,1,0,차대차 - 추돌 - 진행중,기타,건조,맑음,교차로 - 교차로안,승용,남,34세,상해없음,화물,여,57세,경상
2013051600100372,2013년 5월 16일 15시,목요일,부산광역시 남구 대연동,경상사고,0,0,1,0,차대차 - 측면직각충돌,안전운전불이행,건조,맑음,교차로 - 교차로안,승용,남,34세,상해없음,승용,여,42세,경상
2013051600100373,2013년 5월 16일 15시,목요일,부산광역시 사상구 엄궁동,경상사고,0,0,1,0,차대차 - 추돌 - 주정차중,안전운전불이행,건조,맑음,단일로 - 기타,화물,남,51세,상해없음,승용,여,35세,경상
2013051600100374,2013년 5월 16일 15시,목요일,부산광역시 사상구 엄궁동,경상사고,0,0,2,0,차대차 - 측면직각충돌,교차로운행방법위반,건조,맑음,교차로 - 교차로부근,화물,남,52세,상해없음,승용,남,30세,경상
2013051600100459,2013년 5월 16일 17시,목요일,부산광역시 북구 덕천동,중상사고,0,1,0,0,차대사람 - 횡단중,안전운전불이행,건조,맑음,교차로 - 교차로안,승합,여,32세,상해없음,보행자,여,77세,중상
2013051600100460,2013년 5월 16일 17시,목요일,부산광역시 사상구 주례동,중상사고,0,1,0,0,차대차 - 추돌 - 진행중,안전운전불이행,건조,맑음,단일로 - 횡단보도상,승용,여,53세,상해없음,이륜,남,48세,중상
2013051600100512,2013년 5월 16일 18시,목요일,부산광역시 해운대구 중동,경상사고,0,0,1,0,차대차 - 측면직각충돌,안전운전불이행,건조,맑음,교차로 - 교차로부근,승용,남,57세,상해없음,자전거,남,20세,경상
2013051600100513,2013년 5월 16일 18시,목요일,부산광역시 부산진구 초읍동,경상사고,0,0,2,3,차대차 - 기타,교차로운행방법위반,건조,맑음,교차로 - 교차로안,승용,남,51세,경상,화물,남,26세,부상신고
2013051600100549,2013년 5월 16일 19시,목요일,부산광역시 동구 초량동,경상사고,0,0,1,0,차대차 - 기타,기타,건조,맑음,단일로 - 기타,승용,남,28세,상해없음,승합,남,39세,경상
2013051600100550,2013년 5월 16일 19시,목요일,부산광역시 서구 서대신동3가,경상사고,0,0,1,0,차대차 - 기타,안전운전불이행,건조,맑음,단일로 - 기타,승용,남,28세,상해없음,원동기,남,17세,경상
2013051600100571,2013년 5월 16일 20시,목요일,부산광역시 서구 동대신동1가,경상사고,0,0,1,0,차대차 - 기타,교차로운행방법위반,건조,맑음,단일로 - 기타,승용,남,59세,상해없음,승용,남,61세,경상
2013051600100572,2013년 5월 16일 20시,목요일,부산광역시 서구 서대신동1가,경상사고,0,0,1,0,차대차 - 기타,안전거리미확보,건조,맑음,교차로 - 교차로부근,승용,남,60세,상해없음,승용,여,27세,경상
2013051600100573,2013년 5월 16일 20시,목요일,부산광역시 해운대구 재송동,경상사고,0,0,1,0,차대사람 - 보도통행중,보행자보호의무위반,건조,맑음,교차로 - 교차로부근,화물,남,63세,상해없음,보행자,여,61세,경상
2013051600100574,2013년 5월 16일 20시,목요일,부산광역시 금정구 남산동,경상사고,0,0,1,0,차대차 - 측면직각충돌,직진우회전진행방해,건조,맑음,교차로 - 교차로안,승용,여,48세,상해없음,승용,여,51세,경상
2013051600100610,2013년 5월 16일 21시,목요일,부산광역시 해운대구 중동,경상사고,0,0,2,0,차대차 - 측면직각충돌,안전운전불이행,건조,맑음,단일로 - 기타,원동기,남,16세,상해없음,승용,남,36세,상해없음
2013051600100681,2013년 5월 16일 23시,목요일,부산광역시 수영구 광안동,경상사고,0,0,1,0,차대차 - 기타,안전운전불이행,건조,맑음,단일로 - 기타,승용,남,28세,상해없음,승용,남,25세,경상
2013051600100682,2013년 5월 16일 23시,목요일,부산광역시 동래구 온천동,중상사고,0,1,0,0,차대차 - 기타,안전운전불이행,건조,맑음,단일로 - 기타,승용,남,55세,상해없음,승용,남,59세,기타불명
2013051700100009,2013년 5월 17일 00시,금요일,부산광역시 부산진구 가야동,경상사고,0,0,2,0,차대차 - 추돌 - 주정차중,안전운전불이행,건조,흐림,교차로 - 교차로부근,승용,남,27세,상해없음,승용,남,63세,경상
2013051700100029,2013년 5월 17일 01시,금요일,부산광역시 동구 초량동,중상사고,0,2,1,0,차대차 - 추돌 - 주정차중,안전거리미확보,건조,맑음,단일로 - 기타,승용,여,32세,상해없음,승용,남,56세,경상
2013051700100030,2013년 5월 17일 01시,금요일,부산광역시 동구 좌천동,중상사고,0,1,1,0,차대차 - 추돌 - 주정차중,안전거리미확보,건조,맑음,교차로 - 교차로부근,승용,남,51세,상해없음,승용,남,55세,경상
2013051700100031,2013년 5월 17일 01시,금요일,부산광역시 동래구 온천동,경상사고,0,0,1,0,차대차 - 측면직각충돌,교차로운행방법위반,건조,맑음,교차로 - 교차로안,승용,남,65세,상해없음,승용,남,30세,상해없음
2013051700100050,2013년 5월 17일 02시,금요일,부산광역시 해운대구 우동,경상사고,0,0,1,0,차대차 - 추돌 - 진행중,안전거리미확보,건조,맑음,단일로 - 기타,승용,남,57세,상해없음,이륜,기타불명,기타불명,기타불명
2013051700100051,2013년 5월 17일 02시,금요일,부산광역시 부산진구 부전동,중상사고,0,2,0,0,차대사람 - 횡단중,안전운전불이행,건조,흐림,단일로 - 기타,승용,남,46세,상해없음,보행자,여,20세,중상
2013051700100052,2013년 5월 17일 02시,금요일,부산광역시 부산진구 전포동,경상사고,0,0,1,0,차대차 - 측면직각충돌,안전거리미확보,건조,맑음,단일로 - 기타,승용,남,26세,상해없음,승용,남,54세,경상
2013051700100074,2013년 5월 17일 03시,금요일,부산광역시 동래구 안락동,중상사고,0,1,0,0,차대사람 - 횡단중,안전운전불이행,건조,맑음,단일로 - 횡단보도상,승용,남,65세,상해없음,보행자,남,79세,중상
2013051700100075,2013년 5월 17일 03시,금요일,부산광역시 동래구 온천동,경상사고,0,0,2,0,차대차 - 기타,안전운전불이행,건조,맑음,기타 - 기타,승용,여,45세,상해없음,승용,남,32세,경상
2013051700100076,2013년 5월 17일 03시,금요일,부산광역시 연제구 거제동,경상사고,0,0,3,0,차대차 - 추돌 - 진행중,안전운전불이행,건조,맑음,단일로 - 기타,승용,남,55세,상해없음,승용,남,57세,경상