사고번호,사고일시,요일,시군구,사고내용,사망자수,중상자수,경상자수,부상신고자수,사고유형,법규위반,노면상태,기상상태,도로형태,가해운전자 차종,가해운전자 성별,가해운전자 연령,가해운전자 상해정도,피해운전자 차종,피해운전자 성별,피해운전자 연령,피해운전자 상해정도
2013052000100368,2013년 5월 20일 17시,월요일,부산광역시 부산진구 전포동,중상사고,0,1,1,0,차대차 - 기타,안전운전불이행,건조,맑음,교차로 - 교차로안,승용,남,42세,상해없음,이륜,남,50세,경상
2013052000100369,2013년 5월 20일 17시,월요일,부산광역시 금정구 부곡동,중상사고,0,1,0,0,차대차 - 기타,안전운전불이행,건조,맑음,교차로 - 교차로부근,승용,여,42세,상해없음,자전거,남,14세,중상
2013052000100406,2013년 5월 20일 18시,월요일,부산광역시 부산진구 전포동,중상사고,0,1,0,0,차대사람 - 기타,안전운전불이행,건조,맑음,교차로 - 교차로안,승용,남,45세,상해없음,보행자,여,47세,중상
2013052000100407,2013년 5월 20일 18시,월요일,부산광역시 금정구 구서동,경상사고,0,0,1,0,차대사람 - 기타,안전운전불이행,건조,맑음,단일로 - 기타,승용,남,49세,상해없음,보행자,남,41세,경상
2013052000100446,2013년 5월 20일 19시,월요일,부산광역시 남구 감만동,사망사고,1,0,0,0,차대사람 - 기타,안전운전불이행,건조,맑음,교차로 - 교차로안,화물,남,74세,상해없음,보행자,여,64세,사망
2013052000100447,2013년 5월 20일 19시,월요일,부산광역시 금정구 장전동,경상사고,0,0,1,0,차대사람 - 기타,안전운전불이행,건조,맑음,기타 - 기타,이륜,남,19세,상해없음,보행자,남,21세,경상
2013052000100499,2013년 5월 20일 21시,월요일,부산광역시 부산진구 가야동,중상사고,0,1,0,0,차대차 - 기타,안전운전불이행,건조,맑음,단일로 - 기타,원동기,남,52세,상해없음,원동기,남,18세,중상
2013052000100569,2013년 5월 20일 23시,월요일,부산광역시 수영구 남천동,중상사고,0,1,1,0,차대차 - 추돌 - 진행중,신호위반,건조,맑음,교차로 - 교차로안,이륜,남,21세,경상,이륜,남,60세,중상
2013052000100570,2013년 5월 20일 23시,월요일,부산광역시 영도구 청학동,경상사고,0,0,1,0,차대차 - 기타,안전운전불이행,건조,맑음,기타 - 기타,승용,남,52세,상해없음,승용,남,72세,상해없음
2013052100100004,2013년 5월 21일 00시,화요일,부산광역시 사하구 괴정동,경상사고,0,0,1,0,차대차 - 추돌 - 진행중,중앙선침범,건조,맑음,단일로 - 기타,화물,남,32세,상해없음,이륜,남,25세,경상
2013052100100031,2013년 5월 21일 02시,화요일,부산광역시 금정구 금사동,부상신고사고,0,0,0,1,차대차 - 측면직각충돌,신호위반,건조,맑음,교차로 - 교차로안,이륜,남,54세,부상신고,승용,남,57세,상해없음
2013052100100032,2013년 5월 21일 02시,화요일,부산광역시 연제구 연산동,중상사고,0,1,0,0,차량단독 - 기타,기타,건조,맑음,단일로 - 기타,기타불명,남,34세,중상,,,,
2013052100100042,2013년 5월 21일 03시,화요일,부산광역시 사하구 장림동,중상사고,0,1,0,0,차량단독 - 기타,안전운전불이행,건조,맑음,단일로 - 기타,이륜,남,22세,상해없음,,,,
2013052100100043,2013년 5월 21일 03시,화요일,부산광역시 사하구 다대동,경상사고,0,0,1,0,차량단독 - 기타,안전운전불이행,건조,맑음,교차로 - 교차로부근,승용,남,62세,상해없음,,,,
2013052100100056,2013년 5월 21일 05시,화요일,부산광역시 남구 용호동,경상사고,0,0,1,0,차대사람 - 기타,안전운전불이행,건조,맑음,단일로 - 기타,승용,남,72세,상해없음,보행자,여,28세,경상
2013052100100057,2013년 5월 21일 05시,화요일,부산광역시 해운대구 우동,경상사고,0,0,1,0,차대차 - 측면직각충돌,안전운전불이행,건조,맑음,교차로 - 교차로안,화물,남,24세,상해없음,승용,남,58세,경상
2013052100100063,2013년 5월 21일 06시,화요일,부산광역시 수영구 남천동,경상사고,0,0,2,0,차대차 - 추돌 - 주정차중,안전운전불이행,건조,맑음,단일로 - 기타,승용,남,42세,상해없음,승용,남,33세,경상
2013052100100064,2013년 5월 21일 06시,화요일,부산광역시 사상구 엄궁동,중상사고,0,1,0,0,차대차 - 기타,안전운전불이행,건조,맑음,단일로 - 기타,승용,기타불명,기타불명,기타불명,이륜,남,31세,중상
2013052100100077,2013년 5월 21일 07시,화요일,부산광역시 북구 화명동,중상사고,0,1,0,0,차대사람 - 횡단중,안전운전불이행,건조,맑음,단일로 - 기타,승용,여,39세,상해없음,보행자,여,18세,중상
2013052100100078,2013년 5월 21일 07시,화요일,부산광역시 기장군 장안읍,경상사고,0,0,1,0,차대차 - 측면직각충돌,교차로운행방법위반,건조,맑음,교차로 - 교차로안,승용,여,56세,상해없음,승용,남,55세,경상
2013052100100108,2013년 5월 21일 08시,화요일,부산광역시 해운대구 우동,경상사고,0,0,1,0,차대차 - 추돌 - 진행중,안전운전불이행,기타,맑음,단일로 - 기타,승용,여,42세,상해없음,승용,여,39세,경상
2013052100100176,2013년 5월 21일 10시,화요일,부산광역시 강서구 대저1동,중상사고,0,1,1,0,차대차 - 측면직각충돌,교차로운행방법위반,건조,맑음,교차로 - 교차로안,화물,남,26세,경상,승용,남,57세,중상
2013052100100257,2013년 5월 21일 13시,화요일,부산광역시 해운대구 좌동,경상사고,0,0,1,0,차대차 - 기타,직진우회전진행방해,건조,맑음,단일로 - 기타,승용,여,46세,상해없음,승합,남,44세,상해없음
2013052100100258,2013년 5월 21일 13시,화요일,부산광역시 해운대구 우동,경상사고,0,0,5,0,차대차 - 측면직각충돌,교차로운행방법위반,건조,맑음,교차로 - 교차로안,승용,여,31세,경상,승용,여,29세,경상
2013052100100259,2013년 5월 21일 13시,화요일,부산광역시 사하구 하단동,중상사고,0,1,0,0,차대차 - 기타,안전운전불이행,건조,맑음,단일로 - 기타,승용,남,36세,상해없음,승용,남,53세,중상
2013052100100287,2013년 5월 21일 14시,화요일,부산광역시 해운대구 우동,중상사고,0,2,0,0,차대차 - 추돌 - 진행중,안전운전불이행,건조,맑음,단일로 - 기타,승용,여,44세,중상,승용,남,46세,중상
2013052100100288,2013년 5월 21일 14시,화요일,부산광역시 사상구 삼락동,경상사고,0,0,1,0,차대차 - 추돌 - 주정차중,중앙선침범,건조,맑음,단일로 - 기타,화물,남,32세,상해없음,화물,남,54세,경상
2013052100100289,2013년 5월 21일 14시,화요일,부산광역시 기장군 정관면,경상사고,0,0,1,0,차대차 - 측면직각충돌,안전운전불이행,건조,맑음,교차로 - 교차로안,승용,여,50세,상해없음,이륜,남,37세,경상
2013052100100320,2013년 5월 21일 15시,화요일,부산광역시 남구 문현동,경상사고,0,0,1,0,차대차 - 기타,안전거리미확보,건조,맑음,단일로 - 기타,화물,여,51세,상해없음,승용,여,28세,경상
2013052100100321,2013년 5월 21일 15시,화요일,부산광역시 영도구 대교동1가,중상사고,0,1,0,0,차대사람 - 횡단중,보행자보호의무위반,건조,맑음,단일로 - 기타,화물,남,39세,상해없음,보행자,여,77세,중상
2013052100100322,2013년 5월 21일 15시,화요일,부산광역시 해운대구 우동,중상사고,0,1,0,0,차량단독 - 기타,안전운전불이행,건조,맑음,단일로 - 기타,승합,남,43세,상해없음,,,,
2013052100100354,2013년 5월 21일 16시,화요일,부산광역시 남구 대연동,경상사고,0,0,3,0,차대차 - 추돌 - 진행중,안전거리미확보,건조,맑음,단일로 - 기타,승용,남,61세,상해없음,승용,여,57세,경상
2013052100100355,2013년 5월 21일 16시,화요일,부산광역시 북구 구포동,경상사고,0,0,4,0,차대차 - 기타,교차로운행방법위반,건조,맑음,교차로 - 교차로안,승합,남,57세,상해없음,승용,여,63세,경상
2013052100100356,2013년 5월 21일 16시,화요일,부산광역시 사상구 감전동,경상사고,0,0,1,0,차대사람 - 횡단중,보행자보호의무위반,건조,맑음,교차로 - 교차로부근,화물,남,47세,상해없음,보행자,여,45세,경상
2013052100100357,2013년 5월 21일 16시,화요일,부산광역시 기장군 기장읍,부상신고사고,0,0,0,1,차대차 - 기타,안전운전불이행,건조,맑음,단일로 - 기타,승용,기타불명,기타불명,기타불명,자전거,남,13세,부상신고
2013052100100393,2013년 5월 21일 17시,화요일,부산광역시 영도구 청학동,중상사고,0,1,1,0,차량단독 - 전도전복,안전운전불이행,건조,맑음,단일로 - 기타,승합,남,34세,상해없음,,,,
2013052100100394,2013년 5월 21일 17시,화요일,부산광역시 부산진구 부암동,중상사고,0,1,0,0,차대차 - 측면직각충돌,안전거리미확보,건조,맑음,단일로 - 기타,승합,남,46세,상해없음,화물,남,53세,중상
2013052100100438,2013년 5월 21일 18시,화요일,부산광역시 수영구 민락동,부상신고사고,0,0,0,1,차대차 - 기타,차로위반,건조,맑음,단일로 - 기타,자전거,여,48세,부상신고,승용,남,53세,상해없음
2013052100100439,2013년 5월 21일 18시,화요일,부산광역시 북구 덕천동,경상사고,0,0,1,0,차대차 - 측면직각충돌,안전운전불이행,건조,맑음,단일로 - 기타,이륜,남,18세,경상,승용,남,50세,상해없음
2013052100100440,2013년 5월 21일 18시,화요일,부산광역시 동래구 온천동,경상사고,0,0,1,0,차대차 - 측면직각충돌,차로위반,건조,맑음,교차로 - 교차로부근,승용,남,58세,상해없음,승용,남,55세,경상
2013052100100441,2013년 5월 21일 18시,화요일,부산광역시 해운대구 우동,경상사고,0,0,1,0,차대차 - 추돌 - 진행중,안전운전불이행,건조,맑음,단일로 - 교량,승용,남,45세,상해없음,화물,남,35세,상해없음
2013052100100442,2013년 5월 21일 18시,화요일,부산광역시 부산진구 양정동,경상사고,0,0,1,0,차대사람 - 기타,안전운전불이행,건조,맑음,교차로 - 교차로안,승합,남,58세,상해없음,보행자,남,18세,경상
2013052100100443,2013년 5월 21일 18시,화요일,부산광역시 부산진구 양정동,부상신고사고,0,0,0,1,차대차 - 추돌 - 진행중,안전거리미확보,건조,맑음,단일로 - 기타,승합,남,58세,상해없음,승용,남,43세,부상신고
2013052100100520,2013년 5월 21일 20시,화요일,부산광역시 강서구 송정동,중상사고,0,1,0,0,차대차 - 기타,신호위반,건조,맑음,교차로 - 교차로부근,승용,남,41세,상해없음,자전거,남,52세,중상
2013052100100558,2013년 5월 21일 21시,화요일,부산광역시 해운대구 우동,경상사고,0,0,1,0,차대차 - 추돌 - 진행중,안전운전불이행,건조,맑음,단일로 - 기타,승합,남,20세,상해없음,승용,남,48세,경상
2013052100100559,2013년 5월 21일 21시,화요일,부산광역시 연제구 연산동,중상사고,0,1,0,0,차대차 - 정면충돌,안전운전불이행,건조,맑음,교차로 - 교차로안,승용,남,58세,상해없음,이륜,남,23세,중상
2013052100100560,2013년 5월 21일 21시,화요일,부산광역시 수영구 망미동,경상사고,0,0,1,0,차대차 - 기타,불법유턴,건조,맑음,교차로 - 교차로부근,승용,남,30세,상해없음,승용,남,38세,기타불명
2013052100100626,2013년 5월 21일 23시,화요일,부산광역시 북구 화명동,경상사고,0,0,1,0,차대차 - 추돌 - 진행중,안전운전불이행,건조,맑음,기타 - 기타,승용,남,23세,상해없음,승용,여,52세,경상
2013052100100627,2013년 5월 21일 23시,화요일,부산광역시 부산진구 양정동,중상사고,0,1,0,0,차대사람 - 기타,안전운전불이행,건조,맑음,단일로 - 횡단보도상,승용,남,59세,상해없음,보행자,남,18세,중상
2013052200100025,2013년 5월 22일 01시,수요일,부산광역시 금정구 회동동,경상사고,0,0,1,0,차대차 - 추돌 - 주정차중,안전운전불이행,건조,맑음,단일로 - 기타,승용,남,62세,경상,화물,남,35세,기타불명
2013052200100066,2013년 5월 22일 05시,수요일,부산광역시 해운대구 우동,중상사고,0,1,0,0,차대사람 - 보도통행중,기타,건조,맑음,기타 - 기타,자전거,기타불명,기타불명,기타불명,보행자,여,69세,중상
2013052200100074,2013년 5월 22일 06시,수요일,부산광역시 사하구 신평동,중상사고,0,2,1,0,차대차 - 추돌 - 주정차중,안전운전불이행,건조,맑음,단일로 - 기타,화물,남,58세,상해없음,승용,남,27세,중상
2013052200100090,2013년 5월 22일 07시,수요일,부산광역시 남구 용호동,부상신고사고,0,0,0,1,차대사람 - 기타,안전운전불이행,건조,맑음,단일로 - 기타,기타불명,기타불명,기타불명,기타불명,보행자,남,46세,부상신고
2013052200100125,2013년 5월 22일 08시,수요일,부산광역시 동래구 수안동,경상사고,0,0,1,0,차대차 - 기타,교차로운행방법위반,건조,맑음,교차로 - 교차로안,화물,남,49세,상해없음,승용,남,72세,상해없음
2013052200100153,2013년 5월 22일 09시,수요일,부산광역시 남구 대연동,중상사고,0,1,0,0,차대사람 - 기타,안전운전불이행,건조,맑음,교차로 - 교차로안,화물,남,63세,상해없음,보행자,남,47세,중상
2013052200100154,2013년 5월 22일 09시,수요일,부산광역시 남구 대연동,경상사고,0,0,1,0,차대사람 - 횡단중,안전운전불이행,건조,맑음,교차로 - 교차로안,승합,남,34세,상해없음,보행자,여,41세,경상
2013052200100155,2013년 5월 22일 09시,수요일,부산광역시 해운대구 재송동,중상사고,0,1,2,0,차대차 - 추돌 - 주정차중,안전운전불이행,건조,맑음,교차로 - 교차로부근,승용,여,32세,상해없음,승용,남,71세,중상
2013052200100156,2013년 5월 22일 09시,수요일,부산광역시 해운대구 우동,경상사고,0,0,1,0,차대차 - 추돌 - 주정차중,안전운전불이행,건조,맑음,교차로 - 교차로부근,승용,남,83세,상해없음,화물,남,56세,경상
2013052200100157,2013년 5월 22일 09시,수요일,부산광역시 사상구 주례동,부상신고사고,0,0,0,1,차대차 - 측면직각충돌,교차로운행방법위반,건조,맑음,교차로 - 교차로안,자전거,여,22세,부상신고,승용,남,73세,상해없음
2013052200100191,2013년 5월 22일 10시,수요일,부산광역시 동구 범일동,중상사고,0,1,1,0,차대차 - 기타,안전운전불이행,건조,맑음,단일로 - 기타,화물,남,53세,중상,승용,남,38세,경상
2013052200100192,2013년 5월 22일 10시,수요일,부산광역시 강서구 송정동,경상사고,0,0,1,0,차대차 - 추돌 - 주정차중,안전운전불이행,건조,맑음,교차로 - 교차로안,화물,남,34세,상해없음,이륜,남,66세,경상
2013052200100242,2013년 5월 22일 12시,수요일,부산광역시 남구 문현동,중상사고,0,1,0,0,차대차 - 측면직각충돌,안전운전불이행,건조,맑음,단일로 - 기타,화물,남,30세,상해없음,이륜,남,18세,중상
2013052200100272,2013년 5월 22일 13시,수요일,부산광역시 금정구 부곡동,경상사고,0,0,1,0,차대차 - 측면직각충돌,안전운전불이행,건조,맑음,교차로 - 교차로안,승용,남,40세,상해없음,이륜,남,27세,경상
2013052200100291,2013년 5월 22일 14시,수요일,부산광역시 동구 초량동,부상신고사고,0,0,0,1,차대차 - 기타,안전거리미확보,건조,맑음,단일로 - 기타,화물,남,44세,상해없음,승용,남,48세,상해없음
2013052200100292,2013년 5월 22일 14시,수요일,부산광역시 북구 구포동,경상사고,0,0,3,0,차대차 - 추돌 - 진행중,차로위반,건조,맑음,단일로 - 기타,승용,여,64세,상해없음,승합,남,51세,상해없음
2013052200100293,2013년 5월 22일 14시,수요일,부산광역시 동래구 온천동,경상사고,0,0,1,0,차대사람 - 기타,안전운전불이행,건조,맑음,교차로 - 교차로부근,승합,여,57세,상해없음,보행자,남,6세,경상
2013052200100294,2013년 5월 22일 14시,수요일,부산광역시 해운대구 반여동,경상사고,0,0,1,0,차대사람 - 횡단중,보행자보호의무위반,건조,맑음,교차로 - 교차로부근,승용,여,59세,상해없음,보행자,여,59세,경상
2013052200100332,2013년 5월 22일 15시,수요일,부산광역시 남구 대연동,경상사고,0,0,1,0,차대사람 - 기타,안전운전불이행,건조,맑음,단일로 - 기타,승용,남,38세,상해없음,보행자,여,44세,경상
2013052200100333,2013년 5월 22일 15시,수요일,부산광역시 동래구 수안동,중상사고,0,1,0,0,차대사람 - 횡단중,보행자보호의무위반,건조,맑음,교차로 - 교차로부근,승용,남,47세,상해없음,보행자,남,22세,중상
2013052200100334,2013년 5월 22일 15시,수요일,부산광역시 부산진구 개금동,중상사고,0,1,0,0,차대차 - 정면충돌,안전운전불이행,건조,맑음,단일로 - 기타,이륜,남,53세,중상,승용,남,28세,상해없음
2013052200100335,2013년 5월 22일 15시,수요일,부산광역시 사하구 장림동,경상사고,0,0,1,0,차대차 - 측면직각충돌,신호위반,건조,맑음,교차로 - 교차로안,화물,남,30세,상해없음,승용,남,56세,경상
2013052200100408,2013년 5월 22일 17시,수요일,부산광역시 영도구 봉래동1가,경상사고,0,0,1,0,차대사람 - 횡단중,안전운전불이행,건조,맑음,단일로 - 기타,승용,남,65세,상해없음,보행자,여,12세,경상
2013052200100442,2013년 5월 22일 18시,수요일,부산광역시 동래구 명장동,경상사고,0,0,1,0,차대차 - 기타,안전운전불이행,건조,맑음,교차로 - 교차로안,승용,남,21세,상해없음,승용,남,32세,경상
2013052200100443,2013년 5월 22일 18시,수요일,부산광역시 사하구 괴정동,경상사고,0,0,2,0,차대차 - 추돌 - 진행중,안전거리미확보,건조,맑음,교차로 - 교차로안,승용,여,25세,상해없음,승용,남,63세,경상
2013052200100444,2013년 5월 22일 18시,수요일,부산광역시 연제구 연산동,경상사고,0,0,1,0,차대차 - 측면직각충돌,안전거리미확보,건조,맑음,교차로 - 교차로부근,승용,여,31세,경상,승용,남,33세,상해없음
2013052200100445,2013년 5월 22일 18시,수요일,부산광역시 강서구 명지동,중상사고,0,1,0,0,차대차 - 측면직각충돌,안전거리미확보,건조,맑음,단일로 - 횡단보도부근,승용,남,56세,상해없음,승용,여,43세,중상
2013052200100480,2013년 5월 22일 19시,수요일,부산광역시 북구 구포동,중상사고,0,1,0,0,차대사람 - 기타,안전운전불이행,건조,맑음,기타 - 기타,원동기,남,51세,상해없음,보행자,남,49세,중상
2013052200100507,2013년 5월 22일 20시,수요일,부산광역시 서구 동대신동2가,경상사고,0,0,1,0,차대차 - 측면직각충돌,안전운전불이행,기타,흐림,단일로 - 기타,승용,남,72세,상해없음,승용,여,50세,경상
2013052200100508,2013년 5월 22일 20시,수요일,부산광역시 사하구 다대동,경상사고,0,0,1,0,차대사람 - 기타,안전운전불이행,건조,맑음,단일로 - 기타,승용,여,47세,상해없음,보행자,여,59세,경상
2013052200100552,2013년 5월 22일 21시,수요일,부산광역시 수영구 민락동,부상신고사고,0,0,0,1,차대사람 - 길가장자리구역통행중,안전운전불이행,건조,맑음,교차로 - 교차로부근,승용,남,50세,상해없음,보행자,여,34세,부상신고
2013052200100553,2013년 5월 22일 21시,수요일,부산광역시 강서구 대저2동,중상사고,0,1,1,0,차대차 - 정면충돌,중앙선침범,건조,맑음,교차로 - 교차로부근,승용,남,56세,상해없음,승용,여,31세,경상
2013052200100591,2013년 5월 22일 22시,수요일,부산광역시 사하구 하단동,경상사고,0,0,1,0,차대사람 - 길가장자리구역통행중,안전운전불이행,건조,맑음,단일로 - 기타,승용,남,36세,상해없음,보행자,여,29세,경상
2013052200100621,2013년 5월 22일 23시,수요일,부산광역시 서구 충무동1가,중상사고,0,1,0,0,차대차 - 추돌 - 진행중,차로위반,건조,맑음,단일로 - 기타,승용,남,36세,중상,화물,남,61세,상해없음
2013052200100622,2013년 5월 22일 23시,수요일,부산광역시 사하구 괴정동,중상사고,0,1,1,0,차대차 - 기타,중앙선침범,건조,맑음,단일로 - 기타,승용,남,53세,상해없음,승용,남,52세,중상
2013052300100004,2013년 5월 23일 00시,목요일,부산광역시 서구 동대신동1가,중상사고,0,1,0,0,차대차 - 추돌 - 진행중,안전운전불이행,건조,맑음,단일로 - 기타,승용,남,52세,상해없음,이륜,남,18세,상해없음
2013052300100005,2013년 5월 23일 00시,목요일,부산광역시 부산진구 부전동,경상사고,0,0,1,0,차대차 - 기타,안전거리미확보,건조,맑음,단일로 - 기타,승용,남,38세,상해없음,승용,남,55세,경상
2013052300100006,2013년 5월 23일 00시,목요일,부산광역시 기장군 정관면,중상사고,0,1,0,0,차량단독 - 공작물충돌,안전운전불이행,건조,맑음,교차로 - 교차로부근,승용,남,31세,중상,,,,
2013052300100036,2013년 5월 23일 02시,목요일,부산광역시 사하구 괴정동,중상사고,0,1,0,0,차대사람 - 차도통행중,안전운전불이행,건조,맑음,단일로 - 기타,승용,남,55세,상해없음,보행자,여,53세,중상
2013052300100056,2013년 5월 23일 04시,목요일,부산광역시 연제구 거제동,중상사고,0,1,1,0,차대차 - 기타,직진우회전진행방해,건조,맑음,교차로 - 교차로안,승용,남,50세,경상,승용,여,23세,중상
2013052300100071,2013년 5월 23일 06시,목요일,부산광역시 연제구 연산동,중상사고,0,1,0,0,차대차 - 추돌 - 진행중,차로위반,건조,맑음,교차로 - 교차로안,승용,여,48세,상해없음,승합,남,56세,상해없음
2013052300100086,2013년 5월 23일 07시,목요일,부산광역시 부산진구 부전동,부상신고사고,0,0,0,2,차대차 - 측면직각충돌,안전운전불이행,건조,맑음,단일로 - 기타,승합,남,49세,상해없음,승용,남,45세,상해없음
2013052300100087,2013년 5월 23일 07시,목요일,부산광역시 금정구 구서동,경상사고,0,0,1,0,차대차 - 측면직각충돌,차로위반,건조,맑음,단일로 - 기타,승용,여,40세,상해없음,승용,여,28세,경상
2013052300100088,2013년 5월 23일 07시,목요일,부산광역시 사하구 신평동,경상사고,0,0,1,0,차대차 - 기타,안전거리미확보,건조,맑음,교차로 - 교차로부근,승용,남,40세,상해없음,승용,여,40세,경상
2013052300100122,2013년 5월 23일 08시,목요일,부산광역시 동래구 명륜동,중상사고,0,1,2,0,차대차 - 정면충돌,중앙선침범,건조,맑음,단일로 - 기타,승용,남,39세,기타불명,화물,남,47세,경상
2013052300100123,2013년 5월 23일 08시,목요일,부산광역시 수영구 망미동,경상사고,0,0,1,0,차대차 - 기타,안전운전불이행,건조,맑음,교차로 - 교차로부근,승용,여,40세,상해없음,자전거,남,51세,경상
2013052300100124,2013년 5월 23일 08시,목요일,부산광역시 연제구 거제동,경상사고,0,0,2,0,차대차 - 측면직각충돌,안전거리미확보,건조,맑음,단일로 - 기타,승용,여,42세,상해없음,승용,여,52세,경상
2013052300100153,2013년 5월 23일 09시,목요일,부산광역시 금정구 부곡동,경상사고,0,0,1,0,차대사람 - 기타,안전운전불이행,건조,맑음,단일로 - 기타,승용,남,43세,상해없음,보행자,여,50세,경상
2013052300100154,2013년 5월 23일 09시,목요일,부산광역시 사하구 신평동,중상사고,0,1,0,0,차대차 - 기타,안전운전불이행,건조,맑음,교차로 - 교차로안,승용,남,52세,상해없음,승용,남,57세,중상
2013052300100155,2013년 5월 23일 09시,목요일,부산광역시 연제구 연산동,경상사고,0,0,1,0,차대사람 - 길가장자리구역통행중,안전운전불이행,건조,맑음,단일로 - 기타,승용,여,25세,상해없음,보행자,여,32세,경상
2013052300100200,2013년 5월 23일 11시,목요일,부산광역시 영도구 동삼동,경상사고,0,0,1,0,차대사람 - 기타,기타,건조,맑음,단일로 - 기타,화물,남,64세,상해없음,보행자,여,54세,경상
2013052300100201,2013년 5월 23일 11시,목요일,부산광역시 해운대구 좌동,부상신고사고,0,0,0,2,차대차 - 추돌 - 진행중,안전거리미확보,건조,맑음,단일로 - 기타,승용,여,37세,상해없음,승용,여,29세,부상신고
2013052300100202,2013년 5월 23일 11시,목요일,부산광역시 금정구 구서동,경상사고,0,0,1,0,차대차 - 측면직각충돌,기타,건조,맑음,교차로 - 교차로안,승용,남,31세,상해없음,원동기,여,47세,경상
2013052300100233,2013년 5월 23일 12시,목요일,부산광역시 해운대구 우동,경상사고,0,0,1,0,차대사람 - 횡단중,보행자보호의무위반,건조,맑음,교차로 - 교차로부근,승용,남,58세,상해없음,보행자,여,69세,경상
2013052300100290,2013년 5월 23일 14시,목요일,부산광역시 동래구 안락동,중상사고,0,1,0,0,차대사람 - 횡단중,안전운전불이행,건조,맑음,단일로 - 기타,승용,남,28세,상해없음,보행자,남,11세,중상
2013052300100291,2013년 5월 23일 14시,목요일,부산광역시 부산진구 범전동,중상사고,0,1,0,0,차대차 - 기타,안전운전불이행,건조,맑음,단일로 - 기타,승용,여,51세,상해없음,원동기,남,23세,중상
2013052300100316,2013년 5월 23일 15시,목요일,부산광역시 동래구 온천동,중상사고,0,1,0,0,차대사람 - 횡단중,보행자보호의무위반,건조,맑음,교차로 - 교차로안,승합,남,43세,상해없음,보행자,여,52세,중상
2013052300100349,2013년 5월 23일 16시,목요일,부산광역시 동래구 사직동,중상사고,0,1,0,0,차대차 - 기타,안전거리미확보,건조,맑음,단일로 - 기타,승용,여,52세,상해없음,승합,남,60세,상해없음
2013052300100350,2013년 5월 23일 16시,목요일,부산광역시 사하구 당리동,경상사고,0,0,1,0,차대사람 - 횡단중,신호위반,건조,맑음,단일로 - 기타,승용,남,43세,상해없음,보행자,남,12세,경상
2013052300100351,2013년 5월 23일 16시,목요일,부산광역시 기장군 장안읍,경상사고,0,0,1,0,차대사람 - 차도통행중,안전운전불이행,건조,맑음,단일로 - 기타,승합,남,68세,상해없음,보행자,남,14세,경상
2013052300100389,2013년 5월 23일 17시,목요일,부산광역시 남구 대연동,경상사고,0,0,1,0,차대사람 - 기타,안전운전불이행,건조,맑음,단일로 - 기타,승용,남,25세,상해없음,보행자,남,22세,경상
2013052300100390,2013년 5월 23일 17시,목요일,부산광역시 북구 덕천동,중상사고,0,1,0,0,차대차 - 측면직각충돌,안전운전불이행,건조,맑음,단일로 - 기타,승용,남,59세,상해없음,자전거,여,11세,중상
2013052300100391,2013년 5월 23일 17시,목요일,부산광역시 사하구 다대동,경상사고,0,0,1,0,차대사람 - 기타,안전운전불이행,건조,맑음,교차로 - 교차로부근,승용,여,40세,상해없음,보행자,여,48세,경상
2013052300100392,2013년 5월 23일 17시,목요일,부산광역시 사하구 다대동,경상사고,0,0,1,0,차대차 - 측면직각충돌,신호위반,건조,맑음,단일로 - 횡단보도상,이륜,남,44세,상해없음,자전거,여,8세,경상
2013052300100439,2013년 5월 23일 18시,목요일,부산광역시 부산진구 부전동,중상사고,0,1,0,0,차대차 - 기타,안전거리미확보,건조,맑음,단일로 - 기타,승용,남,27세,상해없음,원동기,여,27세,중상
2013052300100440,2013년 5월 23일 18시,목요일,부산광역시 사상구 주례동,중상사고,0,1,0,0,차대사람 - 횡단중,신호위반,건조,맑음,교차로 - 교차로부근,승용,남,53세,상해없음,보행자,남,7세,중상
2013052300100592,2013년 5월 23일 23시,목요일,부산광역시 남구 용호동,중상사고,0,1,0,0,차대차 - 기타,안전운전불이행,건조,맑음,단일로 - 기타,승용,남,45세,상해없음,자전거,남,48세,중상
2013052400100038,2013년 5월 24일 02시,금요일,부산광역시 부산진구 부전동,중상사고,0,1,0,0,차대사람 - 횡단중,안전운전불이행,건조,맑음,교차로 - 교차로안,승용,기타불명,기타불명,기타불명,보행자,남,31세,중상
2013052400100072,2013년 5월 24일 06시,금요일,부산광역시 남구 대연동,부상신고사고,0,0,0,1,차대차 - 기타,교차로운행방법위반,건조,맑음,교차로 - 교차로부근,자전거,여,59세,부상신고,승용,남,57세,상해없음
2013052400100100,2013년 5월 24일 07시,금요일,부산광역시 해운대구 반송동,중상사고,0,1,0,0,차대차 - 기타,교차로운행방법위반,건조,맑음,교차로 - 교차로안,화물,남,46세,상해없음,원동기,여,54세,중상
2013052400100173,2013년 5월 24일 09시,금요일,부산광역시 북구 구포동,중상사고,0,1,0,0,차대차 - 측면직각충돌,교차로운행방법위반,건조,맑음,교차로 - 교차로안,승용,남,38세,상해없음,승용,여,37세,중상
2013052400100200,2013년 5월 24일 10시,금요일,부산광역시 남구 문현동,경상사고,0,0,1,0,차대사람 - 기타,안전운전불이행,건조,맑음,단일로 - 기타,승용,여,42세,상해없음,보행자,남,46세,경상