사고번호,사고일시,요일,시군구,사고내용,사망자수,중상자수,경상자수,부상신고자수,사고유형,법규위반,노면상태,기상상태,도로형태,가해운전자 차종,가해운전자 성별,가해운전자 연령,가해운전자 상해정도,피해운전자 차종,피해운전자 성별,피해운전자 연령,피해운전자 상해정도
2013052700100275,2013년 5월 27일 13시,월요일,부산광역시 강서구 대저1동,중상사고,0,2,3,0,차대차 - 기타,교차로운행방법위반,건조,맑음,교차로 - 교차로안,화물,남,51세,경상,승용,여,38세,경상
2013052700100307,2013년 5월 27일 14시,월요일,부산광역시 동구 초량동,경상사고,0,0,2,0,차량단독 - 기타,기타,건조,맑음,교차로 - 교차로안,승용,남,64세,상해없음,,,,
2013052700100308,2013년 5월 27일 14시,월요일,부산광역시 동구 범일동,경상사고,0,0,1,0,차대차 - 추돌 - 진행중,안전거리미확보,습기,비,단일로 - 터널,특수,남,50세,상해없음,화물,남,60세,경상
2013052700100309,2013년 5월 27일 14시,월요일,부산광역시 서구 남부민동,중상사고,0,1,1,0,차대차 - 측면직각충돌,신호위반,습기,흐림,단일로 - 횡단보도상,승용,남,56세,상해없음,이륜,남,47세,중상
2013052700100310,2013년 5월 27일 14시,월요일,부산광역시 동래구 낙민동,경상사고,0,0,1,0,차대차 - 추돌 - 진행중,안전운전불이행,습기,비,단일로 - 기타,승용,남,55세,상해없음,승용,남,48세,경상
2013052700100311,2013년 5월 27일 14시,월요일,부산광역시 강서구 강동동,중상사고,0,1,0,0,차대차 - 기타,교차로운행방법위반,건조,맑음,교차로 - 교차로안,화물,남,50세,상해없음,원동기,여,60세,중상
2013052700100340,2013년 5월 27일 15시,월요일,부산광역시 연제구 연산동,경상사고,0,0,1,0,차대차 - 추돌 - 주정차중,안전운전불이행,습기,비,교차로 - 교차로부근,승용,여,46세,상해없음,승용,남,38세,경상
2013052700100378,2013년 5월 27일 16시,월요일,부산광역시 금정구 부곡동,경상사고,0,0,1,0,차대사람 - 횡단중,신호위반,습기,비,단일로 - 횡단보도상,승용,여,56세,상해없음,보행자,남,9세,경상
2013052700100411,2013년 5월 27일 17시,월요일,부산광역시 남구 대연동,중상사고,0,1,0,0,차대사람 - 횡단중,보행자보호의무위반,습기,비,교차로 - 교차로부근,화물,남,48세,상해없음,보행자,남,13세,중상
2013052700100412,2013년 5월 27일 17시,월요일,부산광역시 북구 구포동,경상사고,0,0,7,0,차대차 - 추돌 - 주정차중,안전운전불이행,습기,비,교차로 - 교차로부근,화물,남,45세,상해없음,승용,여,36세,경상
2013052700100413,2013년 5월 27일 17시,월요일,부산광역시 영도구 봉래동1가,경상사고,0,0,4,0,차대차 - 기타,중앙선침범,건조,맑음,단일로 - 기타,화물,남,59세,상해없음,승용,남,64세,경상
2013052700100414,2013년 5월 27일 17시,월요일,부산광역시 부산진구 가야동,중상사고,0,1,0,0,차대차 - 기타,안전운전불이행,습기,비,교차로 - 교차로안,승용,남,33세,상해없음,승용,여,26세,중상
2013052700100415,2013년 5월 27일 17시,월요일,부산광역시 금정구 두구동,중상사고,0,2,0,0,차대차 - 측면직각충돌,교차로운행방법위반,습기,비,교차로 - 교차로안,승용,남,55세,상해없음,승용,여,47세,중상
2013052700100456,2013년 5월 27일 18시,월요일,부산광역시 해운대구 석대동,경상사고,0,0,1,0,차대차 - 추돌 - 진행중,차로위반,습기,비,단일로 - 교량,승용,남,54세,상해없음,승용,남,45세,경상
2013052700100457,2013년 5월 27일 18시,월요일,부산광역시 부산진구 부암동,경상사고,0,0,1,0,차대차 - 기타,교차로운행방법위반,습기,비,교차로 - 교차로안,승용,남,57세,상해없음,승용,남,55세,경상
2013052700100458,2013년 5월 27일 18시,월요일,부산광역시 사상구 주례동,경상사고,0,0,1,0,차대사람 - 보도통행중,보행자보호의무위반,습기,비,교차로 - 교차로부근,승용,여,24세,상해없음,보행자,남,32세,경상
2013052700100510,2013년 5월 27일 19시,월요일,부산광역시 북구 구포동,경상사고,0,0,2,0,차대차 - 측면직각충돌,신호위반,습기,비,교차로 - 교차로부근,화물,남,41세,상해없음,승용,여,24세,경상
2013052700100511,2013년 5월 27일 19시,월요일,부산광역시 해운대구 우동,중상사고,0,1,0,0,차대사람 - 횡단중,안전운전불이행,습기,비,단일로 - 기타,승용,남,57세,상해없음,보행자,남,20세,중상
2013052700100512,2013년 5월 27일 19시,월요일,부산광역시 해운대구 우동,경상사고,0,0,1,0,차대사람 - 횡단중,보행자보호의무위반,습기,비,교차로 - 교차로부근,승용,남,30세,상해없음,보행자,여,61세,경상
2013052700100570,2013년 5월 27일 20시,월요일,부산광역시 서구 동대신동1가,경상사고,0,0,1,0,차대차 - 추돌 - 주정차중,안전운전불이행,습기,비,단일로 - 기타,승합,남,51세,상해없음,승용,남,57세,경상
2013052700100571,2013년 5월 27일 20시,월요일,부산광역시 수영구 민락동,경상사고,0,0,2,0,차대차 - 추돌 - 진행중,안전운전불이행,습기,비,교차로 - 교차로부근,승용,남,54세,상해없음,승용,남,35세,경상
2013052700100572,2013년 5월 27일 20시,월요일,부산광역시 북구 덕천동,중상사고,0,1,0,0,차대사람 - 횡단중,안전운전불이행,기타,비,단일로 - 기타,승용,남,58세,상해없음,보행자,남,55세,중상
2013052700100573,2013년 5월 27일 20시,월요일,부산광역시 동래구 온천동,중상사고,0,1,0,0,차대사람 - 횡단중,보행자보호의무위반,습기,비,단일로 - 횡단보도상,화물,남,47세,상해없음,보행자,남,70세,중상
2013052700100574,2013년 5월 27일 20시,월요일,부산광역시 영도구 동삼동,중상사고,0,1,0,0,차대사람 - 횡단중,보행자보호의무위반,습기,비,단일로 - 횡단보도상,승합,남,33세,상해없음,보행자,남,68세,중상
2013052700100575,2013년 5월 27일 20시,월요일,부산광역시 해운대구 우동,경상사고,0,0,1,0,차대차 - 측면직각충돌,안전거리미확보,습기,비,단일로 - 기타,승용,남,65세,상해없음,화물,남,65세,경상
2013052700100576,2013년 5월 27일 20시,월요일,부산광역시 사하구 장림동,경상사고,0,0,2,0,차대차 - 측면직각충돌,중앙선침범,습기,비,교차로 - 교차로부근,승용,남,31세,상해없음,승용,남,57세,경상
2013052700100577,2013년 5월 27일 20시,월요일,부산광역시 수영구 망미동,중상사고,0,2,1,0,차대사람 - 횡단중,안전운전불이행,습기,비,단일로 - 기타,승용,여,48세,상해없음,보행자,남,70세,중상
2013052700100578,2013년 5월 27일 20시,월요일,부산광역시 기장군 기장읍,중상사고,0,2,0,0,차대사람 - 횡단중,안전운전불이행,습기,비,단일로 - 기타,승용,남,25세,상해없음,보행자,남,59세,중상
2013052700100640,2013년 5월 27일 21시,월요일,부산광역시 연제구 거제동,중상사고,0,1,2,0,차대차 - 추돌 - 진행중,안전거리미확보,건조,맑음,교차로 - 교차로부근,승용,남,40세,상해없음,승용,남,65세,경상
2013052700100641,2013년 5월 27일 21시,월요일,부산광역시 연제구 거제동,경상사고,0,0,2,0,차대차 - 측면직각충돌,신호위반,건조,맑음,교차로 - 교차로안,승용,남,33세,상해없음,승용,남,54세,경상
2013052700100709,2013년 5월 27일 22시,월요일,부산광역시 중구 영주동,중상사고,0,1,0,0,차대차 - 기타,안전운전불이행,습기,비,단일로 - 기타,화물,남,31세,중상,승용,남,68세,상해없음
2013052700100710,2013년 5월 27일 22시,월요일,부산광역시 수영구 민락동,경상사고,0,0,1,0,차대사람 - 길가장자리구역통행중,안전운전불이행,습기,비,교차로 - 교차로부근,승용,남,64세,상해없음,보행자,여,46세,경상
2013052700100711,2013년 5월 27일 22시,월요일,부산광역시 수영구 민락동,부상신고사고,0,0,0,1,차대차 - 추돌 - 주정차중,안전운전불이행,습기,비,교차로 - 교차로부근,승용,남,42세,상해없음,승용,남,34세,부상신고
2013052700100712,2013년 5월 27일 22시,월요일,부산광역시 북구 구포동,경상사고,0,0,1,0,차대사람 - 기타,안전운전불이행,건조,맑음,단일로 - 기타,기타불명,기타불명,기타불명,기타불명,보행자,남,50세,경상
2013052700100713,2013년 5월 27일 22시,월요일,부산광역시 사하구 하단동,경상사고,0,0,1,0,차대차 - 추돌 - 주정차중,안전운전불이행,습기,비,단일로 - 기타,승용,남,45세,상해없음,승용,남,31세,경상
2013052700100714,2013년 5월 27일 22시,월요일,부산광역시 수영구 망미동,경상사고,0,0,1,0,차대차 - 추돌 - 진행중,안전거리미확보,습기,비,단일로 - 기타,승용,남,56세,기타불명,승용,여,26세,경상
2013052700100774,2013년 5월 27일 23시,월요일,부산광역시 동구 범일동,중상사고,0,1,0,0,차대차 - 기타,안전운전불이행,습기,비,미분류 - 미분류,승용,남,32세,상해없음,승용,남,59세,상해없음
2013052700100775,2013년 5월 27일 23시,월요일,부산광역시 남구 용호동,경상사고,0,0,1,0,차대차 - 추돌 - 진행중,안전운전불이행,습기,비,단일로 - 기타,승용,남,39세,상해없음,승용,여,53세,경상
2013052700100776,2013년 5월 27일 23시,월요일,부산광역시 부산진구 범전동,경상사고,0,0,1,0,차대차 - 추돌 - 진행중,안전거리미확보,습기,비,단일로 - 기타,승용,남,56세,기타불명,승용,남,65세,경상
2013052700100777,2013년 5월 27일 23시,월요일,부산광역시 금정구 부곡동,경상사고,0,0,1,0,차대사람 - 길가장자리구역통행중,안전운전불이행,습기,비,단일로 - 기타,이륜,남,23세,상해없음,보행자,남,53세,경상
2013052700100778,2013년 5월 27일 23시,월요일,부산광역시 사하구 장림동,중상사고,0,1,0,0,차대사람 - 기타,안전운전불이행,습기,비,단일로 - 기타,승합,남,64세,상해없음,보행자,남,63세,중상
2013052700100779,2013년 5월 27일 23시,월요일,부산광역시 사하구 괴정동,경상사고,0,0,1,0,차량단독 - 기타,안전운전불이행,습기,비,단일로 - 기타,승용,남,57세,상해없음,,,,
2013052700100780,2013년 5월 27일 23시,월요일,부산광역시 사하구 신평동,중상사고,0,1,0,0,차대사람 - 횡단중,신호위반,습기,비,단일로 - 횡단보도상,원동기,남,28세,상해없음,보행자,여,45세,중상
2013052800100008,2013년 5월 28일 00시,화요일,부산광역시 부산진구 초읍동,중상사고,0,1,0,0,차대차 - 추돌 - 진행중,안전거리미확보,습기,비,교차로 - 교차로안,승용,남,53세,중상,승용,남,54세,기타불명
2013052800100009,2013년 5월 28일 00시,화요일,부산광역시 사하구 하단동,중상사고,0,2,0,0,차대차 - 측면직각충돌,신호위반,건조,맑음,교차로 - 교차로안,승용,남,50세,상해없음,승용,남,55세,중상
2013052800100049,2013년 5월 28일 01시,화요일,부산광역시 동래구 사직동,중상사고,0,1,1,0,차대차 - 측면직각충돌,교차로운행방법위반,습기,비,교차로 - 교차로안,승용,남,39세,상해없음,승용,남,58세,경상
2013052800100050,2013년 5월 28일 01시,화요일,부산광역시 연제구 거제동,중상사고,0,1,1,0,차대차 - 측면직각충돌,신호위반,습기,비,교차로 - 교차로안,기타불명,기타불명,기타불명,기타불명,승용,남,56세,중상
2013052800100052,2013년 5월 28일 01시,화요일,부산광역시 강서구 대저2동,경상사고,0,0,2,0,차대차 - 측면직각충돌,안전운전불이행,습기,비,단일로 - 기타,화물,남,63세,상해없음,승용,남,35세,경상
2013052800100093,2013년 5월 28일 03시,화요일,부산광역시 남구 용호동,중상사고,0,1,0,0,차대차 - 추돌 - 진행중,안전운전불이행,습기,비,단일로 - 기타,승용,남,43세,상해없음,승용,남,35세,중상
2013052800100112,2013년 5월 28일 05시,화요일,부산광역시 남구 문현동,중상사고,0,1,0,0,차대차 - 기타,안전운전불이행,습기,비,미분류 - 미분류,승용,남,31세,중상,화물,남,48세,상해없음
2013052800100123,2013년 5월 28일 06시,화요일,부산광역시 동래구 사직동,중상사고,0,1,0,0,차대차 - 측면직각충돌,중앙선침범,습기,비,교차로 - 교차로부근,화물,남,44세,상해없음,승용,남,38세,중상
2013052800100165,2013년 5월 28일 08시,화요일,부산광역시 남구 대연동,중상사고,0,1,0,0,차대차 - 추돌 - 진행중,안전거리미확보,건조,맑음,교차로 - 교차로부근,승용,남,44세,상해없음,승용,남,41세,중상
2013052800100166,2013년 5월 28일 08시,화요일,부산광역시 북구 금곡동,경상사고,0,0,1,0,차대차 - 측면직각충돌,교차로운행방법위반,습기,비,교차로 - 교차로안,승용,여,56세,상해없음,승용,남,64세,경상
2013052800100167,2013년 5월 28일 08시,화요일,부산광역시 동래구 안락동,경상사고,0,0,1,0,차대차 - 측면직각충돌,교차로운행방법위반,습기,비,교차로 - 교차로안,승합,남,56세,상해없음,승합,여,64세,경상
2013052800100196,2013년 5월 28일 09시,화요일,부산광역시 남구 대연동,경상사고,0,0,1,0,차대차 - 측면직각충돌,안전운전불이행,습기,비,교차로 - 교차로안,화물,남,53세,상해없음,승용,여,23세,경상
2013052800100197,2013년 5월 28일 09시,화요일,부산광역시 연제구 연산동,경상사고,0,0,1,0,차대차 - 측면직각충돌,안전운전불이행,습기,비,단일로 - 기타,승용,남,42세,상해없음,승용,남,55세,경상
2013052800100229,2013년 5월 28일 10시,화요일,부산광역시 동래구 명장동,경상사고,0,0,1,0,차대차 - 측면직각충돌,신호위반,건조,맑음,교차로 - 교차로안,원동기,남,16세,상해없음,승용,여,44세,경상
2013052800100230,2013년 5월 28일 10시,화요일,부산광역시 부산진구 범천동,경상사고,0,0,2,0,차대차 - 기타,안전운전불이행,습기,비,단일로 - 기타,승용,여,36세,상해없음,승용,남,37세,경상
2013052800100231,2013년 5월 28일 10시,화요일,부산광역시 부산진구 부암동,중상사고,0,1,0,0,차대차 - 기타,안전운전불이행,습기,비,단일로 - 기타,승용,남,48세,상해없음,승용,여,45세,중상
2013052800100275,2013년 5월 28일 12시,화요일,부산광역시 해운대구 재송동,경상사고,0,0,2,0,차대차 - 측면직각충돌,안전운전불이행,습기,비,교차로 - 교차로부근,승용,여,42세,상해없음,승용,남,43세,경상
2013052800100324,2013년 5월 28일 14시,화요일,부산광역시 동구 초량동,중상사고,0,1,0,0,차대차 - 기타,신호위반,습기,비,단일로 - 횡단보도상,승용,남,50세,상해없음,원동기,남,38세,중상
2013052800100325,2013년 5월 28일 14시,화요일,부산광역시 동래구 온천동,중상사고,0,3,0,0,차대차 - 정면충돌,중앙선침범,습기,비,단일로 - 기타,화물,남,32세,상해없음,화물,남,54세,중상
2013052800100326,2013년 5월 28일 14시,화요일,부산광역시 사하구 장림동,중상사고,0,1,0,0,차대사람 - 기타,안전운전불이행,습기,흐림,단일로 - 기타,건설기계,남,50세,상해없음,보행자,여,69세,중상
2013052800100327,2013년 5월 28일 14시,화요일,부산광역시 사하구 신평동,경상사고,0,0,1,0,차대차 - 측면직각충돌,안전운전불이행,습기,비,교차로 - 교차로부근,화물,남,49세,상해없음,승용,여,39세,경상
2013052800100359,2013년 5월 28일 15시,화요일,부산광역시 동래구 명장동,중상사고,0,1,0,0,차대사람 - 횡단중,보행자보호의무위반,습기,비,단일로 - 횡단보도상,승용,남,66세,상해없음,보행자,여,61세,중상
2013052800100360,2013년 5월 28일 15시,화요일,부산광역시 해운대구 우동,경상사고,0,0,2,0,차대차 - 추돌 - 진행중,안전운전불이행,습기,비,교차로 - 교차로부근,승용,남,40세,기타불명,승용,남,31세,상해없음
2013052800100361,2013년 5월 28일 15시,화요일,부산광역시 사하구 하단동,경상사고,0,0,1,0,차대차 - 측면직각충돌,안전운전불이행,습기,흐림,단일로 - 기타,화물,남,27세,상해없음,승용,여,47세,경상
2013052800100392,2013년 5월 28일 16시,화요일,부산광역시 강서구 송정동,중상사고,0,1,0,0,차대사람 - 기타,안전운전불이행,건조,맑음,단일로 - 기타,건설기계,남,29세,상해없음,보행자,남,65세,중상
2013052800100435,2013년 5월 28일 17시,화요일,부산광역시 부산진구 부전동,경상사고,0,0,1,0,차대차 - 측면직각충돌,안전운전불이행,건조,흐림,단일로 - 기타,승용,남,54세,상해없음,이륜,남,31세,경상
2013052800100436,2013년 5월 28일 17시,화요일,부산광역시 연제구 연산동,경상사고,0,0,1,0,차대차 - 측면직각충돌,안전운전불이행,건조,맑음,단일로 - 기타,승용,남,57세,상해없음,이륜,남,28세,경상
2013052800100463,2013년 5월 28일 18시,화요일,부산광역시 북구 덕천동,중상사고,0,1,0,0,차대사람 - 횡단중,보행자보호의무위반,건조,맑음,단일로 - 기타,화물,남,52세,상해없음,보행자,여,51세,중상
2013052800100464,2013년 5월 28일 18시,화요일,부산광역시 부산진구 부전동,중상사고,0,1,0,0,차대차 - 추돌 - 진행중,안전거리미확보,건조,맑음,교차로 - 교차로부근,화물,남,58세,상해없음,승용,남,33세,중상
2013052800100465,2013년 5월 28일 18시,화요일,부산광역시 연제구 연산동,경상사고,0,0,1,0,차대차 - 측면직각충돌,교차로운행방법위반,건조,맑음,교차로 - 교차로안,승용,남,56세,상해없음,이륜,남,18세,경상
2013052800100509,2013년 5월 28일 19시,화요일,부산광역시 부산진구 부전동,중상사고,0,1,0,0,차대사람 - 기타,안전운전불이행,건조,맑음,단일로 - 횡단보도상,승용,여,53세,상해없음,보행자,남,52세,중상
2013052800100549,2013년 5월 28일 20시,화요일,부산광역시 동구 범일동,중상사고,0,1,0,0,차대사람 - 횡단중,보행자보호의무위반,건조,맑음,단일로 - 횡단보도상,승용,남,36세,상해없음,보행자,남,33세,중상
2013052800100550,2013년 5월 28일 20시,화요일,부산광역시 남구 문현동,중상사고,0,1,0,0,차대차 - 추돌 - 진행중,기타,건조,맑음,교차로 - 교차로부근,승용,남,51세,상해없음,이륜,남,45세,중상
2013052800100551,2013년 5월 28일 20시,화요일,부산광역시 동래구 안락동,중상사고,0,1,0,0,차대차 - 측면직각충돌,기타,건조,맑음,단일로 - 기타,승용,남,36세,상해없음,원동기,남,17세,중상
2013052800100552,2013년 5월 28일 20시,화요일,부산광역시 연제구 연산동,경상사고,0,0,1,0,차대차 - 추돌 - 주정차중,안전거리미확보,건조,맑음,단일로 - 기타,승용,남,15세,기타불명,승용,남,37세,경상
2013052800100580,2013년 5월 28일 21시,화요일,부산광역시 서구 암남동,중상사고,0,1,0,0,차대사람 - 횡단중,안전운전불이행,건조,맑음,교차로 - 교차로안,승용,여,55세,상해없음,보행자,여,58세,중상
2013052800100581,2013년 5월 28일 21시,화요일,부산광역시 사하구 괴정동,중상사고,0,1,0,0,차대차 - 추돌 - 진행중,중앙선침범,건조,맑음,단일로 - 기타,자전거,여,51세,중상,승용,남,54세,상해없음
2013052800100582,2013년 5월 28일 21시,화요일,부산광역시 연제구 연산동,경상사고,0,0,1,0,차대차 - 추돌 - 주정차중,안전운전불이행,건조,맑음,교차로 - 교차로부근,승용,남,51세,상해없음,승합,남,65세,경상
2013052800100583,2013년 5월 28일 21시,화요일,부산광역시 사상구 모라동,중상사고,0,1,0,0,차대사람 - 횡단중,보행자보호의무위반,건조,맑음,단일로 - 횡단보도상,승용,남,21세,상해없음,보행자,여,13세,중상
2013052800100618,2013년 5월 28일 22시,화요일,부산광역시 기장군 기장읍,중상사고,0,1,0,0,차대차 - 기타,안전운전불이행,건조,맑음,교차로 - 교차로안,승용,남,60세,상해없음,승용,남,38세,중상
2013052800100619,2013년 5월 28일 22시,화요일,부산광역시 기장군 기장읍,중상사고,0,1,0,0,차대사람 - 기타,보행자보호의무위반,건조,맑음,단일로 - 기타,승용,여,38세,상해없음,보행자,여,55세,중상
2013052800100656,2013년 5월 28일 23시,화요일,부산광역시 남구 감만동,중상사고,0,1,0,0,차대차 - 기타,중앙선침범,건조,기타,단일로 - 기타,승용,남,21세,상해없음,이륜,남,49세,중상
2013052800100657,2013년 5월 28일 23시,화요일,부산광역시 수영구 광안동,경상사고,0,0,1,0,차대사람 - 기타,안전운전불이행,건조,맑음,단일로 - 기타,승용,남,36세,상해없음,보행자,여,46세,경상
2013052900100003,2013년 5월 29일 00시,수요일,부산광역시 금정구 구서동,중상사고,0,1,0,0,차대사람 - 기타,신호위반,건조,맑음,단일로 - 기타,승용,남,50세,상해없음,보행자,여,28세,중상
2013052900100029,2013년 5월 29일 01시,수요일,부산광역시 금정구 부곡동,중상사고,0,1,0,0,차대사람 - 기타,안전운전불이행,건조,맑음,단일로 - 기타,기타불명,기타불명,기타불명,기타불명,보행자,남,18세,중상
2013052900100051,2013년 5월 29일 02시,수요일,부산광역시 서구 남부민동,경상사고,0,0,1,0,차대차 - 측면직각충돌,차로위반,기타,기타,단일로 - 기타,기타불명,기타불명,기타불명,기타불명,승용,남,18세,경상
2013052900100094,2013년 5월 29일 06시,수요일,부산광역시 수영구 남천동,중상사고,0,1,0,0,차대차 - 추돌 - 진행중,차로위반,건조,맑음,단일로 - 기타,화물,남,32세,상해없음,승용,남,30세,중상
2013052900100106,2013년 5월 29일 07시,수요일,부산광역시 사하구 하단동,경상사고,0,0,1,0,차대차 - 기타,안전운전불이행,건조,흐림,단일로 - 기타,승용,남,69세,상해없음,자전거,여,55세,경상
2013052900100137,2013년 5월 29일 08시,수요일,부산광역시 해운대구 반송동,중상사고,0,1,0,1,차대사람 - 기타,안전운전불이행,기타,기타,단일로 - 기타,승용,여,61세,부상신고,보행자,여,14세,중상
2013052900100138,2013년 5월 29일 08시,수요일,부산광역시 부산진구 부암동,경상사고,0,0,1,0,차대차 - 측면직각충돌,안전거리미확보,건조,맑음,교차로 - 교차로부근,특수,남,52세,상해없음,승용,남,25세,경상
2013052900100139,2013년 5월 29일 08시,수요일,부산광역시 금정구 장전동,중상사고,0,1,0,0,차대차 - 추돌 - 진행중,안전거리미확보,건조,맑음,교차로 - 교차로안,승합,남,50세,상해없음,자전거,남,15세,중상
2013052900100140,2013년 5월 29일 08시,수요일,부산광역시 연제구 거제동,경상사고,0,0,1,0,차대사람 - 길가장자리구역통행중,보행자보호의무위반,건조,맑음,단일로 - 횡단보도상,승용,여,61세,상해없음,보행자,남,44세,경상
2013052900100174,2013년 5월 29일 09시,수요일,부산광역시 부산진구 부암동,중상사고,0,2,3,0,차대차 - 기타,안전운전불이행,건조,맑음,단일로 - 기타,승용,여,59세,상해없음,승용,여,53세,경상
2013052900100195,2013년 5월 29일 10시,수요일,부산광역시 해운대구 좌동,경상사고,0,0,1,1,차대차 - 추돌 - 진행중,안전거리미확보,건조,맑음,단일로 - 기타,승용,남,79세,상해없음,승용,여,32세,경상
2013052900100196,2013년 5월 29일 10시,수요일,부산광역시 사하구 괴정동,경상사고,0,0,1,0,차대사람 - 횡단중,안전운전불이행,건조,맑음,단일로 - 기타,승용,여,47세,상해없음,보행자,남,49세,경상
2013052900100217,2013년 5월 29일 11시,수요일,부산광역시 북구 만덕동,중상사고,0,1,0,0,차량단독 - 기타,안전운전불이행,건조,맑음,단일로 - 기타,승합,남,41세,상해없음,,,,
2013052900100218,2013년 5월 29일 11시,수요일,부산광역시 금정구 구서동,경상사고,0,0,1,0,차대차 - 추돌 - 진행중,안전운전불이행,건조,맑음,단일로 - 기타,승용,남,48세,상해없음,승용,남,55세,경상
2013052900100219,2013년 5월 29일 11시,수요일,부산광역시 사상구 괘법동,경상사고,0,0,2,0,차대차 - 기타,교차로운행방법위반,건조,맑음,교차로 - 교차로안,승용,여,31세,기타불명,승용,남,60세,경상
2013052900100243,2013년 5월 29일 12시,수요일,부산광역시 수영구 광안동,경상사고,0,0,1,0,차대차 - 기타,안전운전불이행,건조,맑음,단일로 - 기타,승용,남,60세,상해없음,이륜,남,47세,경상
2013052900100244,2013년 5월 29일 12시,수요일,부산광역시 연제구 거제동,중상사고,0,1,0,0,차대사람 - 횡단중,안전운전불이행,건조,맑음,단일로 - 횡단보도상,화물,남,32세,상해없음,보행자,여,80세,중상
2013052900100269,2013년 5월 29일 13시,수요일,부산광역시 남구 문현동,경상사고,0,0,1,0,차대차 - 추돌 - 진행중,안전운전불이행,습기,비,단일로 - 횡단보도부근,승용,남,71세,상해없음,승용,기타불명,기타불명,기타불명
2013052900100270,2013년 5월 29일 13시,수요일,부산광역시 동래구 낙민동,중상사고,0,1,0,0,차대사람 - 기타,기타,건조,맑음,단일로 - 기타,화물,남,59세,상해없음,보행자,여,80세,중상
2013052900100286,2013년 5월 29일 14시,수요일,부산광역시 동래구 온천동,중상사고,0,1,0,0,차대사람 - 길가장자리구역통행중,안전운전불이행,건조,맑음,교차로 - 교차로안,화물,남,45세,상해없음,보행자,남,74세,중상
2013052900100287,2013년 5월 29일 14시,수요일,부산광역시 부산진구 부전동,경상사고,0,0,1,0,차대차 - 측면직각충돌,안전거리미확보,건조,맑음,교차로 - 교차로부근,이륜,기타불명,기타불명,기타불명,승용,남,67세,상해없음
2013052900100288,2013년 5월 29일 14시,수요일,부산광역시 사하구 괴정동,중상사고,0,1,0,0,차대차 - 기타,교차로운행방법위반,건조,맑음,교차로 - 교차로안,승용,남,61세,상해없음,이륜,남,63세,중상
2013052900100289,2013년 5월 29일 14시,수요일,부산광역시 강서구 명지동,중상사고,0,2,2,0,차대차 - 정면충돌,중앙선침범,건조,맑음,교차로 - 교차로부근,승용,여,39세,중상,승용,여,39세,중상
2013052900100313,2013년 5월 29일 15시,수요일,부산광역시 사하구 당리동,경상사고,0,0,1,0,차대차 - 측면직각충돌,직진우회전진행방해,건조,맑음,교차로 - 교차로안,화물,남,53세,상해없음,승용,여,52세,경상
2013052900100342,2013년 5월 29일 16시,수요일,부산광역시 남구 문현동,중상사고,0,1,0,0,차대사람 - 차도통행중,안전운전불이행,건조,맑음,단일로 - 기타,승용,여,54세,상해없음,보행자,여,47세,중상
2013052900100343,2013년 5월 29일 16시,수요일,부산광역시 사하구 구평동,중상사고,0,1,0,0,차대차 - 측면직각충돌,안전운전불이행,건조,맑음,단일로 - 기타,승용,남,61세,상해없음,승용,남,32세,중상
2013052900100344,2013년 5월 29일 16시,수요일,부산광역시 사상구 괘법동,중상사고,0,1,0,0,차대사람 - 횡단중,신호위반,건조,맑음,단일로 - 횡단보도상,승용,남,48세,상해없음,보행자,여,50세,중상
2013052900100368,2013년 5월 29일 17시,수요일,부산광역시 해운대구 우동,경상사고,0,0,1,0,차대차 - 추돌 - 진행중,안전거리미확보,건조,맑음,단일로 - 기타,승용,여,55세,상해없음,승합,남,46세,상해없음
2013052900100407,2013년 5월 29일 18시,수요일,부산광역시 북구 만덕동,경상사고,0,0,1,0,차대차 - 기타,교차로운행방법위반,건조,맑음,교차로 - 교차로안,승용,남,55세,상해없음,승용,여,36세,경상
2013052900100447,2013년 5월 29일 19시,수요일,부산광역시 해운대구 반송동,경상사고,0,0,1,0,차대사람 - 기타,보행자보호의무위반,건조,맑음,단일로 - 횡단보도상,승용,남,50세,상해없음,보행자,여,20세,경상
2013052900100448,2013년 5월 29일 19시,수요일,부산광역시 금정구 부곡동,경상사고,0,0,1,0,차대차 - 정면충돌,직진우회전진행방해,건조,흐림,교차로 - 교차로안,이륜,남,17세,경상,승용,여,48세,상해없음
2013052900100449,2013년 5월 29일 19시,수요일,부산광역시 강서구 대저2동,중상사고,0,1,0,0,차대차 - 측면직각충돌,안전운전불이행,건조,맑음,교차로 - 교차로안,화물,남,50세,상해없음,화물,남,53세,중상
2013052900100492,2013년 5월 29일 21시,수요일,부산광역시 해운대구 재송동,경상사고,0,0,1,0,차대사람 - 기타,안전운전불이행,건조,맑음,기타 - 기타,승용,남,34세,상해없음,보행자,남,40세,경상
2013052900100493,2013년 5월 29일 21시,수요일,부산광역시 사하구 신평동,경상사고,0,0,1,0,차대차 - 측면직각충돌,중앙선침범,건조,맑음,단일로 - 기타,승합,남,69세,상해없음,이륜,남,32세,경상
2013052900100526,2013년 5월 29일 22시,수요일,부산광역시 동래구 온천동,경상사고,0,0,1,0,차대사람 - 기타,안전운전불이행,건조,맑음,교차로 - 교차로안,승용,남,65세,상해없음,보행자,남,55세,경상