사고번호,사고일시,요일,시군구,사고내용,사망자수,중상자수,경상자수,부상신고자수,사고유형,법규위반,노면상태,기상상태,도로형태,가해운전자 차종,가해운전자 성별,가해운전자 연령,가해운전자 상해정도,피해운전자 차종,피해운전자 성별,피해운전자 연령,피해운전자 상해정도
2013052900100527,2013년 5월 29일 22시,수요일,부산광역시 사상구 덕포동,중상사고,0,1,1,0,차대차 - 추돌 - 진행중,중앙선침범,건조,맑음,단일로 - 기타,이륜,남,48세,중상,이륜,남,20세,경상
2013052900100555,2013년 5월 29일 23시,수요일,부산광역시 동구 수정동,경상사고,0,0,1,0,차대차 - 추돌 - 진행중,안전거리미확보,건조,맑음,단일로 - 기타,승용,남,45세,상해없음,승합,남,55세,경상
2013053000100007,2013년 5월 30일 00시,목요일,부산광역시 동래구 명륜동,중상사고,0,1,0,0,차대사람 - 횡단중,안전운전불이행,건조,맑음,단일로 - 기타,승용,남,61세,상해없음,보행자,남,26세,중상
2013053000100024,2013년 5월 30일 01시,목요일,부산광역시 영도구 대교동1가,경상사고,0,0,1,0,차대사람 - 횡단중,안전운전불이행,건조,맑음,단일로 - 기타,승합,남,43세,상해없음,보행자,남,52세,경상
2013053000100090,2013년 5월 30일 07시,목요일,부산광역시 남구 대연동,경상사고,0,0,1,0,차량단독 - 전도전복,안전운전불이행,건조,맑음,교차로 - 교차로안,특수,남,59세,상해없음,,,,
2013053000100091,2013년 5월 30일 07시,목요일,부산광역시 금정구 장전동,중상사고,0,1,0,0,차대사람 - 횡단중,보행자보호의무위반,건조,맑음,교차로 - 교차로안,승용,남,73세,상해없음,보행자,여,19세,중상
2013053000100124,2013년 5월 30일 08시,목요일,부산광역시 금정구 금사동,경상사고,0,0,1,0,차대차 - 측면직각충돌,안전운전불이행,건조,맑음,교차로 - 교차로안,승용,남,44세,상해없음,자전거,남,24세,경상
2013053000100125,2013년 5월 30일 08시,목요일,부산광역시 강서구 미음동,경상사고,0,0,1,0,차대차 - 기타,교차로운행방법위반,건조,맑음,교차로 - 교차로안,건설기계,남,54세,상해없음,승용,남,41세,경상
2013053000100160,2013년 5월 30일 09시,목요일,부산광역시 동구 수정동,중상사고,0,1,0,0,차대사람 - 기타,안전운전불이행,건조,맑음,기타 - 기타,화물,남,32세,상해없음,보행자,여,80세,중상
2013053000100161,2013년 5월 30일 09시,목요일,부산광역시 동래구 사직동,경상사고,0,0,1,0,차대차 - 기타,교차로운행방법위반,건조,맑음,교차로 - 교차로안,승용,여,36세,상해없음,원동기,남,60세,경상
2013053000100190,2013년 5월 30일 10시,목요일,부산광역시 서구 서대신동1가,중상사고,0,1,0,0,차대차 - 정면충돌,중앙선침범,건조,맑음,단일로 - 기타,승합,남,60세,상해없음,이륜,남,70세,중상
2013053000100191,2013년 5월 30일 10시,목요일,부산광역시 부산진구 전포동,경상사고,0,0,1,0,차대차 - 측면직각충돌,신호위반,건조,맑음,교차로 - 교차로안,승용,여,33세,상해없음,이륜,남,37세,경상
2013053000100217,2013년 5월 30일 11시,목요일,부산광역시 남구 우암동,경상사고,0,0,1,0,차대사람 - 길가장자리구역통행중,안전운전불이행,건조,맑음,교차로 - 교차로안,승용,남,60세,상해없음,보행자,남,19세,경상
2013053000100218,2013년 5월 30일 11시,목요일,부산광역시 연제구 거제동,경상사고,0,0,1,0,차대차 - 측면직각충돌,교차로운행방법위반,건조,맑음,단일로 - 기타,자전거,여,58세,경상,승용,남,54세,상해없음
2013053000100248,2013년 5월 30일 12시,목요일,부산광역시 해운대구 우동,경상사고,0,0,2,0,차대차 - 추돌 - 진행중,차로위반,건조,맑음,단일로 - 터널,승용,남,74세,상해없음,승용,여,42세,경상
2013053000100273,2013년 5월 30일 13시,목요일,부산광역시 금정구 장전동,중상사고,0,1,0,0,차대차 - 측면직각충돌,안전운전불이행,건조,맑음,교차로 - 교차로안,화물,남,32세,상해없음,원동기,남,18세,중상
2013053000100274,2013년 5월 30일 13시,목요일,부산광역시 수영구 망미동,경상사고,0,0,1,0,차대차 - 측면직각충돌,안전운전불이행,건조,맑음,단일로 - 기타,화물,남,44세,상해없음,승용,여,53세,경상
2013053000100304,2013년 5월 30일 14시,목요일,부산광역시 동구 범일동,경상사고,0,0,1,0,차대차 - 기타,안전운전불이행,건조,맑음,단일로 - 기타,화물,기타불명,기타불명,기타불명,승용,기타불명,기타불명,기타불명
2013053000100305,2013년 5월 30일 14시,목요일,부산광역시 서구 충무동1가,경상사고,0,0,3,0,차대차 - 측면직각충돌,신호위반,건조,맑음,교차로 - 교차로부근,화물,남,53세,상해없음,승용,남,28세,경상
2013053000100306,2013년 5월 30일 14시,목요일,부산광역시 강서구 봉림동,경상사고,0,0,1,0,차대차 - 측면직각충돌,안전운전불이행,건조,맑음,단일로 - 기타,화물,남,38세,상해없음,승용,남,48세,경상
2013053000100357,2013년 5월 30일 16시,목요일,부산광역시 해운대구 재송동,중상사고,0,1,0,0,차대차 - 측면직각충돌,중앙선침범,건조,맑음,단일로 - 기타,승합,남,55세,상해없음,이륜,남,17세,중상
2013053000100358,2013년 5월 30일 16시,목요일,부산광역시 금정구 구서동,중상사고,0,2,0,0,차대차 - 추돌 - 진행중,안전거리미확보,건조,맑음,단일로 - 기타,승합,남,44세,상해없음,화물,남,24세,중상
2013053000100359,2013년 5월 30일 16시,목요일,부산광역시 기장군 장안읍,경상사고,0,0,1,0,차대차 - 측면직각충돌,중앙선침범,건조,맑음,단일로 - 기타,승용,여,47세,상해없음,자전거,남,61세,경상
2013053000100451,2013년 5월 30일 19시,목요일,부산광역시 북구 덕천동,중상사고,0,1,0,0,차대차 - 기타,직진우회전진행방해,건조,맑음,단일로 - 기타,화물,남,60세,상해없음,자전거,남,34세,중상
2013053000100452,2013년 5월 30일 19시,목요일,부산광역시 연제구 거제동,경상사고,0,0,1,0,차대차 - 측면직각충돌,직진우회전진행방해,건조,맑음,교차로 - 교차로안,화물,남,56세,상해없음,승용,여,50세,경상
2013053000100487,2013년 5월 30일 20시,목요일,부산광역시 사하구 하단동,경상사고,0,0,1,0,차대사람 - 길가장자리구역통행중,안전운전불이행,건조,맑음,단일로 - 기타,원동기,남,14세,상해없음,보행자,여,21세,경상
2013053000100488,2013년 5월 30일 20시,목요일,부산광역시 기장군 일광면,중상사고,0,1,0,0,차대차 - 정면충돌,중앙선침범,건조,맑음,단일로 - 기타,화물,남,32세,상해없음,원동기,여,64세,중상
2013053000100523,2013년 5월 30일 21시,목요일,부산광역시 금정구 부곡동,중상사고,0,1,0,0,차대차 - 기타,안전운전불이행,건조,맑음,단일로 - 기타,자전거,남,16세,중상,승용,남,53세,상해없음
2013053000100609,2013년 5월 30일 23시,목요일,부산광역시 해운대구 중동,중상사고,0,1,1,0,차대차 - 정면충돌,중앙선침범,건조,맑음,단일로 - 기타,승용,남,36세,상해없음,승용,남,34세,중상
2013053000100610,2013년 5월 30일 23시,목요일,부산광역시 연제구 연산동,경상사고,0,0,1,0,차대차 - 추돌 - 진행중,차로위반,건조,맑음,단일로 - 기타,승합,남,54세,상해없음,승용,남,63세,경상
2013053100100009,2013년 5월 31일 00시,금요일,부산광역시 사하구 장림동,중상사고,0,1,0,0,차대차 - 측면직각충돌,안전운전불이행,건조,맑음,단일로 - 기타,승용,여,37세,상해없음,화물,남,25세,중상
2013053100100035,2013년 5월 31일 01시,금요일,부산광역시 서구 충무동2가,중상사고,0,1,0,0,차대사람 - 차도통행중,안전운전불이행,건조,맑음,단일로 - 기타,승용,남,26세,상해없음,보행자,여,54세,중상
2013053100100036,2013년 5월 31일 01시,금요일,부산광역시 영도구 봉래동3가,중상사고,0,1,1,0,차대차 - 추돌 - 진행중,안전운전불이행,건조,맑음,교차로 - 교차로안,화물,남,53세,상해없음,승용,남,56세,중상
2013053100100037,2013년 5월 31일 01시,금요일,부산광역시 연제구 연산동,중상사고,0,1,0,0,차대사람 - 기타,안전운전불이행,건조,맑음,단일로 - 기타,승용,남,59세,상해없음,보행자,남,43세,중상
2013053100100061,2013년 5월 31일 03시,금요일,부산광역시 수영구 남천동,중상사고,0,1,0,0,차대차 - 측면직각충돌,신호위반,건조,맑음,교차로 - 교차로안,원동기,남,21세,중상,승용,남,66세,상해없음
2013053100100062,2013년 5월 31일 03시,금요일,부산광역시 수영구 남천동,사망사고,1,0,0,0,차대사람 - 차도통행중,안전운전불이행,건조,맑음,단일로 - 기타,승용,남,62세,상해없음,보행자,여,74세,사망
2013053100100063,2013년 5월 31일 03시,금요일,부산광역시 부산진구 부전동,중상사고,0,1,0,0,차량단독 - 전도전복,안전운전불이행,건조,맑음,교차로 - 교차로부근,이륜,남,16세,상해없음,,,,
2013053100100071,2013년 5월 31일 04시,금요일,부산광역시 수영구 남천동,경상사고,0,0,1,0,차대차 - 추돌 - 진행중,안전거리미확보,건조,맑음,단일로 - 기타,승용,여,31세,상해없음,승용,남,66세,경상
2013053100100080,2013년 5월 31일 06시,금요일,부산광역시 사상구 덕포동,중상사고,0,1,1,0,차대차 - 기타,안전거리미확보,건조,맑음,단일로 - 기타,승용,남,47세,상해없음,승용,남,61세,중상
2013053100100116,2013년 5월 31일 08시,금요일,부산광역시 남구 대연동,경상사고,0,0,1,0,차대차 - 기타,안전운전불이행,건조,맑음,단일로 - 기타,승용,여,39세,상해없음,자전거,남,61세,경상
2013053100100117,2013년 5월 31일 08시,금요일,부산광역시 동래구 안락동,중상사고,0,1,0,0,차대사람 - 차도통행중,안전운전불이행,건조,맑음,단일로 - 기타,승합,남,61세,상해없음,보행자,여,12세,중상
2013053100100118,2013년 5월 31일 08시,금요일,부산광역시 부산진구 범천동,중상사고,0,2,2,0,차대차 - 기타,안전운전불이행,건조,맑음,교차로 - 교차로부근,화물,남,51세,상해없음,승합,남,51세,상해없음
2013053100100119,2013년 5월 31일 08시,금요일,부산광역시 부산진구 개금동,경상사고,0,0,1,0,차대차 - 측면직각충돌,교차로운행방법위반,건조,맑음,교차로 - 교차로안,승용,남,66세,상해없음,승용,여,46세,경상
2013053100100120,2013년 5월 31일 08시,금요일,부산광역시 금정구 장전동,경상사고,0,0,2,0,차대차 - 측면직각충돌,교차로운행방법위반,건조,맑음,교차로 - 교차로안,승용,남,64세,상해없음,승용,남,56세,상해없음
2013053100100121,2013년 5월 31일 08시,금요일,부산광역시 사하구 다대동,중상사고,0,1,0,0,차대사람 - 기타,안전운전불이행,건조,맑음,교차로 - 교차로부근,승용,여,35세,상해없음,보행자,여,49세,중상
2013053100100154,2013년 5월 31일 09시,금요일,부산광역시 동래구 온천동,중상사고,0,1,0,0,차대차 - 측면직각충돌,신호위반,건조,맑음,교차로 - 교차로부근,승용,남,53세,상해없음,원동기,남,70세,중상
2013053100100188,2013년 5월 31일 10시,금요일,부산광역시 사하구 구평동,경상사고,0,0,1,0,차량단독 - 기타,안전운전불이행,건조,맑음,단일로 - 기타,승합,남,41세,상해없음,,,,
2013053100100220,2013년 5월 31일 11시,금요일,부산광역시 남구 용당동,경상사고,0,0,1,0,차대차 - 기타,안전운전불이행,건조,맑음,단일로 - 기타,화물,남,49세,상해없음,승용,남,29세,경상
2013053100100222,2013년 5월 31일 11시,금요일,부산광역시 금정구 노포동,중상사고,0,1,0,0,차대차 - 추돌 - 진행중,안전운전불이행,건조,맑음,단일로 - 기타,승용,남,74세,상해없음,자전거,남,68세,중상
2013053100100223,2013년 5월 31일 11시,금요일,부산광역시 사하구 괴정동,중상사고,0,1,0,0,차대사람 - 횡단중,신호위반,건조,흐림,단일로 - 기타,승용,남,49세,상해없음,보행자,여,74세,중상
2013053100100253,2013년 5월 31일 12시,금요일,부산광역시 금정구 노포동,중상사고,0,1,1,1,차대차 - 측면직각충돌,신호위반,건조,맑음,교차로 - 교차로안,승용,여,63세,부상신고,승합,남,50세,상해없음
2013053100100309,2013년 5월 31일 14시,금요일,부산광역시 부산진구 개금동,경상사고,0,0,1,0,차대차 - 기타,차로위반,건조,맑음,단일로 - 기타,승용,남,24세,상해없음,화물,남,71세,경상
2013053100100348,2013년 5월 31일 15시,금요일,부산광역시 북구 덕천동,경상사고,0,0,1,0,차대사람 - 차도통행중,안전운전불이행,건조,맑음,단일로 - 기타,승용,남,49세,상해없음,보행자,남,28세,경상
2013053100100349,2013년 5월 31일 15시,금요일,부산광역시 영도구 청학동,경상사고,0,0,1,0,차대차 - 추돌 - 진행중,안전운전불이행,건조,맑음,단일로 - 기타,승용,남,52세,상해없음,승합,남,56세,경상
2013053100100377,2013년 5월 31일 16시,금요일,부산광역시 해운대구 좌동,중상사고,0,1,0,0,차대차 - 측면직각충돌,신호위반,건조,맑음,교차로 - 교차로안,승용,여,34세,상해없음,원동기,남,26세,중상
2013053100100402,2013년 5월 31일 17시,금요일,부산광역시 부산진구 전포동,경상사고,0,0,1,0,차대차 - 측면직각충돌,안전운전불이행,건조,맑음,단일로 - 기타,화물,남,31세,상해없음,승용,남,64세,경상
2013053100100403,2013년 5월 31일 17시,금요일,부산광역시 연제구 거제동,부상신고사고,0,0,0,2,차대차 - 추돌 - 진행중,교차로운행방법위반,건조,맑음,교차로 - 교차로안,승용,남,50세,상해없음,승용,남,49세,상해없음
2013053100100404,2013년 5월 31일 17시,금요일,부산광역시 강서구 명지동,경상사고,0,0,1,0,차대차 - 기타,안전운전불이행,건조,맑음,기타 - 기타,승용,여,35세,상해없음,자전거,남,10세,경상
2013053100100443,2013년 5월 31일 18시,금요일,부산광역시 남구 감만동,부상신고사고,0,0,0,1,차대차 - 기타,안전운전불이행,건조,맑음,교차로 - 교차로안,화물,기타불명,기타불명,기타불명,이륜,남,40세,부상신고
2013053100100444,2013년 5월 31일 18시,금요일,부산광역시 부산진구 부전동,중상사고,0,1,0,0,차대차 - 측면직각충돌,안전운전불이행,건조,맑음,단일로 - 기타,이륜,남,54세,상해없음,승용,여,56세,중상
2013053100100487,2013년 5월 31일 19시,금요일,부산광역시 남구 우암동,경상사고,0,0,1,0,차대차 - 기타,중앙선침범,건조,맑음,단일로 - 기타,승용,남,65세,상해없음,이륜,남,22세,경상
2013053100100488,2013년 5월 31일 19시,금요일,부산광역시 북구 덕천동,경상사고,0,0,1,0,차대사람 - 횡단중,신호위반,건조,맑음,단일로 - 횡단보도상,승용,남,51세,상해없음,보행자,여,5세,경상
2013053100100489,2013년 5월 31일 19시,금요일,부산광역시 동래구 명장동,경상사고,0,0,1,0,차대사람 - 기타,안전운전불이행,건조,맑음,단일로 - 횡단보도부근,승용,남,51세,상해없음,보행자,여,69세,경상
2013053100100490,2013년 5월 31일 19시,금요일,부산광역시 해운대구 송정동,중상사고,0,1,0,0,차대차 - 측면직각충돌,안전운전불이행,건조,맑음,교차로 - 교차로안,승용,여,31세,상해없음,이륜,남,59세,중상
2013053100100491,2013년 5월 31일 19시,금요일,부산광역시 부산진구 당감동,경상사고,0,0,1,0,차대차 - 추돌 - 진행중,안전운전불이행,건조,맑음,미분류 - 미분류,승용,남,43세,상해없음,승용,남,42세,경상
2013053100100522,2013년 5월 31일 20시,금요일,부산광역시 동구 초량동,경상사고,0,0,3,0,차대차 - 기타,신호위반,건조,맑음,교차로 - 교차로안,승용,남,31세,상해없음,승용,남,42세,경상
2013053100100523,2013년 5월 31일 20시,금요일,부산광역시 남구 대연동,부상신고사고,0,0,0,1,차대사람 - 기타,안전운전불이행,건조,맑음,단일로 - 기타,승용,남,48세,상해없음,보행자,남,48세,부상신고
2013053100100524,2013년 5월 31일 20시,금요일,부산광역시 북구 덕천동,경상사고,0,0,1,0,차대차 - 기타,안전운전불이행,건조,맑음,단일로 - 기타,승용,남,58세,상해없음,자전거,남,29세,경상
2013053100100525,2013년 5월 31일 20시,금요일,부산광역시 동래구 명장동,경상사고,0,0,1,0,차대차 - 기타,신호위반,건조,맑음,교차로 - 교차로안,승용,여,52세,상해없음,원동기,남,32세,경상
2013053100100526,2013년 5월 31일 20시,금요일,부산광역시 연제구 거제동,중상사고,0,1,0,0,차대차 - 측면직각충돌,안전운전불이행,건조,맑음,교차로 - 교차로안,원동기,남,38세,상해없음,자전거,남,57세,중상
2013053100100606,2013년 5월 31일 22시,금요일,부산광역시 부산진구 당감동,경상사고,0,0,1,0,차대차 - 측면직각충돌,신호위반,건조,맑음,교차로 - 교차로부근,원동기,남,55세,상해없음,원동기,남,46세,경상
2013053100100607,2013년 5월 31일 22시,금요일,부산광역시 금정구 부곡동,경상사고,0,0,1,0,차대사람 - 횡단중,안전운전불이행,건조,맑음,교차로 - 교차로안,승용,남,45세,상해없음,보행자,여,53세,경상
2013053100100642,2013년 5월 31일 23시,금요일,부산광역시 동래구 안락동,부상신고사고,0,0,0,1,차대차 - 정면충돌,안전운전불이행,건조,맑음,단일로 - 기타,자전거,남,55세,상해없음,자전거,남,19세,부상신고
2013060100100034,2013년 6월 1일 01시,토요일,부산광역시 해운대구 재송동,중상사고,0,1,0,0,차대차 - 측면직각충돌,교차로운행방법위반,건조,맑음,교차로 - 교차로안,승용,남,50세,상해없음,원동기,남,17세,중상
2013060100100035,2013년 6월 1일 01시,토요일,부산광역시 해운대구 좌동,중상사고,0,2,1,0,차대차 - 측면직각충돌,교차로운행방법위반,건조,맑음,교차로 - 교차로안,승용,남,51세,상해없음,이륜,남,17세,중상
2013060100100052,2013년 6월 1일 02시,토요일,부산광역시 사하구 장림동,경상사고,0,0,1,0,차대사람 - 기타,안전운전불이행,건조,맑음,단일로 - 기타,승용,남,29세,상해없음,보행자,남,25세,경상
2013060100100136,2013년 6월 1일 07시,토요일,부산광역시 서구 남부민동,중상사고,0,1,2,0,차대차 - 측면직각충돌,안전운전불이행,건조,맑음,단일로 - 기타,화물,남,47세,상해없음,화물,남,58세,경상
2013060100100137,2013년 6월 1일 07시,토요일,부산광역시 북구 화명동,부상신고사고,0,0,0,1,차대차 - 기타,안전운전불이행,건조,흐림,단일로 - 기타,이륜,남,19세,부상신고,화물,남,52세,상해없음
2013060100100176,2013년 6월 1일 09시,토요일,부산광역시 해운대구 우동,중상사고,0,1,0,0,차대차 - 추돌 - 진행중,안전운전불이행,건조,맑음,교차로 - 교차로부근,승용,남,52세,상해없음,이륜,남,70세,중상
2013060100100177,2013년 6월 1일 09시,토요일,부산광역시 부산진구 연지동,중상사고,0,2,0,0,차량단독 - 공작물충돌,안전운전불이행,건조,맑음,단일로 - 기타,승용,남,76세,상해없음,,,,
2013060100100178,2013년 6월 1일 09시,토요일,부산광역시 사상구 감전동,경상사고,0,0,1,0,차대차 - 측면직각충돌,안전거리미확보,건조,맑음,단일로 - 기타,화물,남,46세,상해없음,승용,남,39세,경상
2013060100100234,2013년 6월 1일 11시,토요일,부산광역시 강서구 봉림동,경상사고,0,0,3,4,차대차 - 정면충돌,중앙선침범,건조,맑음,교차로 - 교차로부근,화물,남,45세,상해없음,승합,남,64세,상해없음
2013060100100235,2013년 6월 1일 11시,토요일,부산광역시 사상구 모라동,경상사고,0,0,1,0,차대차 - 측면직각충돌,기타,건조,맑음,단일로 - 기타,이륜,남,43세,경상,승용,여,39세,상해없음
2013060100100265,2013년 6월 1일 12시,토요일,부산광역시 북구 금곡동,중상사고,0,1,0,0,차대차 - 추돌 - 진행중,안전운전불이행,건조,흐림,단일로 - 기타,승용,남,56세,상해없음,승용,남,37세,중상
2013060100100266,2013년 6월 1일 12시,토요일,부산광역시 부산진구 개금동,중상사고,0,1,2,0,차대차 - 측면직각충돌,교차로운행방법위반,건조,맑음,교차로 - 교차로안,승용,남,32세,상해없음,승합,남,50세,상해없음
2013060100100302,2013년 6월 1일 13시,토요일,부산광역시 북구 구포동,경상사고,0,0,1,0,차대차 - 기타,안전운전불이행,건조,맑음,교차로 - 교차로부근,승용,남,31세,상해없음,승용,남,20세,경상
2013060100100303,2013년 6월 1일 13시,토요일,부산광역시 금정구 금사동,중상사고,0,1,0,0,차대사람 - 길가장자리구역통행중,안전운전불이행,건조,맑음,단일로 - 기타,승용,남,47세,상해없음,보행자,여,63세,중상
2013060100100325,2013년 6월 1일 14시,토요일,부산광역시 기장군 정관면,중상사고,0,1,1,0,차대차 - 기타,안전운전불이행,기타,흐림,기타 - 기타,승용,남,56세,상해없음,승용,남,36세,상해없음
2013060100100393,2013년 6월 1일 16시,토요일,부산광역시 동래구 사직동,경상사고,0,0,1,0,차대차 - 추돌 - 진행중,교차로운행방법위반,건조,흐림,교차로 - 교차로안,승합,남,71세,상해없음,자전거,여,39세,경상
2013060100100424,2013년 6월 1일 17시,토요일,부산광역시 금정구 부곡동,중상사고,0,2,0,0,차대사람 - 기타,안전운전불이행,건조,맑음,단일로 - 기타,자전거,남,16세,중상,보행자,여,73세,중상
2013060100100425,2013년 6월 1일 17시,토요일,부산광역시 사하구 괴정동,경상사고,0,0,1,0,차대사람 - 기타,안전운전불이행,건조,맑음,단일로 - 기타,화물,남,66세,상해없음,보행자,여,18세,경상
2013060100100475,2013년 6월 1일 18시,토요일,부산광역시 동구 범일동,중상사고,0,1,0,0,차대차 - 기타,교차로운행방법위반,건조,맑음,교차로 - 교차로안,승용,여,35세,상해없음,승용,여,33세,중상
2013060100100476,2013년 6월 1일 18시,토요일,부산광역시 금정구 두구동,중상사고,0,1,0,0,차대차 - 측면직각충돌,교차로운행방법위반,건조,맑음,교차로 - 교차로안,승용,남,43세,상해없음,원동기,남,59세,중상
2013060100100502,2013년 6월 1일 19시,토요일,부산광역시 사하구 하단동,경상사고,0,0,1,0,차대차 - 추돌 - 진행중,안전거리미확보,건조,맑음,교차로 - 교차로부근,승용,여,45세,상해없음,이륜,남,21세,경상
2013060100100538,2013년 6월 1일 20시,토요일,부산광역시 부산진구 부전동,경상사고,0,0,1,0,차대사람 - 기타,안전운전불이행,건조,맑음,단일로 - 기타,승용,남,34세,상해없음,보행자,남,29세,경상
2013060100100539,2013년 6월 1일 20시,토요일,부산광역시 사하구 당리동,중상사고,0,1,0,0,차대차 - 추돌 - 진행중,중앙선침범,건조,맑음,단일로 - 기타,승용,여,36세,상해없음,이륜,남,58세,중상
2013060100100540,2013년 6월 1일 20시,토요일,부산광역시 기장군 기장읍,경상사고,0,0,1,0,차대차 - 기타,직진우회전진행방해,건조,흐림,교차로 - 교차로안,승용,남,55세,상해없음,이륜,남,54세,경상
2013060100100577,2013년 6월 1일 21시,토요일,부산광역시 동구 좌천동,중상사고,0,1,2,0,차대차 - 추돌 - 주정차중,안전거리미확보,건조,맑음,교차로 - 교차로부근,승용,남,28세,경상,승용,남,38세,상해없음
2013060100100578,2013년 6월 1일 21시,토요일,부산광역시 남구 용호동,중상사고,0,1,0,0,차대차 - 기타,안전운전불이행,건조,맑음,단일로 - 기타,승용,남,56세,상해없음,자전거,남,48세,중상
2013060100100579,2013년 6월 1일 21시,토요일,부산광역시 사하구 하단동,중상사고,0,1,0,0,차대사람 - 기타,안전운전불이행,건조,맑음,단일로 - 기타,승용,남,58세,상해없음,보행자,남,51세,중상
2013060100100633,2013년 6월 1일 23시,토요일,부산광역시 남구 용호동,경상사고,0,0,2,0,차대차 - 추돌 - 주정차중,안전운전불이행,건조,맑음,교차로 - 교차로부근,화물,남,61세,상해없음,승용,남,44세,경상
2013060100100634,2013년 6월 1일 23시,토요일,부산광역시 해운대구 우동,중상사고,0,1,0,0,차대사람 - 횡단중,보행자보호의무위반,건조,맑음,단일로 - 기타,자전거,남,18세,상해없음,보행자,남,52세,중상
2013060200100006,2013년 6월 2일 00시,일요일,부산광역시 동래구 온천동,경상사고,0,0,1,0,차대차 - 측면직각충돌,신호위반,건조,맑음,교차로 - 교차로안,승용,남,46세,상해없음,원동기,남,27세,경상
2013060200100007,2013년 6월 2일 00시,일요일,부산광역시 동래구 온천동,경상사고,0,0,1,0,차대차 - 추돌 - 진행중,안전운전불이행,건조,맑음,단일로 - 기타,승용,남,52세,상해없음,승용,남,36세,경상
2013060200100052,2013년 6월 2일 02시,일요일,부산광역시 서구 충무동3가,경상사고,0,0,1,0,차대차 - 기타,안전운전불이행,건조,맑음,단일로 - 기타,승용,남,34세,상해없음,승용,남,34세,경상
2013060200100053,2013년 6월 2일 02시,일요일,부산광역시 해운대구 우동,중상사고,0,4,0,0,차대차 - 측면직각충돌,신호위반,건조,맑음,단일로 - 기타,승용,남,44세,상해없음,승용,남,20세,중상
2013060200100081,2013년 6월 2일 04시,일요일,부산광역시 남구 대연동,부상신고사고,0,0,0,1,차대차 - 기타,중앙선침범,건조,맑음,단일로 - 기타,승용,남,21세,상해없음,승용,남,66세,부상신고
2013060200100082,2013년 6월 2일 04시,일요일,부산광역시 부산진구 부전동,중상사고,0,1,0,0,차대차 - 기타,안전운전불이행,건조,맑음,단일로 - 기타,승용,남,31세,상해없음,화물,남,42세,중상
2013060200100097,2013년 6월 2일 05시,일요일,부산광역시 남구 우암동,중상사고,0,1,0,0,차대차 - 정면충돌,중앙선침범,건조,맑음,단일로 - 기타,승용,남,34세,중상,특수,남,45세,상해없음
2013060200100098,2013년 6월 2일 05시,일요일,부산광역시 부산진구 부전동,경상사고,0,0,3,0,차대차 - 측면직각충돌,안전운전불이행,건조,맑음,단일로 - 기타,승용,남,32세,상해없음,승용,여,26세,경상
2013060200100099,2013년 6월 2일 05시,일요일,부산광역시 금정구 금사동,경상사고,0,0,1,0,차대차 - 추돌 - 주정차중,안전운전불이행,건조,맑음,교차로 - 교차로부근,승용,남,25세,상해없음,승합,남,59세,경상
2013060200100105,2013년 6월 2일 06시,일요일,부산광역시 부산진구 부전동,중상사고,0,1,0,0,차대사람 - 보도통행중,기타,건조,맑음,단일로 - 기타,원동기,남,56세,상해없음,보행자,남,29세,중상
2013060200100118,2013년 6월 2일 07시,일요일,부산광역시 서구 서대신동2가,부상신고사고,0,0,0,1,차량단독 - 공작물충돌,안전운전불이행,건조,맑음,단일로 - 기타,특수,남,57세,부상신고,,,,
2013060200100119,2013년 6월 2일 07시,일요일,부산광역시 해운대구 우동,경상사고,0,0,1,0,차대차 - 추돌 - 주정차중,안전운전불이행,건조,맑음,교차로 - 교차로부근,승용,남,28세,상해없음,승용,남,63세,경상
2013060200100120,2013년 6월 2일 07시,일요일,부산광역시 금정구 구서동,중상사고,0,2,0,0,차대차 - 추돌 - 진행중,불법유턴,건조,맑음,단일로 - 기타,승용,여,59세,중상,승용,남,65세,중상
2013060200100139,2013년 6월 2일 08시,일요일,부산광역시 부산진구 양정동,경상사고,0,0,1,0,차대사람 - 횡단중,안전운전불이행,건조,맑음,단일로 - 횡단보도상,승용,남,66세,상해없음,보행자,여,63세,경상
2013060200100157,2013년 6월 2일 09시,일요일,부산광역시 남구 용호동,중상사고,0,1,0,0,차대사람 - 횡단중,교차로운행방법위반,건조,맑음,교차로 - 교차로안,화물,남,64세,상해없음,보행자,남,13세,중상
2013060200100185,2013년 6월 2일 11시,일요일,부산광역시 해운대구 반송동,중상사고,0,1,0,0,차대사람 - 횡단중,안전운전불이행,건조,맑음,단일로 - 기타,승용,남,53세,상해없음,보행자,여,16세,중상
2013060200100186,2013년 6월 2일 11시,일요일,부산광역시 사하구 하단동,경상사고,0,0,2,0,차대차 - 측면직각충돌,안전거리미확보,건조,맑음,교차로 - 교차로부근,승용,남,35세,상해없음,승용,남,28세,경상
2013060200100231,2013년 6월 2일 13시,일요일,부산광역시 북구 구포동,경상사고,0,0,1,0,차대차 - 추돌 - 진행중,안전운전불이행,건조,맑음,단일로 - 기타,화물,남,50세,상해없음,승용,남,46세,상해없음
2013060200100232,2013년 6월 2일 13시,일요일,부산광역시 금정구 장전동,경상사고,0,0,4,0,차대차 - 측면직각충돌,직진우회전진행방해,건조,맑음,교차로 - 교차로안,승용,남,29세,경상,승용,남,28세,경상
2013060200100233,2013년 6월 2일 13시,일요일,부산광역시 사하구 신평동,중상사고,0,1,0,0,차대사람 - 기타,안전운전불이행,건조,맑음,단일로 - 기타,승용,남,39세,상해없음,보행자,남,11세,중상