사고번호,사고일시,요일,시군구,사고내용,사망자수,중상자수,경상자수,부상신고자수,사고유형,법규위반,노면상태,기상상태,도로형태,가해운전자 차종,가해운전자 성별,가해운전자 연령,가해운전자 상해정도,피해운전자 차종,피해운전자 성별,피해운전자 연령,피해운전자 상해정도
2013060600100108,2013년 6월 6일 06시,목요일,부산광역시 수영구 민락동,중상사고,0,1,0,0,차대차 - 측면직각충돌,안전운전불이행,건조,맑음,단일로 - 기타,이륜,남,72세,중상,승용,남,50세,상해없음
2013060600100124,2013년 6월 6일 07시,목요일,부산광역시 중구 남포동1가,중상사고,0,1,1,0,차대차 - 측면직각충돌,신호위반,건조,맑음,단일로 - 횡단보도부근,건설기계,남,61세,상해없음,승용,남,40세,경상
2013060600100125,2013년 6월 6일 07시,목요일,부산광역시 동구 수정동,부상신고사고,0,0,0,1,차대차 - 기타,안전거리미확보,건조,맑음,단일로 - 터널,승용,여,35세,부상신고,건설기계,기타불명,기타불명,기타불명
2013060600100160,2013년 6월 6일 09시,목요일,부산광역시 해운대구 석대동,중상사고,0,2,2,0,차대차 - 추돌 - 진행중,안전거리미확보,건조,맑음,단일로 - 기타,화물,남,61세,상해없음,승용,남,60세,중상
2013060600100161,2013년 6월 6일 09시,목요일,부산광역시 사하구 신평동,경상사고,0,0,2,0,차대차 - 측면직각충돌,안전운전불이행,건조,맑음,단일로 - 기타,화물,남,43세,상해없음,승용,여,29세,경상
2013060600100187,2013년 6월 6일 10시,목요일,부산광역시 남구 문현동,경상사고,0,0,1,0,차대차 - 기타,중앙선침범,건조,맑음,단일로 - 기타,승용,남,37세,상해없음,원동기,남,40세,경상
2013060600100188,2013년 6월 6일 10시,목요일,부산광역시 사하구 하단동,경상사고,0,0,1,0,차대사람 - 길가장자리구역통행중,기타,건조,맑음,단일로 - 기타,승용,기타불명,기타불명,기타불명,보행자,여,53세,경상
2013060600100211,2013년 6월 6일 11시,목요일,부산광역시 금정구 남산동,부상신고사고,0,0,0,1,차대사람 - 기타,안전운전불이행,건조,맑음,단일로 - 기타,승용,남,48세,상해없음,보행자,남,40세,부상신고
2013060600100240,2013년 6월 6일 12시,목요일,부산광역시 남구 우암동,중상사고,0,1,0,0,차대차 - 기타,기타,건조,맑음,기타 - 기타,자전거,여,8세,중상,승용,남,50세,상해없음
2013060600100266,2013년 6월 6일 13시,목요일,부산광역시 금정구 장전동,중상사고,0,1,0,0,차대사람 - 횡단중,안전운전불이행,건조,맑음,단일로 - 기타,승용,여,44세,상해없음,보행자,여,13세,중상
2013060600100267,2013년 6월 6일 13시,목요일,부산광역시 사하구 다대동,경상사고,0,0,1,0,차대차 - 측면직각충돌,교차로운행방법위반,건조,맑음,교차로 - 교차로안,승용,남,50세,상해없음,원동기,남,43세,경상
2013060600100291,2013년 6월 6일 14시,목요일,부산광역시 부산진구 부암동,경상사고,0,0,3,0,차대차 - 기타,안전운전불이행,건조,맑음,교차로 - 교차로부근,승용,여,65세,상해없음,승용,남,55세,경상
2013060600100358,2013년 6월 6일 16시,목요일,부산광역시 동구 범일동,경상사고,0,0,1,0,차대차 - 추돌 - 진행중,안전운전불이행,건조,맑음,단일로 - 기타,승용,남,31세,상해없음,승용,남,34세,경상
2013060600100359,2013년 6월 6일 16시,목요일,부산광역시 사상구 학장동,중상사고,0,1,0,0,차대차 - 추돌 - 진행중,안전운전불이행,건조,맑음,교차로 - 교차로안,승용,남,35세,상해없음,승합,남,57세,상해없음
2013060600100439,2013년 6월 6일 19시,목요일,부산광역시 해운대구 송정동,중상사고,0,1,3,0,차대차 - 추돌 - 주정차중,안전운전불이행,건조,맑음,교차로 - 교차로부근,승용,여,26세,상해없음,승용,남,53세,중상
2013060600100460,2013년 6월 6일 20시,목요일,부산광역시 기장군 정관면,경상사고,0,0,1,0,차대차 - 기타,신호위반,건조,맑음,교차로 - 교차로부근,이륜,남,42세,경상,승용,남,49세,상해없음
2013060600100497,2013년 6월 6일 21시,목요일,부산광역시 수영구 남천동,경상사고,0,0,1,0,차대차 - 기타,신호위반,건조,맑음,단일로 - 기타,승용,남,62세,상해없음,자전거,남,23세,경상
2013060600100498,2013년 6월 6일 21시,목요일,부산광역시 금정구 금성동,부상신고사고,0,0,0,1,차량단독 - 공작물충돌,안전운전불이행,건조,맑음,단일로 - 기타,승용,남,29세,상해없음,,,,
2013060600100499,2013년 6월 6일 21시,목요일,부산광역시 연제구 거제동,중상사고,0,1,0,0,차대차 - 추돌 - 진행중,안전거리미확보,건조,기타,교차로 - 교차로부근,승용,남,63세,상해없음,승용,남,57세,상해없음
2013060600100534,2013년 6월 6일 22시,목요일,부산광역시 사하구 괴정동,경상사고,0,0,1,0,차대사람 - 횡단중,신호위반,건조,맑음,단일로 - 횡단보도상,승합,남,41세,상해없음,보행자,남,52세,경상
2013060600100550,2013년 6월 6일 23시,목요일,부산광역시 남구 대연동,경상사고,0,0,1,0,차대사람 - 기타,안전운전불이행,건조,맑음,단일로 - 기타,승용,남,38세,상해없음,보행자,남,19세,경상
2013060600100551,2013년 6월 6일 23시,목요일,부산광역시 사상구 괘법동,중상사고,0,1,0,0,차대사람 - 횡단중,보행자보호의무위반,건조,맑음,단일로 - 기타,승용,남,38세,상해없음,보행자,여,17세,중상
2013060600100552,2013년 6월 6일 23시,목요일,부산광역시 기장군 정관면,중상사고,0,1,0,0,차대차 - 측면직각충돌,교차로운행방법위반,건조,맑음,교차로 - 교차로안,승용,남,52세,상해없음,화물,남,39세,중상
2013060700100041,2013년 6월 7일 04시,금요일,부산광역시 부산진구 부전동,중상사고,0,1,0,0,차대사람 - 횡단중,안전운전불이행,건조,맑음,단일로 - 기타,이륜,남,21세,상해없음,보행자,남,46세,중상
2013060700100056,2013년 6월 7일 06시,금요일,부산광역시 서구 암남동,경상사고,0,0,1,0,차대차 - 추돌 - 주정차중,안전거리미확보,건조,맑음,단일로 - 기타,화물,남,59세,상해없음,승용,남,61세,경상
2013060700100075,2013년 6월 7일 07시,금요일,부산광역시 해운대구 재송동,경상사고,0,0,1,0,차대차 - 추돌 - 진행중,안전거리미확보,건조,맑음,단일로 - 기타,승용,남,57세,상해없음,승용,남,45세,상해없음
2013060700100076,2013년 6월 7일 07시,금요일,부산광역시 사상구 감전동,경상사고,0,0,1,0,차대사람 - 기타,안전운전불이행,건조,맑음,단일로 - 기타,승용,남,45세,상해없음,보행자,남,64세,경상
2013060700100077,2013년 6월 7일 07시,금요일,부산광역시 사상구 모라동,경상사고,0,0,1,0,차대차 - 추돌 - 진행중,차로위반,건조,맑음,단일로 - 기타,화물,남,58세,상해없음,원동기,남,27세,경상
2013060700100102,2013년 6월 7일 08시,금요일,부산광역시 해운대구 반여동,경상사고,0,0,1,0,차대사람 - 횡단중,안전운전불이행,건조,흐림,단일로 - 기타,이륜,남,63세,상해없음,보행자,남,33세,경상
2013060700100139,2013년 6월 7일 09시,금요일,부산광역시 동구 초량동,경상사고,0,0,2,0,차대차 - 측면직각충돌,직진우회전진행방해,건조,맑음,교차로 - 교차로안,승용,여,34세,경상,승용,여,54세,경상
2013060700100140,2013년 6월 7일 09시,금요일,부산광역시 부산진구 부전동,중상사고,0,1,0,0,차대사람 - 횡단중,보행자보호의무위반,건조,맑음,단일로 - 횡단보도상,승용,남,35세,상해없음,보행자,여,29세,중상
2013060700100141,2013년 6월 7일 09시,금요일,부산광역시 금정구 부곡동,중상사고,0,1,0,0,차대사람 - 보도통행중,보행자보호의무위반,건조,맑음,단일로 - 횡단보도상,승용,남,65세,상해없음,보행자,여,54세,중상
2013060700100255,2013년 6월 7일 13시,금요일,부산광역시 중구 부평동2가,중상사고,0,1,0,0,차대사람 - 길가장자리구역통행중,안전운전불이행,건조,맑음,단일로 - 기타,이륜,남,57세,상해없음,보행자,남,47세,중상
2013060700100282,2013년 6월 7일 14시,금요일,부산광역시 수영구 남천동,중상사고,0,2,0,0,차대차 - 측면직각충돌,차로위반,건조,맑음,단일로 - 기타,승용,여,29세,상해없음,원동기,여,53세,중상
2013060700100283,2013년 6월 7일 14시,금요일,부산광역시 남구 대연동,중상사고,0,2,1,0,차대차 - 추돌 - 진행중,안전거리미확보,건조,맑음,단일로 - 기타,승용,남,50세,상해없음,원동기,남,20세,경상
2013060700100284,2013년 6월 7일 14시,금요일,부산광역시 사하구 감천동,중상사고,0,1,0,0,차대사람 - 횡단중,안전운전불이행,건조,맑음,단일로 - 기타,원동기,남,29세,상해없음,보행자,여,75세,중상
2013060700100285,2013년 6월 7일 14시,금요일,부산광역시 사상구 학장동,중상사고,0,1,0,0,차대사람 - 기타,신호위반,건조,맑음,단일로 - 기타,승용,여,59세,상해없음,보행자,여,9세,중상
2013060700100326,2013년 6월 7일 15시,금요일,부산광역시 중구 중앙동4가,경상사고,0,0,1,0,차대차 - 측면직각충돌,안전운전불이행,건조,맑음,단일로 - 기타,승용,남,45세,상해없음,승용,남,34세,경상
2013060700100327,2013년 6월 7일 15시,금요일,부산광역시 남구 대연동,경상사고,0,0,1,0,차대차 - 추돌 - 진행중,신호위반,건조,맑음,교차로 - 교차로안,승용,남,60세,상해없음,승용,남,42세,경상
2013060700100328,2013년 6월 7일 15시,금요일,부산광역시 동래구 안락동,중상사고,0,1,0,0,차대차 - 기타,안전운전불이행,건조,맑음,단일로 - 교량,승용,여,59세,상해없음,승합,남,55세,상해없음
2013060700100329,2013년 6월 7일 15시,금요일,부산광역시 강서구 신호동,경상사고,0,0,3,0,차대차 - 기타,안전운전불이행,건조,맑음,단일로 - 기타,승용,남,48세,기타불명,승합,남,48세,상해없음
2013060700100367,2013년 6월 7일 16시,금요일,부산광역시 서구 아미동2가,경상사고,0,0,2,0,차대차 - 측면직각충돌,중앙선침범,건조,맑음,단일로 - 기타,승용,남,53세,상해없음,이륜,남,60세,경상
2013060700100368,2013년 6월 7일 16시,금요일,부산광역시 부산진구 범천동,부상신고사고,0,0,0,1,차대차 - 추돌 - 진행중,안전운전불이행,건조,맑음,단일로 - 기타,이륜,남,17세,상해없음,승용,여,27세,상해없음
2013060700100396,2013년 6월 7일 17시,금요일,부산광역시 연제구 거제동,경상사고,0,0,1,0,차대차 - 측면직각충돌,안전운전불이행,건조,맑음,단일로 - 횡단보도상,승용,남,40세,상해없음,자전거,남,15세,경상
2013060700100397,2013년 6월 7일 17시,금요일,부산광역시 사상구 엄궁동,경상사고,0,0,1,0,차대차 - 추돌 - 주정차중,안전운전불이행,건조,맑음,단일로 - 기타,승용,남,69세,상해없음,승용,여,52세,경상
2013060700100432,2013년 6월 7일 18시,금요일,부산광역시 강서구 식만동,부상신고사고,0,0,0,1,차량단독 - 공작물충돌,안전운전불이행,건조,맑음,단일로 - 기타,화물,남,66세,부상신고,,,,
2013060700100485,2013년 6월 7일 19시,금요일,부산광역시 동래구 안락동,부상신고사고,0,0,0,1,차대차 - 측면직각충돌,안전운전불이행,건조,맑음,단일로 - 기타,승용,기타불명,기타불명,기타불명,자전거,남,58세,부상신고
2013060700100521,2013년 6월 7일 20시,금요일,부산광역시 중구 동광동4가,경상사고,0,0,1,0,차대사람 - 기타,안전운전불이행,건조,맑음,단일로 - 횡단보도부근,승용,남,65세,상해없음,보행자,남,49세,경상
2013060700100522,2013년 6월 7일 20시,금요일,부산광역시 북구 덕천동,경상사고,0,0,1,0,차대차 - 측면직각충돌,신호위반,건조,맑음,교차로 - 교차로안,승용,여,54세,상해없음,이륜,남,16세,경상
2013060700100523,2013년 6월 7일 20시,금요일,부산광역시 해운대구 반여동,경상사고,0,0,1,0,차대차 - 측면직각충돌,안전거리미확보,기타,맑음,단일로 - 기타,승용,남,40세,상해없음,이륜,남,16세,경상
2013060700100524,2013년 6월 7일 20시,금요일,부산광역시 부산진구 양정동,부상신고사고,0,0,0,1,차대차 - 기타,안전운전불이행,건조,맑음,단일로 - 기타,원동기,남,26세,부상신고,승용,남,30세,상해없음
2013060700100560,2013년 6월 7일 21시,금요일,부산광역시 사하구 하단동,경상사고,0,0,1,0,차대차 - 측면직각충돌,신호위반,건조,맑음,교차로 - 교차로안,승용,남,58세,상해없음,승용,여,37세,경상
2013060700100605,2013년 6월 7일 22시,금요일,부산광역시 수영구 민락동,경상사고,0,0,1,0,차대사람 - 기타,보행자보호의무위반,건조,맑음,단일로 - 횡단보도상,승용,남,47세,상해없음,보행자,남,52세,경상
2013060700100606,2013년 6월 7일 22시,금요일,부산광역시 북구 덕천동,중상사고,0,1,0,0,차대차 - 추돌 - 진행중,안전운전불이행,건조,맑음,단일로 - 기타,승합,남,35세,상해없음,원동기,남,18세,중상
2013060700100607,2013년 6월 7일 22시,금요일,부산광역시 해운대구 중동,경상사고,0,0,1,0,차대차 - 정면충돌,안전운전불이행,기타,맑음,단일로 - 기타,자전거,남,37세,경상,승용,남,73세,상해없음
2013060800100007,2013년 6월 8일 00시,토요일,부산광역시 연제구 거제동,경상사고,0,0,1,0,차대사람 - 기타,안전운전불이행,건조,맑음,단일로 - 기타,승용,여,38세,기타불명,보행자,남,41세,경상
2013060800100056,2013년 6월 8일 02시,토요일,부산광역시 영도구 영선동1가,중상사고,0,1,0,0,차량단독 - 전도전복,안전운전불이행,건조,맑음,기타 - 기타,이륜,남,43세,중상,,,,
2013060800100069,2013년 6월 8일 03시,토요일,부산광역시 북구 덕천동,중상사고,0,2,0,0,차대차 - 추돌 - 진행중,안전거리미확보,건조,맑음,교차로 - 교차로부근,승용,남,60세,상해없음,이륜,남,25세,중상
2013060800100070,2013년 6월 8일 03시,토요일,부산광역시 강서구 송정동,중상사고,0,2,0,0,차대차 - 기타,중앙선침범,건조,맑음,단일로 - 기타,승용,남,55세,중상,승용,남,32세,중상
2013060800100087,2013년 6월 8일 04시,토요일,부산광역시 기장군 장안읍,중상사고,0,2,0,0,차대차 - 정면충돌,중앙선침범,건조,맑음,교차로 - 교차로부근,승용,남,41세,상해없음,화물,남,70세,중상
2013060800100136,2013년 6월 8일 07시,토요일,부산광역시 동구 수정동,경상사고,0,0,1,0,차대차 - 측면직각충돌,안전운전불이행,건조,맑음,단일로 - 기타,승용,남,21세,상해없음,이륜,남,62세,경상
2013060800100203,2013년 6월 8일 10시,토요일,부산광역시 동구 범일동,경상사고,0,0,1,0,차대차 - 기타,기타,건조,맑음,단일로 - 기타,승용,남,39세,상해없음,이륜,남,49세,경상
2013060800100204,2013년 6월 8일 10시,토요일,부산광역시 북구 만덕동,부상신고사고,0,0,0,1,차대사람 - 기타,안전운전불이행,건조,맑음,단일로 - 기타,승용,남,69세,상해없음,보행자,남,26세,부상신고
2013060800100205,2013년 6월 8일 10시,토요일,부산광역시 동래구 온천동,중상사고,0,1,0,0,차대차 - 추돌 - 주정차중,안전운전불이행,건조,맑음,단일로 - 기타,승용,남,38세,상해없음,승합,남,60세,중상
2013060800100206,2013년 6월 8일 10시,토요일,부산광역시 해운대구 우동,중상사고,0,1,2,0,차대차 - 측면직각충돌,안전운전불이행,건조,맑음,교차로 - 교차로부근,원동기,남,64세,상해없음,승용,남,40세,경상
2013060800100207,2013년 6월 8일 10시,토요일,부산광역시 금정구 부곡동,경상사고,0,0,1,0,차대차 - 측면직각충돌,직진우회전진행방해,건조,맑음,교차로 - 교차로안,승용,남,67세,상해없음,이륜,남,54세,경상
2013060800100208,2013년 6월 8일 10시,토요일,부산광역시 기장군 정관면,경상사고,0,0,1,0,차대사람 - 기타,안전운전불이행,건조,맑음,단일로 - 기타,기타불명,기타불명,기타불명,기타불명,보행자,남,24세,경상
2013060800100241,2013년 6월 8일 11시,토요일,부산광역시 남구 문현동,중상사고,0,1,0,0,차대차 - 측면직각충돌,신호위반,건조,맑음,교차로 - 교차로안,승용,남,69세,상해없음,이륜,남,58세,중상
2013060800100242,2013년 6월 8일 11시,토요일,부산광역시 사상구 감전동,경상사고,0,0,2,0,차대차 - 측면직각충돌,직진우회전진행방해,건조,맑음,교차로 - 교차로안,승용,남,50세,경상,승용,남,52세,경상
2013060800100268,2013년 6월 8일 12시,토요일,부산광역시 금정구 구서동,경상사고,0,0,1,0,차대차 - 추돌 - 진행중,안전거리미확보,건조,맑음,단일로 - 기타,건설기계,남,58세,상해없음,승용,남,27세,경상
2013060800100309,2013년 6월 8일 13시,토요일,부산광역시 금정구 구서동,경상사고,0,0,1,0,차대사람 - 기타,안전운전불이행,건조,맑음,교차로 - 교차로안,화물,남,57세,상해없음,보행자,여,68세,경상
2013060800100343,2013년 6월 8일 14시,토요일,부산광역시 남구 대연동,중상사고,0,1,0,0,차대사람 - 기타,안전운전불이행,건조,맑음,단일로 - 기타,기타불명,기타불명,기타불명,기타불명,보행자,남,12세,중상
2013060800100344,2013년 6월 8일 14시,토요일,부산광역시 남구 용호동,경상사고,0,0,1,0,차대차 - 측면직각충돌,교차로운행방법위반,건조,맑음,교차로 - 교차로안,승용,남,44세,상해없음,원동기,남,53세,경상
2013060800100425,2013년 6월 8일 17시,토요일,부산광역시 수영구 광안동,부상신고사고,0,0,0,1,차대사람 - 길가장자리구역통행중,안전운전불이행,건조,맑음,단일로 - 기타,승용,남,66세,상해없음,보행자,남,23세,부상신고
2013060800100426,2013년 6월 8일 17시,토요일,부산광역시 해운대구 반여동,경상사고,0,0,1,0,차대차 - 추돌 - 진행중,안전운전불이행,건조,맑음,교차로 - 교차로부근,승용,남,56세,상해없음,승용,여,25세,경상
2013060800100427,2013년 6월 8일 17시,토요일,부산광역시 사하구 하단동,경상사고,0,0,1,0,차대차 - 측면직각충돌,안전거리미확보,건조,맑음,단일로 - 기타,승용,남,32세,상해없음,원동기,남,24세,경상
2013060800100453,2013년 6월 8일 18시,토요일,부산광역시 서구 동대신동1가,경상사고,0,0,1,0,차량단독 - 기타,안전운전불이행,건조,맑음,단일로 - 기타,승합,남,41세,상해없음,,,,
2013060800100454,2013년 6월 8일 18시,토요일,부산광역시 남구 우암동,중상사고,0,1,0,0,차대사람 - 기타,기타,건조,맑음,단일로 - 기타,화물,남,70세,상해없음,보행자,여,69세,중상
2013060800100455,2013년 6월 8일 18시,토요일,부산광역시 연제구 연산동,부상신고사고,0,0,0,1,차대차 - 추돌 - 진행중,안전운전불이행,건조,맑음,교차로 - 교차로부근,승용,여,50세,상해없음,승용,남,31세,부상신고
2013060800100456,2013년 6월 8일 18시,토요일,부산광역시 사상구 괘법동,부상신고사고,0,0,0,1,차대차 - 기타,안전거리미확보,건조,맑음,단일로 - 기타,이륜,남,21세,부상신고,승용,남,55세,상해없음
2013060800100477,2013년 6월 8일 19시,토요일,부산광역시 수영구 민락동,중상사고,0,1,0,0,차대차 - 측면직각충돌,안전운전불이행,건조,맑음,단일로 - 기타,이륜,남,39세,중상,승용,남,62세,상해없음
2013060800100502,2013년 6월 8일 20시,토요일,부산광역시 북구 만덕동,중상사고,0,1,0,0,차대차 - 추돌 - 진행중,안전운전불이행,건조,맑음,기타 - 기타,승용,남,51세,기타불명,승용,남,26세,중상
2013060800100503,2013년 6월 8일 20시,토요일,부산광역시 동래구 사직동,중상사고,0,1,0,0,차대사람 - 기타,보행자보호의무위반,건조,맑음,단일로 - 횡단보도상,원동기,남,19세,상해없음,보행자,여,26세,중상
2013060800100504,2013년 6월 8일 20시,토요일,부산광역시 기장군 정관면,경상사고,0,0,1,0,차대차 - 추돌 - 주정차중,안전운전불이행,건조,맑음,교차로 - 교차로부근,승용,남,55세,상해없음,승용,여,45세,경상
2013060800100534,2013년 6월 8일 21시,토요일,부산광역시 부산진구 개금동,중상사고,0,1,0,0,차대차 - 정면충돌,중앙선침범,건조,맑음,단일로 - 기타,이륜,남,53세,중상,승용,남,65세,상해없음
2013060800100535,2013년 6월 8일 21시,토요일,부산광역시 연제구 거제동,중상사고,0,1,0,0,차대차 - 추돌 - 진행중,안전거리미확보,건조,맑음,교차로 - 교차로부근,화물,남,52세,상해없음,원동기,남,52세,중상
2013060800100569,2013년 6월 8일 22시,토요일,부산광역시 해운대구 재송동,경상사고,0,0,2,0,차대차 - 추돌 - 진행중,안전운전불이행,건조,맑음,단일로 - 기타,승용,남,32세,상해없음,승용,여,35세,경상
2013060800100570,2013년 6월 8일 22시,토요일,부산광역시 수영구 망미동,경상사고,0,0,2,1,차대차 - 추돌 - 진행중,안전운전불이행,건조,맑음,교차로 - 교차로부근,화물,남,43세,상해없음,승용,남,50세,부상신고
2013060800100585,2013년 6월 8일 23시,토요일,부산광역시 해운대구 우동,경상사고,0,0,1,0,차대차 - 측면직각충돌,교차로운행방법위반,건조,맑음,교차로 - 교차로안,승용,남,31세,상해없음,승용,남,30세,경상
2013060900100006,2013년 6월 9일 00시,일요일,부산광역시 수영구 광안동,중상사고,0,1,0,0,차대차 - 기타,안전운전불이행,건조,맑음,교차로 - 교차로부근,승용,남,55세,상해없음,승용,남,63세,중상
2013060900100007,2013년 6월 9일 00시,일요일,부산광역시 해운대구 반여동,경상사고,0,0,1,0,차대차 - 측면직각충돌,교차로운행방법위반,건조,맑음,교차로 - 교차로안,승용,여,53세,상해없음,승용,남,54세,경상
2013060900100008,2013년 6월 9일 00시,일요일,부산광역시 금정구 노포동,중상사고,0,1,0,0,차대사람 - 횡단중,안전운전불이행,건조,맑음,단일로 - 횡단보도부근,승용,남,35세,상해없음,보행자,남,54세,중상
2013060900100009,2013년 6월 9일 00시,일요일,부산광역시 강서구 죽동동,중상사고,0,1,0,0,차량단독 - 공작물충돌,안전운전불이행,건조,맑음,단일로 - 기타,승용,여,39세,상해없음,,,,
2013060900100046,2013년 6월 9일 02시,일요일,부산광역시 사하구 신평동,부상신고사고,0,0,0,1,차대차 - 기타,안전운전불이행,건조,맑음,단일로 - 기타,원동기,남,16세,상해없음,승용,남,27세,상해없음
2013060900100047,2013년 6월 9일 02시,일요일,부산광역시 강서구 대저1동,중상사고,0,1,2,0,차대차 - 추돌 - 주정차중,안전운전불이행,건조,맑음,단일로 - 기타,승용,남,32세,상해없음,승합,여,37세,중상
2013060900100058,2013년 6월 9일 03시,일요일,부산광역시 동래구 온천동,중상사고,0,1,0,0,차대사람 - 횡단중,안전운전불이행,건조,맑음,단일로 - 횡단보도부근,승용,남,46세,상해없음,보행자,남,34세,중상
2013060900100059,2013년 6월 9일 03시,일요일,부산광역시 사하구 신평동,경상사고,0,0,1,0,차대차 - 기타,안전운전불이행,건조,맑음,교차로 - 교차로안,승용,남,48세,상해없음,승용,남,42세,경상
2013060900100080,2013년 6월 9일 05시,일요일,부산광역시 중구 남포동6가,중상사고,0,1,0,0,차대차 - 측면직각충돌,안전운전불이행,건조,맑음,교차로 - 교차로부근,이륜,남,24세,중상,승용,남,58세,상해없음
2013060900100091,2013년 6월 9일 06시,일요일,부산광역시 동구 초량동,중상사고,0,1,0,0,차대차 - 기타,신호위반,건조,맑음,교차로 - 교차로안,승용,남,63세,상해없음,승용,남,60세,중상
2013060900100092,2013년 6월 9일 06시,일요일,부산광역시 사상구 모라동,중상사고,0,1,0,0,차대차 - 기타,중앙선침범,건조,맑음,단일로 - 기타,자전거,남,73세,중상,승용,남,51세,상해없음
2013060900100100,2013년 6월 9일 07시,일요일,부산광역시 서구 동대신동3가,경상사고,0,0,2,0,차대차 - 기타,안전운전불이행,건조,맑음,교차로 - 교차로부근,승용,남,67세,상해없음,승합,남,41세,경상
2013060900100114,2013년 6월 9일 08시,일요일,부산광역시 영도구 봉래동1가,중상사고,0,1,0,0,차대사람 - 기타,안전운전불이행,건조,맑음,단일로 - 기타,승용,남,32세,상해없음,보행자,남,62세,중상
2013060900100134,2013년 6월 9일 09시,일요일,부산광역시 남구 우암동,중상사고,0,1,0,0,차대사람 - 차도통행중,안전운전불이행,건조,맑음,교차로 - 교차로부근,승용,남,31세,상해없음,보행자,남,58세,중상
2013060900100153,2013년 6월 9일 10시,일요일,부산광역시 해운대구 반여동,경상사고,0,0,1,0,차대차 - 측면직각충돌,신호위반,건조,맑음,교차로 - 교차로안,승용,여,63세,상해없음,승용,남,35세,경상
2013060900100154,2013년 6월 9일 10시,일요일,부산광역시 해운대구 중동,경상사고,0,0,2,0,차대차 - 측면직각충돌,안전거리미확보,건조,맑음,단일로 - 기타,승용,남,25세,상해없음,승용,여,56세,경상
2013060900100155,2013년 6월 9일 10시,일요일,부산광역시 연제구 거제동,경상사고,0,0,1,0,차대사람 - 횡단중,보행자보호의무위반,건조,맑음,단일로 - 횡단보도상,승용,남,47세,상해없음,보행자,여,25세,경상
2013060900100217,2013년 6월 9일 13시,일요일,부산광역시 동구 초량동,중상사고,0,1,0,0,차대차 - 측면직각충돌,신호위반,건조,맑음,교차로 - 교차로부근,승용,여,37세,상해없음,이륜,남,55세,중상
2013060900100218,2013년 6월 9일 13시,일요일,부산광역시 남구 대연동,경상사고,0,0,2,0,차대차 - 추돌 - 진행중,안전운전불이행,건조,흐림,교차로 - 교차로부근,승용,남,31세,상해없음,승용,남,58세,경상
2013060900100250,2013년 6월 9일 14시,일요일,부산광역시 북구 화명동,경상사고,0,0,1,0,차대차 - 추돌 - 주정차중,중앙선침범,건조,맑음,단일로 - 기타,이륜,남,14세,상해없음,화물,남,35세,기타불명
2013060900100251,2013년 6월 9일 14시,일요일,부산광역시 금정구 서동,경상사고,0,0,1,0,차대사람 - 횡단중,안전운전불이행,건조,맑음,단일로 - 기타,승용,남,62세,상해없음,보행자,여,78세,경상
2013060900100319,2013년 6월 9일 17시,일요일,부산광역시 동구 좌천동,경상사고,0,0,1,0,차대차 - 기타,교차로운행방법위반,건조,맑음,단일로 - 기타,승용,남,48세,경상,특수,남,45세,상해없음
2013060900100320,2013년 6월 9일 17시,일요일,부산광역시 서구 서대신동1가,경상사고,0,0,1,0,차대사람 - 보도통행중,기타,기타,맑음,단일로 - 기타,승용,여,53세,상해없음,보행자,여,56세,경상
2013060900100321,2013년 6월 9일 17시,일요일,부산광역시 남구 문현동,부상신고사고,0,0,0,1,차대차 - 측면직각충돌,신호위반,건조,맑음,교차로 - 교차로안,원동기,남,70세,부상신고,승용,여,56세,상해없음
2013060900100322,2013년 6월 9일 17시,일요일,부산광역시 강서구 대저2동,중상사고,0,1,0,0,차대사람 - 기타,안전운전불이행,건조,맑음,기타 - 기타,건설기계,남,45세,상해없음,보행자,남,55세,중상
2013060900100387,2013년 6월 9일 19시,일요일,부산광역시 사상구 주례동,경상사고,0,0,1,0,차대차 - 기타,안전운전불이행,건조,맑음,단일로 - 기타,승합,남,54세,상해없음,승용,여,38세,경상
2013060900100412,2013년 6월 9일 20시,일요일,부산광역시 남구 대연동,경상사고,0,0,1,0,차대사람 - 기타,안전운전불이행,건조,맑음,교차로 - 교차로부근,승용,남,39세,상해없음,보행자,남,16세,경상
2013060900100413,2013년 6월 9일 20시,일요일,부산광역시 남구 대연동,중상사고,0,1,0,1,차대차 - 측면직각충돌,안전거리미확보,건조,맑음,단일로 - 기타,승용,남,25세,상해없음,이륜,남,22세,부상신고
2013060900100440,2013년 6월 9일 21시,일요일,부산광역시 사상구 학장동,경상사고,0,0,7,0,차대차 - 추돌 - 주정차중,안전운전불이행,건조,맑음,교차로 - 교차로부근,승용,남,42세,상해없음,승용,남,35세,경상
2013060900100462,2013년 6월 9일 22시,일요일,부산광역시 중구 대청동1가,경상사고,0,0,1,0,차대차 - 추돌 - 진행중,안전운전불이행,건조,맑음,단일로 - 기타,승용,여,52세,상해없음,이륜,남,40세,경상
2013060900100463,2013년 6월 9일 22시,일요일,부산광역시 부산진구 전포동,부상신고사고,0,0,0,1,차대차 - 기타,교차로운행방법위반,건조,맑음,교차로 - 교차로안,승용,남,60세,상해없음,승용,남,29세,상해없음
2013060900100493,2013년 6월 9일 23시,일요일,부산광역시 수영구 민락동,중상사고,0,1,0,0,차대사람 - 차도통행중,안전운전불이행,건조,맑음,교차로 - 교차로안,원동기,남,17세,상해없음,보행자,남,57세,중상
2013060900100494,2013년 6월 9일 23시,일요일,부산광역시 수영구 광안동,경상사고,0,0,1,1,차대사람 - 횡단중,신호위반,건조,맑음,단일로 - 횡단보도상,승용,남,69세,상해없음,보행자,남,35세,부상신고