사고번호,사고일시,요일,시군구,사고내용,사망자수,중상자수,경상자수,부상신고자수,사고유형,법규위반,노면상태,기상상태,도로형태,가해운전자 차종,가해운전자 성별,가해운전자 연령,가해운전자 상해정도,피해운전자 차종,피해운전자 성별,피해운전자 연령,피해운전자 상해정도
2013061600100372,2013년 6월 16일 17시,일요일,부산광역시 해운대구 반여동,중상사고,0,1,0,0,차대차 - 측면직각충돌,안전운전불이행,건조,맑음,단일로 - 기타,승용,남,58세,상해없음,원동기,남,16세,중상
2013061600100397,2013년 6월 16일 18시,일요일,부산광역시 부산진구 부암동,경상사고,0,0,1,0,차량단독 - 기타,안전운전불이행,건조,맑음,교차로 - 교차로부근,승합,남,54세,상해없음,,,,
2013061600100398,2013년 6월 16일 18시,일요일,부산광역시 부산진구 가야동,경상사고,0,0,1,0,차대차 - 기타,안전운전불이행,건조,맑음,단일로 - 기타,승용,남,31세,상해없음,이륜,남,26세,경상
2013061600100399,2013년 6월 16일 18시,일요일,부산광역시 금정구 구서동,중상사고,0,3,4,1,차대차 - 측면직각충돌,중앙선침범,건조,맑음,단일로 - 기타,승용,남,27세,경상,승용,여,43세,중상
2013061600100433,2013년 6월 16일 19시,일요일,부산광역시 북구 구포동,중상사고,0,1,0,0,차대차 - 기타,안전운전불이행,건조,맑음,단일로 - 기타,승용,남,69세,상해없음,자전거,남,24세,중상
2013061600100434,2013년 6월 16일 19시,일요일,부산광역시 부산진구 개금동,경상사고,0,0,1,0,차대차 - 기타,안전거리미확보,건조,맑음,단일로 - 기타,승합,남,55세,상해없음,승용,남,31세,경상
2013061600100461,2013년 6월 16일 20시,일요일,부산광역시 영도구 청학동,경상사고,0,0,2,0,차대사람 - 횡단중,신호위반,건조,맑음,단일로 - 횡단보도상,이륜,남,17세,상해없음,보행자,여,44세,경상
2013061600100462,2013년 6월 16일 20시,일요일,부산광역시 영도구 청학동,경상사고,0,0,1,0,차대차 - 기타,안전거리미확보,건조,맑음,단일로 - 기타,승용,남,21세,상해없음,승합,남,33세,상해없음
2013061600100463,2013년 6월 16일 20시,일요일,부산광역시 사상구 모라동,경상사고,0,0,2,0,차대차 - 추돌 - 주정차중,안전운전불이행,건조,맑음,교차로 - 교차로부근,승용,남,49세,상해없음,승용,남,54세,경상
2013061600100498,2013년 6월 16일 21시,일요일,부산광역시 북구 구포동,중상사고,0,1,1,0,차대차 - 추돌 - 진행중,신호위반,건조,맑음,단일로 - 기타,승용,남,30세,상해없음,승용,여,53세,경상
2013061600100499,2013년 6월 16일 21시,일요일,부산광역시 해운대구 반여동,중상사고,0,2,0,0,차대차 - 측면직각충돌,교차로운행방법위반,건조,맑음,교차로 - 교차로안,원동기,남,19세,중상,승용,여,50세,상해없음
2013061600100500,2013년 6월 16일 21시,일요일,부산광역시 금정구 부곡동,경상사고,0,0,1,0,차대차 - 추돌 - 주정차중,안전운전불이행,건조,맑음,단일로 - 기타,승용,기타불명,기타불명,기타불명,승합,남,49세,경상
2013061600100501,2013년 6월 16일 21시,일요일,부산광역시 연제구 연산동,중상사고,0,1,0,0,차대차 - 측면직각충돌,신호위반,건조,맑음,교차로 - 교차로안,승용,남,30세,상해없음,이륜,남,17세,중상
2013061600100529,2013년 6월 16일 22시,일요일,부산광역시 해운대구 우동,경상사고,0,0,2,0,차대차 - 측면직각충돌,안전거리미확보,건조,맑음,교차로 - 교차로부근,승용,여,32세,상해없음,승용,남,39세,경상
2013061600100530,2013년 6월 16일 22시,일요일,부산광역시 사상구 괘법동,중상사고,0,1,1,0,차대차 - 측면직각충돌,중앙선침범,건조,맑음,단일로 - 기타,승용,남,58세,상해없음,이륜,남,23세,중상
2013061700100004,2013년 6월 17일 00시,월요일,부산광역시 동래구 명륜동,경상사고,0,0,1,0,차대차 - 측면직각충돌,안전운전불이행,건조,맑음,단일로 - 기타,승용,남,57세,상해없음,승용,남,58세,경상
2013061700100005,2013년 6월 17일 00시,월요일,부산광역시 금정구 장전동,경상사고,0,0,1,0,차대차 - 측면직각충돌,교차로운행방법위반,습기,비,교차로 - 교차로안,승용,남,25세,상해없음,승용,남,53세,상해없음
2013061700100023,2013년 6월 17일 02시,월요일,부산광역시 남구 우암동,부상신고사고,0,0,0,1,차량단독 - 기타,안전운전불이행,건조,맑음,단일로 - 기타,원동기,남,66세,부상신고,,,,
2013061700100059,2013년 6월 17일 07시,월요일,부산광역시 부산진구 가야동,중상사고,0,1,0,0,차대차 - 추돌 - 진행중,기타,건조,맑음,교차로 - 교차로안,이륜,남,17세,중상,승용,남,53세,상해없음
2013061700100089,2013년 6월 17일 08시,월요일,부산광역시 중구 부평동4가,경상사고,0,0,1,0,차대차 - 측면직각충돌,안전운전불이행,건조,맑음,단일로 - 기타,승용,여,32세,상해없음,승용,남,62세,경상
2013061700100090,2013년 6월 17일 08시,월요일,부산광역시 금정구 금사동,부상신고사고,0,0,0,1,차대차 - 추돌 - 주정차중,안전거리미확보,건조,맑음,단일로 - 기타,승용,남,40세,상해없음,승용,여,35세,부상신고
2013061700100136,2013년 6월 17일 09시,월요일,부산광역시 서구 서대신동2가,중상사고,0,1,0,0,차대차 - 기타,안전운전불이행,건조,맑음,단일로 - 기타,승용,남,54세,상해없음,원동기,남,41세,중상
2013061700100137,2013년 6월 17일 09시,월요일,부산광역시 기장군 정관면,중상사고,0,3,3,0,차대차 - 추돌 - 진행중,안전운전불이행,건조,맑음,단일로 - 기타,건설기계,남,35세,상해없음,승합,남,62세,경상
2013061700100160,2013년 6월 17일 10시,월요일,부산광역시 해운대구 우동,중상사고,0,1,0,0,차대사람 - 길가장자리구역통행중,안전운전불이행,건조,맑음,단일로 - 기타,승용,남,24세,상해없음,보행자,여,68세,중상
2013061700100161,2013년 6월 17일 10시,월요일,부산광역시 금정구 금사동,중상사고,0,2,0,0,차대차 - 측면직각충돌,중앙선침범,건조,맑음,단일로 - 기타,이륜,남,62세,중상,화물,남,46세,상해없음
2013061700100162,2013년 6월 17일 10시,월요일,부산광역시 사하구 괴정동,경상사고,0,0,1,0,차대차 - 측면직각충돌,안전운전불이행,건조,맑음,단일로 - 기타,승용,남,38세,상해없음,승용,남,58세,경상
2013061700100189,2013년 6월 17일 11시,월요일,부산광역시 남구 문현동,경상사고,0,0,1,0,차대차 - 기타,안전운전불이행,건조,맑음,단일로 - 기타,건설기계,남,55세,상해없음,화물,남,28세,경상
2013061700100190,2013년 6월 17일 11시,월요일,부산광역시 부산진구 부전동,경상사고,0,0,1,0,차대사람 - 차도통행중,안전운전불이행,건조,맑음,단일로 - 기타,기타불명,기타불명,기타불명,기타불명,보행자,여,60세,경상
2013061700100241,2013년 6월 17일 13시,월요일,부산광역시 동래구 온천동,중상사고,0,1,0,0,차대차 - 기타,안전운전불이행,건조,맑음,단일로 - 횡단보도상,건설기계,남,52세,상해없음,자전거,남,78세,중상
2013061700100266,2013년 6월 17일 14시,월요일,부산광역시 서구 충무동1가,중상사고,0,1,0,0,차대차 - 측면직각충돌,안전운전불이행,건조,맑음,교차로 - 교차로부근,원동기,남,16세,기타불명,승용,남,57세,상해없음
2013061700100267,2013년 6월 17일 14시,월요일,부산광역시 금정구 구서동,부상신고사고,0,0,0,1,차대차 - 측면직각충돌,교차로운행방법위반,건조,맑음,교차로 - 교차로안,화물,남,55세,상해없음,이륜,남,71세,부상신고
2013061700100288,2013년 6월 17일 15시,월요일,부산광역시 동래구 수안동,경상사고,0,0,1,0,차대사람 - 기타,안전운전불이행,건조,맑음,기타 - 기타,승용,남,56세,상해없음,보행자,남,62세,경상
2013061700100289,2013년 6월 17일 15시,월요일,부산광역시 사상구 모라동,중상사고,0,1,0,0,차대사람 - 기타,기타,건조,맑음,단일로 - 기타,화물,남,51세,상해없음,보행자,여,63세,중상
2013061700100321,2013년 6월 17일 16시,월요일,부산광역시 수영구 남천동,중상사고,0,1,0,0,차대차 - 추돌 - 진행중,차로위반,건조,맑음,단일로 - 기타,화물,남,36세,상해없음,승용,여,30세,중상
2013061700100357,2013년 6월 17일 17시,월요일,부산광역시 남구 대연동,경상사고,0,0,1,0,차대차 - 추돌 - 주정차중,안전운전불이행,건조,맑음,단일로 - 기타,화물,남,55세,상해없음,화물,남,22세,경상
2013061700100358,2013년 6월 17일 17시,월요일,부산광역시 북구 만덕동,중상사고,0,1,0,0,차대사람 - 횡단중,안전운전불이행,건조,맑음,교차로 - 교차로부근,승용,여,44세,상해없음,보행자,여,76세,중상
2013061700100402,2013년 6월 17일 18시,월요일,부산광역시 해운대구 좌동,경상사고,0,0,1,3,차대차 - 측면직각충돌,안전운전불이행,건조,맑음,단일로 - 기타,승용,여,44세,상해없음,승용,여,56세,부상신고
2013061700100403,2013년 6월 17일 18시,월요일,부산광역시 금정구 서동,경상사고,0,0,1,0,차대사람 - 기타,안전운전불이행,건조,맑음,단일로 - 기타,승용,여,36세,상해없음,보행자,남,55세,경상
2013061700100404,2013년 6월 17일 18시,월요일,부산광역시 수영구 망미동,경상사고,0,0,1,0,차대차 - 추돌 - 진행중,안전거리미확보,건조,맑음,단일로 - 기타,화물,남,56세,상해없음,승용,남,36세,경상
2013061700100445,2013년 6월 17일 19시,월요일,부산광역시 수영구 망미동,중상사고,0,1,0,0,차대사람 - 기타,안전운전불이행,건조,맑음,단일로 - 기타,승용,기타불명,기타불명,기타불명,보행자,여,14세,중상
2013061700100479,2013년 6월 17일 20시,월요일,부산광역시 남구 문현동,중상사고,0,1,0,0,차대사람 - 기타,안전운전불이행,건조,맑음,교차로 - 교차로부근,승용,남,50세,상해없음,보행자,여,85세,중상
2013061700100480,2013년 6월 17일 20시,월요일,부산광역시 부산진구 양정동,경상사고,0,0,1,0,차대차 - 기타,안전거리미확보,건조,맑음,단일로 - 기타,승용,남,52세,상해없음,승용,남,35세,경상
2013061700100481,2013년 6월 17일 20시,월요일,부산광역시 금정구 장전동,경상사고,0,0,1,0,차대차 - 측면직각충돌,안전운전불이행,건조,맑음,단일로 - 기타,승합,남,32세,상해없음,원동기,남,23세,경상
2013061700100519,2013년 6월 17일 21시,월요일,부산광역시 남구 용호동,경상사고,0,0,1,0,차대차 - 측면직각충돌,신호위반,건조,맑음,교차로 - 교차로안,승용,남,37세,상해없음,승용,남,27세,경상
2013061700100520,2013년 6월 17일 21시,월요일,부산광역시 해운대구 재송동,경상사고,0,0,1,0,차대사람 - 횡단중,안전운전불이행,건조,맑음,교차로 - 교차로안,승용,남,64세,상해없음,보행자,남,32세,경상
2013061700100521,2013년 6월 17일 21시,월요일,부산광역시 해운대구 반여동,경상사고,0,0,1,0,차대차 - 측면직각충돌,안전운전불이행,건조,맑음,단일로 - 기타,승용,남,53세,상해없음,원동기,남,25세,경상
2013061700100557,2013년 6월 17일 22시,월요일,부산광역시 부산진구 당감동,경상사고,0,0,1,0,차대사람 - 기타,안전운전불이행,건조,맑음,단일로 - 횡단보도상,승용,남,45세,상해없음,보행자,남,32세,경상
2013061700100558,2013년 6월 17일 22시,월요일,부산광역시 사상구 엄궁동,중상사고,0,1,0,0,차대차 - 기타,안전거리미확보,건조,맑음,교차로 - 교차로안,승용,남,42세,상해없음,이륜,남,24세,중상
2013061700100596,2013년 6월 17일 23시,월요일,부산광역시 사하구 신평동,경상사고,0,0,1,0,차대사람 - 횡단중,신호위반,건조,맑음,단일로 - 기타,승용,남,53세,상해없음,보행자,여,56세,경상
2013061800100003,2013년 6월 18일 00시,화요일,부산광역시 사하구 하단동,경상사고,0,0,1,0,차대차 - 측면직각충돌,안전운전불이행,건조,맑음,교차로 - 교차로안,원동기,남,32세,경상,승용,남,35세,상해없음
2013061800100004,2013년 6월 18일 00시,화요일,부산광역시 연제구 거제동,중상사고,0,2,2,0,차대차 - 추돌 - 진행중,안전운전불이행,건조,흐림,단일로 - 기타,승용,남,23세,상해없음,승용,남,33세,경상
2013061800100096,2013년 6월 18일 06시,화요일,부산광역시 금정구 장전동,중상사고,0,1,0,0,차대차 - 측면직각충돌,불법유턴,건조,맑음,교차로 - 교차로부근,자전거,남,68세,상해없음,이륜,남,30세,중상
2013061800100115,2013년 6월 18일 07시,화요일,부산광역시 사상구 괘법동,경상사고,0,0,1,0,차량단독 - 기타,기타,건조,맑음,단일로 - 기타,승합,남,38세,기타불명,,,,
2013061800100135,2013년 6월 18일 08시,화요일,부산광역시 중구 영주동,경상사고,0,0,2,0,차대차 - 추돌 - 진행중,안전운전불이행,건조,맑음,단일로 - 기타,승용,여,51세,상해없음,승용,남,37세,경상
2013061800100136,2013년 6월 18일 08시,화요일,부산광역시 동구 초량동,경상사고,0,0,1,0,차대차 - 기타,안전거리미확보,건조,맑음,단일로 - 기타,화물,남,37세,상해없음,승용,남,29세,경상
2013061800100137,2013년 6월 18일 08시,화요일,부산광역시 동구 초량동,경상사고,0,0,1,0,차대차 - 추돌 - 주정차중,안전운전불이행,건조,맑음,단일로 - 기타,승용,남,54세,상해없음,승용,남,56세,경상
2013061800100138,2013년 6월 18일 08시,화요일,부산광역시 연제구 연산동,경상사고,0,0,1,0,차대사람 - 차도통행중,안전운전불이행,건조,맑음,단일로 - 기타,승용,여,47세,상해없음,보행자,남,21세,경상
2013061800100168,2013년 6월 18일 09시,화요일,부산광역시 동구 범일동,중상사고,0,1,0,0,차대차 - 추돌 - 진행중,안전거리미확보,건조,맑음,단일로 - 기타,승용,남,75세,상해없음,승용,남,51세,중상
2013061800100169,2013년 6월 18일 09시,화요일,부산광역시 남구 대연동,경상사고,0,0,1,0,차대사람 - 길가장자리구역통행중,안전운전불이행,습기,맑음,단일로 - 기타,승용,여,62세,상해없음,보행자,여,56세,경상
2013061800100170,2013년 6월 18일 09시,화요일,부산광역시 부산진구 당감동,중상사고,0,1,0,0,차대차 - 기타,교차로운행방법위반,건조,맑음,교차로 - 교차로안,승용,남,70세,상해없음,승용,여,32세,중상
2013061800100201,2013년 6월 18일 10시,화요일,부산광역시 부산진구 초읍동,중상사고,0,1,0,0,차대사람 - 횡단중,보행자보호의무위반,건조,맑음,교차로 - 교차로부근,승합,남,58세,상해없음,보행자,여,47세,중상
2013061800100231,2013년 6월 18일 11시,화요일,부산광역시 사하구 괴정동,중상사고,0,1,0,0,차대사람 - 길가장자리구역통행중,안전운전불이행,건조,맑음,단일로 - 기타,승용,남,22세,상해없음,보행자,여,19세,중상
2013061800100259,2013년 6월 18일 12시,화요일,부산광역시 금정구 금사동,경상사고,0,0,1,0,차대사람 - 횡단중,보행자보호의무위반,건조,흐림,단일로 - 횡단보도상,승합,남,58세,상해없음,보행자,여,60세,경상
2013061800100288,2013년 6월 18일 13시,화요일,부산광역시 부산진구 부전동,중상사고,0,1,0,0,차대사람 - 보도통행중,안전운전불이행,건조,맑음,단일로 - 기타,화물,기타불명,기타불명,기타불명,보행자,여,63세,중상
2013061800100307,2013년 6월 18일 14시,화요일,부산광역시 금정구 청룡동,경상사고,0,0,1,0,차대차 - 추돌 - 진행중,안전운전불이행,습기,비,단일로 - 기타,화물,남,30세,상해없음,승용,여,48세,경상
2013061800100371,2013년 6월 18일 16시,화요일,부산광역시 동래구 사직동,경상사고,0,0,1,0,차대사람 - 기타,안전운전불이행,습기,비,단일로 - 기타,승용,여,42세,상해없음,보행자,남,6세,경상
2013061800100372,2013년 6월 18일 16시,화요일,부산광역시 사상구 주례동,중상사고,0,1,0,0,차대사람 - 횡단중,안전운전불이행,습기,비,단일로 - 횡단보도상,승용,남,52세,상해없음,보행자,여,64세,중상
2013061800100410,2013년 6월 18일 17시,화요일,부산광역시 수영구 남천동,경상사고,0,0,1,0,차대사람 - 횡단중,보행자보호의무위반,습기,비,단일로 - 횡단보도상,승용,남,58세,상해없음,보행자,여,34세,경상
2013061800100446,2013년 6월 18일 18시,화요일,부산광역시 금정구 장전동,중상사고,0,1,0,0,차대차 - 기타,기타,습기,흐림,단일로 - 기타,승용,남,53세,상해없음,이륜,남,53세,중상
2013061800100487,2013년 6월 18일 19시,화요일,부산광역시 금정구 부곡동,경상사고,0,0,1,0,차대사람 - 기타,안전운전불이행,습기,비,교차로 - 교차로안,승용,남,54세,상해없음,보행자,남,31세,경상
2013061800100488,2013년 6월 18일 19시,화요일,부산광역시 사상구 주례동,중상사고,0,1,0,0,차대사람 - 기타,안전운전불이행,습기,비,단일로 - 기타,승용,여,42세,상해없음,보행자,여,52세,중상
2013061800100535,2013년 6월 18일 20시,화요일,부산광역시 동구 좌천동,중상사고,0,1,0,0,차대사람 - 기타,보행자보호의무위반,습기,비,교차로 - 교차로부근,승용,남,50세,상해없음,보행자,여,73세,중상
2013061800100536,2013년 6월 18일 20시,화요일,부산광역시 남구 대연동,중상사고,0,1,0,0,차대차 - 추돌 - 진행중,안전운전불이행,습기,비,단일로 - 기타,원동기,남,21세,중상,승용,남,51세,상해없음
2013061800100537,2013년 6월 18일 20시,화요일,부산광역시 동래구 사직동,경상사고,0,0,1,0,차대사람 - 기타,안전운전불이행,건조,맑음,단일로 - 기타,화물,남,47세,상해없음,보행자,남,27세,경상
2013061800100538,2013년 6월 18일 20시,화요일,부산광역시 해운대구 좌동,중상사고,0,1,0,0,차대차 - 측면직각충돌,교차로운행방법위반,습기,비,교차로 - 교차로안,승합,남,61세,상해없음,이륜,남,76세,중상
2013061800100539,2013년 6월 18일 20시,화요일,부산광역시 부산진구 전포동,경상사고,0,0,1,0,차대사람 - 보도통행중,신호위반,습기,비,단일로 - 횡단보도상,승용,남,27세,상해없음,보행자,남,67세,경상
2013061800100540,2013년 6월 18일 20시,화요일,부산광역시 금정구 장전동,경상사고,0,0,2,1,차대차 - 추돌 - 주정차중,안전운전불이행,습기,흐림,교차로 - 교차로부근,화물,남,59세,상해없음,승용,여,38세,경상
2013061800100541,2013년 6월 18일 20시,화요일,부산광역시 금정구 노포동,경상사고,0,0,2,0,차대차 - 추돌 - 주정차중,중앙선침범,건조,맑음,단일로 - 기타,승용,남,71세,상해없음,승용,남,56세,경상
2013061800100634,2013년 6월 18일 22시,화요일,부산광역시 부산진구 전포동,경상사고,0,0,1,0,차량단독 - 전도전복,안전운전불이행,습기,비,단일로 - 기타,특수,남,54세,상해없음,,,,
2013061800100683,2013년 6월 18일 23시,화요일,부산광역시 해운대구 좌동,중상사고,0,1,0,0,차대차 - 측면직각충돌,안전운전불이행,건조,기타,교차로 - 교차로부근,승용,여,31세,상해없음,승용,남,59세,중상
2013061800100684,2013년 6월 18일 23시,화요일,부산광역시 부산진구 가야동,중상사고,0,1,0,0,차대차 - 기타,신호위반,습기,흐림,교차로 - 교차로안,승용,남,55세,상해없음,승용,남,50세,상해없음
2013061800100685,2013년 6월 18일 23시,화요일,부산광역시 사하구 감천동,경상사고,0,0,1,0,차대차 - 정면충돌,중앙선침범,건조,맑음,단일로 - 기타,승용,남,36세,상해없음,승용,남,52세,경상
2013061800100686,2013년 6월 18일 23시,화요일,부산광역시 수영구 망미동,사망사고,1,0,0,0,차대사람 - 횡단중,안전운전불이행,습기,비,단일로 - 횡단보도상,승용,남,64세,상해없음,보행자,여,33세,사망
2013061900100011,2013년 6월 19일 00시,수요일,부산광역시 금정구 구서동,경상사고,0,0,1,0,차대차 - 추돌 - 주정차중,안전운전불이행,습기,비,교차로 - 교차로부근,승용,남,30세,상해없음,승용,남,41세,경상
2013061900100033,2013년 6월 19일 01시,수요일,부산광역시 수영구 수영동,경상사고,0,0,1,0,차량단독 - 공작물충돌,안전운전불이행,습기,비,단일로 - 기타,화물,남,29세,경상,,,,
2013061900100046,2013년 6월 19일 02시,수요일,부산광역시 부산진구 부전동,중상사고,0,2,0,0,차대차 - 정면충돌,신호위반,건조,맑음,교차로 - 교차로안,승용,남,48세,상해없음,승용,남,63세,중상
2013061900100063,2013년 6월 19일 03시,수요일,부산광역시 동래구 안락동,경상사고,0,0,1,0,차대차 - 기타,신호위반,습기,비,교차로 - 교차로안,승용,남,25세,상해없음,승용,남,36세,경상
2013061900100064,2013년 6월 19일 03시,수요일,부산광역시 사하구 구평동,중상사고,0,1,1,0,차대차 - 정면충돌,중앙선침범,습기,비,단일로 - 기타,승용,남,55세,상해없음,화물,남,40세,중상
2013061900100082,2013년 6월 19일 05시,수요일,부산광역시 해운대구 반여동,중상사고,0,1,1,0,차대차 - 정면충돌,중앙선침범,습기,비,단일로 - 기타,승용,남,27세,상해없음,승용,남,65세,경상
2013061900100092,2013년 6월 19일 06시,수요일,부산광역시 금정구 금사동,경상사고,0,0,1,0,차대차 - 추돌 - 진행중,안전운전불이행,습기,비,단일로 - 기타,승용,남,35세,경상,화물,남,54세,상해없음
2013061900100109,2013년 6월 19일 07시,수요일,부산광역시 남구 용호동,중상사고,0,1,0,0,차대사람 - 횡단중,신호위반,습기,비,단일로 - 횡단보도상,화물,남,46세,상해없음,보행자,남,82세,중상
2013061900100110,2013년 6월 19일 07시,수요일,부산광역시 금정구 장전동,경상사고,0,0,1,0,차대사람 - 차도통행중,안전운전불이행,습기,비,교차로 - 교차로안,승용,남,69세,상해없음,보행자,남,31세,경상
2013061900100111,2013년 6월 19일 07시,수요일,부산광역시 연제구 연산동,경상사고,0,0,2,0,차대차 - 추돌 - 주정차중,안전운전불이행,건조,맑음,단일로 - 기타,승용,남,31세,상해없음,승합,남,43세,경상
2013061900100182,2013년 6월 19일 09시,수요일,부산광역시 북구 덕천동,중상사고,0,1,0,0,차대사람 - 횡단중,신호위반,건조,맑음,교차로 - 교차로부근,승용,남,68세,상해없음,보행자,여,66세,중상
2013061900100183,2013년 6월 19일 09시,수요일,부산광역시 사하구 괴정동,중상사고,0,1,0,0,차대차 - 기타,안전운전불이행,습기,비,단일로 - 기타,화물,남,45세,상해없음,이륜,남,61세,중상
2013061900100184,2013년 6월 19일 09시,수요일,부산광역시 사하구 괴정동,경상사고,0,0,1,0,차대사람 - 기타,안전운전불이행,건조,맑음,단일로 - 기타,화물,남,56세,상해없음,보행자,여,76세,경상
2013061900100185,2013년 6월 19일 09시,수요일,부산광역시 연제구 연산동,중상사고,0,1,0,0,차대차 - 측면직각충돌,안전운전불이행,건조,맑음,단일로 - 기타,승용,여,51세,상해없음,원동기,남,37세,중상
2013061900100208,2013년 6월 19일 10시,수요일,부산광역시 부산진구 범천동,중상사고,0,1,0,0,차대차 - 기타,중앙선침범,습기,비,단일로 - 기타,승용,남,52세,상해없음,화물,남,27세,중상
2013061900100209,2013년 6월 19일 10시,수요일,부산광역시 연제구 연산동,경상사고,0,0,2,0,차대차 - 추돌 - 진행중,신호위반,건조,맑음,교차로 - 교차로부근,승용,남,58세,경상,승용,남,28세,경상
2013061900100225,2013년 6월 19일 11시,수요일,부산광역시 부산진구 초읍동,중상사고,0,1,0,0,차대차 - 기타,안전운전불이행,습기,비,교차로 - 교차로안,화물,남,47세,상해없음,원동기,남,28세,중상
2013061900100226,2013년 6월 19일 11시,수요일,부산광역시 부산진구 부전동,중상사고,0,1,1,0,차대차 - 기타,신호위반,건조,맑음,교차로 - 교차로안,승용,남,32세,상해없음,승용,남,45세,중상
2013061900100227,2013년 6월 19일 11시,수요일,부산광역시 연제구 거제동,중상사고,0,1,0,0,차대사람 - 횡단중,안전운전불이행,습기,비,교차로 - 교차로부근,승용,남,57세,상해없음,보행자,여,75세,중상
2013061900100228,2013년 6월 19일 11시,수요일,부산광역시 강서구 명지동,부상신고사고,0,0,0,3,차대차 - 기타,차로위반,습기,비,교차로 - 교차로부근,승용,기타불명,기타불명,기타불명,화물,남,54세,부상신고
2013061900100252,2013년 6월 19일 12시,수요일,부산광역시 연제구 거제동,중상사고,0,1,0,0,차대차 - 추돌 - 진행중,안전운전불이행,건조,맑음,단일로 - 기타,승용,남,57세,상해없음,승용,여,55세,중상
2013061900100279,2013년 6월 19일 13시,수요일,부산광역시 수영구 남천동,경상사고,0,0,1,0,차대차 - 기타,안전운전불이행,건조,맑음,단일로 - 기타,승용,여,45세,상해없음,자전거,여,48세,경상
2013061900100280,2013년 6월 19일 13시,수요일,부산광역시 연제구 거제동,경상사고,0,0,2,0,차대차 - 정면충돌,안전운전불이행,건조,맑음,단일로 - 기타,승용,남,61세,상해없음,승용,남,52세,경상
2013061900100281,2013년 6월 19일 13시,수요일,부산광역시 연제구 연산동,중상사고,0,1,0,0,차대사람 - 횡단중,보행자보호의무위반,건조,맑음,단일로 - 기타,화물,남,53세,상해없음,보행자,여,37세,중상
2013061900100308,2013년 6월 19일 14시,수요일,부산광역시 사하구 괴정동,경상사고,0,0,1,0,차대차 - 기타,안전운전불이행,건조,맑음,단일로 - 기타,승용,남,67세,경상,승용,남,57세,기타불명
2013061900100407,2013년 6월 19일 17시,수요일,부산광역시 금정구 부곡동,경상사고,0,0,1,0,차대차 - 추돌 - 진행중,안전거리미확보,건조,맑음,단일로 - 기타,이륜,남,24세,경상,승용,남,56세,상해없음
2013061900100408,2013년 6월 19일 17시,수요일,부산광역시 사상구 감전동,경상사고,0,0,1,0,차대차 - 추돌 - 진행중,안전운전불이행,건조,맑음,교차로 - 교차로부근,승용,여,43세,상해없음,승용,여,44세,경상
2013061900100445,2013년 6월 19일 18시,수요일,부산광역시 남구 문현동,경상사고,0,0,1,0,차대차 - 추돌 - 주정차중,안전운전불이행,건조,맑음,교차로 - 교차로부근,화물,남,52세,상해없음,승용,남,55세,경상
2013061900100446,2013년 6월 19일 18시,수요일,부산광역시 부산진구 개금동,경상사고,0,0,1,0,차대차 - 측면직각충돌,교차로운행방법위반,건조,맑음,교차로 - 교차로부근,승용,여,52세,상해없음,승용,남,53세,경상
2013061900100447,2013년 6월 19일 18시,수요일,부산광역시 사하구 감천동,중상사고,0,1,0,0,차대사람 - 횡단중,안전운전불이행,건조,맑음,단일로 - 기타,승용,남,44세,상해없음,보행자,여,41세,중상
2013061900100448,2013년 6월 19일 18시,수요일,부산광역시 연제구 연산동,중상사고,0,1,0,0,차대사람 - 횡단중,신호위반,건조,맑음,교차로 - 교차로부근,승합,남,38세,상해없음,보행자,남,10세,중상
2013061900100449,2013년 6월 19일 18시,수요일,부산광역시 사상구 학장동,경상사고,0,0,1,0,차대차 - 측면직각충돌,중앙선침범,건조,맑음,단일로 - 기타,승용,남,63세,상해없음,승용,여,52세,경상
2013061900100483,2013년 6월 19일 19시,수요일,부산광역시 사하구 다대동,경상사고,0,0,1,0,차대차 - 정면충돌,안전운전불이행,건조,맑음,교차로 - 교차로안,승용,남,42세,상해없음,승용,남,61세,경상
2013061900100508,2013년 6월 19일 20시,수요일,부산광역시 수영구 광안동,경상사고,0,0,1,0,차대차 - 정면충돌,안전운전불이행,건조,맑음,단일로 - 기타,승용,남,18세,상해없음,승용,남,30세,경상
2013061900100509,2013년 6월 19일 20시,수요일,부산광역시 해운대구 재송동,경상사고,0,0,2,0,차대차 - 측면직각충돌,안전운전불이행,건조,맑음,단일로 - 기타,승용,남,62세,상해없음,승용,남,35세,경상
2013061900100510,2013년 6월 19일 20시,수요일,부산광역시 부산진구 당감동,중상사고,0,1,0,0,차대차 - 기타,안전운전불이행,건조,맑음,단일로 - 기타,승용,남,51세,상해없음,승용,남,57세,중상
2013061900100544,2013년 6월 19일 21시,수요일,부산광역시 영도구 동삼동,중상사고,0,1,0,0,차량단독 - 기타,안전운전불이행,습기,흐림,단일로 - 기타,승용,여,41세,상해없음,,,,
2013061900100603,2013년 6월 19일 23시,수요일,부산광역시 금정구 서동,부상신고사고,0,0,0,1,차대사람 - 기타,안전운전불이행,건조,맑음,단일로 - 기타,승용,남,66세,상해없음,보행자,남,51세,부상신고
2013061900100604,2013년 6월 19일 23시,수요일,부산광역시 강서구 송정동,경상사고,0,0,1,0,차대차 - 정면충돌,신호위반,건조,맑음,교차로 - 교차로안,승용,여,27세,상해없음,화물,남,56세,상해없음