사고번호,사고일시,요일,시군구,사고내용,사망자수,중상자수,경상자수,부상신고자수,사고유형,법규위반,노면상태,기상상태,도로형태,가해운전자 차종,가해운전자 성별,가해운전자 연령,가해운전자 상해정도,피해운전자 차종,피해운전자 성별,피해운전자 연령,피해운전자 상해정도
2013062000100008,2013년 6월 20일 00시,목요일,부산광역시 사하구 괴정동,중상사고,0,1,0,0,차대사람 - 횡단중,안전운전불이행,건조,맑음,단일로 - 기타,승용,남,24세,상해없음,보행자,남,46세,중상
2013062000100009,2013년 6월 20일 00시,목요일,부산광역시 연제구 연산동,중상사고,0,1,0,0,차대사람 - 기타,안전운전불이행,건조,맑음,단일로 - 기타,승용,남,49세,상해없음,보행자,여,50세,중상
2013062000100049,2013년 6월 20일 04시,목요일,부산광역시 남구 문현동,중상사고,0,1,0,0,차대사람 - 횡단중,신호위반,건조,맑음,단일로 - 횡단보도상,승용,남,45세,상해없음,보행자,남,80세,중상
2013062000100057,2013년 6월 20일 05시,목요일,부산광역시 해운대구 중동,부상신고사고,0,0,0,1,차량단독 - 공작물충돌,안전운전불이행,건조,맑음,단일로 - 기타,승용,여,23세,부상신고,,,,
2013062000100083,2013년 6월 20일 07시,목요일,부산광역시 남구 용호동,중상사고,0,1,0,0,차대차 - 추돌 - 진행중,안전운전불이행,건조,맑음,교차로 - 교차로부근,승용,여,39세,상해없음,자전거,남,73세,중상
2013062000100084,2013년 6월 20일 07시,목요일,부산광역시 동래구 안락동,중상사고,0,1,0,0,차대차 - 기타,교차로운행방법위반,건조,맑음,교차로 - 교차로안,승합,남,41세,상해없음,승합,남,29세,상해없음
2013062000100085,2013년 6월 20일 07시,목요일,부산광역시 해운대구 반여동,경상사고,0,0,1,0,차대사람 - 기타,안전운전불이행,건조,맑음,단일로 - 기타,승용,남,75세,상해없음,보행자,남,31세,경상
2013062000100086,2013년 6월 20일 07시,목요일,부산광역시 사하구 하단동,중상사고,0,1,0,0,차대사람 - 기타,기타,건조,흐림,단일로 - 기타,화물,남,57세,상해없음,보행자,남,34세,중상
2013062000100087,2013년 6월 20일 07시,목요일,부산광역시 수영구 망미동,중상사고,0,1,0,0,차대차 - 추돌 - 주정차중,안전운전불이행,건조,맑음,단일로 - 기타,승합,남,46세,상해없음,승합,남,37세,중상
2013062000100118,2013년 6월 20일 08시,목요일,부산광역시 해운대구 우동,경상사고,0,0,1,0,차대사람 - 기타,안전운전불이행,건조,맑음,단일로 - 기타,승용,남,57세,상해없음,보행자,여,16세,경상
2013062000100192,2013년 6월 20일 10시,목요일,부산광역시 연제구 거제동,경상사고,0,0,1,0,차대차 - 측면직각충돌,안전운전불이행,건조,맑음,교차로 - 교차로부근,승용,남,42세,상해없음,승용,남,36세,경상
2013062000100223,2013년 6월 20일 11시,목요일,부산광역시 해운대구 중동,중상사고,0,1,0,0,차대사람 - 기타,기타,기타,맑음,단일로 - 기타,승합,남,66세,상해없음,보행자,여,74세,중상
2013062000100240,2013년 6월 20일 12시,목요일,부산광역시 동래구 안락동,중상사고,0,1,0,0,차대사람 - 기타,안전운전불이행,건조,맑음,교차로 - 교차로안,승용,남,65세,상해없음,보행자,여,72세,중상
2013062000100241,2013년 6월 20일 12시,목요일,부산광역시 강서구 송정동,중상사고,0,1,0,0,차대차 - 기타,교차로운행방법위반,건조,맑음,교차로 - 교차로안,화물,남,56세,상해없음,승용,여,45세,중상
2013062000100262,2013년 6월 20일 13시,목요일,부산광역시 수영구 망미동,중상사고,0,1,0,0,차대사람 - 횡단중,안전운전불이행,건조,맑음,단일로 - 기타,승용,여,35세,상해없음,보행자,여,79세,중상
2013062000100278,2013년 6월 20일 14시,목요일,부산광역시 동래구 온천동,중상사고,0,1,1,0,차대차 - 추돌 - 진행중,교차로운행방법위반,건조,맑음,교차로 - 교차로안,건설기계,남,50세,중상,승용,남,45세,경상
2013062000100279,2013년 6월 20일 14시,목요일,부산광역시 동래구 온천동,경상사고,0,0,2,0,차대차 - 기타,안전거리미확보,건조,맑음,단일로 - 기타,승용,여,49세,상해없음,승용,여,42세,경상
2013062000100280,2013년 6월 20일 14시,목요일,부산광역시 부산진구 전포동,경상사고,0,0,3,0,차대차 - 추돌 - 진행중,안전거리미확보,건조,맑음,교차로 - 교차로부근,화물,남,42세,상해없음,승용,남,38세,경상
2013062000100316,2013년 6월 20일 15시,목요일,부산광역시 서구 충무동1가,중상사고,0,1,0,0,차대사람 - 기타,안전운전불이행,건조,맑음,단일로 - 기타,승합,남,37세,상해없음,보행자,남,68세,중상
2013062000100317,2013년 6월 20일 15시,목요일,부산광역시 해운대구 우동,중상사고,0,1,0,0,차대사람 - 기타,안전운전불이행,건조,맑음,단일로 - 기타,승용,여,29세,상해없음,보행자,남,57세,중상
2013062000100318,2013년 6월 20일 15시,목요일,부산광역시 연제구 연산동,중상사고,0,1,0,0,차대차 - 추돌 - 진행중,안전운전불이행,건조,맑음,교차로 - 교차로안,승용,여,54세,상해없음,이륜,남,66세,중상
2013062000100319,2013년 6월 20일 15시,목요일,부산광역시 사상구 감전동,중상사고,0,1,0,0,차대사람 - 기타,안전운전불이행,건조,맑음,단일로 - 기타,화물,남,68세,상해없음,보행자,여,58세,중상
2013062000100353,2013년 6월 20일 16시,목요일,부산광역시 영도구 대평동1가,경상사고,0,0,1,0,차대차 - 기타,안전운전불이행,건조,맑음,교차로 - 교차로부근,화물,남,57세,상해없음,이륜,남,48세,경상
2013062000100354,2013년 6월 20일 16시,목요일,부산광역시 해운대구 좌동,중상사고,0,1,0,0,차대차 - 측면직각충돌,안전거리미확보,건조,맑음,단일로 - 기타,승용,남,47세,상해없음,원동기,여,21세,중상
2013062000100355,2013년 6월 20일 16시,목요일,부산광역시 해운대구 우동,경상사고,0,0,2,0,차대차 - 정면충돌,안전운전불이행,건조,맑음,단일로 - 기타,화물,남,34세,상해없음,승용,여,52세,경상
2013062000100356,2013년 6월 20일 16시,목요일,부산광역시 사상구 괘법동,경상사고,0,0,2,0,차대차 - 측면직각충돌,직진우회전진행방해,건조,맑음,교차로 - 교차로안,승용,남,38세,상해없음,승용,남,28세,경상
2013062000100357,2013년 6월 20일 16시,목요일,부산광역시 사상구 모라동,경상사고,0,0,1,0,차대차 - 측면직각충돌,교차로운행방법위반,건조,맑음,교차로 - 교차로안,자전거,남,62세,경상,화물,남,59세,상해없음
2013062000100386,2013년 6월 20일 17시,목요일,부산광역시 사하구 장림동,경상사고,0,0,1,0,차대사람 - 기타,안전운전불이행,건조,맑음,단일로 - 기타,승용,남,58세,상해없음,보행자,남,13세,경상
2013062000100425,2013년 6월 20일 18시,목요일,부산광역시 동래구 명장동,중상사고,0,1,0,0,차대사람 - 기타,안전운전불이행,건조,맑음,단일로 - 기타,원동기,남,26세,상해없음,보행자,여,67세,중상
2013062000100500,2013년 6월 20일 20시,목요일,부산광역시 해운대구 우동,중상사고,0,1,0,0,차대차 - 측면직각충돌,교차로운행방법위반,건조,맑음,교차로 - 교차로안,화물,남,64세,상해없음,원동기,남,18세,중상
2013062000100501,2013년 6월 20일 20시,목요일,부산광역시 사상구 덕포동,중상사고,0,1,0,0,차대사람 - 횡단중,안전운전불이행,건조,맑음,단일로 - 기타,이륜,남,25세,상해없음,보행자,여,75세,중상
2013062000100502,2013년 6월 20일 20시,목요일,부산광역시 사상구 감전동,경상사고,0,0,1,0,차대차 - 기타,안전운전불이행,건조,맑음,단일로 - 기타,화물,남,32세,상해없음,승합,남,55세,경상
2013062000100533,2013년 6월 20일 21시,목요일,부산광역시 해운대구 반송동,경상사고,0,0,1,1,차대차 - 추돌 - 진행중,안전운전불이행,건조,흐림,교차로 - 교차로부근,승용,남,45세,상해없음,승용,여,57세,경상
2013062000100534,2013년 6월 20일 21시,목요일,부산광역시 해운대구 좌동,경상사고,0,0,1,0,차대차 - 기타,신호위반,건조,맑음,교차로 - 교차로부근,승합,남,58세,상해없음,승용,남,34세,경상
2013062000100568,2013년 6월 20일 22시,목요일,부산광역시 동래구 온천동,중상사고,0,1,0,0,차대차 - 기타,교차로운행방법위반,건조,맑음,교차로 - 교차로부근,승용,남,44세,상해없음,자전거,남,54세,중상
2013062000100598,2013년 6월 20일 23시,목요일,부산광역시 동구 초량동,경상사고,0,0,1,0,차대차 - 추돌 - 주정차중,안전운전불이행,건조,맑음,교차로 - 교차로부근,승용,남,58세,상해없음,승용,여,44세,경상
2013062100100007,2013년 6월 21일 00시,금요일,부산광역시 사상구 엄궁동,경상사고,0,0,1,0,차대차 - 추돌 - 주정차중,안전운전불이행,건조,맑음,교차로 - 교차로부근,화물,남,32세,상해없음,승용,남,29세,경상
2013062100100024,2013년 6월 21일 01시,금요일,부산광역시 동구 초량동,중상사고,0,1,0,0,차대사람 - 횡단중,안전운전불이행,건조,맑음,단일로 - 횡단보도부근,이륜,남,31세,상해없음,보행자,남,70세,중상
2013062100100034,2013년 6월 21일 02시,금요일,부산광역시 영도구 대교동1가,경상사고,0,0,1,0,차대차 - 기타,안전운전불이행,건조,맑음,교차로 - 교차로안,승용,여,51세,상해없음,승용,남,47세,경상
2013062100100044,2013년 6월 21일 03시,금요일,부산광역시 연제구 연산동,경상사고,0,0,1,0,차대사람 - 횡단중,안전운전불이행,건조,맑음,단일로 - 기타,이륜,남,45세,상해없음,보행자,여,44세,경상
2013062100100056,2013년 6월 21일 04시,금요일,부산광역시 연제구 연산동,부상신고사고,0,0,0,1,차대사람 - 길가장자리구역통행중,안전운전불이행,건조,맑음,교차로 - 교차로부근,자전거,기타불명,30세,기타불명,보행자,남,24세,부상신고
2013062100100071,2013년 6월 21일 05시,금요일,부산광역시 북구 금곡동,경상사고,0,0,1,0,차량단독 - 공작물충돌,안전운전불이행,건조,맑음,단일로 - 기타,승용,여,35세,상해없음,,,,
2013062100100072,2013년 6월 21일 05시,금요일,부산광역시 해운대구 중동,경상사고,0,0,2,0,차대차 - 추돌 - 진행중,안전운전불이행,건조,맑음,교차로 - 교차로부근,승용,남,44세,상해없음,승용,여,30세,경상
2013062100100117,2013년 6월 21일 08시,금요일,부산광역시 수영구 망미동,경상사고,0,0,1,0,차대사람 - 차도통행중,안전운전불이행,건조,맑음,교차로 - 교차로부근,화물,남,61세,상해없음,보행자,남,20세,경상
2013062100100118,2013년 6월 21일 08시,금요일,부산광역시 사상구 학장동,경상사고,0,0,1,0,차대차 - 측면직각충돌,신호위반,건조,맑음,교차로 - 교차로안,승용,남,24세,상해없음,승용,남,69세,경상
2013062100100158,2013년 6월 21일 09시,금요일,부산광역시 수영구 남천동,경상사고,0,0,1,0,차대사람 - 보도통행중,안전운전불이행,건조,맑음,단일로 - 기타,승용,남,27세,상해없음,보행자,여,15세,경상
2013062100100186,2013년 6월 21일 10시,금요일,부산광역시 부산진구 개금동,경상사고,0,0,1,0,차대차 - 추돌 - 주정차중,안전거리미확보,건조,맑음,단일로 - 기타,승용,남,46세,상해없음,승용,여,38세,경상
2013062100100213,2013년 6월 21일 11시,금요일,부산광역시 남구 용호동,경상사고,0,0,1,0,차대차 - 측면직각충돌,신호위반,건조,맑음,교차로 - 교차로안,원동기,남,20세,상해없음,원동기,남,55세,경상
2013062100100214,2013년 6월 21일 11시,금요일,부산광역시 남구 대연동,중상사고,0,1,0,0,차대차 - 측면직각충돌,신호위반,건조,맑음,교차로 - 교차로안,이륜,남,16세,중상,화물,남,54세,상해없음
2013062100100215,2013년 6월 21일 11시,금요일,부산광역시 부산진구 부전동,중상사고,0,1,0,0,차대사람 - 횡단중,안전운전불이행,건조,맑음,단일로 - 기타,이륜,남,30세,상해없음,보행자,남,69세,중상
2013062100100320,2013년 6월 21일 15시,금요일,부산광역시 서구 서대신동1가,경상사고,0,0,1,0,차대차 - 추돌 - 진행중,안전운전불이행,기타,맑음,단일로 - 기타,특수,기타불명,기타불명,기타불명,승용,여,35세,경상
2013062100100354,2013년 6월 21일 16시,금요일,부산광역시 서구 서대신동3가,경상사고,0,0,1,0,차대사람 - 기타,안전운전불이행,건조,맑음,단일로 - 기타,승용,남,33세,상해없음,보행자,남,12세,경상
2013062100100355,2013년 6월 21일 16시,금요일,부산광역시 서구 동대신동2가,중상사고,0,1,0,0,차대차 - 측면직각충돌,안전운전불이행,건조,맑음,단일로 - 기타,승용,여,36세,상해없음,이륜,남,47세,중상
2013062100100356,2013년 6월 21일 16시,금요일,부산광역시 수영구 광안동,중상사고,0,1,0,0,차대사람 - 차도통행중,보행자보호의무위반,건조,맑음,교차로 - 교차로안,승용,여,51세,상해없음,보행자,남,2세,중상
2013062100100357,2013년 6월 21일 16시,금요일,부산광역시 남구 감만동,경상사고,0,0,1,0,차대사람 - 기타,안전운전불이행,건조,맑음,단일로 - 기타,승용,여,45세,상해없음,보행자,남,54세,경상
2013062100100358,2013년 6월 21일 16시,금요일,부산광역시 강서구 대저1동,중상사고,0,1,0,0,차대차 - 기타,안전운전불이행,건조,맑음,단일로 - 기타,화물,남,58세,상해없음,자전거,남,57세,중상
2013062100100394,2013년 6월 21일 17시,금요일,부산광역시 사하구 하단동,중상사고,0,1,0,0,차대차 - 추돌 - 주정차중,안전운전불이행,건조,맑음,단일로 - 기타,승용,여,58세,상해없음,승용,여,27세,중상
2013062100100395,2013년 6월 21일 17시,금요일,부산광역시 사하구 다대동,경상사고,0,0,1,0,차대사람 - 기타,안전운전불이행,건조,맑음,단일로 - 기타,승용,남,30세,상해없음,보행자,남,6세,경상
2013062100100396,2013년 6월 21일 17시,금요일,부산광역시 연제구 연산동,경상사고,0,0,1,0,차대차 - 측면직각충돌,안전운전불이행,건조,맑음,단일로 - 기타,승용,남,74세,상해없음,승합,남,67세,기타불명
2013062100100397,2013년 6월 21일 17시,금요일,부산광역시 연제구 연산동,경상사고,0,0,1,0,차대차 - 기타,안전운전불이행,건조,맑음,교차로 - 교차로안,이륜,남,40세,상해없음,승용,남,34세,경상
2013062100100398,2013년 6월 21일 17시,금요일,부산광역시 강서구 대저2동,중상사고,0,1,1,0,차대차 - 추돌 - 주정차중,안전운전불이행,건조,흐림,단일로 - 기타,승용,남,53세,상해없음,승용,남,41세,경상
2013062100100399,2013년 6월 21일 17시,금요일,부산광역시 사상구 감전동,경상사고,0,0,1,0,차대차 - 추돌 - 진행중,안전거리미확보,건조,흐림,단일로 - 기타,승용,남,48세,상해없음,승용,남,42세,경상
2013062100100443,2013년 6월 21일 18시,금요일,부산광역시 동래구 사직동,경상사고,0,0,2,0,차대차 - 측면직각충돌,신호위반,건조,맑음,교차로 - 교차로안,승용,남,57세,상해없음,승합,여,65세,경상
2013062100100444,2013년 6월 21일 18시,금요일,부산광역시 사하구 구평동,경상사고,0,0,1,0,차대차 - 추돌 - 진행중,안전운전불이행,건조,맑음,단일로 - 기타,승용,남,60세,상해없음,특수,남,56세,경상
2013062100100445,2013년 6월 21일 18시,금요일,부산광역시 강서구 송정동,경상사고,0,0,3,0,차대차 - 추돌 - 주정차중,안전운전불이행,건조,맑음,교차로 - 교차로부근,승용,남,31세,상해없음,승용,남,47세,경상
2013062100100481,2013년 6월 21일 19시,금요일,부산광역시 중구 보수동1가,중상사고,0,1,0,0,차대사람 - 횡단중,안전운전불이행,건조,맑음,교차로 - 교차로안,승용,남,43세,상해없음,보행자,여,62세,중상
2013062100100482,2013년 6월 21일 19시,금요일,부산광역시 수영구 망미동,중상사고,0,1,0,0,차대차 - 기타,안전거리미확보,건조,맑음,단일로 - 기타,승용,남,34세,상해없음,승용,여,48세,중상
2013062100100483,2013년 6월 21일 19시,금요일,부산광역시 사상구 엄궁동,부상신고사고,0,0,0,1,차대차 - 측면직각충돌,안전운전불이행,건조,맑음,단일로 - 기타,승용,남,47세,상해없음,이륜,남,17세,부상신고
2013062100100515,2013년 6월 21일 20시,금요일,부산광역시 서구 남부민동,중상사고,0,1,0,0,차대차 - 측면직각충돌,차로위반,습기,맑음,단일로 - 기타,승용,남,47세,상해없음,원동기,남,26세,중상
2013062100100516,2013년 6월 21일 20시,금요일,부산광역시 부산진구 개금동,부상신고사고,0,0,0,1,차대차 - 기타,안전거리미확보,건조,맑음,단일로 - 기타,원동기,남,23세,부상신고,승용,여,41세,상해없음
2013062100100517,2013년 6월 21일 20시,금요일,부산광역시 연제구 연산동,경상사고,0,0,1,0,차대사람 - 기타,안전운전불이행,건조,맑음,단일로 - 기타,승용,남,31세,상해없음,보행자,남,54세,경상
2013062100100553,2013년 6월 21일 21시,금요일,부산광역시 수영구 광안동,중상사고,0,1,0,1,차대차 - 측면직각충돌,중앙선침범,건조,맑음,단일로 - 기타,승용,남,27세,상해없음,승용,남,58세,부상신고
2013062100100554,2013년 6월 21일 21시,금요일,부산광역시 영도구 동삼동,경상사고,0,0,1,0,차대사람 - 기타,안전운전불이행,건조,맑음,단일로 - 기타,승용,여,52세,상해없음,보행자,남,17세,경상
2013062100100555,2013년 6월 21일 21시,금요일,부산광역시 금정구 장전동,경상사고,0,0,1,0,차대사람 - 기타,안전운전불이행,건조,맑음,단일로 - 기타,승용,남,35세,상해없음,보행자,남,34세,경상
2013062100100632,2013년 6월 21일 23시,금요일,부산광역시 해운대구 반여동,중상사고,0,1,0,0,차대사람 - 보도통행중,기타,건조,맑음,단일로 - 기타,원동기,남,19세,상해없음,보행자,남,32세,중상
2013062200100009,2013년 6월 22일 00시,토요일,부산광역시 북구 덕천동,경상사고,0,0,3,0,차대차 - 추돌 - 주정차중,안전운전불이행,건조,맑음,교차로 - 교차로부근,승합,남,44세,상해없음,승용,남,49세,상해없음
2013062200100010,2013년 6월 22일 00시,토요일,부산광역시 부산진구 전포동,중상사고,0,1,1,0,차대차 - 추돌 - 진행중,안전운전불이행,건조,맑음,단일로 - 기타,이륜,남,42세,기타불명,승용,남,56세,경상
2013062200100011,2013년 6월 22일 00시,토요일,부산광역시 사하구 괴정동,경상사고,0,0,1,0,차대차 - 측면직각충돌,차로위반,건조,맑음,단일로 - 기타,승용,남,30세,상해없음,승용,남,58세,상해없음
2013062200100040,2013년 6월 22일 01시,토요일,부산광역시 부산진구 개금동,중상사고,0,1,0,0,차대사람 - 횡단중,신호위반,건조,맑음,단일로 - 횡단보도상,승용,남,55세,상해없음,보행자,남,36세,중상
2013062200100041,2013년 6월 22일 01시,토요일,부산광역시 연제구 연산동,경상사고,0,0,3,0,차대차 - 측면직각충돌,안전운전불이행,건조,맑음,단일로 - 기타,승용,남,36세,상해없음,승용,남,61세,경상
2013062200100042,2013년 6월 22일 01시,토요일,부산광역시 사상구 감전동,경상사고,0,0,1,0,차대차 - 추돌 - 주정차중,안전운전불이행,건조,흐림,단일로 - 기타,승용,남,38세,상해없음,승용,남,48세,경상
2013062200100065,2013년 6월 22일 02시,토요일,부산광역시 남구 대연동,경상사고,0,0,1,0,차대사람 - 기타,안전운전불이행,건조,맑음,단일로 - 기타,승용,여,24세,상해없음,보행자,여,24세,경상
2013062200100066,2013년 6월 22일 02시,토요일,부산광역시 동래구 안락동,경상사고,0,0,2,0,차대차 - 추돌 - 진행중,안전운전불이행,건조,맑음,단일로 - 기타,승용,남,33세,기타불명,승용,남,50세,경상
2013062200100083,2013년 6월 22일 03시,토요일,부산광역시 금정구 장전동,경상사고,0,0,1,0,차대차 - 기타,안전운전불이행,건조,맑음,단일로 - 기타,승용,남,26세,상해없음,자전거,남,25세,경상
2013062200100084,2013년 6월 22일 03시,토요일,부산광역시 사하구 괴정동,경상사고,0,0,1,0,차대사람 - 기타,안전운전불이행,건조,맑음,단일로 - 기타,승용,남,50세,상해없음,보행자,남,59세,경상
2013062200100085,2013년 6월 22일 03시,토요일,부산광역시 사하구 하단동,경상사고,0,0,1,0,차대차 - 추돌 - 진행중,안전운전불이행,건조,맑음,단일로 - 기타,승용,남,31세,상해없음,승용,남,25세,경상
2013062200100098,2013년 6월 22일 04시,토요일,부산광역시 중구 남포동1가,중상사고,0,2,0,0,차대사람 - 차도통행중,안전운전불이행,건조,맑음,단일로 - 기타,화물,남,39세,상해없음,보행자,여,17세,중상
2013062200100099,2013년 6월 22일 04시,토요일,부산광역시 남구 대연동,중상사고,0,2,0,0,차대차 - 기타,중앙선침범,건조,맑음,단일로 - 기타,승용,남,27세,중상,승용,남,47세,중상
2013062200100100,2013년 6월 22일 04시,토요일,부산광역시 사상구 주례동,경상사고,0,0,1,0,차대차 - 측면직각충돌,안전거리미확보,건조,맑음,미분류 - 미분류,화물,남,60세,상해없음,화물,남,38세,경상
2013062200100118,2013년 6월 22일 05시,토요일,부산광역시 동래구 안락동,중상사고,0,1,1,0,차대사람 - 횡단중,신호위반,건조,맑음,단일로 - 횡단보도상,승용,남,44세,상해없음,보행자,남,52세,중상
2013062200100119,2013년 6월 22일 05시,토요일,부산광역시 부산진구 양정동,사망사고,1,0,0,0,차대사람 - 횡단중,보행자보호의무위반,건조,맑음,단일로 - 횡단보도상,화물,남,37세,상해없음,보행자,여,65세,사망
2013062200100126,2013년 6월 22일 06시,토요일,부산광역시 부산진구 부암동,경상사고,0,0,1,0,차대차 - 기타,안전운전불이행,건조,맑음,교차로 - 교차로부근,승용,남,49세,상해없음,승용,남,73세,경상
2013062200100149,2013년 6월 22일 07시,토요일,부산광역시 기장군 기장읍,경상사고,0,0,1,0,차대차 - 추돌 - 주정차중,안전운전불이행,건조,흐림,단일로 - 기타,승용,남,21세,상해없음,승용,남,59세,경상
2013062200100171,2013년 6월 22일 08시,토요일,부산광역시 부산진구 부전동,중상사고,0,1,5,0,차대차 - 정면충돌,안전운전불이행,건조,맑음,단일로 - 기타,승용,남,64세,상해없음,승합,남,54세,상해없음
2013062200100172,2013년 6월 22일 08시,토요일,부산광역시 사상구 삼락동,경상사고,0,0,1,0,차대차 - 기타,중앙선침범,건조,맑음,교차로 - 교차로안,자전거,여,55세,상해없음,원동기,남,33세,경상
2013062200100195,2013년 6월 22일 09시,토요일,부산광역시 연제구 거제동,경상사고,0,0,1,0,차대차 - 추돌 - 진행중,신호위반,건조,맑음,교차로 - 교차로부근,승용,여,28세,기타불명,승용,남,48세,경상
2013062200100221,2013년 6월 22일 10시,토요일,부산광역시 동구 범일동,부상신고사고,0,0,0,1,차대차 - 추돌 - 진행중,안전운전불이행,건조,맑음,단일로 - 기타,자전거,남,90세 이상,부상신고,화물,남,90세 이상,상해없음
2013062200100222,2013년 6월 22일 10시,토요일,부산광역시 연제구 거제동,경상사고,0,0,1,0,차대차 - 추돌 - 진행중,직진우회전진행방해,건조,흐림,교차로 - 교차로안,승용,남,70세,상해없음,자전거,여,26세,경상
2013062200100245,2013년 6월 22일 11시,토요일,부산광역시 사하구 당리동,경상사고,0,0,1,0,차대차 - 기타,안전운전불이행,건조,맑음,교차로 - 교차로부근,승용,남,58세,상해없음,자전거,여,39세,경상
2013062200100279,2013년 6월 22일 12시,토요일,부산광역시 금정구 남산동,중상사고,0,1,0,0,차대사람 - 횡단중,신호위반,건조,맑음,단일로 - 횡단보도상,승용,남,46세,상해없음,보행자,여,17세,중상
2013062200100280,2013년 6월 22일 12시,토요일,부산광역시 연제구 연산동,중상사고,0,1,0,0,차대사람 - 횡단중,안전운전불이행,건조,맑음,단일로 - 횡단보도부근,승용,남,59세,상해없음,보행자,남,12세,중상
2013062200100312,2013년 6월 22일 13시,토요일,부산광역시 남구 감만동,경상사고,0,0,1,0,차대차 - 측면직각충돌,차로위반,건조,맑음,교차로 - 교차로부근,특수,남,57세,상해없음,특수,남,34세,경상
2013062200100339,2013년 6월 22일 14시,토요일,부산광역시 북구 덕천동,경상사고,0,0,1,0,차대차 - 측면직각충돌,안전운전불이행,건조,맑음,단일로 - 기타,승용,남,50세,상해없음,자전거,남,9세,경상
2013062200100340,2013년 6월 22일 14시,토요일,부산광역시 해운대구 우동,경상사고,0,0,1,0,차대차 - 측면직각충돌,안전운전불이행,기타,맑음,단일로 - 기타,승용,남,53세,상해없음,자전거,남,41세,경상
2013062200100341,2013년 6월 22일 14시,토요일,부산광역시 부산진구 부전동,경상사고,0,0,1,0,차대차 - 기타,기타,건조,맑음,단일로 - 기타,승용,남,66세,상해없음,이륜,남,50세,경상
2013062200100342,2013년 6월 22일 14시,토요일,부산광역시 사하구 괴정동,경상사고,0,0,1,0,차대사람 - 기타,안전운전불이행,건조,맑음,교차로 - 교차로부근,승용,남,17세,상해없음,보행자,여,47세,경상
2013062200100383,2013년 6월 22일 15시,토요일,부산광역시 금정구 구서동,경상사고,0,0,1,0,차대사람 - 길가장자리구역통행중,안전운전불이행,건조,맑음,단일로 - 횡단보도상,승용,기타불명,기타불명,기타불명,보행자,남,14세,경상
2013062200100408,2013년 6월 22일 16시,토요일,부산광역시 영도구 청학동,중상사고,0,1,0,0,차대사람 - 기타,안전운전불이행,건조,맑음,단일로 - 기타,화물,남,36세,상해없음,보행자,남,47세,중상
2013062200100409,2013년 6월 22일 16시,토요일,부산광역시 해운대구 좌동,중상사고,0,1,0,0,차대사람 - 횡단중,보행자보호의무위반,건조,맑음,단일로 - 횡단보도상,승용,여,22세,상해없음,보행자,남,7세,중상
2013062200100410,2013년 6월 22일 16시,토요일,부산광역시 해운대구 재송동,부상신고사고,0,0,0,1,차량단독 - 기타,안전운전불이행,건조,맑음,단일로 - 기타,이륜,남,16세,부상신고,,,,
2013062200100411,2013년 6월 22일 16시,토요일,부산광역시 부산진구 전포동,경상사고,0,0,1,0,차대차 - 기타,안전운전불이행,건조,맑음,단일로 - 기타,승용,남,61세,상해없음,자전거,남,44세,경상
2013062200100412,2013년 6월 22일 16시,토요일,부산광역시 사상구 모라동,중상사고,0,1,1,0,차대차 - 추돌 - 진행중,안전운전불이행,건조,맑음,교차로 - 교차로부근,이륜,남,45세,상해없음,승용,남,34세,중상
2013062200100456,2013년 6월 22일 18시,토요일,부산광역시 북구 덕천동,경상사고,0,0,1,0,차대차 - 추돌 - 진행중,안전거리미확보,건조,맑음,교차로 - 교차로부근,승용,남,62세,상해없음,승용,남,23세,경상
2013062200100457,2013년 6월 22일 18시,토요일,부산광역시 해운대구 중동,부상신고사고,0,0,0,1,차대차 - 추돌 - 진행중,안전운전불이행,건조,맑음,교차로 - 교차로안,승용,남,27세,상해없음,승용,여,48세,부상신고
2013062200100509,2013년 6월 22일 20시,토요일,부산광역시 동래구 온천동,경상사고,0,0,1,0,차대차 - 측면직각충돌,신호위반,건조,맑음,교차로 - 교차로안,승용,여,57세,상해없음,승용,남,58세,상해없음
2013062200100539,2013년 6월 22일 21시,토요일,부산광역시 동래구 명륜동,중상사고,0,1,2,0,차대차 - 추돌 - 진행중,안전거리미확보,건조,맑음,단일로 - 기타,승용,남,55세,상해없음,승용,남,32세,경상
2013062200100540,2013년 6월 22일 21시,토요일,부산광역시 해운대구 재송동,경상사고,0,0,1,0,차대차 - 추돌 - 진행중,안전거리미확보,습기,비,단일로 - 기타,승용,남,56세,상해없음,승용,여,50세,상해없음
2013062200100577,2013년 6월 22일 22시,토요일,부산광역시 사하구 다대동,경상사고,0,0,1,0,차대사람 - 횡단중,안전운전불이행,습기,흐림,단일로 - 기타,승용,남,55세,상해없음,보행자,남,33세,경상
2013062200100578,2013년 6월 22일 22시,토요일,부산광역시 기장군 기장읍,경상사고,0,0,1,0,차대차 - 측면직각충돌,안전거리미확보,습기,비,단일로 - 기타,승용,남,42세,상해없음,승용,남,56세,경상
2013062200100610,2013년 6월 22일 23시,토요일,부산광역시 동래구 온천동,경상사고,0,0,1,0,차대차 - 기타,안전거리미확보,습기,비,단일로 - 기타,승합,남,76세,상해없음,승합,남,47세,상해없음