사고번호,사고일시,요일,시군구,사고내용,사망자수,중상자수,경상자수,부상신고자수,사고유형,법규위반,노면상태,기상상태,도로형태,가해운전자 차종,가해운전자 성별,가해운전자 연령,가해운전자 상해정도,피해운전자 차종,피해운전자 성별,피해운전자 연령,피해운전자 상해정도
2013062600100206,2013년 6월 26일 09시,수요일,부산광역시 기장군 기장읍,경상사고,0,0,1,0,차대차 - 측면직각충돌,교차로운행방법위반,건조,맑음,교차로 - 교차로안,화물,남,43세,상해없음,승용,남,59세,경상
2013062600100257,2013년 6월 26일 11시,수요일,부산광역시 남구 문현동,경상사고,0,0,1,0,차대차 - 측면직각충돌,안전운전불이행,기타,기타,교차로 - 교차로안,승용,여,45세,기타불명,화물,여,58세,경상
2013062600100258,2013년 6월 26일 11시,수요일,부산광역시 영도구 봉래동5가,경상사고,0,0,1,0,차대차 - 측면직각충돌,안전운전불이행,건조,맑음,단일로 - 기타,승용,남,57세,상해없음,화물,남,32세,경상
2013062600100259,2013년 6월 26일 11시,수요일,부산광역시 영도구 대평동1가,경상사고,0,0,1,0,차대사람 - 기타,안전운전불이행,건조,맑음,단일로 - 기타,승용,여,48세,상해없음,보행자,여,59세,경상
2013062600100301,2013년 6월 26일 13시,수요일,부산광역시 중구 영주동,경상사고,0,0,2,0,차대차 - 측면직각충돌,교차로운행방법위반,건조,맑음,교차로 - 교차로안,승용,남,48세,상해없음,이륜,남,22세,경상
2013062600100326,2013년 6월 26일 14시,수요일,부산광역시 부산진구 초읍동,중상사고,0,1,0,0,차대사람 - 기타,보행자보호의무위반,건조,맑음,단일로 - 기타,승합,남,64세,상해없음,보행자,남,22세,중상
2013062600100327,2013년 6월 26일 14시,수요일,부산광역시 강서구 녹산동,경상사고,0,0,2,0,차대차 - 추돌 - 주정차중,안전운전불이행,건조,맑음,단일로 - 기타,건설기계,남,55세,상해없음,화물,남,62세,경상
2013062600100365,2013년 6월 26일 15시,수요일,부산광역시 해운대구 우동,경상사고,0,0,1,0,차대차 - 측면직각충돌,차로위반,건조,맑음,교차로 - 교차로부근,승용,여,45세,상해없음,승용,여,33세,경상
2013062600100394,2013년 6월 26일 16시,수요일,부산광역시 서구 서대신동2가,경상사고,0,0,1,0,차대차 - 측면직각충돌,신호위반,건조,맑음,교차로 - 교차로안,승용,여,42세,상해없음,승용,남,52세,상해없음
2013062600100395,2013년 6월 26일 16시,수요일,부산광역시 금정구 구서동,부상신고사고,0,0,0,1,차대차 - 추돌 - 진행중,안전거리미확보,건조,맑음,단일로 - 기타,건설기계,남,37세,상해없음,승용,남,56세,부상신고
2013062600100427,2013년 6월 26일 17시,수요일,부산광역시 동래구 안락동,경상사고,0,0,1,0,차대차 - 측면직각충돌,안전거리미확보,건조,맑음,단일로 - 기타,승용,여,50세,상해없음,이륜,남,51세,경상
2013062600100516,2013년 6월 26일 19시,수요일,부산광역시 수영구 남천동,중상사고,0,1,0,0,차대차 - 기타,차로위반,건조,맑음,단일로 - 기타,승용,남,62세,상해없음,승용,남,60세,중상
2013062600100517,2013년 6월 26일 19시,수요일,부산광역시 금정구 청룡동,중상사고,0,1,0,0,차대차 - 기타,안전운전불이행,건조,맑음,교차로 - 교차로부근,승용,남,42세,상해없음,원동기,남,36세,중상
2013062600100545,2013년 6월 26일 20시,수요일,부산광역시 영도구 남항동1가,경상사고,0,0,1,0,차대차 - 추돌 - 진행중,안전운전불이행,건조,맑음,교차로 - 교차로부근,승용,남,46세,상해없음,승용,여,48세,경상
2013062600100546,2013년 6월 26일 20시,수요일,부산광역시 사하구 신평동,중상사고,0,1,0,0,차대차 - 측면직각충돌,신호위반,건조,맑음,교차로 - 교차로부근,이륜,남,46세,상해없음,자전거,남,58세,중상
2013062600100578,2013년 6월 26일 21시,수요일,부산광역시 남구 대연동,경상사고,0,0,1,0,차대사람 - 차도통행중,안전운전불이행,건조,맑음,교차로 - 교차로안,승용,여,60세,상해없음,보행자,여,59세,경상
2013062600100579,2013년 6월 26일 21시,수요일,부산광역시 사하구 감천동,경상사고,0,0,1,0,차대사람 - 기타,안전운전불이행,건조,맑음,단일로 - 기타,승용,남,33세,상해없음,보행자,여,32세,경상
2013062600100619,2013년 6월 26일 22시,수요일,부산광역시 동래구 온천동,경상사고,0,0,4,0,차대차 - 측면직각충돌,안전거리미확보,건조,맑음,교차로 - 교차로안,승용,남,18세,상해없음,승용,남,56세,경상
2013062600100620,2013년 6월 26일 22시,수요일,부산광역시 사상구 엄궁동,경상사고,0,0,2,0,차대차 - 측면직각충돌,안전운전불이행,건조,맑음,단일로 - 기타,화물,남,27세,상해없음,승용,남,58세,경상
2013062600100649,2013년 6월 26일 23시,수요일,부산광역시 해운대구 우동,중상사고,0,1,0,0,차대차 - 추돌 - 진행중,안전거리미확보,건조,맑음,단일로 - 기타,승용,남,35세,상해없음,승용,남,55세,중상
2013062600100650,2013년 6월 26일 23시,수요일,부산광역시 금정구 남산동,경상사고,0,0,1,0,차대차 - 추돌 - 진행중,안전운전불이행,건조,맑음,단일로 - 기타,이륜,남,48세,경상,승용,남,33세,상해없음
2013062600100651,2013년 6월 26일 23시,수요일,부산광역시 사상구 주례동,사망사고,1,0,0,0,차량단독 - 공작물충돌,안전운전불이행,건조,맑음,교차로 - 교차로부근,이륜,남,25세,사망,,,,
2013062600100652,2013년 6월 26일 23시,수요일,부산광역시 기장군 정관면,경상사고,0,0,3,1,차대차 - 추돌 - 주정차중,안전운전불이행,건조,맑음,단일로 - 기타,승용,남,49세,상해없음,화물,남,36세,경상
2013062700100033,2013년 6월 27일 02시,목요일,부산광역시 수영구 남천동,중상사고,0,1,2,0,차대차 - 기타,신호위반,건조,맑음,교차로 - 교차로안,승용,남,29세,상해없음,화물,남,52세,중상
2013062700100042,2013년 6월 27일 03시,목요일,부산광역시 북구 구포동,중상사고,0,1,0,0,차대사람 - 횡단중,안전운전불이행,건조,맑음,단일로 - 기타,승용,남,59세,상해없음,보행자,남,50세,중상
2013062700100043,2013년 6월 27일 03시,목요일,부산광역시 동래구 사직동,사망사고,1,0,0,0,차대사람 - 기타,안전운전불이행,건조,맑음,단일로 - 기타,승용,남,26세,상해없음,보행자,남,23세,사망
2013062700100044,2013년 6월 27일 03시,목요일,부산광역시 해운대구 우동,중상사고,0,1,1,0,차대차 - 측면직각충돌,교차로운행방법위반,건조,맑음,교차로 - 교차로안,승용,남,62세,상해없음,승용,남,55세,상해없음
2013062700100075,2013년 6월 27일 07시,목요일,부산광역시 사상구 모라동,경상사고,0,0,1,0,차대차 - 기타,안전거리미확보,건조,맑음,교차로 - 교차로부근,승용,남,56세,상해없음,승용,여,52세,경상
2013062700100100,2013년 6월 27일 08시,목요일,부산광역시 남구 감만동,경상사고,0,0,1,0,차대차 - 추돌 - 진행중,안전운전불이행,건조,맑음,교차로 - 교차로안,승용,남,62세,상해없음,화물,남,58세,경상
2013062700100101,2013년 6월 27일 08시,목요일,부산광역시 동래구 온천동,경상사고,0,0,1,0,차대차 - 측면직각충돌,안전거리미확보,건조,맑음,단일로 - 기타,승용,남,30세,상해없음,승용,남,25세,경상
2013062700100102,2013년 6월 27일 08시,목요일,부산광역시 금정구 구서동,중상사고,0,1,0,0,차대차 - 기타,안전운전불이행,건조,맑음,단일로 - 기타,승용,여,41세,중상,승용,남,43세,상해없음
2013062700100153,2013년 6월 27일 10시,목요일,부산광역시 부산진구 부전동,중상사고,0,1,0,0,차대사람 - 기타,신호위반,건조,맑음,단일로 - 기타,승용,남,70세,상해없음,보행자,여,59세,중상
2013062700100154,2013년 6월 27일 10시,목요일,부산광역시 금정구 구서동,부상신고사고,0,0,0,1,차대차 - 추돌 - 진행중,안전거리미확보,건조,맑음,단일로 - 기타,승용,여,37세,상해없음,승용,남,65세,부상신고
2013062700100155,2013년 6월 27일 10시,목요일,부산광역시 강서구 명지동,부상신고사고,0,0,0,1,차대차 - 측면직각충돌,안전운전불이행,건조,맑음,교차로 - 교차로안,자전거,여,56세,부상신고,화물,남,60세,상해없음
2013062700100185,2013년 6월 27일 11시,목요일,부산광역시 중구 중앙동4가,중상사고,0,1,2,0,차대차 - 추돌 - 주정차중,안전운전불이행,건조,맑음,단일로 - 기타,승용,여,38세,상해없음,승용,남,40세,중상
2013062700100206,2013년 6월 27일 12시,목요일,부산광역시 동래구 명장동,경상사고,0,0,2,0,차대차 - 정면충돌,신호위반,건조,맑음,교차로 - 교차로안,화물,남,50세,상해없음,승용,남,55세,경상
2013062700100264,2013년 6월 27일 14시,목요일,부산광역시 북구 만덕동,경상사고,0,0,1,0,차대차 - 기타,안전운전불이행,건조,맑음,단일로 - 기타,승용,남,65세,상해없음,승용,남,47세,경상
2013062700100265,2013년 6월 27일 14시,목요일,부산광역시 부산진구 부전동,경상사고,0,0,1,0,차대차 - 정면충돌,신호위반,건조,맑음,교차로 - 교차로안,화물,남,65세,상해없음,이륜,남,20세,경상
2013062700100290,2013년 6월 27일 15시,목요일,부산광역시 해운대구 재송동,경상사고,0,0,1,0,차대차 - 기타,안전운전불이행,건조,맑음,단일로 - 기타,승용,여,37세,상해없음,승용,남,25세,경상
2013062700100317,2013년 6월 27일 16시,목요일,부산광역시 해운대구 반송동,경상사고,0,0,1,0,차대사람 - 기타,보행자보호의무위반,건조,맑음,교차로 - 교차로안,승용,기타불명,기타불명,기타불명,보행자,여,8세,경상
2013062700100352,2013년 6월 27일 17시,목요일,부산광역시 남구 용당동,중상사고,0,1,0,0,차대차 - 측면직각충돌,신호위반,건조,맑음,단일로 - 횡단보도상,승용,남,34세,상해없음,이륜,남,38세,중상
2013062700100353,2013년 6월 27일 17시,목요일,부산광역시 북구 금곡동,경상사고,0,0,1,0,차대사람 - 보도통행중,안전운전불이행,건조,맑음,단일로 - 기타,승용,남,53세,상해없음,보행자,남,7세,경상
2013062700100354,2013년 6월 27일 17시,목요일,부산광역시 동래구 수안동,경상사고,0,0,2,0,차대차 - 기타,안전운전불이행,건조,맑음,단일로 - 기타,승용,여,51세,상해없음,승용,남,50세,경상
2013062700100355,2013년 6월 27일 17시,목요일,부산광역시 영도구 영선동1가,경상사고,0,0,1,0,차대차 - 추돌 - 진행중,안전운전불이행,건조,맑음,교차로 - 교차로부근,승용,남,61세,상해없음,승용,기타불명,기타불명,기타불명
2013062700100356,2013년 6월 27일 17시,목요일,부산광역시 부산진구 부암동,경상사고,0,0,1,0,차대차 - 기타,안전거리미확보,건조,맑음,교차로 - 교차로부근,승용,남,47세,상해없음,승용,남,70세,경상
2013062700100357,2013년 6월 27일 17시,목요일,부산광역시 금정구 장전동,경상사고,0,0,1,0,차대차 - 기타,교차로운행방법위반,건조,맑음,교차로 - 교차로안,승용,남,56세,상해없음,승용,남,53세,경상
2013062700100358,2013년 6월 27일 17시,목요일,부산광역시 사상구 모라동,경상사고,0,0,1,0,차대사람 - 기타,안전운전불이행,건조,맑음,단일로 - 기타,화물,남,35세,상해없음,보행자,남,67세,경상
2013062700100395,2013년 6월 27일 18시,목요일,부산광역시 사하구 장림동,경상사고,0,0,1,0,차대차 - 측면직각충돌,신호위반,건조,맑음,교차로 - 교차로안,원동기,남,34세,경상,승용,남,55세,상해없음
2013062700100396,2013년 6월 27일 18시,목요일,부산광역시 사상구 괘법동,중상사고,0,1,0,0,차대사람 - 기타,안전운전불이행,건조,맑음,단일로 - 기타,승합,남,62세,상해없음,보행자,남,57세,중상
2013062700100397,2013년 6월 27일 18시,목요일,부산광역시 기장군 기장읍,중상사고,0,1,0,0,차대차 - 측면직각충돌,안전운전불이행,건조,맑음,단일로 - 기타,화물,남,53세,상해없음,승용,여,35세,중상
2013062700100425,2013년 6월 27일 19시,목요일,부산광역시 해운대구 송정동,경상사고,0,0,1,0,차대차 - 측면직각충돌,안전거리미확보,건조,맑음,단일로 - 기타,건설기계,남,31세,상해없음,승용,여,46세,경상
2013062700100426,2013년 6월 27일 19시,목요일,부산광역시 사하구 당리동,경상사고,0,0,1,0,차대사람 - 길가장자리구역통행중,안전운전불이행,건조,맑음,단일로 - 기타,승용,여,39세,상해없음,보행자,남,45세,경상
2013062700100427,2013년 6월 27일 19시,목요일,부산광역시 연제구 연산동,중상사고,0,1,0,0,차대차 - 기타,기타,건조,맑음,단일로 - 기타,승합,남,58세,기타불명,원동기,기타불명,기타불명,기타불명
2013062700100447,2013년 6월 27일 20시,목요일,부산광역시 동래구 온천동,중상사고,0,1,0,0,차대사람 - 횡단중,안전운전불이행,건조,맑음,단일로 - 기타,승용,남,51세,상해없음,보행자,여,60세,중상
2013062700100518,2013년 6월 27일 22시,목요일,부산광역시 영도구 남항동1가,경상사고,0,0,1,0,차량단독 - 기타,기타,건조,맑음,단일로 - 기타,승합,남,46세,상해없음,,,,
2013062700100519,2013년 6월 27일 22시,목요일,부산광역시 해운대구 우동,중상사고,0,1,0,0,차대차 - 측면직각충돌,안전운전불이행,건조,맑음,교차로 - 교차로안,승용,여,33세,상해없음,자전거,남,23세,중상
2013062700100520,2013년 6월 27일 22시,목요일,부산광역시 연제구 거제동,중상사고,0,2,0,0,차대차 - 기타,안전운전불이행,건조,맑음,단일로 - 기타,승용,남,38세,상해없음,승용,여,44세,중상
2013062800100007,2013년 6월 28일 00시,금요일,부산광역시 북구 덕천동,경상사고,0,0,1,0,차대차 - 측면직각충돌,신호위반,건조,맑음,단일로 - 기타,승용,남,61세,상해없음,승용,남,29세,경상
2013062800100008,2013년 6월 28일 00시,금요일,부산광역시 해운대구 우동,경상사고,0,0,1,1,차대차 - 기타,안전운전불이행,건조,맑음,교차로 - 교차로안,승용,남,31세,상해없음,승용,남,58세,경상
2013062800100009,2013년 6월 28일 00시,금요일,부산광역시 사하구 하단동,경상사고,0,0,2,0,차대차 - 추돌 - 진행중,안전운전불이행,건조,맑음,교차로 - 교차로부근,승용,남,41세,상해없음,승용,남,51세,경상
2013062800100053,2013년 6월 28일 03시,금요일,부산광역시 수영구 민락동,경상사고,0,0,2,0,차대차 - 측면직각충돌,안전운전불이행,건조,맑음,단일로 - 기타,승용,여,28세,상해없음,승용,남,54세,경상
2013062800100065,2013년 6월 28일 04시,금요일,부산광역시 사하구 하단동,경상사고,0,0,2,0,차대차 - 추돌 - 주정차중,안전운전불이행,건조,맑음,단일로 - 기타,승합,남,53세,상해없음,화물,남,38세,경상
2013062800100066,2013년 6월 28일 04시,금요일,부산광역시 사상구 삼락동,사망사고,1,0,0,0,차대사람 - 기타,안전운전불이행,건조,맑음,단일로 - 기타,화물,남,48세,상해없음,보행자,남,17세,사망
2013062800100088,2013년 6월 28일 06시,금요일,부산광역시 중구 영주동,경상사고,0,0,2,0,차대차 - 측면직각충돌,중앙선침범,건조,맑음,단일로 - 기타,승합,남,55세,경상,승용,남,47세,경상
2013062800100089,2013년 6월 28일 06시,금요일,부산광역시 수영구 남천동,경상사고,0,0,1,0,차량단독 - 기타,안전운전불이행,건조,맑음,단일로 - 기타,승합,남,56세,상해없음,,,,
2013062800100110,2013년 6월 28일 07시,금요일,부산광역시 북구 구포동,사망사고,1,1,0,0,차대사람 - 기타,안전운전불이행,건조,맑음,교차로 - 교차로부근,승용,남,50세,상해없음,보행자,여,67세,중상
2013062800100147,2013년 6월 28일 08시,금요일,부산광역시 영도구 남항동1가,중상사고,0,1,0,0,차대사람 - 기타,안전운전불이행,건조,맑음,단일로 - 기타,화물,남,37세,상해없음,보행자,남,67세,중상
2013062800100179,2013년 6월 28일 09시,금요일,부산광역시 중구 대청동1가,중상사고,0,1,0,0,차대차 - 기타,중앙선침범,건조,맑음,단일로 - 기타,승용,남,57세,상해없음,이륜,남,63세,중상
2013062800100180,2013년 6월 28일 09시,금요일,부산광역시 남구 용당동,중상사고,0,1,0,0,차량단독 - 기타,안전운전불이행,건조,맑음,기타 - 기타,승용,남,60세,중상,,,,
2013062800100181,2013년 6월 28일 09시,금요일,부산광역시 연제구 연산동,경상사고,0,0,1,0,차대차 - 추돌 - 진행중,안전거리미확보,건조,맑음,단일로 - 횡단보도부근,승용,여,38세,상해없음,승용,여,41세,경상
2013062800100182,2013년 6월 28일 09시,금요일,부산광역시 기장군 기장읍,중상사고,0,1,0,0,차대사람 - 횡단중,안전운전불이행,건조,맑음,단일로 - 기타,승용,남,76세,상해없음,보행자,여,34세,중상
2013062800100233,2013년 6월 28일 11시,금요일,부산광역시 남구 대연동,경상사고,0,0,1,0,차대차 - 정면충돌,중앙선침범,건조,맑음,단일로 - 기타,화물,남,46세,상해없음,승용,남,34세,경상
2013062800100234,2013년 6월 28일 11시,금요일,부산광역시 동래구 수안동,중상사고,0,1,0,0,차대사람 - 기타,안전운전불이행,건조,맑음,기타 - 기타,승용,남,30세,상해없음,보행자,여,81세,중상
2013062800100235,2013년 6월 28일 11시,금요일,부산광역시 영도구 대교동1가,경상사고,0,0,1,0,차대차 - 기타,안전운전불이행,건조,맑음,교차로 - 교차로부근,승합,남,47세,상해없음,승합,남,33세,상해없음
2013062800100253,2013년 6월 28일 12시,금요일,부산광역시 사하구 감천동,경상사고,0,0,1,0,차대사람 - 기타,안전운전불이행,건조,맑음,단일로 - 기타,화물,남,70세,상해없음,보행자,남,18세,경상
2013062800100254,2013년 6월 28일 12시,금요일,부산광역시 사하구 장림동,경상사고,0,0,2,0,차대차 - 기타,신호위반,건조,맑음,교차로 - 교차로안,화물,남,58세,상해없음,승용,여,38세,경상
2013062800100255,2013년 6월 28일 12시,금요일,부산광역시 수영구 망미동,사망사고,1,0,0,0,차대사람 - 횡단중,안전운전불이행,건조,맑음,단일로 - 기타,건설기계,남,53세,상해없음,보행자,여,89세,사망
2013062800100286,2013년 6월 28일 13시,금요일,부산광역시 수영구 남천동,중상사고,0,1,0,0,차대차 - 기타,안전거리미확보,건조,맑음,단일로 - 기타,승용,남,61세,상해없음,승용,남,31세,중상
2013062800100287,2013년 6월 28일 13시,금요일,부산광역시 해운대구 반송동,중상사고,0,1,0,0,차대사람 - 보도통행중,기타,건조,맑음,기타 - 기타,화물,남,46세,상해없음,보행자,남,68세,중상
2013062800100313,2013년 6월 28일 14시,금요일,부산광역시 북구 덕천동,중상사고,0,1,0,0,차대사람 - 횡단중,안전운전불이행,건조,맑음,단일로 - 기타,승용,여,46세,상해없음,보행자,남,23세,중상
2013062800100314,2013년 6월 28일 14시,금요일,부산광역시 해운대구 반여동,중상사고,0,1,0,0,차대사람 - 횡단중,안전운전불이행,건조,맑음,단일로 - 기타,승용,남,34세,상해없음,보행자,여,7세,중상
2013062800100349,2013년 6월 28일 15시,금요일,부산광역시 해운대구 좌동,중상사고,0,1,0,0,차대차 - 측면직각충돌,신호위반,건조,맑음,교차로 - 교차로안,승용,여,31세,상해없음,원동기,여,42세,중상
2013062800100350,2013년 6월 28일 15시,금요일,부산광역시 사하구 신평동,중상사고,0,1,0,1,차대차 - 기타,안전운전불이행,건조,맑음,단일로 - 기타,승용,여,49세,상해없음,이륜,남,26세,부상신고
2013062800100351,2013년 6월 28일 15시,금요일,부산광역시 사하구 장림동,경상사고,0,0,2,0,차대차 - 기타,안전거리미확보,건조,맑음,단일로 - 기타,승용,남,56세,상해없음,승용,남,45세,상해없음
2013062800100392,2013년 6월 28일 16시,금요일,부산광역시 해운대구 우동,경상사고,0,0,1,0,차대차 - 측면직각충돌,안전운전불이행,건조,맑음,단일로 - 기타,승용,여,45세,상해없음,승용,남,40세,경상
2013062800100430,2013년 6월 28일 17시,금요일,부산광역시 동래구 온천동,경상사고,0,0,1,0,차대사람 - 횡단중,안전운전불이행,건조,맑음,단일로 - 기타,승용,남,36세,상해없음,보행자,남,43세,경상
2013062800100431,2013년 6월 28일 17시,금요일,부산광역시 해운대구 우동,경상사고,0,0,1,0,차대사람 - 차도통행중,안전운전불이행,건조,맑음,단일로 - 기타,승용,기타불명,기타불명,기타불명,보행자,여,16세,경상
2013062800100432,2013년 6월 28일 17시,금요일,부산광역시 부산진구 양정동,중상사고,0,1,1,0,차대차 - 추돌 - 진행중,안전운전불이행,건조,맑음,교차로 - 교차로부근,이륜,남,21세,중상,승용,여,36세,경상
2013062800100433,2013년 6월 28일 17시,금요일,부산광역시 사하구 감천동,경상사고,0,0,1,0,차대사람 - 기타,안전운전불이행,건조,맑음,단일로 - 기타,승용,여,40세,상해없음,보행자,여,19세,경상
2013062800100434,2013년 6월 28일 17시,금요일,부산광역시 사하구 신평동,중상사고,0,1,0,2,차대차 - 기타,안전운전불이행,건조,맑음,단일로 - 기타,화물,남,40세,상해없음,승용,여,58세,중상
2013062800100511,2013년 6월 28일 19시,금요일,부산광역시 동구 범일동,중상사고,0,1,0,0,차대사람 - 기타,안전운전불이행,건조,맑음,교차로 - 교차로안,승용,여,29세,상해없음,보행자,여,70세,중상
2013062800100512,2013년 6월 28일 19시,금요일,부산광역시 수영구 광안동,중상사고,0,1,0,0,차대차 - 추돌 - 주정차중,중앙선침범,건조,맑음,단일로 - 기타,이륜,남,30세,중상,승용,남,48세,상해없음
2013062800100539,2013년 6월 28일 20시,금요일,부산광역시 중구 남포동2가,중상사고,0,1,0,0,차대사람 - 기타,안전운전불이행,건조,맑음,단일로 - 기타,승용,남,59세,상해없음,보행자,남,62세,중상
2013062800100540,2013년 6월 28일 20시,금요일,부산광역시 중구 영주동,경상사고,0,0,1,0,차대차 - 기타,중앙선침범,건조,맑음,단일로 - 기타,승용,남,26세,상해없음,승합,남,49세,상해없음
2013062800100541,2013년 6월 28일 20시,금요일,부산광역시 북구 만덕동,경상사고,0,0,1,0,차대차 - 추돌 - 주정차중,안전운전불이행,건조,맑음,단일로 - 기타,승용,여,61세,상해없음,승용,여,35세,경상
2013062800100542,2013년 6월 28일 20시,금요일,부산광역시 해운대구 우동,경상사고,0,0,2,0,차대차 - 추돌 - 진행중,안전운전불이행,건조,맑음,단일로 - 기타,승용,남,37세,상해없음,승용,남,37세,경상
2013062800100543,2013년 6월 28일 20시,금요일,부산광역시 기장군 장안읍,경상사고,0,0,1,0,차대사람 - 길가장자리구역통행중,안전운전불이행,건조,맑음,단일로 - 기타,승용,남,46세,상해없음,보행자,남,72세,경상
2013062800100572,2013년 6월 28일 21시,금요일,부산광역시 수영구 민락동,중상사고,0,1,0,0,차대사람 - 횡단중,안전운전불이행,건조,맑음,단일로 - 기타,승용,남,28세,상해없음,보행자,남,29세,중상
2013062800100573,2013년 6월 28일 21시,금요일,부산광역시 사하구 하단동,중상사고,0,1,1,0,차대차 - 기타,안전운전불이행,건조,맑음,단일로 - 기타,승용,남,59세,상해없음,승용,남,30세,중상
2013062800100574,2013년 6월 28일 21시,금요일,부산광역시 강서구 명지동,경상사고,0,0,1,0,차대차 - 추돌 - 주정차중,안전운전불이행,건조,맑음,교차로 - 교차로부근,승용,남,35세,상해없음,승용,남,41세,경상
2013062800100604,2013년 6월 28일 22시,금요일,부산광역시 부산진구 양정동,중상사고,0,1,2,0,차대차 - 기타,안전거리미확보,건조,맑음,단일로 - 기타,승용,남,44세,경상,승용,남,35세,상해없음
2013062800100630,2013년 6월 28일 23시,금요일,부산광역시 동구 초량동,경상사고,0,0,3,0,차대차 - 기타,직진우회전진행방해,건조,맑음,교차로 - 교차로안,승용,남,55세,상해없음,승용,여,22세,경상
2013062800100631,2013년 6월 28일 23시,금요일,부산광역시 연제구 연산동,중상사고,0,1,0,0,차대사람 - 횡단중,안전운전불이행,건조,맑음,단일로 - 기타,승용,남,21세,상해없음,보행자,여,57세,중상
2013062800100632,2013년 6월 28일 23시,금요일,부산광역시 수영구 망미동,경상사고,0,0,1,0,차대사람 - 기타,기타,건조,맑음,교차로 - 교차로부근,승합,남,55세,상해없음,보행자,여,42세,경상
2013062900100032,2013년 6월 29일 01시,토요일,부산광역시 금정구 부곡동,중상사고,0,1,0,0,차대사람 - 횡단중,안전운전불이행,건조,맑음,교차로 - 교차로안,화물,남,41세,상해없음,보행자,남,44세,중상
2013062900100044,2013년 6월 29일 02시,토요일,부산광역시 동래구 사직동,중상사고,0,1,0,0,차대차 - 추돌 - 주정차중,안전운전불이행,건조,맑음,단일로 - 기타,승용,남,19세,상해없음,승용,남,38세,중상
2013062900100045,2013년 6월 29일 02시,토요일,부산광역시 부산진구 전포동,경상사고,0,0,3,0,차대차 - 측면직각충돌,신호위반,건조,맑음,교차로 - 교차로안,승용,남,48세,상해없음,승용,남,63세,경상
2013062900100046,2013년 6월 29일 02시,토요일,부산광역시 기장군 일광면,경상사고,0,0,1,0,차대차 - 추돌 - 주정차중,안전운전불이행,건조,맑음,교차로 - 교차로부근,승용,남,48세,상해없음,승용,남,36세,경상
2013062900100059,2013년 6월 29일 03시,토요일,부산광역시 연제구 연산동,중상사고,0,4,0,0,차대차 - 추돌 - 진행중,안전운전불이행,건조,맑음,단일로 - 기타,화물,남,52세,상해없음,승용,남,50세,중상
2013062900100077,2013년 6월 29일 04시,토요일,부산광역시 해운대구 송정동,경상사고,0,0,1,0,차대차 - 추돌 - 진행중,안전거리미확보,건조,맑음,교차로 - 교차로부근,승용,남,24세,상해없음,화물,남,55세,경상
2013062900100078,2013년 6월 29일 04시,토요일,부산광역시 해운대구 재송동,경상사고,0,0,1,0,차대차 - 추돌 - 주정차중,안전운전불이행,건조,맑음,교차로 - 교차로안,승용,남,46세,상해없음,승용,남,65세,경상
2013062900100100,2013년 6월 29일 06시,토요일,부산광역시 연제구 연산동,중상사고,0,1,3,0,차대차 - 추돌 - 진행중,안전운전불이행,건조,맑음,단일로 - 기타,승용,남,29세,상해없음,화물,남,39세,경상
2013062900100118,2013년 6월 29일 07시,토요일,부산광역시 부산진구 부암동,중상사고,0,1,0,0,차대차 - 측면직각충돌,안전거리미확보,습기,흐림,단일로 - 기타,승용,남,67세,중상,화물,남,56세,기타불명
2013062900100119,2013년 6월 29일 07시,토요일,부산광역시 사상구 학장동,경상사고,0,0,1,0,차대차 - 측면직각충돌,안전운전불이행,건조,맑음,교차로 - 교차로안,승용,남,61세,상해없음,원동기,남,30세,경상
2013062900100142,2013년 6월 29일 08시,토요일,부산광역시 사상구 학장동,중상사고,0,1,2,0,차대차 - 측면직각충돌,신호위반,건조,맑음,교차로 - 교차로안,승용,남,49세,중상,승용,여,64세,경상
2013062900100188,2013년 6월 29일 10시,토요일,부산광역시 강서구 송정동,중상사고,0,1,0,1,차대차 - 기타,안전운전불이행,건조,맑음,교차로 - 교차로안,승용,여,31세,부상신고,승용,남,31세,중상
2013062900100189,2013년 6월 29일 10시,토요일,부산광역시 사상구 괘법동,중상사고,0,1,0,0,차대차 - 측면직각충돌,신호위반,건조,맑음,교차로 - 교차로안,승용,여,54세,상해없음,원동기,남,16세,중상
2013062900100217,2013년 6월 29일 11시,토요일,부산광역시 동구 수정동,중상사고,0,1,0,0,차대차 - 기타,교차로운행방법위반,건조,맑음,교차로 - 교차로안,승용,남,39세,상해없음,원동기,남,75세,중상
2013062900100244,2013년 6월 29일 12시,토요일,부산광역시 북구 덕천동,부상신고사고,0,0,0,1,차대사람 - 기타,신호위반,건조,맑음,단일로 - 횡단보도상,승용,남,63세,상해없음,보행자,남,9세,부상신고
2013062900100245,2013년 6월 29일 12시,토요일,부산광역시 금정구 구서동,중상사고,0,1,0,0,차대사람 - 기타,안전운전불이행,건조,맑음,단일로 - 기타,승용,남,78세,상해없음,보행자,남,16세,중상
2013062900100297,2013년 6월 29일 13시,토요일,부산광역시 서구 암남동,중상사고,0,2,0,0,차대차 - 측면직각충돌,안전운전불이행,건조,맑음,단일로 - 기타,화물,남,31세,상해없음,이륜,남,64세,중상