사고번호,사고일시,요일,시군구,사고내용,사망자수,중상자수,경상자수,부상신고자수,사고유형,법규위반,노면상태,기상상태,도로형태,가해운전자 차종,가해운전자 성별,가해운전자 연령,가해운전자 상해정도,피해운전자 차종,피해운전자 성별,피해운전자 연령,피해운전자 상해정도
2013062900100298,2013년 6월 29일 13시,토요일,부산광역시 연제구 거제동,경상사고,0,0,1,0,차대차 - 측면직각충돌,안전운전불이행,건조,맑음,단일로 - 기타,승용,남,53세,상해없음,승용,여,36세,경상
2013062900100334,2013년 6월 29일 14시,토요일,부산광역시 동래구 온천동,중상사고,0,2,2,0,차대차 - 정면충돌,중앙선침범,건조,맑음,단일로 - 기타,승용,남,69세,상해없음,승용,남,46세,중상
2013062900100335,2013년 6월 29일 14시,토요일,부산광역시 영도구 청학동,경상사고,0,0,6,0,차대차 - 추돌 - 진행중,안전운전불이행,건조,맑음,단일로 - 기타,승용,남,61세,상해없음,승용,남,42세,상해없음
2013062900100336,2013년 6월 29일 14시,토요일,부산광역시 부산진구 전포동,중상사고,0,1,0,0,차대차 - 기타,신호위반,건조,맑음,단일로 - 횡단보도상,승용,남,24세,상해없음,원동기,남,56세,중상
2013062900100368,2013년 6월 29일 15시,토요일,부산광역시 수영구 광안동,경상사고,0,0,1,0,차대사람 - 기타,안전운전불이행,건조,맑음,단일로 - 기타,화물,남,59세,상해없음,보행자,남,70세,경상
2013062900100394,2013년 6월 29일 16시,토요일,부산광역시 중구 보수동2가,경상사고,0,0,1,0,차대차 - 측면직각충돌,안전운전불이행,건조,맑음,단일로 - 기타,승용,여,40세,상해없음,이륜,남,57세,경상
2013062900100395,2013년 6월 29일 16시,토요일,부산광역시 동구 초량동,경상사고,0,0,4,0,차대차 - 측면직각충돌,직진우회전진행방해,건조,맑음,교차로 - 교차로안,승용,남,63세,상해없음,승용,남,61세,경상
2013062900100396,2013년 6월 29일 16시,토요일,부산광역시 해운대구 우동,중상사고,0,1,0,0,차대차 - 측면직각충돌,차로위반,건조,맑음,단일로 - 기타,승용,남,51세,상해없음,이륜,남,19세,중상
2013062900100397,2013년 6월 29일 16시,토요일,부산광역시 사상구 엄궁동,경상사고,0,0,2,0,차대차 - 측면직각충돌,안전거리미확보,건조,맑음,단일로 - 기타,승용,여,44세,상해없음,승용,여,51세,경상
2013062900100439,2013년 6월 29일 17시,토요일,부산광역시 서구 동대신동1가,경상사고,0,0,3,0,차대차 - 추돌 - 주정차중,안전운전불이행,건조,맑음,단일로 - 기타,화물,남,62세,기타불명,승용,여,35세,경상
2013062900100440,2013년 6월 29일 17시,토요일,부산광역시 동래구 안락동,경상사고,0,0,1,0,차대사람 - 기타,안전운전불이행,건조,맑음,교차로 - 교차로부근,승용,남,69세,상해없음,보행자,남,11세,경상
2013062900100441,2013년 6월 29일 17시,토요일,부산광역시 해운대구 중동,경상사고,0,0,2,0,차대차 - 측면직각충돌,안전운전불이행,건조,맑음,단일로 - 기타,승용,여,54세,상해없음,승용,여,50세,경상
2013062900100442,2013년 6월 29일 17시,토요일,부산광역시 강서구 대저2동,부상신고사고,0,0,0,1,차대차 - 추돌 - 주정차중,안전운전불이행,건조,맑음,교차로 - 교차로부근,승용,남,56세,부상신고,화물,남,49세,상해없음
2013062900100486,2013년 6월 29일 18시,토요일,부산광역시 남구 대연동,중상사고,0,1,0,0,차량단독 - 기타,교차로운행방법위반,건조,맑음,교차로 - 교차로부근,승합,남,50세,상해없음,,,,
2013062900100487,2013년 6월 29일 18시,토요일,부산광역시 북구 화명동,중상사고,0,1,0,0,차대사람 - 횡단중,안전운전불이행,건조,맑음,교차로 - 교차로안,승용,남,26세,상해없음,보행자,남,58세,중상
2013062900100488,2013년 6월 29일 18시,토요일,부산광역시 부산진구 범천동,중상사고,0,1,0,0,차대차 - 측면직각충돌,안전운전불이행,건조,맑음,교차로 - 교차로안,승용,남,48세,상해없음,승용,여,56세,중상
2013062900100489,2013년 6월 29일 18시,토요일,부산광역시 사하구 감천동,경상사고,0,0,1,0,차대차 - 측면직각충돌,중앙선침범,건조,맑음,교차로 - 교차로부근,승용,남,63세,상해없음,이륜,남,47세,경상
2013062900100490,2013년 6월 29일 18시,토요일,부산광역시 사상구 괘법동,중상사고,0,1,0,0,차대사람 - 기타,안전운전불이행,건조,맑음,단일로 - 기타,승용,남,59세,상해없음,보행자,남,52세,중상
2013062900100522,2013년 6월 29일 19시,토요일,부산광역시 수영구 남천동,경상사고,0,0,5,0,차대차 - 추돌 - 진행중,안전거리미확보,건조,맑음,기타 - 기타,승용,여,53세,상해없음,승용,남,37세,경상
2013062900100523,2013년 6월 29일 19시,토요일,부산광역시 금정구 금사동,부상신고사고,0,0,0,2,차대차 - 추돌 - 진행중,안전거리미확보,건조,맑음,단일로 - 기타,승용,여,55세,부상신고,승용,남,42세,부상신고
2013062900100560,2013년 6월 29일 20시,토요일,부산광역시 동래구 온천동,경상사고,0,0,1,0,차대사람 - 차도통행중,안전운전불이행,건조,맑음,단일로 - 기타,승용,여,61세,상해없음,보행자,남,77세,경상
2013062900100561,2013년 6월 29일 20시,토요일,부산광역시 해운대구 재송동,중상사고,0,2,0,0,차대차 - 추돌 - 진행중,안전운전불이행,건조,맑음,단일로 - 기타,승용,여,61세,상해없음,승용,남,70세,중상
2013062900100562,2013년 6월 29일 20시,토요일,부산광역시 금정구 회동동,경상사고,0,0,1,0,차대차 - 추돌 - 진행중,기타,건조,맑음,교차로 - 교차로안,승용,남,19세,상해없음,승용,남,33세,경상
2013062900100598,2013년 6월 29일 21시,토요일,부산광역시 동구 초량동,경상사고,0,0,1,0,차대사람 - 횡단중,안전운전불이행,건조,맑음,교차로 - 교차로안,승용,남,60세,상해없음,보행자,남,62세,경상
2013062900100599,2013년 6월 29일 21시,토요일,부산광역시 동구 초량동,부상신고사고,0,0,0,1,차대차 - 정면충돌,안전운전불이행,건조,맑음,단일로 - 기타,이륜,남,78세,부상신고,승용,남,31세,상해없음
2013062900100600,2013년 6월 29일 21시,토요일,부산광역시 동구 수정동,경상사고,0,0,2,0,차대차 - 측면직각충돌,안전운전불이행,건조,맑음,교차로 - 교차로부근,승용,남,66세,상해없음,승용,여,31세,경상
2013062900100638,2013년 6월 29일 22시,토요일,부산광역시 동래구 온천동,경상사고,0,0,2,0,차대차 - 기타,안전운전불이행,건조,맑음,교차로 - 교차로부근,화물,남,53세,상해없음,승용,남,51세,경상
2013062900100639,2013년 6월 29일 22시,토요일,부산광역시 사하구 신평동,중상사고,0,1,0,0,차대차 - 측면직각충돌,안전운전불이행,건조,맑음,단일로 - 기타,자전거,남,24세,중상,승용,남,62세,상해없음
2013062900100667,2013년 6월 29일 23시,토요일,부산광역시 중구 대청동1가,경상사고,0,0,1,0,차대차 - 추돌 - 진행중,안전운전불이행,건조,맑음,단일로 - 횡단보도상,승용,남,25세,상해없음,승용,남,46세,경상
2013062900100668,2013년 6월 29일 23시,토요일,부산광역시 금정구 구서동,부상신고사고,0,0,0,1,차대차 - 기타,교차로운행방법위반,건조,맑음,교차로 - 교차로안,자전거,남,33세,부상신고,승용,남,44세,상해없음
2013063000100024,2013년 6월 30일 01시,일요일,부산광역시 동구 좌천동,경상사고,0,0,2,0,차대차 - 측면직각충돌,안전거리미확보,건조,맑음,교차로 - 교차로부근,승용,여,48세,상해없음,승용,남,60세,경상
2013063000100050,2013년 6월 30일 02시,일요일,부산광역시 부산진구 부전동,경상사고,0,0,1,0,차대사람 - 기타,안전운전불이행,건조,맑음,단일로 - 기타,승용,여,26세,상해없음,보행자,남,18세,경상
2013063000100051,2013년 6월 30일 02시,일요일,부산광역시 금정구 장전동,부상신고사고,0,0,0,1,차대사람 - 기타,안전운전불이행,건조,맑음,단일로 - 기타,승용,남,34세,상해없음,보행자,남,22세,부상신고
2013063000100081,2013년 6월 30일 04시,일요일,부산광역시 연제구 연산동,경상사고,0,0,1,0,차대사람 - 기타,안전운전불이행,건조,맑음,단일로 - 기타,승용,남,27세,상해없음,보행자,남,30세,경상
2013063000100096,2013년 6월 30일 05시,일요일,부산광역시 해운대구 석대동,경상사고,0,0,3,0,차대차 - 추돌 - 진행중,안전운전불이행,건조,맑음,단일로 - 기타,승용,남,32세,상해없음,승용,남,70세,경상
2013063000100097,2013년 6월 30일 05시,일요일,부산광역시 부산진구 당감동,사망사고,1,0,0,0,차량단독 - 공작물충돌,안전운전불이행,건조,맑음,단일로 - 기타,이륜,남,18세,사망,,,,
2013063000100129,2013년 6월 30일 07시,일요일,부산광역시 사하구 당리동,중상사고,0,1,0,0,차대사람 - 기타,안전운전불이행,건조,맑음,교차로 - 교차로안,승용,여,54세,상해없음,보행자,남,63세,중상
2013063000100130,2013년 6월 30일 07시,일요일,부산광역시 사하구 장림동,중상사고,0,1,0,0,차대사람 - 횡단중,신호위반,건조,맑음,단일로 - 기타,승용,남,58세,상해없음,보행자,남,72세,중상
2013063000100146,2013년 6월 30일 08시,일요일,부산광역시 해운대구 재송동,경상사고,0,0,2,0,차대차 - 정면충돌,안전운전불이행,건조,맑음,단일로 - 기타,자전거,남,18세,경상,자전거,남,59세,경상
2013063000100147,2013년 6월 30일 08시,일요일,부산광역시 강서구 대저2동,사망사고,1,0,0,0,차대차 - 기타,안전운전불이행,건조,맑음,단일로 - 기타,원동기,남,64세,사망,승용,남,58세,상해없음
2013063000100185,2013년 6월 30일 10시,일요일,부산광역시 사상구 괘법동,중상사고,0,1,1,0,차대차 - 추돌 - 주정차중,안전거리미확보,건조,맑음,교차로 - 교차로부근,승합,남,50세,상해없음,승용,남,50세,경상
2013063000100220,2013년 6월 30일 12시,일요일,부산광역시 북구 화명동,경상사고,0,0,1,0,차대차 - 추돌 - 주정차중,안전운전불이행,건조,맑음,교차로 - 교차로부근,화물,남,46세,상해없음,승용,남,32세,경상
2013063000100221,2013년 6월 30일 12시,일요일,부산광역시 영도구 동삼동,사망사고,1,2,0,0,차량단독 - 공작물충돌,안전운전불이행,건조,맑음,단일로 - 기타,승용,남,79세,사망,,,,
2013063000100245,2013년 6월 30일 13시,일요일,부산광역시 동구 범일동,부상신고사고,0,0,0,1,차대차 - 기타,안전운전불이행,건조,맑음,단일로 - 기타,승용,남,45세,상해없음,화물,남,56세,부상신고
2013063000100246,2013년 6월 30일 13시,일요일,부산광역시 부산진구 전포동,경상사고,0,0,1,0,차대차 - 추돌 - 주정차중,안전운전불이행,건조,맑음,교차로 - 교차로부근,승용,남,80세,상해없음,승용,여,59세,경상
2013063000100247,2013년 6월 30일 13시,일요일,부산광역시 금정구 구서동,중상사고,0,2,1,0,차대차 - 측면직각충돌,교차로운행방법위반,건조,맑음,교차로 - 교차로안,이륜,남,24세,중상,승용,남,33세,중상
2013063000100274,2013년 6월 30일 14시,일요일,부산광역시 수영구 민락동,경상사고,0,0,2,0,차대차 - 측면직각충돌,교차로운행방법위반,습기,흐림,교차로 - 교차로안,화물,남,58세,상해없음,승용,여,52세,경상
2013063000100303,2013년 6월 30일 15시,일요일,부산광역시 남구 용호동,중상사고,0,1,0,0,차대사람 - 길가장자리구역통행중,안전운전불이행,건조,맑음,단일로 - 기타,자전거,여,25세,기타불명,보행자,여,58세,중상
2013063000100304,2013년 6월 30일 15시,일요일,부산광역시 금정구 구서동,중상사고,0,1,0,0,차대사람 - 기타,안전운전불이행,건조,맑음,단일로 - 기타,승용,남,44세,상해없음,보행자,남,44세,중상
2013063000100305,2013년 6월 30일 15시,일요일,부산광역시 기장군 일광면,중상사고,0,1,0,1,차대차 - 측면직각충돌,안전운전불이행,건조,맑음,단일로 - 기타,화물,남,26세,상해없음,이륜,남,62세,부상신고
2013063000100343,2013년 6월 30일 16시,일요일,부산광역시 기장군 기장읍,경상사고,0,0,1,0,차대차 - 측면직각충돌,교차로운행방법위반,건조,맑음,교차로 - 교차로안,승용,남,43세,상해없음,승용,여,41세,경상
2013063000100367,2013년 6월 30일 17시,일요일,부산광역시 수영구 남천동,부상신고사고,0,0,0,1,차대차 - 기타,안전운전불이행,건조,맑음,단일로 - 기타,자전거,여,51세,부상신고,승용,남,48세,상해없음
2013063000100368,2013년 6월 30일 17시,일요일,부산광역시 남구 문현동,경상사고,0,0,2,0,차대차 - 측면직각충돌,교차로운행방법위반,습기,맑음,교차로 - 교차로안,이륜,남,15세,상해없음,승용,여,44세,경상
2013063000100421,2013년 6월 30일 19시,일요일,부산광역시 남구 문현동,부상신고사고,0,0,0,1,차대차 - 기타,안전운전불이행,건조,맑음,단일로 - 기타,이륜,남,18세,부상신고,승합,남,53세,상해없음
2013063000100422,2013년 6월 30일 19시,일요일,부산광역시 부산진구 부전동,중상사고,0,1,0,0,차대사람 - 횡단중,보행자보호의무위반,건조,맑음,단일로 - 기타,원동기,남,24세,상해없음,보행자,여,38세,중상
2013063000100442,2013년 6월 30일 20시,일요일,부산광역시 연제구 연산동,경상사고,0,0,1,0,차대사람 - 길가장자리구역통행중,안전운전불이행,건조,맑음,단일로 - 기타,승용,남,28세,상해없음,보행자,남,20세,경상
2013063000100474,2013년 6월 30일 21시,일요일,부산광역시 강서구 화전동,경상사고,0,0,4,0,차대차 - 측면직각충돌,안전거리미확보,건조,맑음,교차로 - 교차로안,화물,남,50세,상해없음,승용,여,40세,경상
2013063000100498,2013년 6월 30일 22시,일요일,부산광역시 북구 덕천동,부상신고사고,0,0,0,2,차대차 - 측면직각충돌,안전거리미확보,건조,맑음,단일로 - 기타,승용,여,48세,상해없음,화물,남,35세,부상신고
2013063000100499,2013년 6월 30일 22시,일요일,부산광역시 강서구 명지동,중상사고,0,2,0,0,차대차 - 측면직각충돌,신호위반,건조,맑음,교차로 - 교차로안,승용,남,33세,상해없음,승용,남,25세,중상
2013063000100526,2013년 6월 30일 23시,일요일,부산광역시 중구 보수동1가,중상사고,0,1,0,0,차량단독 - 공작물충돌,안전운전불이행,건조,흐림,교차로 - 교차로부근,승용,남,56세,상해없음,,,,
2013070100100003,2013년 7월 1일 00시,월요일,부산광역시 동구 수정동,사망사고,1,0,0,0,차대사람 - 기타,안전운전불이행,건조,맑음,단일로 - 기타,승용,남,21세,상해없음,보행자,남,41세,사망
2013070100100004,2013년 7월 1일 00시,월요일,부산광역시 연제구 연산동,경상사고,0,0,1,0,차대사람 - 기타,안전운전불이행,건조,맑음,교차로 - 교차로부근,승용,남,22세,상해없음,보행자,남,24세,경상
2013070100100005,2013년 7월 1일 00시,월요일,부산광역시 연제구 연산동,부상신고사고,0,0,0,1,차량단독 - 기타,안전운전불이행,건조,맑음,교차로 - 교차로부근,이륜,남,18세,부상신고,,,,
2013070100100028,2013년 7월 1일 03시,월요일,부산광역시 사상구 괘법동,부상신고사고,0,0,0,2,차대차 - 측면직각충돌,안전거리미확보,건조,맑음,단일로 - 기타,이륜,남,16세,부상신고,승용,남,55세,상해없음
2013070100100033,2013년 7월 1일 04시,월요일,부산광역시 해운대구 재송동,중상사고,0,1,0,0,차대차 - 측면직각충돌,신호위반,건조,맑음,교차로 - 교차로안,승용,남,32세,상해없음,자전거,남,34세,중상
2013070100100034,2013년 7월 1일 04시,월요일,부산광역시 부산진구 전포동,경상사고,0,0,1,0,차대차 - 추돌 - 진행중,안전운전불이행,건조,맑음,교차로 - 교차로부근,승용,남,32세,상해없음,승용,여,42세,경상
2013070100100053,2013년 7월 1일 06시,월요일,부산광역시 동구 범일동,경상사고,0,0,1,0,차대차 - 측면직각충돌,신호위반,건조,맑음,교차로 - 교차로안,승용,여,26세,상해없음,승용,남,47세,경상
2013070100100054,2013년 7월 1일 06시,월요일,부산광역시 해운대구 반여동,경상사고,0,0,1,0,차대사람 - 기타,안전운전불이행,건조,맑음,단일로 - 기타,화물,남,56세,상해없음,보행자,남,39세,경상
2013070100100065,2013년 7월 1일 07시,월요일,부산광역시 서구 서대신동2가,경상사고,0,0,1,0,차대차 - 측면직각충돌,직진우회전진행방해,건조,맑음,교차로 - 교차로안,화물,남,36세,상해없음,승용,남,52세,경상
2013070100100066,2013년 7월 1일 07시,월요일,부산광역시 사하구 장림동,경상사고,0,0,1,0,차대차 - 기타,안전운전불이행,건조,맑음,교차로 - 교차로부근,승합,남,53세,상해없음,승용,남,33세,경상
2013070100100090,2013년 7월 1일 08시,월요일,부산광역시 해운대구 좌동,경상사고,0,0,1,0,차대차 - 추돌 - 진행중,안전운전불이행,습기,안개,단일로 - 기타,승용,남,62세,상해없음,승용,남,56세,경상
2013070100100091,2013년 7월 1일 08시,월요일,부산광역시 기장군 장안읍,경상사고,0,0,1,0,차대차 - 추돌 - 진행중,안전운전불이행,건조,맑음,단일로 - 기타,화물,남,47세,상해없음,승용,남,25세,경상
2013070100100131,2013년 7월 1일 09시,월요일,부산광역시 부산진구 연지동,부상신고사고,0,0,0,1,차대사람 - 기타,안전운전불이행,건조,맑음,단일로 - 기타,승용,남,42세,상해없음,보행자,남,30세,부상신고
2013070100100162,2013년 7월 1일 10시,월요일,부산광역시 강서구 송정동,중상사고,0,1,0,0,차대차 - 측면직각충돌,안전거리미확보,건조,맑음,단일로 - 기타,승용,여,31세,상해없음,승용,남,35세,중상
2013070100100184,2013년 7월 1일 11시,월요일,부산광역시 해운대구 우동,중상사고,0,1,0,0,차대차 - 측면직각충돌,교차로운행방법위반,건조,맑음,교차로 - 교차로안,승용,여,35세,상해없음,이륜,남,35세,중상
2013070100100210,2013년 7월 1일 12시,월요일,부산광역시 강서구 명지동,경상사고,0,0,2,0,차대차 - 추돌 - 진행중,안전거리미확보,건조,맑음,단일로 - 기타,화물,남,26세,상해없음,화물,남,45세,경상
2013070100100211,2013년 7월 1일 12시,월요일,부산광역시 기장군 기장읍,경상사고,0,0,1,0,차대차 - 기타,안전운전불이행,건조,맑음,교차로 - 교차로안,화물,남,63세,상해없음,이륜,남,21세,경상
2013070100100244,2013년 7월 1일 13시,월요일,부산광역시 부산진구 부전동,중상사고,0,1,0,0,차대차 - 기타,신호위반,습기,흐림,교차로 - 교차로안,원동기,남,43세,상해없음,승합,남,58세,상해없음
2013070100100270,2013년 7월 1일 14시,월요일,부산광역시 금정구 구서동,중상사고,0,1,1,1,차대차 - 추돌 - 진행중,안전거리미확보,건조,맑음,단일로 - 기타,승용,남,71세,상해없음,승용,여,46세,중상
2013070100100304,2013년 7월 1일 15시,월요일,부산광역시 수영구 남천동,경상사고,0,0,1,0,차대차 - 측면직각충돌,안전운전불이행,건조,맑음,단일로 - 기타,승합,남,63세,상해없음,승용,남,27세,경상
2013070100100305,2013년 7월 1일 15시,월요일,부산광역시 동래구 안락동,중상사고,0,1,0,0,차대사람 - 횡단중,안전운전불이행,건조,맑음,단일로 - 횡단보도부근,화물,남,33세,상해없음,보행자,여,66세,중상
2013070100100306,2013년 7월 1일 15시,월요일,부산광역시 사하구 장림동,경상사고,0,0,1,0,차대차 - 기타,신호위반,건조,맑음,단일로 - 기타,승용,남,38세,상해없음,승용,남,49세,경상
2013070100100307,2013년 7월 1일 15시,월요일,부산광역시 사하구 하단동,경상사고,0,0,1,0,차대사람 - 길가장자리구역통행중,안전운전불이행,건조,흐림,단일로 - 기타,승용,남,45세,상해없음,보행자,남,24세,경상
2013070100100349,2013년 7월 1일 16시,월요일,부산광역시 해운대구 반여동,중상사고,0,1,0,0,차대사람 - 기타,보행자보호의무위반,건조,맑음,단일로 - 기타,승용,남,48세,상해없음,보행자,남,8세,중상
2013070100100350,2013년 7월 1일 16시,월요일,부산광역시 금정구 부곡동,중상사고,0,1,0,0,차대사람 - 횡단중,안전운전불이행,건조,맑음,단일로 - 기타,승용,여,54세,상해없음,보행자,여,64세,중상
2013070100100377,2013년 7월 1일 17시,월요일,부산광역시 금정구 남산동,경상사고,0,0,1,0,차대사람 - 길가장자리구역통행중,안전운전불이행,건조,맑음,단일로 - 기타,승용,남,43세,상해없음,보행자,남,71세,경상
2013070100100378,2013년 7월 1일 17시,월요일,부산광역시 사하구 다대동,중상사고,0,1,0,0,차대차 - 기타,교차로운행방법위반,건조,맑음,교차로 - 교차로안,화물,남,29세,상해없음,화물,남,43세,중상
2013070100100379,2013년 7월 1일 17시,월요일,부산광역시 강서구 죽동동,중상사고,0,1,1,0,차대차 - 추돌 - 진행중,안전운전불이행,건조,맑음,단일로 - 기타,화물,남,42세,상해없음,승용,남,52세,중상
2013070100100438,2013년 7월 1일 19시,월요일,부산광역시 수영구 광안동,중상사고,0,1,0,0,차대사람 - 기타,안전운전불이행,건조,흐림,교차로 - 교차로안,승용,남,64세,상해없음,보행자,남,46세,중상
2013070100100439,2013년 7월 1일 19시,월요일,부산광역시 남구 감만동,경상사고,0,0,3,0,차대차 - 추돌 - 진행중,안전운전불이행,건조,맑음,교차로 - 교차로부근,화물,남,55세,상해없음,승용,남,56세,경상
2013070100100440,2013년 7월 1일 19시,월요일,부산광역시 부산진구 가야동,경상사고,0,0,1,0,차대사람 - 길가장자리구역통행중,안전운전불이행,건조,맑음,단일로 - 기타,승용,남,31세,상해없음,보행자,여,14세,경상
2013070100100466,2013년 7월 1일 20시,월요일,부산광역시 사상구 학장동,경상사고,0,0,1,0,차대차 - 기타,중앙선침범,건조,맑음,단일로 - 기타,승용,여,47세,상해없음,이륜,남,31세,경상
2013070100100498,2013년 7월 1일 21시,월요일,부산광역시 동구 좌천동,경상사고,0,0,1,0,차대차 - 추돌 - 진행중,안전운전불이행,건조,맑음,단일로 - 기타,승용,남,27세,상해없음,승용,남,58세,경상
2013070100100499,2013년 7월 1일 21시,월요일,부산광역시 북구 구포동,경상사고,0,0,1,1,차대차 - 기타,안전운전불이행,건조,맑음,단일로 - 기타,화물,남,44세,상해없음,승용,남,54세,경상
2013070100100500,2013년 7월 1일 21시,월요일,부산광역시 금정구 구서동,중상사고,0,1,1,0,차대차 - 측면직각충돌,신호위반,건조,맑음,교차로 - 교차로안,승용,남,51세,상해없음,승용,남,52세,경상
2013070100100534,2013년 7월 1일 22시,월요일,부산광역시 부산진구 개금동,경상사고,0,0,1,0,차대사람 - 기타,신호위반,건조,맑음,교차로 - 교차로안,이륜,남,48세,상해없음,보행자,여,22세,경상
2013070100100535,2013년 7월 1일 22시,월요일,부산광역시 사상구 주례동,경상사고,0,0,1,0,차대사람 - 기타,안전운전불이행,건조,맑음,단일로 - 기타,승용,남,63세,상해없음,보행자,남,41세,경상
2013070100100561,2013년 7월 1일 23시,월요일,부산광역시 사하구 장림동,경상사고,0,0,2,0,차대사람 - 기타,안전운전불이행,습기,흐림,교차로 - 교차로부근,승용,남,31세,상해없음,보행자,남,29세,경상
2013070200100003,2013년 7월 2일 00시,화요일,부산광역시 사하구 감천동,경상사고,0,0,1,0,차량단독 - 기타,안전운전불이행,습기,흐림,단일로 - 기타,승용,남,48세,상해없음,,,,
2013070200100036,2013년 7월 2일 02시,화요일,부산광역시 연제구 연산동,부상신고사고,0,0,0,1,차대사람 - 기타,기타,건조,맑음,단일로 - 기타,승용,남,29세,상해없음,보행자,남,51세,부상신고
2013070200100048,2013년 7월 2일 03시,화요일,부산광역시 부산진구 부전동,중상사고,0,1,0,0,차대차 - 기타,안전운전불이행,건조,흐림,단일로 - 기타,승용,남,32세,상해없음,승용,남,49세,중상
2013070200100059,2013년 7월 2일 04시,화요일,부산광역시 해운대구 반여동,경상사고,0,0,3,0,차대차 - 추돌 - 진행중,중앙선침범,습기,비,교차로 - 교차로부근,승용,남,37세,상해없음,승합,남,60세,상해없음
2013070200100070,2013년 7월 2일 05시,화요일,부산광역시 수영구 남천동,중상사고,0,1,0,0,차대차 - 측면직각충돌,교차로운행방법위반,습기,흐림,교차로 - 교차로안,승용,여,52세,상해없음,승용,여,65세,중상
2013070200100071,2013년 7월 2일 05시,화요일,부산광역시 영도구 대평동1가,중상사고,0,1,0,0,차대사람 - 기타,안전운전불이행,건조,맑음,기타 - 기타,기타불명,기타불명,기타불명,기타불명,보행자,남,90세 이상,중상
2013070200100104,2013년 7월 2일 07시,화요일,부산광역시 사하구 신평동,경상사고,0,0,1,0,차량단독 - 전도전복,안전운전불이행,습기,비,단일로 - 기타,승용,여,32세,경상,,,,
2013070200100105,2013년 7월 2일 07시,화요일,부산광역시 사하구 다대동,중상사고,0,1,0,0,차대차 - 측면직각충돌,신호위반,건조,맑음,교차로 - 교차로안,원동기,남,48세,중상,승용,여,58세,상해없음
2013070200100106,2013년 7월 2일 07시,화요일,부산광역시 사상구 모라동,경상사고,0,0,1,0,차대차 - 추돌 - 진행중,신호위반,건조,맑음,교차로 - 교차로안,승용,남,61세,상해없음,이륜,남,23세,경상
2013070200100169,2013년 7월 2일 09시,화요일,부산광역시 부산진구 전포동,중상사고,0,6,3,0,차대차 - 추돌 - 주정차중,안전운전불이행,습기,비,단일로 - 기타,화물,남,26세,상해없음,승합,남,53세,중상
2013070200100201,2013년 7월 2일 10시,화요일,부산광역시 영도구 신선동1가,경상사고,0,0,1,0,차대사람 - 횡단중,안전운전불이행,습기,비,단일로 - 기타,승용,남,24세,상해없음,보행자,남,67세,경상
2013070200100202,2013년 7월 2일 10시,화요일,부산광역시 해운대구 반송동,부상신고사고,0,0,0,1,차량단독 - 기타,안전운전불이행,건조,맑음,교차로 - 교차로안,승합,남,57세,상해없음,,,,
2013070200100241,2013년 7월 2일 12시,화요일,부산광역시 동래구 안락동,중상사고,0,1,0,0,차대사람 - 횡단중,안전운전불이행,습기,비,단일로 - 횡단보도부근,승용,여,44세,상해없음,보행자,여,57세,중상
2013070200100242,2013년 7월 2일 12시,화요일,부산광역시 기장군 일광면,중상사고,0,1,0,0,차대사람 - 횡단중,보행자보호의무위반,습기,비,단일로 - 기타,승용,남,35세,상해없음,보행자,남,48세,중상
2013070200100263,2013년 7월 2일 13시,화요일,부산광역시 북구 덕천동,중상사고,0,1,0,0,차대사람 - 기타,안전운전불이행,건조,흐림,교차로 - 교차로부근,승용,여,57세,상해없음,보행자,남,60세,중상
2013070200100286,2013년 7월 2일 14시,화요일,부산광역시 영도구 신선동1가,중상사고,0,1,0,0,차대사람 - 기타,안전운전불이행,건조,맑음,교차로 - 교차로부근,화물,남,56세,상해없음,보행자,여,30세,중상
2013070200100314,2013년 7월 2일 15시,화요일,부산광역시 해운대구 좌동,경상사고,0,0,1,0,차대차 - 기타,안전거리미확보,건조,맑음,단일로 - 기타,화물,남,76세,상해없음,승용,남,27세,경상
2013070200100347,2013년 7월 2일 16시,화요일,부산광역시 사상구 엄궁동,경상사고,0,0,1,0,차량단독 - 기타,안전운전불이행,건조,맑음,단일로 - 기타,승합,남,61세,상해없음,,,,
2013070200100384,2013년 7월 2일 17시,화요일,부산광역시 동구 수정동,사망사고,1,0,0,0,차대사람 - 횡단중,보행자보호의무위반,건조,맑음,단일로 - 횡단보도상,승용,남,36세,상해없음,보행자,여,91세,사망
2013070200100385,2013년 7월 2일 17시,화요일,부산광역시 수영구 광안동,중상사고,0,1,0,0,차대차 - 측면직각충돌,신호위반,습기,비,단일로 - 기타,승용,남,28세,상해없음,이륜,남,53세,중상
2013070200100386,2013년 7월 2일 17시,화요일,부산광역시 동래구 사직동,중상사고,0,2,1,0,차대차 - 측면직각충돌,안전운전불이행,건조,맑음,단일로 - 기타,승용,남,57세,상해없음,승용,남,74세,중상
2013070200100387,2013년 7월 2일 17시,화요일,부산광역시 부산진구 가야동,경상사고,0,0,1,0,차대사람 - 횡단중,보행자보호의무위반,건조,맑음,교차로 - 교차로안,화물,남,37세,상해없음,보행자,여,55세,경상
2013070200100388,2013년 7월 2일 17시,화요일,부산광역시 부산진구 당감동,중상사고,0,3,2,0,차대차 - 추돌 - 주정차중,안전운전불이행,건조,맑음,단일로 - 터널,승용,남,54세,상해없음,승용,남,34세,중상
2013070200100426,2013년 7월 2일 18시,화요일,부산광역시 북구 화명동,경상사고,0,0,1,0,차대차 - 추돌 - 주정차중,안전운전불이행,건조,맑음,단일로 - 기타,승용,남,27세,상해없음,승용,남,56세,경상