사고번호,사고일시,요일,시군구,사고내용,사망자수,중상자수,경상자수,부상신고자수,사고유형,법규위반,노면상태,기상상태,도로형태,가해운전자 차종,가해운전자 성별,가해운전자 연령,가해운전자 상해정도,피해운전자 차종,피해운전자 성별,피해운전자 연령,피해운전자 상해정도
2013070200100427,2013년 7월 2일 18시,화요일,부산광역시 동래구 안락동,중상사고,0,2,0,0,차대차 - 기타,안전운전불이행,건조,맑음,단일로 - 기타,승용,남,30세,중상,승용,남,61세,중상
2013070200100460,2013년 7월 2일 19시,화요일,부산광역시 동구 초량동,경상사고,0,0,1,0,차대사람 - 기타,안전운전불이행,건조,맑음,단일로 - 기타,승용,남,51세,상해없음,보행자,여,32세,경상
2013070200100531,2013년 7월 2일 21시,화요일,부산광역시 해운대구 중동,경상사고,0,0,1,0,차대사람 - 차도통행중,안전운전불이행,건조,맑음,단일로 - 기타,승용,남,19세,상해없음,보행자,여,85세,경상
2013070200100532,2013년 7월 2일 21시,화요일,부산광역시 해운대구 중동,경상사고,0,0,1,0,차대사람 - 기타,불법유턴,건조,맑음,단일로 - 기타,승용,남,21세,상해없음,보행자,여,52세,경상
2013070200100533,2013년 7월 2일 21시,화요일,부산광역시 부산진구 부전동,경상사고,0,0,1,0,차대사람 - 길가장자리구역통행중,안전운전불이행,건조,맑음,단일로 - 기타,승용,남,62세,상해없음,보행자,여,60세,경상
2013070200100534,2013년 7월 2일 21시,화요일,부산광역시 연제구 연산동,경상사고,0,0,1,0,차대차 - 측면직각충돌,중앙선침범,건조,맑음,단일로 - 기타,화물,남,65세,상해없음,자전거,남,14세,경상
2013070200100578,2013년 7월 2일 22시,화요일,부산광역시 북구 구포동,중상사고,0,1,0,0,차대사람 - 기타,안전운전불이행,건조,흐림,단일로 - 기타,승용,남,55세,상해없음,보행자,남,47세,중상
2013070200100579,2013년 7월 2일 22시,화요일,부산광역시 해운대구 반여동,경상사고,0,0,1,0,차대차 - 측면직각충돌,안전운전불이행,건조,맑음,교차로 - 교차로안,승용,남,53세,상해없음,이륜,남,17세,경상
2013070200100614,2013년 7월 2일 23시,화요일,부산광역시 사하구 하단동,부상신고사고,0,0,0,1,차대차 - 기타,안전운전불이행,건조,맑음,단일로 - 기타,승용,남,32세,상해없음,승용,남,33세,부상신고
2013070300100024,2013년 7월 3일 01시,수요일,부산광역시 동래구 명륜동,중상사고,0,2,0,0,차대사람 - 횡단중,중앙선침범,건조,맑음,단일로 - 기타,승용,남,33세,상해없음,보행자,남,33세,중상
2013070300100025,2013년 7월 3일 01시,수요일,부산광역시 사상구 엄궁동,중상사고,0,1,0,0,차대차 - 측면직각충돌,신호위반,습기,흐림,교차로 - 교차로안,승용,남,28세,상해없음,이륜,남,16세,중상
2013070300100049,2013년 7월 3일 03시,수요일,부산광역시 해운대구 우동,부상신고사고,0,0,0,2,차량단독 - 전도전복,안전운전불이행,습기,비,단일로 - 교량,승용,남,24세,상해없음,,,,
2013070300100056,2013년 7월 3일 04시,수요일,부산광역시 연제구 연산동,중상사고,0,1,0,0,차대사람 - 횡단중,안전운전불이행,습기,비,교차로 - 교차로부근,화물,남,56세,상해없음,보행자,남,86세,중상
2013070300100065,2013년 7월 3일 05시,수요일,부산광역시 수영구 망미동,경상사고,0,0,2,0,차대차 - 추돌 - 주정차중,안전운전불이행,습기,비,단일로 - 기타,특수,남,53세,상해없음,승용,남,41세,경상
2013070300100075,2013년 7월 3일 06시,수요일,부산광역시 남구 문현동,중상사고,0,1,0,0,차량단독 - 기타,안전운전불이행,습기,비,미분류 - 미분류,승용,남,62세,중상,,,,
2013070300100076,2013년 7월 3일 06시,수요일,부산광역시 연제구 거제동,경상사고,0,0,1,0,차대차 - 측면직각충돌,안전거리미확보,습기,비,단일로 - 기타,승용,남,57세,상해없음,승용,남,63세,경상
2013070300100091,2013년 7월 3일 07시,수요일,부산광역시 부산진구 범천동,중상사고,0,1,0,0,차대차 - 측면직각충돌,안전운전불이행,건조,맑음,단일로 - 기타,승용,남,50세,상해없음,원동기,남,33세,중상
2013070300100092,2013년 7월 3일 07시,수요일,부산광역시 연제구 연산동,경상사고,0,0,1,0,차대차 - 측면직각충돌,차로위반,습기,비,단일로 - 기타,승용,남,50세,상해없음,승용,여,37세,경상
2013070300100093,2013년 7월 3일 07시,수요일,부산광역시 기장군 정관면,경상사고,0,0,1,0,차대차 - 측면직각충돌,신호위반,건조,맑음,교차로 - 교차로안,화물,남,49세,상해없음,승용,남,67세,경상
2013070300100117,2013년 7월 3일 08시,수요일,부산광역시 강서구 봉림동,경상사고,0,0,2,0,차대차 - 기타,안전운전불이행,습기,비,단일로 - 기타,화물,남,43세,상해없음,승용,여,39세,경상
2013070300100118,2013년 7월 3일 08시,수요일,부산광역시 사상구 삼락동,중상사고,0,4,1,0,차대차 - 측면직각충돌,안전운전불이행,습기,비,단일로 - 기타,승용,남,35세,상해없음,승용,여,26세,중상
2013070300100151,2013년 7월 3일 09시,수요일,부산광역시 동구 수정동,중상사고,0,1,0,0,차대차 - 측면직각충돌,안전운전불이행,습기,비,교차로 - 교차로안,승용,여,34세,상해없음,원동기,남,65세,중상
2013070300100152,2013년 7월 3일 09시,수요일,부산광역시 동래구 사직동,중상사고,0,2,1,0,차대차 - 추돌 - 주정차중,안전운전불이행,습기,비,단일로 - 기타,승용,남,22세,상해없음,승용,여,47세,중상
2013070300100153,2013년 7월 3일 09시,수요일,부산광역시 해운대구 반송동,중상사고,0,1,0,0,차대사람 - 보도통행중,신호위반,습기,비,단일로 - 기타,승용,여,73세,상해없음,보행자,여,77세,중상
2013070300100181,2013년 7월 3일 10시,수요일,부산광역시 강서구 송정동,경상사고,0,0,1,0,차대차 - 측면직각충돌,신호위반,습기,비,교차로 - 교차로안,승용,여,54세,기타불명,승용,남,28세,경상
2013070300100204,2013년 7월 3일 11시,수요일,부산광역시 서구 동대신동1가,중상사고,0,2,1,0,차대차 - 추돌 - 진행중,안전거리미확보,습기,흐림,단일로 - 기타,특수,남,65세,상해없음,승용,여,59세,중상
2013070300100205,2013년 7월 3일 11시,수요일,부산광역시 남구 문현동,부상신고사고,0,0,0,1,차대차 - 추돌 - 진행중,안전운전불이행,건조,맑음,단일로 - 기타,승용,여,60세,상해없음,승용,남,36세,기타불명
2013070300100206,2013년 7월 3일 11시,수요일,부산광역시 영도구 영선동1가,중상사고,0,1,1,0,차대사람 - 횡단중,안전운전불이행,건조,맑음,기타 - 기타,승용,남,52세,상해없음,보행자,남,65세,중상
2013070300100207,2013년 7월 3일 11시,수요일,부산광역시 부산진구 개금동,중상사고,0,3,1,0,차대차 - 기타,안전거리미확보,습기,비,미분류 - 미분류,승용,남,36세,상해없음,승용,남,40세,중상
2013070300100208,2013년 7월 3일 11시,수요일,부산광역시 사상구 감전동,경상사고,0,0,1,0,차대차 - 측면직각충돌,직진우회전진행방해,건조,맑음,교차로 - 교차로안,승용,여,53세,상해없음,원동기,남,25세,경상
2013070300100233,2013년 7월 3일 12시,수요일,부산광역시 사상구 감전동,중상사고,0,1,0,0,차대차 - 기타,안전운전불이행,건조,맑음,단일로 - 기타,승용,남,23세,상해없음,특수,남,28세,중상
2013070300100262,2013년 7월 3일 13시,수요일,부산광역시 남구 용호동,중상사고,0,3,0,0,차대차 - 기타,중앙선침범,습기,비,단일로 - 기타,승용,남,47세,중상,승용,남,56세,중상
2013070300100263,2013년 7월 3일 13시,수요일,부산광역시 해운대구 우동,경상사고,0,0,9,0,차대차 - 추돌 - 진행중,안전운전불이행,습기,비,단일로 - 기타,승용,남,53세,상해없음,화물,남,49세,상해없음
2013070300100264,2013년 7월 3일 13시,수요일,부산광역시 사상구 감전동,경상사고,0,0,1,0,차대차 - 측면직각충돌,안전운전불이행,습기,비,단일로 - 기타,화물,남,45세,상해없음,화물,남,44세,경상
2013070300100287,2013년 7월 3일 14시,수요일,부산광역시 연제구 연산동,경상사고,0,0,1,0,차대사람 - 기타,안전운전불이행,건조,맑음,단일로 - 기타,승용,여,30세,상해없음,보행자,남,56세,경상
2013070300100314,2013년 7월 3일 15시,수요일,부산광역시 중구 보수동1가,부상신고사고,0,0,0,1,차대차 - 기타,안전운전불이행,건조,맑음,단일로 - 기타,기타불명,남,74세,부상신고,화물,남,36세,상해없음
2013070300100315,2013년 7월 3일 15시,수요일,부산광역시 연제구 거제동,중상사고,0,1,0,0,차대사람 - 차도통행중,안전운전불이행,건조,맑음,교차로 - 교차로부근,승용,남,32세,상해없음,보행자,여,65세,중상
2013070300100352,2013년 7월 3일 16시,수요일,부산광역시 해운대구 우동,중상사고,0,1,0,0,차대사람 - 기타,안전운전불이행,건조,맑음,교차로 - 교차로부근,승용,여,45세,상해없음,보행자,여,82세,중상
2013070300100384,2013년 7월 3일 17시,수요일,부산광역시 사하구 장림동,경상사고,0,0,1,0,차대차 - 측면직각충돌,교차로운행방법위반,건조,맑음,교차로 - 교차로안,승용,남,61세,상해없음,승용,남,53세,경상
2013070300100385,2013년 7월 3일 17시,수요일,부산광역시 사상구 덕포동,경상사고,0,0,4,1,차대차 - 추돌 - 주정차중,안전운전불이행,건조,맑음,단일로 - 기타,승용,여,60세,부상신고,승용,남,37세,경상
2013070300100426,2013년 7월 3일 18시,수요일,부산광역시 해운대구 좌동,중상사고,0,1,1,0,차대차 - 측면직각충돌,신호위반,건조,맑음,교차로 - 교차로안,승용,여,44세,상해없음,승합,남,48세,중상
2013070300100427,2013년 7월 3일 18시,수요일,부산광역시 부산진구 가야동,중상사고,0,1,0,0,차대차 - 추돌 - 진행중,안전거리미확보,건조,맑음,교차로 - 교차로부근,승용,남,58세,중상,승용,여,46세,상해없음
2013070300100428,2013년 7월 3일 18시,수요일,부산광역시 사상구 학장동,부상신고사고,0,0,0,1,차대사람 - 보도통행중,기타,건조,맑음,단일로 - 기타,승용,남,56세,상해없음,보행자,여,66세,부상신고
2013070300100471,2013년 7월 3일 19시,수요일,부산광역시 동래구 수안동,경상사고,0,0,1,0,차대사람 - 기타,불법유턴,건조,맑음,기타 - 기타,승용,남,64세,상해없음,보행자,남,52세,경상
2013070300100472,2013년 7월 3일 19시,수요일,부산광역시 부산진구 범천동,중상사고,0,1,0,0,차대사람 - 기타,안전운전불이행,건조,맑음,단일로 - 기타,승합,남,61세,상해없음,보행자,남,63세,중상
2013070300100497,2013년 7월 3일 20시,수요일,부산광역시 금정구 서동,경상사고,0,0,1,0,차대사람 - 횡단중,보행자보호의무위반,습기,맑음,교차로 - 교차로부근,승용,남,24세,상해없음,보행자,여,49세,경상
2013070300100498,2013년 7월 3일 20시,수요일,부산광역시 기장군 기장읍,경상사고,0,0,1,0,차대차 - 기타,신호위반,건조,맑음,교차로 - 교차로안,승용,남,67세,상해없음,화물,남,59세,경상
2013070300100530,2013년 7월 3일 21시,수요일,부산광역시 동구 범일동,경상사고,0,0,1,0,차대차 - 추돌 - 주정차중,안전거리미확보,건조,맑음,교차로 - 교차로부근,승용,여,39세,상해없음,승용,남,62세,경상
2013070300100531,2013년 7월 3일 21시,수요일,부산광역시 남구 우암동,중상사고,0,1,0,0,차대사람 - 횡단중,안전운전불이행,건조,맑음,교차로 - 교차로부근,승용,여,41세,상해없음,보행자,남,70세,중상
2013070300100593,2013년 7월 3일 23시,수요일,부산광역시 영도구 영선동1가,경상사고,0,0,1,0,차대차 - 측면직각충돌,중앙선침범,건조,맑음,단일로 - 기타,승합,남,26세,기타불명,이륜,남,47세,경상
2013070400100003,2013년 7월 4일 00시,목요일,부산광역시 연제구 거제동,중상사고,0,2,0,0,차대차 - 추돌 - 주정차중,안전운전불이행,건조,맑음,단일로 - 기타,승용,남,42세,상해없음,승용,남,54세,중상
2013070400100066,2013년 7월 4일 04시,목요일,부산광역시 사상구 주례동,중상사고,0,1,1,0,차량단독 - 공작물충돌,안전운전불이행,건조,흐림,단일로 - 기타,원동기,남,23세,경상,,,,
2013070400100094,2013년 7월 4일 07시,목요일,부산광역시 동래구 수안동,경상사고,0,0,1,0,차대차 - 기타,안전운전불이행,건조,맑음,단일로 - 기타,승용,남,25세,상해없음,자전거,남,38세,경상
2013070400100095,2013년 7월 4일 07시,목요일,부산광역시 부산진구 부전동,중상사고,0,1,0,0,차대차 - 기타,불법유턴,건조,맑음,단일로 - 기타,승용,남,33세,기타불명,화물,여,50세,중상
2013070400100096,2013년 7월 4일 07시,목요일,부산광역시 부산진구 전포동,경상사고,0,0,1,0,차대차 - 기타,신호위반,건조,맑음,교차로 - 교차로안,승용,남,31세,상해없음,승용,남,32세,상해없음
2013070400100097,2013년 7월 4일 07시,목요일,부산광역시 사상구 덕포동,중상사고,0,1,0,0,차대차 - 추돌 - 주정차중,안전운전불이행,건조,맑음,교차로 - 교차로부근,이륜,남,15세,상해없음,승용,기타불명,기타불명,기타불명
2013070400100121,2013년 7월 4일 08시,목요일,부산광역시 동구 범일동,경상사고,0,0,1,0,차대차 - 추돌 - 진행중,차로위반,건조,맑음,단일로 - 기타,승용,남,39세,상해없음,승용,남,39세,경상
2013070400100122,2013년 7월 4일 08시,목요일,부산광역시 동래구 온천동,중상사고,0,2,1,0,차대차 - 추돌 - 진행중,안전운전불이행,습기,흐림,단일로 - 기타,승용,남,46세,상해없음,승용,남,38세,경상
2013070400100123,2013년 7월 4일 08시,목요일,부산광역시 금정구 서동,부상신고사고,0,0,0,1,차대사람 - 길가장자리구역통행중,안전운전불이행,건조,맑음,교차로 - 교차로안,승용,남,54세,상해없음,보행자,남,40세,부상신고
2013070400100124,2013년 7월 4일 08시,목요일,부산광역시 연제구 거제동,경상사고,0,0,1,0,차대사람 - 횡단중,보행자보호의무위반,건조,맑음,단일로 - 횡단보도상,승용,남,34세,상해없음,보행자,여,25세,경상
2013070400100183,2013년 7월 4일 10시,목요일,부산광역시 부산진구 양정동,사망사고,1,0,0,0,차대차 - 측면직각충돌,안전운전불이행,습기,흐림,교차로 - 교차로안,화물,남,55세,상해없음,이륜,남,71세,사망
2013070400100211,2013년 7월 4일 11시,목요일,부산광역시 동구 초량동,경상사고,0,0,1,0,차대차 - 측면직각충돌,차로위반,습기,비,단일로 - 기타,승용,남,63세,상해없음,승용,남,51세,경상
2013070400100212,2013년 7월 4일 11시,목요일,부산광역시 부산진구 양정동,중상사고,0,1,0,0,차대사람 - 기타,안전운전불이행,습기,비,단일로 - 기타,승용,여,55세,상해없음,보행자,남,52세,중상
2013070400100235,2013년 7월 4일 12시,목요일,부산광역시 남구 대연동,경상사고,0,0,1,0,차대차 - 추돌 - 진행중,중앙선침범,습기,흐림,단일로 - 기타,승용,남,61세,상해없음,이륜,여,41세,경상
2013070400100263,2013년 7월 4일 13시,목요일,부산광역시 남구 대연동,중상사고,0,1,0,0,차대사람 - 횡단중,신호위반,습기,흐림,단일로 - 기타,승용,여,48세,상해없음,보행자,남,15세,중상
2013070400100264,2013년 7월 4일 13시,목요일,부산광역시 동래구 온천동,경상사고,0,0,1,0,차대사람 - 길가장자리구역통행중,안전운전불이행,건조,맑음,단일로 - 기타,승용,기타불명,기타불명,기타불명,보행자,여,15세,경상
2013070400100265,2013년 7월 4일 13시,목요일,부산광역시 기장군 기장읍,중상사고,0,2,0,0,차대차 - 추돌 - 주정차중,안전운전불이행,건조,맑음,교차로 - 교차로부근,승용,남,63세,상해없음,승용,남,54세,중상
2013070400100288,2013년 7월 4일 14시,목요일,부산광역시 수영구 광안동,중상사고,0,1,0,0,차대사람 - 기타,보행자보호의무위반,습기,흐림,교차로 - 교차로안,승용,남,60세,상해없음,보행자,여,69세,중상
2013070400100306,2013년 7월 4일 15시,목요일,부산광역시 동래구 사직동,경상사고,0,0,2,0,차대차 - 측면직각충돌,교차로운행방법위반,건조,맑음,교차로 - 교차로안,승용,여,45세,경상,승용,남,55세,경상
2013070400100307,2013년 7월 4일 15시,목요일,부산광역시 영도구 남항동1가,중상사고,0,1,0,0,차대사람 - 기타,안전운전불이행,건조,맑음,기타 - 기타,승용,남,76세,상해없음,보행자,여,57세,중상
2013070400100308,2013년 7월 4일 15시,목요일,부산광역시 해운대구 좌동,중상사고,0,1,0,0,차대사람 - 횡단중,보행자보호의무위반,건조,맑음,단일로 - 횡단보도상,승용,여,45세,상해없음,보행자,여,8세,중상
2013070400100309,2013년 7월 4일 15시,목요일,부산광역시 연제구 연산동,중상사고,0,1,3,0,차대차 - 추돌 - 주정차중,안전운전불이행,습기,흐림,교차로 - 교차로부근,승용,여,60세,상해없음,승용,여,52세,중상
2013070400100326,2013년 7월 4일 16시,목요일,부산광역시 남구 대연동,중상사고,0,1,0,0,차대차 - 추돌 - 진행중,안전운전불이행,습기,비,단일로 - 기타,승용,남,32세,상해없음,자전거,남,23세,중상
2013070400100327,2013년 7월 4일 16시,목요일,부산광역시 기장군 일광면,경상사고,0,0,2,0,차대차 - 추돌 - 진행중,안전거리미확보,건조,맑음,단일로 - 기타,건설기계,남,54세,상해없음,건설기계,남,44세,경상
2013070400100350,2013년 7월 4일 17시,목요일,부산광역시 서구 초장동,중상사고,0,2,0,0,차량단독 - 공작물충돌,안전운전불이행,습기,비,단일로 - 기타,승용,남,22세,중상,,,,
2013070400100351,2013년 7월 4일 17시,목요일,부산광역시 북구 구포동,경상사고,0,0,1,0,차대차 - 기타,안전거리미확보,기타,비,단일로 - 기타,화물,남,53세,상해없음,승용,남,37세,경상
2013070400100352,2013년 7월 4일 17시,목요일,부산광역시 부산진구 부암동,중상사고,0,1,0,0,차대차 - 기타,교차로운행방법위반,습기,흐림,교차로 - 교차로안,승용,남,23세,상해없음,승용,남,29세,중상
2013070400100431,2013년 7월 4일 19시,목요일,부산광역시 사하구 장림동,경상사고,0,0,1,0,차대차 - 기타,안전거리미확보,건조,흐림,단일로 - 기타,승용,여,22세,상해없음,승용,남,45세,경상
2013070400100473,2013년 7월 4일 20시,목요일,부산광역시 수영구 수영동,경상사고,0,0,1,0,차대차 - 기타,중앙선침범,습기,비,단일로 - 기타,승용,남,47세,상해없음,승용,남,30세,경상
2013070400100474,2013년 7월 4일 20시,목요일,부산광역시 부산진구 부전동,중상사고,0,2,6,0,차대차 - 기타,신호위반,습기,비,교차로 - 교차로안,승용,여,30세,경상,승용,남,57세,중상
2013070400100475,2013년 7월 4일 20시,목요일,부산광역시 연제구 연산동,중상사고,0,1,0,0,차대차 - 정면충돌,안전운전불이행,습기,비,단일로 - 기타,승용,남,49세,상해없음,이륜,남,43세,중상
2013070400100570,2013년 7월 4일 22시,목요일,부산광역시 해운대구 반여동,경상사고,0,0,1,0,차대사람 - 기타,보행자보호의무위반,습기,비,단일로 - 기타,승용,여,42세,상해없음,보행자,남,39세,경상
2013070400100571,2013년 7월 4일 22시,목요일,부산광역시 금정구 구서동,중상사고,0,1,0,0,차대사람 - 기타,안전운전불이행,습기,비,교차로 - 교차로안,화물,남,57세,상해없음,보행자,여,37세,중상
2013070400100572,2013년 7월 4일 22시,목요일,부산광역시 사하구 하단동,경상사고,0,0,3,0,차대차 - 추돌 - 진행중,안전거리미확보,건조,맑음,단일로 - 기타,승용,남,31세,상해없음,승용,남,55세,경상
2013070400100573,2013년 7월 4일 22시,목요일,부산광역시 사하구 신평동,중상사고,0,1,0,0,차대사람 - 횡단중,보행자보호의무위반,습기,비,단일로 - 횡단보도상,승용,남,31세,상해없음,보행자,남,52세,중상
2013070400100619,2013년 7월 4일 23시,목요일,부산광역시 해운대구 우동,경상사고,0,0,2,0,차대차 - 추돌 - 주정차중,안전운전불이행,습기,비,교차로 - 교차로부근,승용,남,50세,상해없음,승용,여,41세,경상
2013070400100620,2013년 7월 4일 23시,목요일,부산광역시 기장군 기장읍,부상신고사고,0,0,0,1,차량단독 - 공작물충돌,안전운전불이행,습기,비,단일로 - 기타,승용,남,54세,상해없음,,,,
2013070500100008,2013년 7월 5일 00시,금요일,부산광역시 북구 화명동,중상사고,0,1,2,0,차대차 - 측면직각충돌,신호위반,습기,비,교차로 - 교차로안,승용,남,62세,상해없음,승용,남,33세,경상
2013070500100009,2013년 7월 5일 00시,금요일,부산광역시 해운대구 우동,경상사고,0,0,1,0,차대차 - 추돌 - 진행중,안전거리미확보,습기,비,단일로 - 기타,승용,남,45세,상해없음,승용,남,33세,경상
2013070500100010,2013년 7월 5일 00시,금요일,부산광역시 사하구 장림동,경상사고,0,0,1,0,차대사람 - 차도통행중,안전운전불이행,건조,맑음,단일로 - 횡단보도부근,승용,남,50세,상해없음,보행자,남,48세,경상
2013070500100098,2013년 7월 5일 06시,금요일,부산광역시 동래구 온천동,중상사고,0,1,0,0,차대차 - 측면직각충돌,교차로운행방법위반,건조,맑음,교차로 - 교차로안,승용,남,56세,상해없음,승용,남,71세,상해없음
2013070500100142,2013년 7월 5일 08시,금요일,부산광역시 동래구 명륜동,경상사고,0,0,1,0,차대차 - 측면직각충돌,안전운전불이행,습기,비,단일로 - 기타,자전거,남,42세,상해없음,이륜,남,27세,경상
2013070500100143,2013년 7월 5일 08시,금요일,부산광역시 금정구 노포동,중상사고,0,1,0,0,차대차 - 측면직각충돌,안전운전불이행,습기,비,단일로 - 기타,화물,남,63세,상해없음,승용,남,30세,중상
2013070500100173,2013년 7월 5일 09시,금요일,부산광역시 동래구 명장동,중상사고,0,1,0,0,차대차 - 추돌 - 진행중,안전운전불이행,건조,맑음,단일로 - 기타,승용,남,58세,상해없음,승용,남,32세,중상
2013070500100174,2013년 7월 5일 09시,금요일,부산광역시 해운대구 반여동,중상사고,0,2,0,0,차대사람 - 횡단중,보행자보호의무위반,건조,맑음,교차로 - 교차로부근,화물,남,33세,상해없음,보행자,여,51세,중상
2013070500100197,2013년 7월 5일 10시,금요일,부산광역시 사하구 하단동,경상사고,0,0,1,0,차대사람 - 횡단중,안전운전불이행,건조,흐림,단일로 - 기타,승용,남,48세,상해없음,보행자,남,20세,경상
2013070500100198,2013년 7월 5일 10시,금요일,부산광역시 연제구 연산동,중상사고,0,1,0,0,차대차 - 측면직각충돌,안전운전불이행,건조,맑음,교차로 - 교차로부근,승용,여,57세,상해없음,이륜,남,66세,중상
2013070500100199,2013년 7월 5일 10시,금요일,부산광역시 연제구 연산동,경상사고,0,0,2,0,차대차 - 추돌 - 주정차중,안전운전불이행,건조,흐림,교차로 - 교차로부근,승용,남,31세,상해없음,승용,남,33세,경상
2013070500100244,2013년 7월 5일 12시,금요일,부산광역시 중구 보수동1가,부상신고사고,0,0,0,1,차대차 - 측면직각충돌,안전운전불이행,건조,맑음,단일로 - 횡단보도상,자전거,여,56세,부상신고,이륜,남,39세,상해없음
2013070500100268,2013년 7월 5일 13시,금요일,부산광역시 부산진구 개금동,경상사고,0,0,1,0,차대사람 - 횡단중,보행자보호의무위반,건조,맑음,교차로 - 교차로안,승용,기타불명,기타불명,기타불명,보행자,남,8세,경상
2013070500100295,2013년 7월 5일 14시,금요일,부산광역시 남구 용호동,경상사고,0,0,1,0,차량단독 - 기타,안전운전불이행,건조,맑음,기타 - 기타,승용,여,55세,상해없음,,,,
2013070500100296,2013년 7월 5일 14시,금요일,부산광역시 수영구 남천동,중상사고,0,1,0,0,차대사람 - 횡단중,보행자보호의무위반,습기,흐림,단일로 - 횡단보도상,승합,여,44세,상해없음,보행자,남,57세,중상
2013070500100297,2013년 7월 5일 14시,금요일,부산광역시 연제구 연산동,부상신고사고,0,0,0,1,차대사람 - 길가장자리구역통행중,안전운전불이행,건조,맑음,단일로 - 기타,승용,기타불명,40세,기타불명,보행자,남,56세,부상신고
2013070500100374,2013년 7월 5일 16시,금요일,부산광역시 남구 대연동,경상사고,0,0,2,0,차대차 - 추돌 - 진행중,안전거리미확보,건조,맑음,단일로 - 터널,승용,여,36세,상해없음,승용,남,30세,경상
2013070500100375,2013년 7월 5일 16시,금요일,부산광역시 부산진구 범천동,중상사고,0,1,0,0,차대차 - 기타,안전운전불이행,기타,맑음,단일로 - 기타,승용,남,54세,상해없음,원동기,남,58세,중상
2013070500100376,2013년 7월 5일 16시,금요일,부산광역시 사상구 모라동,중상사고,0,2,4,0,차대차 - 측면직각충돌,교차로운행방법위반,건조,맑음,교차로 - 교차로안,승용,남,60세,경상,승용,남,60세,경상
2013070500100404,2013년 7월 5일 17시,금요일,부산광역시 북구 화명동,경상사고,0,0,1,0,차대차 - 추돌 - 진행중,안전운전불이행,건조,맑음,교차로 - 교차로부근,승용,여,45세,상해없음,승용,여,53세,경상
2013070500100405,2013년 7월 5일 17시,금요일,부산광역시 사상구 모라동,중상사고,0,1,0,0,차대사람 - 기타,안전운전불이행,건조,흐림,단일로 - 기타,원동기,남,23세,상해없음,보행자,여,67세,중상
2013070500100435,2013년 7월 5일 18시,금요일,부산광역시 금정구 장전동,경상사고,0,0,1,0,차대차 - 기타,안전거리미확보,건조,흐림,교차로 - 교차로안,승용,남,82세,상해없음,승용,남,63세,경상
2013070500100479,2013년 7월 5일 19시,금요일,부산광역시 서구 동대신동1가,중상사고,0,2,0,0,차대차 - 측면직각충돌,불법유턴,건조,맑음,단일로 - 기타,승용,남,57세,상해없음,승용,남,54세,상해없음
2013070500100480,2013년 7월 5일 19시,금요일,부산광역시 수영구 수영동,중상사고,0,1,0,0,차대차 - 기타,기타,건조,맑음,단일로 - 기타,승용,남,57세,상해없음,이륜,남,53세,중상
2013070500100481,2013년 7월 5일 19시,금요일,부산광역시 해운대구 반송동,경상사고,0,0,1,0,차대차 - 측면직각충돌,안전운전불이행,건조,맑음,단일로 - 기타,승용,여,56세,상해없음,승용,여,26세,경상
2013070500100482,2013년 7월 5일 19시,금요일,부산광역시 강서구 명지동,경상사고,0,0,2,0,차대차 - 측면직각충돌,신호위반,건조,흐림,교차로 - 교차로안,승용,남,26세,기타불명,승용,남,66세,경상
2013070500100522,2013년 7월 5일 20시,금요일,부산광역시 해운대구 반여동,경상사고,0,0,2,0,차대차 - 추돌 - 진행중,안전운전불이행,건조,맑음,단일로 - 기타,승용,남,67세,상해없음,승용,남,33세,경상
2013070500100602,2013년 7월 5일 22시,금요일,부산광역시 동구 범일동,중상사고,0,1,0,0,차대사람 - 횡단중,안전운전불이행,건조,맑음,교차로 - 교차로안,승합,남,49세,상해없음,보행자,남,49세,중상
2013070500100603,2013년 7월 5일 22시,금요일,부산광역시 사상구 감전동,중상사고,0,2,1,0,차대차 - 추돌 - 주정차중,안전운전불이행,건조,흐림,교차로 - 교차로부근,승용,남,29세,상해없음,승용,남,35세,중상
2013070500100650,2013년 7월 5일 23시,금요일,부산광역시 중구 영주동,중상사고,0,1,0,0,차대차 - 정면충돌,중앙선침범,건조,맑음,단일로 - 기타,승용,남,39세,상해없음,승용,남,45세,중상
2013070600100003,2013년 7월 6일 00시,토요일,부산광역시 동구 범일동,중상사고,0,1,0,0,차대차 - 추돌 - 진행중,교차로운행방법위반,건조,맑음,교차로 - 교차로안,승용,남,61세,상해없음,승용,남,62세,상해없음
2013070600100004,2013년 7월 6일 00시,토요일,부산광역시 부산진구 부전동,경상사고,0,0,1,0,차대사람 - 기타,안전운전불이행,건조,맑음,교차로 - 교차로안,승용,남,53세,상해없음,보행자,남,41세,경상
2013070600100005,2013년 7월 6일 00시,토요일,부산광역시 사하구 당리동,중상사고,0,1,0,0,차대차 - 측면직각충돌,직진우회전진행방해,건조,흐림,교차로 - 교차로안,이륜,남,62세,상해없음,이륜,남,21세,중상
2013070600100006,2013년 7월 6일 00시,토요일,부산광역시 사상구 학장동,중상사고,0,1,0,0,차대차 - 추돌 - 주정차중,안전운전불이행,건조,흐림,단일로 - 기타,승용,남,60세,상해없음,원동기,남,62세,중상
2013070600100038,2013년 7월 6일 01시,토요일,부산광역시 서구 동대신동1가,중상사고,0,1,0,0,차대차 - 측면직각충돌,신호위반,건조,맑음,단일로 - 횡단보도상,승용,남,57세,상해없음,원동기,남,64세,중상