사고번호,사고일시,요일,시군구,사고내용,사망자수,중상자수,경상자수,부상신고자수,사고유형,법규위반,노면상태,기상상태,도로형태,가해운전자 차종,가해운전자 성별,가해운전자 연령,가해운전자 상해정도,피해운전자 차종,피해운전자 성별,피해운전자 연령,피해운전자 상해정도
2013071600100056,2013년 7월 16일 05시,화요일,부산광역시 부산진구 초읍동,중상사고,0,1,0,0,차대사람 - 기타,안전운전불이행,건조,맑음,단일로 - 기타,승용,남,50세,상해없음,보행자,여,72세,중상
2013071600100080,2013년 7월 16일 07시,화요일,부산광역시 동구 초량동,경상사고,0,0,2,0,차대차 - 추돌 - 주정차중,안전거리미확보,건조,맑음,단일로 - 기타,승용,남,20세,상해없음,승용,남,35세,경상
2013071600100111,2013년 7월 16일 08시,화요일,부산광역시 동래구 안락동,경상사고,0,0,1,0,차대차 - 추돌 - 진행중,교차로운행방법위반,건조,맑음,교차로 - 교차로안,화물,남,37세,상해없음,화물,남,57세,경상
2013071600100112,2013년 7월 16일 08시,화요일,부산광역시 해운대구 반여동,경상사고,0,0,1,0,차대차 - 측면직각충돌,안전운전불이행,건조,맑음,교차로 - 교차로안,승용,남,27세,경상,승합,남,57세,상해없음
2013071600100154,2013년 7월 16일 09시,화요일,부산광역시 동래구 온천동,경상사고,0,0,1,0,차대차 - 추돌 - 진행중,안전운전불이행,건조,맑음,단일로 - 기타,승용,여,53세,상해없음,승용,남,32세,경상
2013071600100182,2013년 7월 16일 10시,화요일,부산광역시 중구 영주동,경상사고,0,0,1,0,차대차 - 측면직각충돌,안전운전불이행,건조,맑음,단일로 - 기타,승용,남,48세,상해없음,승용,여,48세,경상
2013071600100183,2013년 7월 16일 10시,화요일,부산광역시 동구 범일동,중상사고,0,1,0,0,차대사람 - 횡단중,안전운전불이행,건조,맑음,교차로 - 교차로부근,승용,여,51세,상해없음,보행자,여,37세,중상
2013071600100184,2013년 7월 16일 10시,화요일,부산광역시 영도구 대교동2가,중상사고,0,1,0,0,차대차 - 측면직각충돌,신호위반,건조,맑음,교차로 - 교차로안,승합,남,25세,상해없음,이륜,남,35세,중상
2013071600100213,2013년 7월 16일 11시,화요일,부산광역시 금정구 장전동,경상사고,0,0,1,0,차대차 - 측면직각충돌,기타,건조,맑음,교차로 - 교차로부근,승용,여,38세,상해없음,화물,남,21세,경상
2013071600100214,2013년 7월 16일 11시,화요일,부산광역시 사하구 하단동,중상사고,0,1,0,0,차대사람 - 기타,안전운전불이행,건조,맑음,단일로 - 기타,승용,남,31세,상해없음,보행자,여,58세,중상
2013071600100237,2013년 7월 16일 12시,화요일,부산광역시 북구 덕천동,경상사고,0,0,1,0,차대사람 - 횡단중,안전운전불이행,건조,맑음,단일로 - 기타,원동기,여,45세,상해없음,보행자,여,27세,경상
2013071600100257,2013년 7월 16일 13시,화요일,부산광역시 금정구 부곡동,경상사고,0,0,1,0,차대차 - 측면직각충돌,기타,건조,맑음,교차로 - 교차로안,승용,남,61세,상해없음,이륜,남,46세,경상
2013071600100289,2013년 7월 16일 14시,화요일,부산광역시 서구 남부민동,경상사고,0,0,1,0,차대차 - 측면직각충돌,기타,건조,맑음,교차로 - 교차로안,승합,남,43세,상해없음,이륜,남,58세,경상
2013071600100290,2013년 7월 16일 14시,화요일,부산광역시 동래구 명륜동,경상사고,0,0,1,0,차대사람 - 길가장자리구역통행중,안전운전불이행,건조,맑음,단일로 - 기타,승용,여,23세,상해없음,보행자,여,64세,경상
2013071600100291,2013년 7월 16일 14시,화요일,부산광역시 연제구 거제동,경상사고,0,0,1,0,차대차 - 추돌 - 주정차중,안전운전불이행,건조,맑음,단일로 - 기타,승용,남,63세,상해없음,승용,여,52세,경상
2013071600100319,2013년 7월 16일 15시,화요일,부산광역시 사하구 신평동,경상사고,0,0,1,0,차대차 - 기타,안전운전불이행,건조,맑음,단일로 - 기타,승용,남,40세,상해없음,자전거,남,23세,경상
2013071600100320,2013년 7월 16일 15시,화요일,부산광역시 사상구 학장동,중상사고,0,1,0,0,차대사람 - 기타,안전운전불이행,건조,맑음,교차로 - 교차로부근,화물,남,33세,상해없음,보행자,여,55세,중상
2013071600100321,2013년 7월 16일 15시,화요일,부산광역시 기장군 기장읍,경상사고,0,0,1,0,차대사람 - 기타,안전운전불이행,건조,맑음,교차로 - 교차로부근,승용,남,41세,상해없음,보행자,남,61세,경상
2013071600100357,2013년 7월 16일 16시,화요일,부산광역시 해운대구 우동,중상사고,0,1,0,0,차대차 - 추돌 - 진행중,안전운전불이행,건조,맑음,단일로 - 기타,승용,남,33세,상해없음,승용,여,54세,중상
2013071600100358,2013년 7월 16일 16시,화요일,부산광역시 금정구 구서동,경상사고,0,0,1,0,차대차 - 측면직각충돌,신호위반,건조,맑음,교차로 - 교차로안,원동기,남,63세,경상,승용,남,54세,상해없음
2013071600100381,2013년 7월 16일 17시,화요일,부산광역시 부산진구 당감동,경상사고,0,0,1,0,차대사람 - 횡단중,안전운전불이행,건조,맑음,단일로 - 기타,승용,남,61세,상해없음,보행자,여,13세,경상
2013071600100416,2013년 7월 16일 18시,화요일,부산광역시 동래구 안락동,경상사고,0,0,1,0,차대차 - 기타,안전운전불이행,건조,맑음,교차로 - 교차로부근,화물,남,57세,상해없음,승용,남,50세,경상
2013071600100417,2013년 7월 16일 18시,화요일,부산광역시 부산진구 개금동,경상사고,0,0,1,1,차대사람 - 횡단중,보행자보호의무위반,건조,맑음,단일로 - 횡단보도상,승용,여,42세,상해없음,보행자,남,34세,경상
2013071600100418,2013년 7월 16일 18시,화요일,부산광역시 금정구 회동동,경상사고,0,0,3,3,차대차 - 추돌 - 주정차중,안전거리미확보,건조,맑음,단일로 - 기타,승용,남,25세,상해없음,승용,여,54세,경상
2013071600100419,2013년 7월 16일 18시,화요일,부산광역시 사상구 삼락동,중상사고,0,1,0,0,차대차 - 기타,안전거리미확보,건조,맑음,교차로 - 교차로부근,기타불명,기타불명,기타불명,기타불명,원동기,남,46세,중상
2013071600100457,2013년 7월 16일 19시,화요일,부산광역시 서구 동대신동1가,중상사고,0,1,0,0,차대차 - 측면직각충돌,신호위반,건조,맑음,교차로 - 교차로안,승용,여,31세,상해없음,이륜,남,70세,중상
2013071600100458,2013년 7월 16일 19시,화요일,부산광역시 연제구 연산동,부상신고사고,0,0,0,1,차대사람 - 길가장자리구역통행중,안전운전불이행,건조,맑음,단일로 - 기타,기타불명,기타불명,기타불명,기타불명,보행자,남,16세,부상신고
2013071600100483,2013년 7월 16일 20시,화요일,부산광역시 중구 보수동1가,경상사고,0,0,1,0,차대차 - 기타,안전운전불이행,건조,맑음,교차로 - 교차로안,승용,남,47세,상해없음,승용,남,58세,경상
2013071600100508,2013년 7월 16일 21시,화요일,부산광역시 사하구 괴정동,경상사고,0,0,2,0,차대차 - 측면직각충돌,불법유턴,건조,맑음,단일로 - 기타,승용,여,48세,상해없음,승용,남,26세,경상
2013071600100509,2013년 7월 16일 21시,화요일,부산광역시 강서구 성북동,사망사고,1,0,0,0,차량단독 - 공작물충돌,안전운전불이행,건조,맑음,단일로 - 교량,승용,남,22세,사망,,,,
2013071600100545,2013년 7월 16일 22시,화요일,부산광역시 연제구 거제동,중상사고,0,1,0,0,차대차 - 측면직각충돌,차로위반,건조,맑음,단일로 - 기타,승용,여,50세,상해없음,원동기,남,45세,중상
2013071600100579,2013년 7월 16일 23시,화요일,부산광역시 중구 대청동1가,경상사고,0,0,1,0,차대차 - 측면직각충돌,안전거리미확보,건조,맑음,단일로 - 기타,승용,남,49세,상해없음,화물,남,56세,경상
2013071700100009,2013년 7월 17일 00시,수요일,부산광역시 해운대구 중동,중상사고,0,1,0,0,차대차 - 추돌 - 진행중,안전운전불이행,건조,맑음,교차로 - 교차로부근,승용,여,52세,상해없음,이륜,남,39세,중상
2013071700100034,2013년 7월 17일 01시,수요일,부산광역시 금정구 금사동,경상사고,0,0,1,0,차대차 - 측면직각충돌,신호위반,건조,맑음,교차로 - 교차로안,승용,여,57세,상해없음,승용,남,56세,경상
2013071700100035,2013년 7월 17일 01시,수요일,부산광역시 사상구 감전동,중상사고,0,1,1,0,차대차 - 추돌 - 주정차중,안전운전불이행,건조,맑음,단일로 - 기타,승용,남,64세,상해없음,승용,여,50세,중상
2013071700100067,2013년 7월 17일 04시,수요일,부산광역시 사상구 삼락동,경상사고,0,0,1,0,차대차 - 측면직각충돌,안전운전불이행,건조,맑음,단일로 - 기타,승용,남,43세,상해없음,승용,남,36세,경상
2013071700100095,2013년 7월 17일 07시,수요일,부산광역시 서구 동대신동1가,경상사고,0,0,2,0,차대차 - 측면직각충돌,안전거리미확보,건조,맑음,단일로 - 기타,화물,남,67세,상해없음,승용,남,32세,경상
2013071700100096,2013년 7월 17일 07시,수요일,부산광역시 사하구 하단동,경상사고,0,0,1,0,차대사람 - 길가장자리구역통행중,안전운전불이행,건조,맑음,교차로 - 교차로부근,승용,남,70세,상해없음,보행자,남,20세,경상
2013071700100123,2013년 7월 17일 08시,수요일,부산광역시 사상구 학장동,경상사고,0,0,1,0,차대차 - 측면직각충돌,교차로운행방법위반,건조,맑음,교차로 - 교차로안,화물,남,56세,상해없음,승용,남,38세,경상
2013071700100165,2013년 7월 17일 09시,수요일,부산광역시 부산진구 부전동,중상사고,0,1,0,0,차대사람 - 횡단중,보행자보호의무위반,건조,맑음,단일로 - 기타,승용,남,41세,상해없음,보행자,남,82세,중상
2013071700100166,2013년 7월 17일 09시,수요일,부산광역시 사하구 감천동,경상사고,0,0,1,0,차대사람 - 차도통행중,안전운전불이행,건조,맑음,단일로 - 횡단보도부근,승용,기타불명,기타불명,기타불명,보행자,남,24세,경상
2013071700100167,2013년 7월 17일 09시,수요일,부산광역시 강서구 범방동,중상사고,0,1,0,0,차량단독 - 기타,안전운전불이행,건조,맑음,단일로 - 기타,승합,남,66세,상해없음,,,,
2013071700100195,2013년 7월 17일 10시,수요일,부산광역시 동구 초량동,경상사고,0,0,1,0,차대차 - 기타,안전운전불이행,건조,맑음,단일로 - 기타,승용,남,32세,상해없음,승합,남,44세,경상
2013071700100208,2013년 7월 17일 11시,수요일,부산광역시 부산진구 개금동,중상사고,0,1,2,0,차대차 - 기타,안전거리미확보,기타,맑음,단일로 - 기타,승용,여,26세,상해없음,승용,여,59세,중상
2013071700100209,2013년 7월 17일 11시,수요일,부산광역시 강서구 명지동,경상사고,0,0,2,0,차대차 - 추돌 - 진행중,안전운전불이행,건조,맑음,단일로 - 기타,승용,남,69세,상해없음,승용,여,31세,경상
2013071700100236,2013년 7월 17일 12시,수요일,부산광역시 부산진구 부암동,중상사고,0,1,0,0,차대차 - 기타,교차로운행방법위반,건조,맑음,교차로 - 교차로안,승용,기타불명,기타불명,기타불명,승용,여,47세,중상
2013071700100237,2013년 7월 17일 12시,수요일,부산광역시 금정구 부곡동,부상신고사고,0,0,0,1,차대차 - 기타,교차로운행방법위반,건조,맑음,교차로 - 교차로안,이륜,남,19세,부상신고,승용,여,29세,상해없음
2013071700100268,2013년 7월 17일 13시,수요일,부산광역시 중구 영주동,경상사고,0,0,1,0,차대사람 - 기타,안전운전불이행,건조,맑음,단일로 - 기타,승용,여,54세,상해없음,보행자,남,49세,경상
2013071700100269,2013년 7월 17일 13시,수요일,부산광역시 남구 문현동,중상사고,0,1,0,0,차대차 - 기타,안전운전불이행,건조,맑음,단일로 - 기타,승용,여,25세,상해없음,이륜,남,51세,중상
2013071700100270,2013년 7월 17일 13시,수요일,부산광역시 남구 문현동,경상사고,0,0,1,0,차대차 - 기타,안전운전불이행,건조,맑음,단일로 - 기타,자전거,남,27세,경상,승합,남,49세,상해없음
2013071700100271,2013년 7월 17일 13시,수요일,부산광역시 부산진구 당감동,경상사고,0,0,1,0,차대사람 - 기타,보행자보호의무위반,기타,맑음,교차로 - 교차로부근,화물,남,36세,상해없음,보행자,남,64세,경상
2013071700100272,2013년 7월 17일 13시,수요일,부산광역시 연제구 거제동,경상사고,0,0,1,0,차대차 - 측면직각충돌,교차로운행방법위반,건조,맑음,교차로 - 교차로안,승용,남,33세,상해없음,승용,남,60세,경상
2013071700100273,2013년 7월 17일 13시,수요일,부산광역시 사상구 모라동,경상사고,0,0,1,0,차대차 - 기타,안전거리미확보,건조,맑음,단일로 - 기타,승용,남,38세,상해없음,승용,남,37세,경상
2013071700100274,2013년 7월 17일 13시,수요일,부산광역시 기장군 일광면,중상사고,0,1,0,0,차대차 - 측면직각충돌,교차로운행방법위반,건조,맑음,교차로 - 교차로안,승용,남,61세,상해없음,이륜,남,31세,중상
2013071700100298,2013년 7월 17일 14시,수요일,부산광역시 남구 대연동,중상사고,0,1,0,0,차대차 - 측면직각충돌,교차로운행방법위반,건조,맑음,교차로 - 교차로안,화물,남,49세,상해없음,승용,여,44세,중상
2013071700100299,2013년 7월 17일 14시,수요일,부산광역시 남구 대연동,중상사고,0,1,0,0,차대차 - 기타,안전운전불이행,건조,맑음,단일로 - 기타,승합,남,61세,상해없음,원동기,남,30세,중상
2013071700100300,2013년 7월 17일 14시,수요일,부산광역시 해운대구 좌동,경상사고,0,0,1,0,차대사람 - 횡단중,신호위반,건조,맑음,교차로 - 교차로부근,승용,남,66세,상해없음,보행자,남,37세,경상
2013071700100329,2013년 7월 17일 15시,수요일,부산광역시 사하구 하단동,경상사고,0,0,1,0,차대차 - 기타,안전운전불이행,건조,맑음,교차로 - 교차로안,승용,여,58세,상해없음,자전거,남,25세,경상
2013071700100330,2013년 7월 17일 15시,수요일,부산광역시 사상구 학장동,사망사고,1,0,0,0,차대사람 - 기타,안전운전불이행,건조,맑음,단일로 - 기타,화물,남,26세,상해없음,보행자,남,76세,사망
2013071700100420,2013년 7월 17일 17시,수요일,부산광역시 서구 서대신동3가,경상사고,0,0,1,0,차대차 - 측면직각충돌,안전운전불이행,건조,맑음,단일로 - 횡단보도부근,승용,남,69세,상해없음,승용,여,32세,경상
2013071700100421,2013년 7월 17일 17시,수요일,부산광역시 강서구 송정동,경상사고,0,0,1,0,차대차 - 기타,교차로운행방법위반,건조,맑음,교차로 - 교차로안,화물,남,52세,상해없음,승용,남,27세,경상
2013071700100453,2013년 7월 17일 18시,수요일,부산광역시 동래구 안락동,중상사고,0,1,0,0,차대사람 - 횡단중,안전운전불이행,건조,맑음,단일로 - 기타,승용,남,46세,상해없음,보행자,여,46세,중상
2013071700100497,2013년 7월 17일 19시,수요일,부산광역시 해운대구 좌동,중상사고,0,1,0,0,차대사람 - 횡단중,보행자보호의무위반,기타,맑음,단일로 - 기타,승용,여,46세,상해없음,보행자,여,67세,중상
2013071700100498,2013년 7월 17일 19시,수요일,부산광역시 금정구 부곡동,경상사고,0,0,1,0,차대사람 - 기타,안전운전불이행,건조,맑음,단일로 - 기타,승합,남,58세,상해없음,보행자,여,54세,경상
2013071700100533,2013년 7월 17일 20시,수요일,부산광역시 부산진구 개금동,경상사고,0,0,1,0,차대차 - 기타,안전운전불이행,건조,맑음,단일로 - 기타,화물,남,60세,상해없음,승용,남,30세,경상
2013071700100534,2013년 7월 17일 20시,수요일,부산광역시 사상구 주례동,경상사고,0,0,1,0,차대사람 - 기타,안전운전불이행,건조,맑음,단일로 - 기타,승합,남,50세,기타불명,보행자,여,57세,경상
2013071700100564,2013년 7월 17일 21시,수요일,부산광역시 서구 암남동,경상사고,0,0,1,0,차대사람 - 횡단중,신호위반,건조,맑음,단일로 - 횡단보도상,이륜,남,17세,상해없음,보행자,여,60세,경상
2013071700100643,2013년 7월 17일 23시,수요일,부산광역시 사상구 삼락동,중상사고,0,1,0,0,차대차 - 추돌 - 주정차중,안전운전불이행,건조,맑음,교차로 - 교차로부근,승용,남,34세,상해없음,승용,남,40세,중상
2013071800100009,2013년 7월 18일 00시,목요일,부산광역시 사하구 장림동,경상사고,0,0,2,0,차대차 - 기타,안전운전불이행,건조,맑음,단일로 - 기타,승용,남,54세,상해없음,승용,남,25세,경상
2013071800100039,2013년 7월 18일 01시,목요일,부산광역시 강서구 강동동,중상사고,0,1,0,0,차대차 - 추돌 - 주정차중,안전운전불이행,건조,맑음,단일로 - 기타,원동기,남,20세,상해없음,승용,남,53세,상해없음
2013071800100055,2013년 7월 18일 02시,목요일,부산광역시 사하구 감천동,부상신고사고,0,0,0,7,차대차 - 측면직각충돌,신호위반,건조,맑음,교차로 - 교차로안,승용,남,64세,상해없음,승용,남,22세,부상신고
2013071800100083,2013년 7월 18일 04시,목요일,부산광역시 중구 중앙동6가,경상사고,0,0,2,0,차대차 - 측면직각충돌,신호위반,건조,맑음,교차로 - 교차로안,승용,남,31세,상해없음,화물,남,48세,경상
2013071800100084,2013년 7월 18일 04시,목요일,부산광역시 수영구 광안동,중상사고,0,1,0,0,차대사람 - 횡단중,안전운전불이행,건조,맑음,단일로 - 기타,승용,남,60세,상해없음,보행자,남,34세,중상
2013071800100100,2013년 7월 18일 06시,목요일,부산광역시 해운대구 우동,중상사고,0,1,0,0,차대차 - 기타,안전거리미확보,건조,흐림,단일로 - 터널,특수,남,42세,상해없음,승용,남,60세,중상
2013071800100101,2013년 7월 18일 06시,목요일,부산광역시 강서구 송정동,중상사고,0,1,0,0,차대차 - 추돌 - 진행중,안전거리미확보,건조,맑음,단일로 - 기타,승용,남,38세,상해없음,승용,여,52세,중상
2013071800100102,2013년 7월 18일 06시,목요일,부산광역시 사상구 학장동,중상사고,0,1,0,0,차대차 - 기타,교차로운행방법위반,건조,맑음,교차로 - 교차로안,승용,남,58세,상해없음,승용,남,45세,중상
2013071800100149,2013년 7월 18일 08시,목요일,부산광역시 남구 문현동,경상사고,0,0,1,0,차대차 - 측면직각충돌,신호위반,건조,맑음,단일로 - 기타,승용,여,31세,상해없음,승용,남,40세,경상
2013071800100150,2013년 7월 18일 08시,목요일,부산광역시 사하구 장림동,중상사고,0,1,0,0,차대사람 - 기타,안전운전불이행,건조,맑음,단일로 - 기타,승용,여,33세,상해없음,보행자,여,55세,중상
2013071800100179,2013년 7월 18일 09시,목요일,부산광역시 중구 보수동1가,경상사고,0,0,1,0,차대사람 - 길가장자리구역통행중,안전운전불이행,건조,맑음,단일로 - 기타,승용,여,35세,상해없음,보행자,남,48세,경상
2013071800100180,2013년 7월 18일 09시,목요일,부산광역시 남구 대연동,중상사고,0,1,0,0,차대사람 - 횡단중,안전운전불이행,건조,맑음,단일로 - 기타,화물,남,58세,상해없음,보행자,남,23세,중상
2013071800100181,2013년 7월 18일 09시,목요일,부산광역시 남구 감만동,경상사고,0,0,1,0,차대사람 - 기타,안전운전불이행,건조,맑음,단일로 - 횡단보도상,승용,남,50세,상해없음,보행자,여,32세,경상
2013071800100182,2013년 7월 18일 09시,목요일,부산광역시 해운대구 반여동,사망사고,1,0,0,0,차대사람 - 기타,안전운전불이행,건조,맑음,단일로 - 기타,화물,여,60세,상해없음,보행자,남,2세,사망
2013071800100221,2013년 7월 18일 11시,목요일,부산광역시 사상구 감전동,경상사고,0,0,1,1,차대차 - 기타,교차로운행방법위반,건조,맑음,교차로 - 교차로안,승용,남,46세,부상신고,승합,남,51세,경상
2013071800100257,2013년 7월 18일 13시,목요일,부산광역시 해운대구 반여동,경상사고,0,0,1,0,차대차 - 기타,안전운전불이행,건조,맑음,교차로 - 교차로안,승용,남,61세,상해없음,이륜,남,21세,경상
2013071800100280,2013년 7월 18일 14시,목요일,부산광역시 남구 용호동,부상신고사고,0,0,0,1,차대차 - 기타,안전거리미확보,건조,맑음,교차로 - 교차로부근,원동기,남,28세,부상신고,승용,남,60세,상해없음
2013071800100314,2013년 7월 18일 15시,목요일,부산광역시 동구 초량동,중상사고,0,2,1,1,차대차 - 추돌 - 진행중,안전거리미확보,건조,맑음,단일로 - 교량,승용,여,44세,부상신고,승용,남,43세,경상
2013071800100316,2013년 7월 18일 15시,목요일,부산광역시 영도구 대교동1가,경상사고,0,0,1,0,차대사람 - 기타,안전운전불이행,건조,맑음,단일로 - 기타,원동기,남,59세,상해없음,보행자,여,58세,경상
2013071800100348,2013년 7월 18일 16시,목요일,부산광역시 남구 문현동,중상사고,0,2,0,0,차대차 - 측면직각충돌,안전운전불이행,건조,맑음,단일로 - 기타,승용,남,72세,상해없음,승용,남,43세,중상
2013071800100349,2013년 7월 18일 16시,목요일,부산광역시 사상구 괘법동,중상사고,0,1,0,0,차대사람 - 기타,안전운전불이행,건조,맑음,단일로 - 기타,승용,남,45세,상해없음,보행자,남,49세,중상
2013071800100380,2013년 7월 18일 17시,목요일,부산광역시 영도구 동삼동,중상사고,0,1,0,0,차대사람 - 길가장자리구역통행중,안전운전불이행,건조,맑음,교차로 - 교차로안,승용,남,60세,상해없음,보행자,여,84세,중상
2013071800100381,2013년 7월 18일 17시,목요일,부산광역시 해운대구 우동,부상신고사고,0,0,0,1,차대사람 - 기타,안전운전불이행,건조,맑음,교차로 - 교차로부근,승용,남,66세,상해없음,보행자,여,17세,부상신고
2013071800100382,2013년 7월 18일 17시,목요일,부산광역시 금정구 구서동,중상사고,0,1,0,0,차대차 - 측면직각충돌,안전거리미확보,건조,맑음,단일로 - 기타,승용,여,41세,상해없음,승용,여,50세,중상
2013071800100383,2013년 7월 18일 17시,목요일,부산광역시 연제구 거제동,중상사고,0,1,0,0,차대차 - 기타,교차로운행방법위반,건조,맑음,교차로 - 교차로안,승용,남,64세,상해없음,원동기,남,77세,중상
2013071800100384,2013년 7월 18일 17시,목요일,부산광역시 기장군 기장읍,경상사고,0,0,1,0,차대차 - 정면충돌,교차로운행방법위반,건조,맑음,교차로 - 교차로안,승용,여,36세,상해없음,승용,여,51세,경상
2013071800100427,2013년 7월 18일 18시,목요일,부산광역시 서구 동대신동3가,중상사고,0,1,2,0,차대차 - 기타,중앙선침범,건조,맑음,교차로 - 교차로안,승용,여,38세,상해없음,승용,여,44세,경상
2013071800100428,2013년 7월 18일 18시,목요일,부산광역시 금정구 구서동,중상사고,0,1,0,0,차대차 - 추돌 - 진행중,신호위반,건조,맑음,교차로 - 교차로안,화물,남,62세,상해없음,승용,여,53세,중상
2013071800100471,2013년 7월 18일 19시,목요일,부산광역시 남구 대연동,경상사고,0,0,1,0,차대차 - 기타,신호위반,건조,맑음,단일로 - 기타,승용,남,62세,상해없음,승용,남,57세,경상
2013071800100472,2013년 7월 18일 19시,목요일,부산광역시 부산진구 범천동,중상사고,0,1,0,0,차대차 - 기타,안전운전불이행,건조,맑음,단일로 - 기타,승용,남,47세,상해없음,이륜,남,19세,중상
2013071800100473,2013년 7월 18일 19시,목요일,부산광역시 사하구 당리동,중상사고,0,1,0,0,차대사람 - 기타,안전운전불이행,건조,맑음,단일로 - 기타,승용,남,46세,상해없음,보행자,여,10세,중상
2013071800100474,2013년 7월 18일 19시,목요일,부산광역시 연제구 연산동,경상사고,0,0,1,0,차대차 - 측면직각충돌,안전거리미확보,건조,맑음,교차로 - 교차로안,승용,남,37세,상해없음,승용,남,72세,경상
2013071800100502,2013년 7월 18일 20시,목요일,부산광역시 해운대구 우동,경상사고,0,0,1,0,차대차 - 추돌 - 진행중,안전운전불이행,건조,맑음,단일로 - 기타,승용,여,52세,상해없음,자전거,남,60세,경상
2013071800100503,2013년 7월 18일 20시,목요일,부산광역시 부산진구 부전동,경상사고,0,0,1,0,차대차 - 측면직각충돌,안전운전불이행,건조,맑음,단일로 - 기타,승용,남,19세,상해없음,승용,남,55세,경상
2013071800100504,2013년 7월 18일 20시,목요일,부산광역시 금정구 청룡동,경상사고,0,0,1,0,차대차 - 기타,안전운전불이행,건조,맑음,교차로 - 교차로부근,승용,여,60세,상해없음,승용,남,50세,경상
2013071800100543,2013년 7월 18일 21시,목요일,부산광역시 남구 대연동,경상사고,0,0,1,0,차대차 - 측면직각충돌,안전운전불이행,건조,맑음,교차로 - 교차로안,원동기,남,22세,상해없음,승용,여,53세,상해없음
2013071800100544,2013년 7월 18일 21시,목요일,부산광역시 해운대구 우동,경상사고,0,0,1,0,차대사람 - 기타,안전운전불이행,건조,맑음,단일로 - 기타,승용,남,35세,상해없음,보행자,남,24세,경상
2013071800100545,2013년 7월 18일 21시,목요일,부산광역시 금정구 부곡동,경상사고,0,0,1,0,차대차 - 추돌 - 진행중,안전운전불이행,건조,맑음,교차로 - 교차로안,승용,남,59세,상해없음,승용,남,40세,경상
2013071800100546,2013년 7월 18일 21시,목요일,부산광역시 연제구 거제동,중상사고,0,5,3,0,차대차 - 추돌 - 주정차중,안전운전불이행,건조,맑음,교차로 - 교차로부근,승용,여,41세,상해없음,승용,남,56세,상해없음
2013071800100615,2013년 7월 18일 23시,목요일,부산광역시 동래구 안락동,중상사고,0,1,0,0,차대차 - 추돌 - 주정차중,안전운전불이행,건조,맑음,교차로 - 교차로부근,승용,남,44세,상해없음,승용,남,58세,상해없음
2013071800100616,2013년 7월 18일 23시,목요일,부산광역시 동래구 사직동,중상사고,0,1,2,0,차대차 - 추돌 - 주정차중,안전운전불이행,건조,맑음,교차로 - 교차로부근,승용,남,53세,상해없음,승용,남,71세,기타불명
2013071900100027,2013년 7월 19일 01시,금요일,부산광역시 해운대구 우동,경상사고,0,0,2,0,차대차 - 측면직각충돌,안전거리미확보,건조,맑음,단일로 - 기타,승용,남,27세,경상,승용,남,45세,상해없음
2013071900100070,2013년 7월 19일 05시,금요일,부산광역시 남구 대연동,중상사고,0,1,0,0,차대차 - 정면충돌,안전운전불이행,건조,맑음,교차로 - 교차로안,자전거,남,59세,중상,승용,남,64세,상해없음
2013071900100071,2013년 7월 19일 05시,금요일,부산광역시 동래구 온천동,중상사고,0,3,0,0,차대차 - 추돌 - 진행중,안전운전불이행,건조,맑음,단일로 - 기타,화물,남,32세,상해없음,승용,남,47세,중상
2013071900100081,2013년 7월 19일 06시,금요일,부산광역시 기장군 장안읍,경상사고,0,0,1,0,차량단독 - 기타,안전운전불이행,건조,맑음,단일로 - 기타,이륜,남,53세,경상,,,,
2013071900100095,2013년 7월 19일 07시,금요일,부산광역시 부산진구 가야동,중상사고,0,1,0,0,차대차 - 측면직각충돌,안전거리미확보,건조,맑음,교차로 - 교차로부근,승용,남,36세,상해없음,원동기,남,21세,중상
2013071900100118,2013년 7월 19일 08시,금요일,부산광역시 서구 동대신동3가,중상사고,0,1,0,0,차대사람 - 기타,중앙선침범,건조,맑음,단일로 - 기타,승용,남,66세,상해없음,보행자,여,62세,중상
2013071900100119,2013년 7월 19일 08시,금요일,부산광역시 남구 용호동,중상사고,0,1,0,0,차대사람 - 차도통행중,안전운전불이행,건조,맑음,단일로 - 기타,승용,남,66세,상해없음,보행자,남,15세,중상
2013071900100159,2013년 7월 19일 09시,금요일,부산광역시 동구 초량동,경상사고,0,0,2,0,차대차 - 측면직각충돌,교차로운행방법위반,건조,맑음,교차로 - 교차로안,승용,남,49세,상해없음,승용,남,27세,경상
2013071900100160,2013년 7월 19일 09시,금요일,부산광역시 연제구 거제동,경상사고,0,0,1,1,차대차 - 측면직각충돌,차로위반,건조,맑음,단일로 - 기타,이륜,남,57세,상해없음,승용,여,34세,경상
2013071900100184,2013년 7월 19일 10시,금요일,부산광역시 영도구 동삼동,경상사고,0,0,2,0,차대차 - 정면충돌,중앙선침범,건조,맑음,단일로 - 기타,승용,여,62세,상해없음,화물,남,44세,경상
2013071900100185,2013년 7월 19일 10시,금요일,부산광역시 부산진구 양정동,경상사고,0,0,1,0,차대차 - 기타,안전거리미확보,건조,맑음,단일로 - 기타,승용,남,43세,상해없음,원동기,남,29세,경상
2013071900100209,2013년 7월 19일 11시,금요일,부산광역시 연제구 거제동,경상사고,0,0,1,0,차대차 - 측면직각충돌,신호위반,건조,맑음,단일로 - 기타,승용,남,70세,상해없음,자전거,남,50세,경상