사고번호,사고일시,요일,시군구,사고내용,사망자수,중상자수,경상자수,부상신고자수,사고유형,법규위반,노면상태,기상상태,도로형태,가해운전자 차종,가해운전자 성별,가해운전자 연령,가해운전자 상해정도,피해운전자 차종,피해운전자 성별,피해운전자 연령,피해운전자 상해정도
2013071900100238,2013년 7월 19일 12시,금요일,부산광역시 남구 문현동,경상사고,0,0,1,0,차대차 - 추돌 - 진행중,기타,건조,맑음,교차로 - 교차로안,승용,남,34세,상해없음,이륜,남,25세,경상
2013071900100239,2013년 7월 19일 12시,금요일,부산광역시 북구 구포동,중상사고,0,1,0,1,차대차 - 기타,안전운전불이행,건조,맑음,단일로 - 기타,승용,남,56세,부상신고,화물,남,41세,중상
2013071900100240,2013년 7월 19일 12시,금요일,부산광역시 사상구 엄궁동,중상사고,0,1,0,0,차대사람 - 횡단중,보행자보호의무위반,건조,맑음,단일로 - 횡단보도상,화물,남,31세,상해없음,보행자,남,7세,중상
2013071900100241,2013년 7월 19일 12시,금요일,부산광역시 기장군 기장읍,경상사고,0,0,2,0,차대차 - 측면직각충돌,신호위반,건조,맑음,교차로 - 교차로안,승용,여,39세,경상,승용,여,31세,경상
2013071900100270,2013년 7월 19일 13시,금요일,부산광역시 부산진구 전포동,경상사고,0,0,1,0,차대사람 - 횡단중,안전운전불이행,건조,맑음,교차로 - 교차로안,승용,기타불명,기타불명,기타불명,보행자,여,58세,경상
2013071900100271,2013년 7월 19일 13시,금요일,부산광역시 부산진구 당감동,중상사고,0,1,0,0,차대사람 - 횡단중,보행자보호의무위반,건조,맑음,단일로 - 횡단보도상,승용,남,56세,상해없음,보행자,여,58세,중상
2013071900100272,2013년 7월 19일 13시,금요일,부산광역시 연제구 거제동,중상사고,0,1,0,0,차대차 - 측면직각충돌,차로위반,건조,맑음,교차로 - 교차로부근,화물,남,58세,상해없음,원동기,남,56세,중상
2013071900100308,2013년 7월 19일 14시,금요일,부산광역시 중구 중앙동1가,중상사고,0,1,0,0,차대차 - 추돌 - 진행중,교차로운행방법위반,건조,맑음,교차로 - 교차로안,승용,남,66세,상해없음,이륜,남,19세,중상
2013071900100309,2013년 7월 19일 14시,금요일,부산광역시 연제구 거제동,경상사고,0,0,2,0,차대차 - 추돌 - 진행중,안전거리미확보,건조,맑음,단일로 - 기타,승용,남,41세,상해없음,승용,남,55세,경상
2013071900100341,2013년 7월 19일 15시,금요일,부산광역시 남구 문현동,경상사고,0,0,1,0,차대차 - 추돌 - 진행중,안전운전불이행,건조,맑음,단일로 - 기타,승용,여,53세,상해없음,승용,여,43세,경상
2013071900100342,2013년 7월 19일 15시,금요일,부산광역시 금정구 구서동,경상사고,0,0,1,0,차대차 - 추돌 - 진행중,차로위반,건조,맑음,단일로 - 기타,이륜,남,29세,경상,승용,여,51세,상해없음
2013071900100371,2013년 7월 19일 16시,금요일,부산광역시 남구 대연동,경상사고,0,0,1,0,차대사람 - 기타,안전운전불이행,건조,맑음,교차로 - 교차로부근,승용,여,39세,상해없음,보행자,남,16세,경상
2013071900100398,2013년 7월 19일 17시,금요일,부산광역시 부산진구 범천동,중상사고,0,1,0,0,차대사람 - 기타,안전운전불이행,건조,맑음,단일로 - 기타,승용,남,36세,상해없음,보행자,여,47세,중상
2013071900100451,2013년 7월 19일 18시,금요일,부산광역시 북구 만덕동,중상사고,0,1,0,0,차대사람 - 기타,보행자보호의무위반,건조,맑음,단일로 - 횡단보도상,화물,남,38세,상해없음,보행자,여,6세,중상
2013071900100452,2013년 7월 19일 18시,금요일,부산광역시 동래구 온천동,경상사고,0,0,1,0,차대차 - 기타,안전거리미확보,건조,맑음,단일로 - 기타,화물,남,42세,상해없음,원동기,남,42세,경상
2013071900100497,2013년 7월 19일 19시,금요일,부산광역시 금정구 남산동,경상사고,0,0,1,0,차대차 - 측면직각충돌,기타,건조,맑음,교차로 - 교차로부근,승용,남,39세,상해없음,자전거,남,7세,경상
2013071900100570,2013년 7월 19일 21시,금요일,부산광역시 부산진구 부암동,경상사고,0,0,1,0,차대차 - 기타,안전운전불이행,건조,맑음,미분류 - 미분류,승용,남,25세,상해없음,승용,남,67세,경상
2013071900100571,2013년 7월 19일 21시,금요일,부산광역시 금정구 부곡동,경상사고,0,0,1,0,차대사람 - 길가장자리구역통행중,안전운전불이행,건조,맑음,단일로 - 기타,화물,남,32세,상해없음,보행자,여,28세,경상
2013071900100572,2013년 7월 19일 21시,금요일,부산광역시 금정구 노포동,경상사고,0,0,1,0,차대사람 - 기타,안전운전불이행,건조,맑음,단일로 - 기타,승용,여,54세,상해없음,보행자,남,25세,경상
2013071900100639,2013년 7월 19일 23시,금요일,부산광역시 남구 문현동,중상사고,0,1,0,0,차대차 - 기타,안전운전불이행,건조,맑음,미분류 - 미분류,화물,남,43세,상해없음,승용,남,34세,중상
2013071900100640,2013년 7월 19일 23시,금요일,부산광역시 북구 구포동,경상사고,0,0,1,0,차대차 - 측면직각충돌,신호위반,건조,맑음,교차로 - 교차로부근,승용,남,25세,상해없음,승용,남,44세,경상
2013071900100641,2013년 7월 19일 23시,금요일,부산광역시 연제구 연산동,경상사고,0,0,1,0,차대사람 - 보도통행중,안전운전불이행,건조,맑음,단일로 - 기타,승용,기타불명,기타불명,기타불명,보행자,남,17세,경상
2013072000100003,2013년 7월 20일 00시,토요일,부산광역시 동래구 온천동,경상사고,0,0,1,0,차대사람 - 횡단중,안전운전불이행,건조,맑음,단일로 - 기타,승용,여,32세,상해없음,보행자,여,9세,경상
2013072000100004,2013년 7월 20일 00시,토요일,부산광역시 연제구 거제동,경상사고,0,0,1,1,차대차 - 측면직각충돌,안전운전불이행,건조,맑음,단일로 - 기타,승용,남,45세,상해없음,승용,남,57세,경상
2013072000100038,2013년 7월 20일 01시,토요일,부산광역시 부산진구 개금동,경상사고,0,0,4,0,차대차 - 기타,신호위반,건조,맑음,교차로 - 교차로안,승용,남,59세,상해없음,승용,남,50세,경상
2013072000100039,2013년 7월 20일 01시,토요일,부산광역시 수영구 수영동,중상사고,0,1,0,0,차대차 - 기타,교차로운행방법위반,건조,맑음,교차로 - 교차로안,승용,남,60세,상해없음,자전거,남,28세,중상
2013072000100112,2013년 7월 20일 05시,토요일,부산광역시 남구 용당동,중상사고,0,1,0,0,차대사람 - 기타,안전운전불이행,건조,맑음,단일로 - 횡단보도부근,승합,남,28세,상해없음,보행자,남,68세,중상
2013072000100113,2013년 7월 20일 05시,토요일,부산광역시 연제구 연산동,중상사고,0,1,0,0,차대차 - 측면직각충돌,안전운전불이행,건조,맑음,단일로 - 기타,승용,남,36세,상해없음,이륜,남,65세,중상
2013072000100133,2013년 7월 20일 06시,토요일,부산광역시 부산진구 가야동,중상사고,0,1,0,0,차대차 - 정면충돌,안전운전불이행,건조,맑음,단일로 - 기타,승용,남,56세,상해없음,화물,남,60세,중상
2013072000100134,2013년 7월 20일 06시,토요일,부산광역시 사상구 주례동,중상사고,0,1,0,0,차대차 - 기타,안전운전불이행,건조,맑음,교차로 - 교차로부근,기타불명,기타불명,기타불명,기타불명,승용,남,58세,중상
2013072000100169,2013년 7월 20일 08시,토요일,부산광역시 동구 초량동,중상사고,0,1,1,0,차대사람 - 보도통행중,기타,건조,맑음,교차로 - 교차로부근,승용,여,21세,상해없음,보행자,남,71세,중상
2013072000100184,2013년 7월 20일 09시,토요일,부산광역시 동구 좌천동,중상사고,0,1,0,0,차대사람 - 기타,안전운전불이행,건조,맑음,교차로 - 교차로안,승용,여,39세,상해없음,보행자,남,54세,중상
2013072000100186,2013년 7월 20일 09시,토요일,부산광역시 연제구 연산동,경상사고,0,0,1,0,차대사람 - 보도통행중,기타,건조,맑음,기타 - 기타,자전거,남,51세,상해없음,보행자,여,61세,경상
2013072000100207,2013년 7월 20일 10시,토요일,부산광역시 사상구 감전동,중상사고,0,1,1,0,차대차 - 측면직각충돌,안전운전불이행,건조,맑음,교차로 - 교차로부근,승합,남,70세,중상,화물,남,23세,경상
2013072000100236,2013년 7월 20일 11시,토요일,부산광역시 사하구 괴정동,중상사고,0,2,0,0,차대사람 - 횡단중,안전운전불이행,건조,맑음,교차로 - 교차로부근,화물,남,54세,상해없음,보행자,여,53세,중상
2013072000100314,2013년 7월 20일 13시,토요일,부산광역시 서구 암남동,경상사고,0,0,4,0,차대차 - 추돌 - 주정차중,안전거리미확보,건조,맑음,단일로 - 기타,특수,남,52세,상해없음,승용,남,64세,상해없음
2013072000100315,2013년 7월 20일 13시,토요일,부산광역시 북구 덕천동,중상사고,0,2,0,0,차대차 - 측면직각충돌,차로위반,건조,맑음,단일로 - 기타,승용,여,68세,상해없음,승용,여,35세,중상
2013072000100316,2013년 7월 20일 13시,토요일,부산광역시 부산진구 양정동,중상사고,0,1,0,0,차대차 - 기타,안전운전불이행,건조,맑음,교차로 - 교차로부근,승용,남,19세,상해없음,이륜,남,47세,중상
2013072000100317,2013년 7월 20일 13시,토요일,부산광역시 강서구 대저1동,중상사고,0,1,0,0,차량단독 - 기타,안전운전불이행,건조,맑음,단일로 - 기타,화물,남,49세,상해없음,,,,
2013072000100350,2013년 7월 20일 14시,토요일,부산광역시 강서구 범방동,사망사고,1,0,0,0,차대차 - 추돌 - 진행중,안전운전불이행,건조,맑음,단일로 - 기타,화물,남,55세,사망,화물,남,55세,상해없음
2013072000100351,2013년 7월 20일 14시,토요일,부산광역시 강서구 녹산동,경상사고,0,0,1,0,차대차 - 추돌 - 진행중,안전거리미확보,건조,맑음,단일로 - 기타,건설기계,남,38세,상해없음,건설기계,남,60세,경상
2013072000100397,2013년 7월 20일 15시,토요일,부산광역시 금정구 두구동,중상사고,0,1,1,2,차대차 - 추돌 - 주정차중,안전운전불이행,건조,맑음,단일로 - 기타,화물,남,36세,상해없음,승용,남,41세,중상
2013072000100423,2013년 7월 20일 16시,토요일,부산광역시 서구 남부민동,경상사고,0,0,1,0,차대차 - 측면직각충돌,차로위반,건조,맑음,단일로 - 기타,승용,남,52세,상해없음,이륜,남,39세,경상
2013072000100424,2013년 7월 20일 16시,토요일,부산광역시 동래구 수안동,경상사고,0,0,1,0,차대사람 - 기타,안전운전불이행,건조,맑음,단일로 - 기타,승용,남,58세,상해없음,보행자,여,59세,경상
2013072000100457,2013년 7월 20일 17시,토요일,부산광역시 연제구 연산동,경상사고,0,0,1,0,차대차 - 측면직각충돌,안전운전불이행,건조,맑음,단일로 - 기타,자전거,남,70세,상해없음,이륜,남,17세,경상
2013072000100486,2013년 7월 20일 18시,토요일,부산광역시 중구 대청동1가,경상사고,0,0,1,0,차대차 - 측면직각충돌,교차로운행방법위반,건조,맑음,교차로 - 교차로안,승용,남,67세,상해없음,이륜,남,24세,경상
2013072000100487,2013년 7월 20일 18시,토요일,부산광역시 동래구 낙민동,경상사고,0,0,1,0,차대사람 - 횡단중,안전운전불이행,건조,맑음,단일로 - 기타,자전거,남,23세,상해없음,보행자,여,16세,경상
2013072000100488,2013년 7월 20일 18시,토요일,부산광역시 해운대구 우동,중상사고,0,1,0,0,차대차 - 추돌 - 주정차중,안전운전불이행,건조,기타,단일로 - 기타,승용,남,26세,상해없음,자전거,남,61세,중상
2013072000100489,2013년 7월 20일 18시,토요일,부산광역시 사하구 신평동,경상사고,0,0,2,0,차대차 - 측면직각충돌,안전거리미확보,건조,맑음,단일로 - 기타,승용,남,39세,상해없음,승용,남,40세,경상
2013072000100490,2013년 7월 20일 18시,토요일,부산광역시 사상구 괘법동,경상사고,0,0,1,0,차대사람 - 기타,안전운전불이행,건조,맑음,단일로 - 횡단보도부근,승용,남,57세,상해없음,보행자,남,18세,경상
2013072000100516,2013년 7월 20일 19시,토요일,부산광역시 서구 서대신동3가,중상사고,0,1,0,0,차대차 - 측면직각충돌,안전운전불이행,건조,맑음,단일로 - 횡단보도상,승용,남,60세,상해없음,원동기,남,32세,중상
2013072000100517,2013년 7월 20일 19시,토요일,부산광역시 금정구 구서동,경상사고,0,0,1,0,차대차 - 정면충돌,기타,건조,맑음,교차로 - 교차로안,승용,여,50세,상해없음,이륜,여,52세,경상
2013072000100547,2013년 7월 20일 20시,토요일,부산광역시 수영구 광안동,중상사고,0,1,0,0,차대차 - 측면직각충돌,신호위반,건조,맑음,단일로 - 횡단보도상,승용,남,52세,상해없음,이륜,남,40세,중상
2013072000100548,2013년 7월 20일 20시,토요일,부산광역시 영도구 영선동1가,경상사고,0,0,1,0,차대사람 - 횡단중,안전운전불이행,건조,맑음,단일로 - 기타,승용,남,66세,상해없음,보행자,남,72세,경상
2013072000100549,2013년 7월 20일 20시,토요일,부산광역시 해운대구 중동,경상사고,0,0,1,0,차대사람 - 길가장자리구역통행중,안전운전불이행,건조,맑음,단일로 - 기타,승용,여,48세,상해없음,보행자,남,37세,경상
2013072000100550,2013년 7월 20일 20시,토요일,부산광역시 강서구 봉림동,중상사고,0,2,2,0,차대차 - 추돌 - 진행중,안전운전불이행,건조,맑음,단일로 - 기타,화물,남,25세,상해없음,승용,남,50세,중상
2013072000100551,2013년 7월 20일 20시,토요일,부산광역시 강서구 성북동,경상사고,0,0,1,0,차대차 - 측면직각충돌,교차로운행방법위반,건조,맑음,교차로 - 교차로부근,특수,남,51세,상해없음,특수,남,44세,경상
2013072000100567,2013년 7월 20일 21시,토요일,부산광역시 북구 화명동,부상신고사고,0,0,0,1,차대차 - 정면충돌,안전운전불이행,건조,맑음,단일로 - 기타,화물,남,53세,상해없음,자전거,남,26세,부상신고
2013072000100568,2013년 7월 20일 21시,토요일,부산광역시 동래구 온천동,부상신고사고,0,0,0,1,차대사람 - 횡단중,안전운전불이행,건조,맑음,교차로 - 교차로부근,승용,남,45세,상해없음,보행자,남,58세,부상신고
2013072000100596,2013년 7월 20일 22시,토요일,부산광역시 동구 범일동,중상사고,0,1,0,0,차대사람 - 횡단중,보행자보호의무위반,건조,맑음,교차로 - 교차로부근,승용,남,44세,상해없음,보행자,남,53세,중상
2013072000100597,2013년 7월 20일 22시,토요일,부산광역시 영도구 대교동2가,경상사고,0,0,3,0,차대차 - 추돌 - 진행중,안전운전불이행,건조,맑음,교차로 - 교차로안,승용,남,32세,상해없음,승용,남,54세,경상
2013072000100598,2013년 7월 20일 22시,토요일,부산광역시 사하구 괴정동,경상사고,0,0,1,0,차대차 - 측면직각충돌,중앙선침범,건조,맑음,단일로 - 기타,승용,남,55세,상해없음,원동기,남,17세,경상
2013072000100623,2013년 7월 20일 23시,토요일,부산광역시 수영구 민락동,경상사고,0,0,1,0,차량단독 - 전도전복,안전운전불이행,건조,맑음,단일로 - 기타,이륜,남,27세,경상,,,,
2013072000100624,2013년 7월 20일 23시,토요일,부산광역시 부산진구 부전동,중상사고,0,1,2,0,차대차 - 기타,신호위반,건조,맑음,교차로 - 교차로안,승용,남,19세,상해없음,승용,남,49세,경상
2013072000100625,2013년 7월 20일 23시,토요일,부산광역시 금정구 부곡동,경상사고,0,0,2,0,차대차 - 측면직각충돌,안전거리미확보,건조,맑음,단일로 - 기타,승용,남,25세,상해없음,승용,남,57세,경상
2013072100100020,2013년 7월 21일 01시,일요일,부산광역시 수영구 민락동,중상사고,0,1,4,0,차대차 - 기타,안전운전불이행,건조,맑음,교차로 - 교차로안,승용,남,27세,상해없음,승용,남,56세,경상
2013072100100021,2013년 7월 21일 01시,일요일,부산광역시 강서구 송정동,중상사고,0,1,0,0,차량단독 - 기타,안전운전불이행,건조,맑음,단일로 - 기타,이륜,여,27세,중상,,,,
2013072100100041,2013년 7월 21일 02시,일요일,부산광역시 기장군 정관면,중상사고,0,2,0,0,차대차 - 정면충돌,중앙선침범,건조,맑음,단일로 - 기타,승용,남,28세,상해없음,승용,남,43세,중상
2013072100100060,2013년 7월 21일 03시,일요일,부산광역시 영도구 청학동,경상사고,0,0,1,0,차대차 - 추돌 - 주정차중,안전운전불이행,건조,맑음,단일로 - 기타,승용,남,18세,상해없음,화물,남,52세,기타불명
2013072100100061,2013년 7월 21일 03시,일요일,부산광역시 부산진구 부전동,부상신고사고,0,0,0,1,차대차 - 기타,안전운전불이행,건조,맑음,단일로 - 기타,승용,남,26세,상해없음,승용,남,31세,부상신고
2013072100100089,2013년 7월 21일 05시,일요일,부산광역시 사하구 다대동,경상사고,0,0,1,0,차대사람 - 기타,안전운전불이행,건조,맑음,단일로 - 기타,승용,남,19세,상해없음,보행자,남,22세,경상
2013072100100100,2013년 7월 21일 06시,일요일,부산광역시 수영구 민락동,경상사고,0,0,2,0,차대차 - 측면직각충돌,교차로운행방법위반,건조,맑음,교차로 - 교차로안,승용,남,52세,상해없음,승용,남,49세,상해없음
2013072100100116,2013년 7월 21일 07시,일요일,부산광역시 연제구 연산동,경상사고,0,0,1,0,차대차 - 측면직각충돌,신호위반,건조,맑음,교차로 - 교차로안,승용,남,47세,상해없음,승용,남,33세,경상
2013072100100124,2013년 7월 21일 08시,일요일,부산광역시 부산진구 가야동,부상신고사고,0,0,0,1,차대차 - 기타,안전운전불이행,건조,맑음,단일로 - 기타,자전거,남,45세,부상신고,승용,남,30세,상해없음
2013072100100143,2013년 7월 21일 09시,일요일,부산광역시 사하구 감천동,경상사고,0,0,1,0,차대차 - 추돌 - 진행중,안전운전불이행,건조,맑음,교차로 - 교차로부근,승용,남,19세,상해없음,승용,남,29세,경상
2013072100100171,2013년 7월 21일 11시,일요일,부산광역시 동구 초량동,중상사고,0,1,0,0,차대사람 - 기타,안전운전불이행,건조,맑음,단일로 - 기타,승합,남,56세,상해없음,보행자,남,20세,중상
2013072100100172,2013년 7월 21일 11시,일요일,부산광역시 수영구 광안동,경상사고,0,0,1,0,차대차 - 측면직각충돌,교차로운행방법위반,건조,맑음,교차로 - 교차로안,승용,여,41세,상해없음,승용,여,33세,경상
2013072100100187,2013년 7월 21일 12시,일요일,부산광역시 부산진구 전포동,중상사고,0,1,0,0,차대차 - 측면직각충돌,안전거리미확보,건조,맑음,단일로 - 기타,승용,남,35세,상해없음,이륜,남,46세,중상
2013072100100188,2013년 7월 21일 12시,일요일,부산광역시 기장군 기장읍,경상사고,0,0,1,0,차대차 - 기타,중앙선침범,건조,맑음,단일로 - 기타,승용,남,24세,상해없음,승용,남,56세,경상
2013072100100216,2013년 7월 21일 13시,일요일,부산광역시 해운대구 우동,중상사고,0,2,0,0,차대차 - 추돌 - 진행중,안전운전불이행,건조,맑음,교차로 - 교차로안,승용,남,26세,상해없음,승용,남,61세,중상
2013072100100217,2013년 7월 21일 13시,일요일,부산광역시 부산진구 개금동,중상사고,0,1,1,0,차대차 - 정면충돌,신호위반,건조,맑음,교차로 - 교차로안,승용,남,52세,상해없음,승용,남,58세,중상
2013072100100218,2013년 7월 21일 13시,일요일,부산광역시 사상구 삼락동,경상사고,0,0,1,0,차대사람 - 기타,안전운전불이행,건조,맑음,기타 - 기타,자전거,남,15세,상해없음,보행자,여,49세,경상
2013072100100235,2013년 7월 21일 14시,일요일,부산광역시 중구 대청동1가,중상사고,0,1,1,0,차대차 - 측면직각충돌,교차로운행방법위반,건조,맑음,단일로 - 기타,승용,남,49세,상해없음,승용,남,31세,중상
2013072100100236,2013년 7월 21일 14시,일요일,부산광역시 해운대구 우동,중상사고,0,1,3,0,차대차 - 측면직각충돌,교차로운행방법위반,건조,맑음,교차로 - 교차로안,승용,여,48세,중상,승용,남,42세,경상
2013072100100317,2013년 7월 21일 17시,일요일,부산광역시 수영구 수영동,경상사고,0,0,1,0,차대차 - 기타,안전운전불이행,건조,맑음,단일로 - 기타,승용,남,48세,상해없음,승용,남,63세,상해없음
2013072100100318,2013년 7월 21일 17시,일요일,부산광역시 해운대구 중동,경상사고,0,0,1,0,차대차 - 측면직각충돌,교차로운행방법위반,건조,맑음,교차로 - 교차로안,승용,남,58세,상해없음,원동기,남,29세,경상
2013072100100352,2013년 7월 21일 18시,일요일,부산광역시 해운대구 우동,중상사고,0,1,4,0,차대차 - 추돌 - 진행중,안전거리미확보,건조,맑음,단일로 - 기타,승용,남,32세,상해없음,승용,남,57세,경상
2013072100100353,2013년 7월 21일 18시,일요일,부산광역시 연제구 거제동,중상사고,0,2,1,0,차대차 - 추돌 - 진행중,안전거리미확보,건조,맑음,단일로 - 기타,승용,남,57세,상해없음,승용,남,42세,중상
2013072100100354,2013년 7월 21일 18시,일요일,부산광역시 연제구 연산동,경상사고,0,0,1,0,차대사람 - 횡단중,안전운전불이행,건조,맑음,단일로 - 횡단보도부근,화물,남,50세,상해없음,보행자,남,9세,경상
2013072100100405,2013년 7월 21일 20시,일요일,부산광역시 기장군 정관면,중상사고,0,1,2,0,차대차 - 측면직각충돌,신호위반,건조,맑음,교차로 - 교차로안,승용,남,53세,상해없음,승용,남,63세,중상
2013072100100429,2013년 7월 21일 21시,일요일,부산광역시 동래구 사직동,경상사고,0,0,1,0,차대사람 - 횡단중,보행자보호의무위반,건조,맑음,교차로 - 교차로부근,승용,남,32세,상해없음,보행자,남,18세,경상
2013072100100430,2013년 7월 21일 21시,일요일,부산광역시 사하구 하단동,중상사고,0,1,0,0,차대사람 - 횡단중,안전운전불이행,건조,맑음,단일로 - 기타,승용,남,33세,상해없음,보행자,여,39세,중상
2013072100100461,2013년 7월 21일 22시,일요일,부산광역시 수영구 남천동,부상신고사고,0,0,0,1,차대차 - 기타,안전운전불이행,건조,맑음,단일로 - 기타,자전거,남,12세,부상신고,승용,남,54세,상해없음
2013072100100481,2013년 7월 21일 23시,일요일,부산광역시 금정구 선동,경상사고,0,0,1,0,차대차 - 측면직각충돌,안전운전불이행,건조,맑음,단일로 - 기타,승용,남,66세,상해없음,화물,남,42세,경상
2013072200100040,2013년 7월 22일 05시,월요일,부산광역시 부산진구 범전동,중상사고,0,1,0,0,차량단독 - 공작물충돌,기타,건조,맑음,단일로 - 기타,승합,남,45세,상해없음,,,,
2013072200100073,2013년 7월 22일 07시,월요일,부산광역시 사상구 괘법동,경상사고,0,0,1,0,차대차 - 측면직각충돌,안전거리미확보,건조,맑음,단일로 - 기타,화물,남,38세,상해없음,승용,남,35세,경상
2013072200100096,2013년 7월 22일 08시,월요일,부산광역시 북구 덕천동,중상사고,0,1,0,0,차대사람 - 기타,안전운전불이행,건조,맑음,단일로 - 횡단보도상,화물,남,40세,상해없음,보행자,여,57세,중상
2013072200100097,2013년 7월 22일 08시,월요일,부산광역시 북구 화명동,경상사고,0,0,1,0,차대차 - 기타,안전운전불이행,건조,맑음,교차로 - 교차로안,승용,여,35세,상해없음,승용,여,43세,경상
2013072200100158,2013년 7월 22일 10시,월요일,부산광역시 남구 대연동,중상사고,0,1,0,0,차대차 - 기타,안전운전불이행,건조,맑음,교차로 - 교차로부근,승합,남,48세,상해없음,자전거,남,72세,중상
2013072200100159,2013년 7월 22일 10시,월요일,부산광역시 해운대구 반여동,중상사고,0,1,0,0,차대차 - 측면직각충돌,중앙선침범,건조,맑음,단일로 - 기타,승용,여,49세,상해없음,이륜,남,56세,중상
2013072200100160,2013년 7월 22일 10시,월요일,부산광역시 해운대구 재송동,중상사고,0,1,0,0,차대사람 - 기타,안전운전불이행,건조,맑음,단일로 - 기타,화물,남,58세,상해없음,보행자,여,74세,중상
2013072200100161,2013년 7월 22일 10시,월요일,부산광역시 사하구 괴정동,중상사고,0,2,0,0,차대차 - 측면직각충돌,안전거리미확보,건조,맑음,단일로 - 기타,승합,남,53세,상해없음,원동기,남,68세,중상
2013072200100189,2013년 7월 22일 11시,월요일,부산광역시 동구 초량동,경상사고,0,0,2,0,차대차 - 기타,안전거리미확보,건조,맑음,단일로 - 기타,승합,남,36세,경상,승용,남,55세,상해없음
2013072200100190,2013년 7월 22일 11시,월요일,부산광역시 수영구 민락동,경상사고,0,0,1,0,차대차 - 기타,안전운전불이행,건조,맑음,교차로 - 교차로안,이륜,남,24세,경상,승합,남,41세,상해없음
2013072200100191,2013년 7월 22일 11시,월요일,부산광역시 사상구 모라동,중상사고,0,1,0,0,차대차 - 기타,중앙선침범,건조,맑음,단일로 - 기타,자전거,남,47세,중상,화물,남,50세,상해없음
2013072200100224,2013년 7월 22일 12시,월요일,부산광역시 부산진구 부암동,경상사고,0,0,2,0,차대차 - 측면직각충돌,교차로운행방법위반,건조,맑음,교차로 - 교차로안,승용,남,60세,상해없음,원동기,남,42세,경상
2013072200100225,2013년 7월 22일 12시,월요일,부산광역시 기장군 일광면,중상사고,0,1,2,0,차대차 - 추돌 - 진행중,안전운전불이행,건조,맑음,단일로 - 기타,화물,남,55세,경상,승용,남,43세,중상
2013072200100263,2013년 7월 22일 13시,월요일,부산광역시 연제구 연산동,중상사고,0,3,0,0,차대차 - 추돌 - 진행중,안전거리미확보,건조,맑음,단일로 - 기타,승용,남,33세,상해없음,승합,남,45세,상해없음
2013072200100299,2013년 7월 22일 14시,월요일,부산광역시 남구 대연동,경상사고,0,0,1,0,차대차 - 기타,안전운전불이행,건조,맑음,단일로 - 기타,승용,남,22세,상해없음,승용,남,36세,경상
2013072200100333,2013년 7월 22일 15시,월요일,부산광역시 중구 영주동,경상사고,0,0,2,0,차량단독 - 공작물충돌,안전운전불이행,건조,맑음,단일로 - 기타,승용,남,59세,상해없음,,,,
2013072200100334,2013년 7월 22일 15시,월요일,부산광역시 해운대구 중동,경상사고,0,0,1,0,차량단독 - 공작물충돌,안전운전불이행,건조,맑음,교차로 - 교차로안,원동기,남,25세,경상,,,,
2013072200100335,2013년 7월 22일 15시,월요일,부산광역시 부산진구 부전동,중상사고,0,1,1,0,차대사람 - 횡단중,안전운전불이행,건조,맑음,단일로 - 기타,승용,남,62세,상해없음,보행자,여,32세,경상
2013072200100362,2013년 7월 22일 16시,월요일,부산광역시 수영구 남천동,중상사고,0,1,0,0,차대차 - 추돌 - 진행중,차로위반,건조,맑음,교차로 - 교차로부근,승용,남,72세,상해없음,승용,여,38세,중상
2013072200100363,2013년 7월 22일 16시,월요일,부산광역시 해운대구 우동,중상사고,0,1,0,0,차대사람 - 횡단중,기타,건조,맑음,단일로 - 기타,승용,남,59세,상해없음,보행자,여,21세,중상
2013072200100389,2013년 7월 22일 17시,월요일,부산광역시 수영구 민락동,중상사고,0,3,0,0,차대차 - 측면직각충돌,안전운전불이행,건조,맑음,교차로 - 교차로안,승용,남,65세,상해없음,원동기,남,20세,중상
2013072200100390,2013년 7월 22일 17시,월요일,부산광역시 사상구 모라동,중상사고,0,1,0,0,차대사람 - 기타,기타,건조,맑음,단일로 - 기타,승용,남,55세,상해없음,보행자,남,66세,중상
2013072200100463,2013년 7월 22일 19시,월요일,부산광역시 영도구 청학동,사망사고,1,0,0,0,차대사람 - 횡단중,안전운전불이행,건조,맑음,교차로 - 교차로안,승용,남,43세,상해없음,보행자,남,68세,사망
2013072200100464,2013년 7월 22일 19시,월요일,부산광역시 해운대구 우동,경상사고,0,0,1,0,차대차 - 추돌 - 진행중,교차로운행방법위반,건조,맑음,교차로 - 교차로안,승용,여,38세,경상,승용,여,39세,상해없음
2013072200100465,2013년 7월 22일 19시,월요일,부산광역시 수영구 망미동,경상사고,0,0,1,0,차대차 - 기타,중앙선침범,건조,맑음,단일로 - 기타,승용,남,42세,상해없음,승용,남,50세,경상
2013072200100493,2013년 7월 22일 20시,월요일,부산광역시 사상구 모라동,부상신고사고,0,0,0,2,차대차 - 측면직각충돌,차로위반,건조,맑음,단일로 - 기타,승용,남,53세,상해없음,이륜,남,41세,부상신고
2013072200100524,2013년 7월 22일 21시,월요일,부산광역시 부산진구 부전동,중상사고,0,2,0,0,차대차 - 측면직각충돌,안전운전불이행,건조,맑음,단일로 - 기타,승용,남,56세,상해없음,원동기,남,24세,중상
2013072200100525,2013년 7월 22일 21시,월요일,부산광역시 연제구 연산동,중상사고,0,1,0,0,차대차 - 측면직각충돌,안전거리미확보,건조,맑음,단일로 - 기타,화물,남,43세,상해없음,승용,남,35세,중상