사고번호,사고일시,요일,시군구,사고내용,사망자수,중상자수,경상자수,부상신고자수,사고유형,법규위반,노면상태,기상상태,도로형태,가해운전자 차종,가해운전자 성별,가해운전자 연령,가해운전자 상해정도,피해운전자 차종,피해운전자 성별,피해운전자 연령,피해운전자 상해정도
2013072200100526,2013년 7월 22일 21시,월요일,부산광역시 사상구 괘법동,중상사고,0,1,2,0,차대차 - 추돌 - 진행중,안전거리미확보,건조,맑음,단일로 - 기타,승용,남,50세,경상,승용,남,30세,경상
2013072200100578,2013년 7월 22일 23시,월요일,부산광역시 사하구 괴정동,경상사고,0,0,1,0,차대사람 - 기타,기타,건조,맑음,교차로 - 교차로부근,승용,남,65세,상해없음,보행자,여,28세,경상
2013072200100579,2013년 7월 22일 23시,월요일,부산광역시 연제구 연산동,중상사고,0,3,0,0,차대차 - 정면충돌,안전운전불이행,건조,맑음,교차로 - 교차로부근,승용,여,26세,상해없음,승용,남,33세,중상
2013072300100030,2013년 7월 23일 01시,화요일,부산광역시 금정구 서동,중상사고,0,1,0,0,차대사람 - 기타,안전운전불이행,건조,맑음,교차로 - 교차로안,기타불명,기타불명,기타불명,기타불명,보행자,여,61세,중상
2013072300100076,2013년 7월 23일 06시,화요일,부산광역시 부산진구 양정동,경상사고,0,0,1,0,차대차 - 추돌 - 진행중,안전운전불이행,건조,맑음,단일로 - 기타,승용,여,19세,상해없음,승용,남,63세,경상
2013072300100077,2013년 7월 23일 06시,화요일,부산광역시 기장군 철마면,경상사고,0,0,2,0,차대차 - 측면직각충돌,안전운전불이행,건조,맑음,단일로 - 기타,승용,남,64세,경상,화물,남,52세,경상
2013072300100119,2013년 7월 23일 08시,화요일,부산광역시 해운대구 석대동,중상사고,0,1,0,0,차대사람 - 횡단중,신호위반,건조,맑음,단일로 - 기타,승용,여,58세,상해없음,보행자,여,32세,중상
2013072300100120,2013년 7월 23일 08시,화요일,부산광역시 연제구 연산동,경상사고,0,0,1,0,차대차 - 측면직각충돌,교차로운행방법위반,건조,맑음,교차로 - 교차로안,승용,여,56세,상해없음,승용,남,34세,경상
2013072300100182,2013년 7월 23일 10시,화요일,부산광역시 남구 감만동,경상사고,0,0,1,0,차대사람 - 횡단중,안전운전불이행,건조,맑음,교차로 - 교차로부근,승용,여,43세,상해없음,보행자,여,10세,경상
2013072300100183,2013년 7월 23일 10시,화요일,부산광역시 해운대구 우동,중상사고,0,1,0,0,차대차 - 측면직각충돌,안전거리미확보,건조,맑음,단일로 - 교량,승용,여,42세,상해없음,승용,여,50세,중상
2013072300100184,2013년 7월 23일 10시,화요일,부산광역시 해운대구 우동,중상사고,0,1,1,0,차대차 - 추돌 - 진행중,안전거리미확보,건조,맑음,단일로 - 기타,승용,남,41세,상해없음,승용,여,46세,중상
2013072300100216,2013년 7월 23일 11시,화요일,부산광역시 북구 금곡동,중상사고,0,1,0,0,차대사람 - 횡단중,안전운전불이행,건조,맑음,단일로 - 기타,이륜,남,22세,상해없음,보행자,여,78세,중상
2013072300100217,2013년 7월 23일 11시,화요일,부산광역시 금정구 구서동,부상신고사고,0,0,0,4,차대차 - 측면직각충돌,기타,건조,맑음,교차로 - 교차로부근,승용,여,37세,상해없음,승용,남,35세,부상신고
2013072300100218,2013년 7월 23일 11시,화요일,부산광역시 사하구 장림동,중상사고,0,1,1,0,차대사람 - 길가장자리구역통행중,안전운전불이행,건조,맑음,단일로 - 기타,화물,남,45세,상해없음,보행자,남,6세,중상
2013072300100244,2013년 7월 23일 12시,화요일,부산광역시 사하구 다대동,중상사고,0,1,0,0,차대차 - 측면직각충돌,중앙선침범,건조,맑음,단일로 - 기타,승용,여,28세,상해없음,승용,남,42세,중상
2013072300100245,2013년 7월 23일 12시,화요일,부산광역시 사상구 주례동,중상사고,0,2,1,0,차대차 - 측면직각충돌,신호위반,건조,맑음,교차로 - 교차로안,승용,여,45세,중상,승용,남,61세,중상
2013072300100273,2013년 7월 23일 13시,화요일,부산광역시 해운대구 중동,경상사고,0,0,1,0,차대사람 - 횡단중,안전운전불이행,건조,맑음,단일로 - 기타,승용,여,43세,상해없음,보행자,여,7세,경상
2013072300100274,2013년 7월 23일 13시,화요일,부산광역시 해운대구 우동,경상사고,0,0,1,0,차대차 - 추돌 - 진행중,안전거리미확보,건조,맑음,단일로 - 기타,승용,여,30세,상해없음,승용,여,39세,경상
2013072300100275,2013년 7월 23일 13시,화요일,부산광역시 연제구 거제동,경상사고,0,0,1,0,차대차 - 기타,안전운전불이행,건조,맑음,기타 - 기타,승용,여,44세,상해없음,승용,여,41세,경상
2013072300100296,2013년 7월 23일 14시,화요일,부산광역시 강서구 식만동,중상사고,0,1,1,0,차대차 - 기타,중앙선침범,건조,맑음,단일로 - 기타,승합,남,42세,상해없음,화물,남,39세,경상
2013072300100324,2013년 7월 23일 15시,화요일,부산광역시 동래구 온천동,경상사고,0,0,2,0,차대사람 - 횡단중,안전운전불이행,건조,맑음,교차로 - 교차로안,화물,남,42세,상해없음,보행자,여,49세,경상
2013072300100351,2013년 7월 23일 16시,화요일,부산광역시 서구 암남동,경상사고,0,0,3,0,차대차 - 측면직각충돌,중앙선침범,건조,맑음,단일로 - 기타,승용,남,32세,상해없음,승용,남,42세,경상
2013072300100375,2013년 7월 23일 17시,화요일,부산광역시 남구 대연동,경상사고,0,0,2,0,차대차 - 기타,안전운전불이행,건조,맑음,단일로 - 기타,화물,남,52세,기타불명,승용,남,57세,경상
2013072300100376,2013년 7월 23일 17시,화요일,부산광역시 북구 구포동,중상사고,0,1,0,0,차대차 - 측면직각충돌,기타,건조,맑음,단일로 - 기타,승용,남,56세,상해없음,이륜,남,18세,상해없음
2013072300100377,2013년 7월 23일 17시,화요일,부산광역시 북구 만덕동,사망사고,1,0,0,0,차대사람 - 기타,보행자보호의무위반,건조,맑음,단일로 - 횡단보도부근,승합,여,55세,상해없음,보행자,여,77세,사망
2013072300100378,2013년 7월 23일 17시,화요일,부산광역시 강서구 명지동,경상사고,0,0,2,0,차대차 - 추돌 - 진행중,안전운전불이행,건조,맑음,기타 - 기타,화물,남,25세,상해없음,화물,남,35세,경상
2013072300100406,2013년 7월 23일 18시,화요일,부산광역시 사상구 감전동,중상사고,0,1,0,0,차대차 - 측면직각충돌,안전운전불이행,건조,흐림,교차로 - 교차로부근,건설기계,남,52세,상해없음,자전거,남,23세,중상
2013072300100437,2013년 7월 23일 19시,화요일,부산광역시 부산진구 범천동,경상사고,0,0,2,0,차대차 - 측면직각충돌,안전거리미확보,건조,맑음,단일로 - 기타,승용,남,26세,상해없음,승용,남,32세,경상
2013072300100438,2013년 7월 23일 19시,화요일,부산광역시 부산진구 개금동,중상사고,0,1,0,0,차대차 - 기타,안전운전불이행,건조,맑음,단일로 - 기타,승용,기타불명,기타불명,기타불명,자전거,남,55세,중상
2013072300100439,2013년 7월 23일 19시,화요일,부산광역시 사하구 하단동,중상사고,0,1,0,0,차대사람 - 기타,안전운전불이행,건조,맑음,기타 - 기타,승용,여,37세,상해없음,보행자,남,39세,중상
2013072300100471,2013년 7월 23일 20시,화요일,부산광역시 금정구 부곡동,경상사고,0,0,1,0,차대사람 - 기타,안전운전불이행,건조,맑음,단일로 - 기타,승용,남,65세,상해없음,보행자,남,63세,경상
2013072300100503,2013년 7월 23일 21시,화요일,부산광역시 중구 남포동2가,경상사고,0,0,1,0,차대차 - 기타,안전운전불이행,건조,맑음,단일로 - 기타,원동기,남,23세,상해없음,승용,남,61세,상해없음
2013072300100504,2013년 7월 23일 21시,화요일,부산광역시 동래구 온천동,경상사고,0,0,1,0,차대차 - 측면직각충돌,중앙선침범,건조,맑음,단일로 - 기타,원동기,남,16세,상해없음,자전거,남,36세,경상
2013072300100505,2013년 7월 23일 21시,화요일,부산광역시 부산진구 범천동,경상사고,0,0,1,0,차대사람 - 기타,안전운전불이행,건조,맑음,단일로 - 기타,승용,남,53세,상해없음,보행자,남,61세,경상
2013072300100506,2013년 7월 23일 21시,화요일,부산광역시 금정구 부곡동,중상사고,0,1,0,0,차대사람 - 기타,안전운전불이행,건조,맑음,단일로 - 기타,자전거,여,22세,상해없음,보행자,여,47세,중상
2013072300100583,2013년 7월 23일 23시,화요일,부산광역시 수영구 광안동,경상사고,0,0,1,0,차대사람 - 기타,안전운전불이행,건조,맑음,교차로 - 교차로부근,승용,여,38세,상해없음,보행자,여,26세,경상
2013072300100584,2013년 7월 23일 23시,화요일,부산광역시 북구 덕천동,경상사고,0,0,1,0,차대차 - 추돌 - 진행중,안전운전불이행,건조,맑음,단일로 - 기타,승용,남,49세,상해없음,승용,여,55세,경상
2013072300100585,2013년 7월 23일 23시,화요일,부산광역시 북구 만덕동,중상사고,0,1,0,0,차대차 - 추돌 - 진행중,신호위반,건조,맑음,교차로 - 교차로안,이륜,남,16세,중상,승용,여,53세,상해없음
2013072300100586,2013년 7월 23일 23시,화요일,부산광역시 사하구 하단동,경상사고,0,0,2,0,차대차 - 추돌 - 주정차중,안전운전불이행,건조,맑음,단일로 - 기타,승용,여,20세,상해없음,승용,남,57세,경상
2013072300100587,2013년 7월 23일 23시,화요일,부산광역시 사하구 하단동,부상신고사고,0,0,0,1,차대차 - 측면직각충돌,신호위반,건조,맑음,단일로 - 기타,원동기,남,25세,부상신고,화물,남,41세,상해없음
2013072400100047,2013년 7월 24일 03시,수요일,부산광역시 남구 용호동,부상신고사고,0,0,0,1,차량단독 - 기타,기타,건조,맑음,단일로 - 기타,이륜,남,22세,부상신고,,,,
2013072400100056,2013년 7월 24일 04시,수요일,부산광역시 남구 우암동,중상사고,0,1,0,0,차대사람 - 횡단중,안전운전불이행,건조,맑음,교차로 - 교차로부근,승용,남,42세,상해없음,보행자,여,78세,중상
2013072400100069,2013년 7월 24일 05시,수요일,부산광역시 사하구 괴정동,경상사고,0,0,4,0,차대차 - 기타,안전거리미확보,건조,맑음,단일로 - 기타,승용,남,70세,상해없음,승합,남,64세,경상
2013072400100096,2013년 7월 24일 07시,수요일,부산광역시 금정구 장전동,경상사고,0,0,4,0,차대차 - 측면직각충돌,직진우회전진행방해,건조,맑음,교차로 - 교차로안,승용,남,23세,상해없음,승합,남,43세,경상
2013072400100116,2013년 7월 24일 08시,수요일,부산광역시 동래구 사직동,경상사고,0,0,1,2,차대차 - 측면직각충돌,안전운전불이행,건조,맑음,교차로 - 교차로안,승용,남,63세,상해없음,승용,여,29세,경상
2013072400100147,2013년 7월 24일 09시,수요일,부산광역시 부산진구 당감동,부상신고사고,0,0,0,1,차대차 - 측면직각충돌,안전운전불이행,건조,맑음,단일로 - 기타,승용,남,59세,상해없음,승용,남,40세,부상신고
2013072400100181,2013년 7월 24일 10시,수요일,부산광역시 해운대구 좌동,경상사고,0,0,1,0,차대차 - 추돌 - 진행중,안전운전불이행,건조,기타,교차로 - 교차로부근,승용,남,78세,상해없음,승용,여,39세,경상
2013072400100182,2013년 7월 24일 10시,수요일,부산광역시 부산진구 개금동,경상사고,0,0,1,0,차대사람 - 횡단중,불법유턴,건조,맑음,교차로 - 교차로안,승용,남,58세,상해없음,보행자,여,46세,경상
2013072400100183,2013년 7월 24일 10시,수요일,부산광역시 사하구 하단동,경상사고,0,0,1,0,차대차 - 기타,안전운전불이행,건조,맑음,단일로 - 기타,승용,남,65세,상해없음,승용,남,46세,경상
2013072400100184,2013년 7월 24일 10시,수요일,부산광역시 강서구 명지동,중상사고,0,2,0,0,차대차 - 추돌 - 진행중,안전운전불이행,건조,흐림,교차로 - 교차로부근,승용,남,53세,상해없음,이륜,여,64세,중상
2013072400100210,2013년 7월 24일 11시,수요일,부산광역시 해운대구 좌동,경상사고,0,0,1,0,차대사람 - 기타,안전운전불이행,건조,맑음,단일로 - 기타,승용,남,58세,상해없음,보행자,남,51세,경상
2013072400100237,2013년 7월 24일 12시,수요일,부산광역시 강서구 명지동,중상사고,0,2,0,0,차대차 - 측면직각충돌,신호위반,습기,흐림,교차로 - 교차로안,승합,남,58세,상해없음,화물,남,56세,중상
2013072400100238,2013년 7월 24일 12시,수요일,부산광역시 사상구 괘법동,경상사고,0,0,1,0,차대사람 - 차도통행중,안전운전불이행,건조,맑음,교차로 - 교차로부근,승용,여,62세,상해없음,보행자,남,41세,경상
2013072400100262,2013년 7월 24일 13시,수요일,부산광역시 영도구 남항동1가,경상사고,0,0,1,0,차대차 - 추돌 - 진행중,안전운전불이행,건조,맑음,단일로 - 기타,화물,남,53세,상해없음,이륜,남,19세,경상
2013072400100263,2013년 7월 24일 13시,수요일,부산광역시 금정구 부곡동,경상사고,0,0,1,1,차대차 - 측면직각충돌,안전운전불이행,건조,맑음,교차로 - 교차로안,승용,남,52세,상해없음,승합,남,40세,상해없음
2013072400100264,2013년 7월 24일 13시,수요일,부산광역시 사상구 모라동,중상사고,0,1,0,1,차대차 - 정면충돌,안전운전불이행,건조,맑음,단일로 - 교량,승용,남,48세,부상신고,화물,남,60세,중상
2013072400100284,2013년 7월 24일 14시,수요일,부산광역시 기장군 기장읍,중상사고,0,1,0,0,차대차 - 측면직각충돌,교차로운행방법위반,건조,맑음,교차로 - 교차로안,승합,남,66세,상해없음,이륜,남,73세,중상
2013072400100312,2013년 7월 24일 15시,수요일,부산광역시 해운대구 중동,중상사고,0,1,0,0,차대차 - 추돌 - 진행중,안전거리미확보,건조,맑음,단일로 - 기타,승용,여,23세,상해없음,승용,남,59세,중상
2013072400100313,2013년 7월 24일 15시,수요일,부산광역시 강서구 대저1동,경상사고,0,0,1,0,차대차 - 측면직각충돌,안전거리미확보,건조,맑음,단일로 - 기타,화물,남,49세,상해없음,승용,여,59세,경상
2013072400100347,2013년 7월 24일 16시,수요일,부산광역시 동래구 명장동,경상사고,0,0,1,0,차대차 - 측면직각충돌,차로위반,건조,맑음,단일로 - 기타,승용,여,54세,상해없음,승용,남,52세,경상
2013072400100348,2013년 7월 24일 16시,수요일,부산광역시 금정구 구서동,중상사고,0,1,0,0,차대차 - 기타,신호위반,건조,맑음,교차로 - 교차로안,승용,남,71세,상해없음,승용,남,63세,중상
2013072400100365,2013년 7월 24일 17시,수요일,부산광역시 북구 화명동,경상사고,0,0,1,0,차대차 - 측면직각충돌,신호위반,건조,맑음,교차로 - 교차로안,화물,남,63세,상해없음,승용,남,58세,경상
2013072400100396,2013년 7월 24일 18시,수요일,부산광역시 부산진구 부암동,경상사고,0,0,1,0,차대차 - 측면직각충돌,신호위반,건조,맑음,교차로 - 교차로안,승용,남,47세,상해없음,이륜,남,55세,경상
2013072400100397,2013년 7월 24일 18시,수요일,부산광역시 연제구 연산동,경상사고,0,0,1,0,차대차 - 측면직각충돌,중앙선침범,건조,맑음,단일로 - 횡단보도상,이륜,남,67세,경상,승용,여,55세,상해없음
2013072400100429,2013년 7월 24일 19시,수요일,부산광역시 영도구 동삼동,경상사고,0,0,1,0,차대사람 - 횡단중,안전운전불이행,건조,맑음,기타 - 기타,승용,남,23세,상해없음,보행자,남,37세,경상
2013072400100430,2013년 7월 24일 19시,수요일,부산광역시 연제구 연산동,경상사고,0,0,1,0,차대사람 - 기타,안전운전불이행,건조,맑음,교차로 - 교차로안,자전거,남,66세,상해없음,보행자,여,58세,경상
2013072400100431,2013년 7월 24일 19시,수요일,부산광역시 사상구 학장동,경상사고,0,0,1,0,차대차 - 측면직각충돌,직진우회전진행방해,건조,맑음,교차로 - 교차로안,승용,남,53세,상해없음,승용,남,26세,경상
2013072400100460,2013년 7월 24일 20시,수요일,부산광역시 남구 문현동,경상사고,0,0,1,0,차대차 - 측면직각충돌,중앙선침범,건조,맑음,교차로 - 교차로안,승용,여,25세,상해없음,이륜,남,20세,경상
2013072400100461,2013년 7월 24일 20시,수요일,부산광역시 금정구 장전동,경상사고,0,0,1,0,차대사람 - 기타,안전운전불이행,건조,맑음,단일로 - 기타,기타불명,기타불명,기타불명,기타불명,보행자,여,55세,경상
2013072400100492,2013년 7월 24일 21시,수요일,부산광역시 북구 금곡동,경상사고,0,0,1,0,차대사람 - 차도통행중,안전운전불이행,건조,맑음,기타 - 기타,승용,남,21세,상해없음,보행자,남,34세,경상
2013072400100493,2013년 7월 24일 21시,수요일,부산광역시 금정구 부곡동,경상사고,0,0,2,0,차대차 - 측면직각충돌,안전운전불이행,건조,맑음,교차로 - 교차로부근,승용,남,32세,상해없음,승용,남,27세,경상
2013072400100494,2013년 7월 24일 21시,수요일,부산광역시 강서구 대저2동,경상사고,0,0,1,0,차대차 - 기타,안전운전불이행,건조,맑음,교차로 - 교차로부근,승용,여,29세,상해없음,승용,여,54세,경상
2013072400100534,2013년 7월 24일 22시,수요일,부산광역시 북구 금곡동,경상사고,0,0,1,0,차대사람 - 차도통행중,안전운전불이행,건조,맑음,단일로 - 기타,화물,여,60세,상해없음,보행자,남,29세,경상
2013072400100535,2013년 7월 24일 22시,수요일,부산광역시 해운대구 우동,중상사고,0,1,0,0,차량단독 - 기타,기타,건조,맑음,단일로 - 기타,승합,남,51세,상해없음,,,,
2013072400100572,2013년 7월 24일 23시,수요일,부산광역시 금정구 부곡동,경상사고,0,0,1,0,차대차 - 기타,기타,건조,맑음,단일로 - 횡단보도부근,승용,여,56세,상해없음,자전거,남,26세,경상
2013072400100573,2013년 7월 24일 23시,수요일,부산광역시 연제구 연산동,경상사고,0,0,1,0,차대차 - 추돌 - 주정차중,안전운전불이행,건조,맑음,단일로 - 기타,승용,남,42세,상해없음,승용,남,52세,경상
2013072500100016,2013년 7월 25일 01시,목요일,부산광역시 북구 만덕동,중상사고,0,1,0,0,차대차 - 기타,안전운전불이행,건조,맑음,단일로 - 기타,승용,남,23세,중상,승용,남,23세,상해없음
2013072500100045,2013년 7월 25일 04시,목요일,부산광역시 동래구 온천동,중상사고,0,1,0,0,차대차 - 기타,신호위반,건조,맑음,단일로 - 횡단보도상,승용,남,65세,상해없음,자전거,남,63세,중상
2013072500100060,2013년 7월 25일 06시,목요일,부산광역시 금정구 노포동,경상사고,0,0,1,0,차대차 - 기타,안전운전불이행,건조,맑음,단일로 - 기타,승용,여,62세,상해없음,승용,남,38세,경상
2013072500100090,2013년 7월 25일 08시,목요일,부산광역시 서구 서대신동3가,경상사고,0,0,1,0,차대차 - 측면직각충돌,직진우회전진행방해,건조,맑음,교차로 - 교차로안,승용,남,69세,상해없음,승용,여,29세,경상
2013072500100091,2013년 7월 25일 08시,목요일,부산광역시 수영구 남천동,경상사고,0,0,1,0,차대차 - 기타,신호위반,건조,맑음,교차로 - 교차로부근,승용,남,57세,상해없음,승용,남,54세,경상
2013072500100092,2013년 7월 25일 08시,목요일,부산광역시 부산진구 당감동,경상사고,0,0,1,0,차대차 - 추돌 - 진행중,안전거리미확보,건조,맑음,단일로 - 터널,승용,여,36세,상해없음,승용,남,28세,경상
2013072500100093,2013년 7월 25일 08시,목요일,부산광역시 금정구 장전동,경상사고,0,0,1,0,차대사람 - 횡단중,보행자보호의무위반,건조,맑음,교차로 - 교차로안,승용,여,26세,상해없음,보행자,여,9세,경상
2013072500100094,2013년 7월 25일 08시,목요일,부산광역시 사상구 학장동,중상사고,0,1,0,0,차대사람 - 기타,안전운전불이행,건조,맑음,단일로 - 기타,승용,여,52세,상해없음,보행자,여,87세,중상
2013072500100095,2013년 7월 25일 08시,목요일,부산광역시 기장군 기장읍,부상신고사고,0,0,0,1,차대사람 - 길가장자리구역통행중,안전운전불이행,습기,맑음,단일로 - 기타,승용,남,25세,기타불명,보행자,여,32세,부상신고
2013072500100133,2013년 7월 25일 09시,목요일,부산광역시 동래구 사직동,중상사고,0,1,0,0,차대차 - 기타,안전운전불이행,건조,맑음,단일로 - 횡단보도상,승용,남,60세,상해없음,자전거,여,55세,중상
2013072500100134,2013년 7월 25일 09시,목요일,부산광역시 사하구 장림동,중상사고,0,1,0,0,차대차 - 측면직각충돌,차로위반,건조,맑음,단일로 - 기타,특수,남,55세,상해없음,승용,여,64세,중상
2013072500100135,2013년 7월 25일 09시,목요일,부산광역시 강서구 대저2동,사망사고,1,0,0,0,차대사람 - 횡단중,안전운전불이행,건조,맑음,단일로 - 횡단보도상,화물,남,50세,상해없음,보행자,여,68세,사망
2013072500100157,2013년 7월 25일 10시,목요일,부산광역시 남구 대연동,중상사고,0,1,0,0,차대차 - 기타,안전거리미확보,건조,맑음,교차로 - 교차로부근,승용,여,46세,상해없음,이륜,남,30세,중상
2013072500100158,2013년 7월 25일 10시,목요일,부산광역시 동래구 명륜동,중상사고,0,1,0,0,차대차 - 추돌 - 진행중,교차로운행방법위반,건조,맑음,교차로 - 교차로안,승용,여,44세,상해없음,자전거,여,52세,중상
2013072500100186,2013년 7월 25일 11시,목요일,부산광역시 금정구 부곡동,경상사고,0,0,1,0,차대사람 - 기타,안전운전불이행,건조,맑음,교차로 - 교차로안,승용,여,42세,상해없음,보행자,여,47세,경상
2013072500100187,2013년 7월 25일 11시,목요일,부산광역시 연제구 거제동,중상사고,0,1,0,0,차대차 - 측면직각충돌,신호위반,건조,맑음,교차로 - 교차로부근,승용,남,37세,상해없음,원동기,남,25세,중상
2013072500100250,2013년 7월 25일 13시,목요일,부산광역시 해운대구 좌동,중상사고,0,1,0,0,차대사람 - 횡단중,보행자보호의무위반,건조,맑음,교차로 - 교차로안,승용,여,57세,상해없음,보행자,여,21세,중상
2013072500100251,2013년 7월 25일 13시,목요일,부산광역시 금정구 구서동,경상사고,0,0,1,0,차대차 - 측면직각충돌,신호위반,건조,맑음,교차로 - 교차로안,승용,여,59세,상해없음,승용,남,53세,경상
2013072500100252,2013년 7월 25일 13시,목요일,부산광역시 기장군 정관면,중상사고,0,1,0,0,차대차 - 측면직각충돌,안전운전불이행,건조,맑음,교차로 - 교차로부근,화물,남,54세,상해없음,화물,남,30세,중상
2013072500100281,2013년 7월 25일 14시,목요일,부산광역시 동래구 사직동,중상사고,0,1,0,0,차대차 - 측면직각충돌,안전운전불이행,건조,맑음,단일로 - 기타,원동기,여,52세,중상,승용,여,32세,상해없음
2013072500100282,2013년 7월 25일 14시,목요일,부산광역시 해운대구 반여동,중상사고,0,1,0,0,차대사람 - 횡단중,안전운전불이행,건조,맑음,단일로 - 기타,승용,남,66세,상해없음,보행자,여,37세,중상
2013072500100283,2013년 7월 25일 14시,목요일,부산광역시 금정구 서동,경상사고,0,0,1,0,차대차 - 기타,안전운전불이행,건조,맑음,기타 - 기타,승용,여,58세,상해없음,승용,여,29세,경상
2013072500100365,2013년 7월 25일 16시,목요일,부산광역시 동구 범일동,중상사고,0,1,0,0,차대사람 - 기타,안전운전불이행,건조,맑음,단일로 - 기타,승용,남,42세,상해없음,보행자,여,79세,중상
2013072500100366,2013년 7월 25일 16시,목요일,부산광역시 동구 좌천동,경상사고,0,0,1,0,차대차 - 추돌 - 진행중,안전거리미확보,건조,맑음,단일로 - 기타,승용,남,58세,상해없음,승용,남,29세,경상
2013072500100367,2013년 7월 25일 16시,목요일,부산광역시 남구 문현동,사망사고,1,0,0,0,차대차 - 측면직각충돌,차로위반,건조,맑음,교차로 - 교차로부근,원동기,남,63세,사망,승용,남,23세,상해없음
2013072500100368,2013년 7월 25일 16시,목요일,부산광역시 남구 대연동,경상사고,0,0,1,0,차대차 - 측면직각충돌,안전운전불이행,건조,맑음,교차로 - 교차로안,승용,남,58세,상해없음,승합,남,42세,상해없음
2013072500100369,2013년 7월 25일 16시,목요일,부산광역시 금정구 두구동,경상사고,0,0,1,0,차대차 - 추돌 - 주정차중,안전운전불이행,건조,맑음,단일로 - 기타,승용,남,40세,경상,승용,남,36세,기타불명
2013072500100370,2013년 7월 25일 16시,목요일,부산광역시 사하구 괴정동,부상신고사고,0,0,0,1,차대사람 - 기타,안전운전불이행,건조,맑음,단일로 - 기타,승용,남,50세,상해없음,보행자,남,7세,부상신고
2013072500100410,2013년 7월 25일 17시,목요일,부산광역시 수영구 광안동,중상사고,0,1,0,0,차대사람 - 기타,안전운전불이행,건조,맑음,교차로 - 교차로안,승용,남,54세,상해없음,보행자,여,46세,중상
2013072500100411,2013년 7월 25일 17시,목요일,부산광역시 해운대구 반여동,경상사고,0,0,2,0,차대차 - 기타,교차로운행방법위반,건조,맑음,교차로 - 교차로안,승합,남,42세,상해없음,이륜,남,18세,경상
2013072500100447,2013년 7월 25일 18시,목요일,부산광역시 남구 대연동,중상사고,0,1,0,0,차대사람 - 길가장자리구역통행중,안전운전불이행,건조,맑음,단일로 - 기타,이륜,남,39세,상해없음,보행자,여,74세,중상
2013072500100448,2013년 7월 25일 18시,목요일,부산광역시 금정구 부곡동,경상사고,0,0,1,0,차대차 - 측면직각충돌,직진우회전진행방해,건조,맑음,교차로 - 교차로안,이륜,남,27세,상해없음,이륜,남,63세,경상
2013072500100487,2013년 7월 25일 19시,목요일,부산광역시 해운대구 반송동,경상사고,0,0,2,0,차대차 - 측면직각충돌,교차로운행방법위반,건조,맑음,교차로 - 교차로안,승합,여,47세,상해없음,승용,남,24세,경상
2013072500100488,2013년 7월 25일 19시,목요일,부산광역시 연제구 연산동,경상사고,0,0,1,0,차대차 - 측면직각충돌,안전거리미확보,건조,맑음,단일로 - 기타,승용,남,32세,상해없음,화물,남,34세,경상
2013072500100489,2013년 7월 25일 19시,목요일,부산광역시 강서구 명지동,부상신고사고,0,0,0,1,차대차 - 정면충돌,안전운전불이행,건조,맑음,기타 - 기타,이륜,남,73세,부상신고,이륜,남,71세,상해없음
2013072500100519,2013년 7월 25일 20시,목요일,부산광역시 동구 초량동,부상신고사고,0,0,0,1,차대차 - 기타,안전거리미확보,건조,맑음,단일로 - 기타,원동기,남,16세,부상신고,승용,남,66세,상해없음
2013072500100520,2013년 7월 25일 20시,목요일,부산광역시 서구 아미동2가,중상사고,0,1,0,0,차대차 - 측면직각충돌,신호위반,건조,맑음,교차로 - 교차로안,이륜,남,25세,중상,승용,남,53세,상해없음
2013072500100521,2013년 7월 25일 20시,목요일,부산광역시 동래구 안락동,경상사고,0,0,1,0,차대차 - 측면직각충돌,안전운전불이행,건조,맑음,단일로 - 기타,승용,여,55세,상해없음,이륜,남,32세,경상
2013072500100522,2013년 7월 25일 20시,목요일,부산광역시 동래구 수안동,중상사고,0,1,0,0,차대차 - 측면직각충돌,신호위반,건조,맑음,교차로 - 교차로안,승용,남,61세,상해없음,이륜,남,23세,중상
2013072500100523,2013년 7월 25일 20시,목요일,부산광역시 연제구 거제동,사망사고,1,0,0,0,차대차 - 기타,안전운전불이행,건조,맑음,단일로 - 기타,화물,남,73세,사망,승용,남,47세,상해없음
2013072500100524,2013년 7월 25일 20시,목요일,부산광역시 기장군 기장읍,부상신고사고,0,0,0,1,차대사람 - 길가장자리구역통행중,안전운전불이행,건조,흐림,단일로 - 기타,승용,남,67세,상해없음,보행자,남,60세,부상신고
2013072500100559,2013년 7월 25일 21시,목요일,부산광역시 해운대구 우동,부상신고사고,0,0,0,1,차대차 - 기타,신호위반,기타,맑음,단일로 - 횡단보도부근,이륜,남,22세,부상신고,승용,남,46세,상해없음
2013072500100560,2013년 7월 25일 21시,목요일,부산광역시 금정구 부곡동,경상사고,0,0,1,0,차대차 - 기타,안전운전불이행,건조,맑음,단일로 - 기타,승용,남,42세,상해없음,자전거,여,12세,경상
2013072500100561,2013년 7월 25일 21시,목요일,부산광역시 강서구 대저1동,경상사고,0,0,1,0,차대차 - 추돌 - 주정차중,안전거리미확보,건조,맑음,단일로 - 기타,승용,남,25세,상해없음,승용,남,32세,경상
2013072500100590,2013년 7월 25일 22시,목요일,부산광역시 동래구 명장동,경상사고,0,0,1,0,차대사람 - 횡단중,안전운전불이행,건조,맑음,단일로 - 기타,화물,남,66세,상해없음,보행자,남,41세,경상