사고번호,사고일시,요일,시군구,사고내용,사망자수,중상자수,경상자수,부상신고자수,사고유형,법규위반,노면상태,기상상태,도로형태,가해운전자 차종,가해운전자 성별,가해운전자 연령,가해운전자 상해정도,피해운전자 차종,피해운전자 성별,피해운전자 연령,피해운전자 상해정도
2013072500100622,2013년 7월 25일 23시,목요일,부산광역시 사하구 구평동,경상사고,0,0,1,0,차대차 - 추돌 - 주정차중,안전운전불이행,건조,맑음,교차로 - 교차로안,승용,남,31세,상해없음,특수,남,56세,상해없음
2013072600100004,2013년 7월 26일 00시,금요일,부산광역시 사하구 신평동,중상사고,0,1,0,0,차량단독 - 전도전복,중앙선침범,건조,맑음,단일로 - 기타,이륜,남,27세,중상,,,,
2013072600100026,2013년 7월 26일 01시,금요일,부산광역시 사하구 당리동,중상사고,0,1,0,0,차대사람 - 횡단중,신호위반,건조,맑음,단일로 - 기타,승용,남,49세,상해없음,보행자,남,66세,중상
2013072600100031,2013년 7월 26일 02시,금요일,부산광역시 동구 초량동,중상사고,0,1,0,0,차대사람 - 기타,안전운전불이행,건조,맑음,단일로 - 기타,승용,여,34세,상해없음,보행자,남,55세,중상
2013072600100049,2013년 7월 26일 04시,금요일,부산광역시 기장군 기장읍,중상사고,0,2,0,1,차량단독 - 기타,안전운전불이행,건조,맑음,단일로 - 기타,이륜,남,16세,중상,,,,
2013072600100065,2013년 7월 26일 06시,금요일,부산광역시 사상구 모라동,경상사고,0,0,1,0,차량단독 - 공작물충돌,안전운전불이행,건조,맑음,단일로 - 기타,승합,남,30세,상해없음,,,,
2013072600100081,2013년 7월 26일 07시,금요일,부산광역시 수영구 광안동,경상사고,0,0,1,0,차대차 - 기타,차로위반,건조,맑음,단일로 - 기타,화물,남,57세,상해없음,승용,남,30세,경상
2013072600100107,2013년 7월 26일 08시,금요일,부산광역시 강서구 대저1동,경상사고,0,0,1,0,차대차 - 기타,중앙선침범,건조,맑음,단일로 - 기타,승용,여,39세,상해없음,승용,남,47세,경상
2013072600100169,2013년 7월 26일 10시,금요일,부산광역시 중구 영주동,중상사고,0,1,0,0,차대사람 - 차도통행중,불법유턴,건조,맑음,단일로 - 기타,화물,남,31세,상해없음,보행자,남,67세,중상
2013072600100170,2013년 7월 26일 10시,금요일,부산광역시 동구 좌천동,중상사고,0,1,0,0,차대차 - 측면직각충돌,안전거리미확보,건조,맑음,단일로 - 교량,승용,남,59세,상해없음,이륜,남,53세,중상
2013072600100204,2013년 7월 26일 11시,금요일,부산광역시 해운대구 중동,중상사고,0,1,0,0,차대차 - 추돌 - 진행중,안전운전불이행,건조,맑음,단일로 - 기타,승용,여,44세,상해없음,승용,여,47세,중상
2013072600100205,2013년 7월 26일 11시,금요일,부산광역시 해운대구 반여동,부상신고사고,0,0,0,1,차대사람 - 횡단중,안전운전불이행,건조,맑음,단일로 - 기타,승용,여,42세,상해없음,보행자,여,45세,부상신고
2013072600100206,2013년 7월 26일 11시,금요일,부산광역시 사하구 하단동,경상사고,0,0,1,0,차대차 - 기타,중앙선침범,건조,맑음,기타 - 기타,자전거,남,54세,경상,승용,여,35세,상해없음
2013072600100230,2013년 7월 26일 12시,금요일,부산광역시 사상구 괘법동,부상신고사고,0,0,0,1,차대차 - 추돌 - 진행중,중앙선침범,건조,맑음,단일로 - 기타,승용,남,45세,상해없음,이륜,남,20세,부상신고
2013072600100231,2013년 7월 26일 12시,금요일,부산광역시 사상구 감전동,중상사고,0,1,1,0,차대차 - 추돌 - 주정차중,안전거리미확보,건조,맑음,교차로 - 교차로부근,승용,남,52세,상해없음,승합,남,52세,상해없음
2013072600100263,2013년 7월 26일 13시,금요일,부산광역시 사하구 하단동,중상사고,0,2,1,0,차대차 - 측면직각충돌,중앙선침범,건조,맑음,단일로 - 기타,승용,남,55세,중상,화물,남,58세,상해없음
2013072600100289,2013년 7월 26일 14시,금요일,부산광역시 동래구 명장동,중상사고,0,1,0,0,차대차 - 추돌 - 진행중,안전운전불이행,건조,맑음,단일로 - 기타,승용,여,37세,상해없음,이륜,남,44세,중상
2013072600100290,2013년 7월 26일 14시,금요일,부산광역시 해운대구 우동,중상사고,0,1,0,0,차대차 - 추돌 - 진행중,안전운전불이행,건조,맑음,단일로 - 교량,승용,남,54세,상해없음,승용,여,51세,중상
2013072600100291,2013년 7월 26일 14시,금요일,부산광역시 강서구 봉림동,중상사고,0,1,1,0,차대차 - 기타,안전운전불이행,건조,맑음,단일로 - 기타,화물,남,46세,상해없음,승용,여,59세,중상
2013072600100328,2013년 7월 26일 15시,금요일,부산광역시 부산진구 범천동,중상사고,0,1,0,0,차량단독 - 기타,기타,건조,맑음,단일로 - 기타,승합,남,47세,기타불명,,,,
2013072600100329,2013년 7월 26일 15시,금요일,부산광역시 금정구 선동,경상사고,0,0,1,1,차대차 - 추돌 - 진행중,안전운전불이행,건조,맑음,교차로 - 교차로부근,승합,남,67세,상해없음,승용,남,41세,경상
2013072600100361,2013년 7월 26일 16시,금요일,부산광역시 중구 남포동1가,중상사고,0,1,0,0,차대차 - 측면직각충돌,안전운전불이행,건조,맑음,단일로 - 기타,승용,남,50세,상해없음,승용,남,60세,중상
2013072600100388,2013년 7월 26일 17시,금요일,부산광역시 수영구 광안동,중상사고,0,1,0,0,차대사람 - 기타,보행자보호의무위반,건조,맑음,단일로 - 기타,승용,남,50세,상해없음,보행자,여,6세,중상
2013072600100389,2013년 7월 26일 17시,금요일,부산광역시 부산진구 당감동,경상사고,0,0,1,0,차대차 - 추돌 - 진행중,안전거리미확보,건조,맑음,단일로 - 터널,승용,남,28세,상해없음,승용,남,48세,상해없음
2013072600100422,2013년 7월 26일 18시,금요일,부산광역시 사하구 구평동,경상사고,0,0,1,0,차대차 - 추돌 - 진행중,안전운전불이행,건조,맑음,기타 - 기타,승용,남,56세,상해없음,승용,남,24세,경상
2013072600100423,2013년 7월 26일 18시,금요일,부산광역시 사상구 학장동,중상사고,0,1,0,0,차대사람 - 횡단중,안전운전불이행,건조,맑음,단일로 - 기타,승합,남,36세,상해없음,보행자,남,52세,중상
2013072600100461,2013년 7월 26일 19시,금요일,부산광역시 중구 중앙동1가,중상사고,0,1,0,0,차대사람 - 기타,안전운전불이행,건조,맑음,단일로 - 기타,승용,남,24세,상해없음,보행자,남,74세,중상
2013072600100462,2013년 7월 26일 19시,금요일,부산광역시 해운대구 우동,경상사고,0,0,1,0,차대차 - 추돌 - 주정차중,안전운전불이행,건조,맑음,미분류 - 미분류,승용,남,44세,상해없음,승용,남,26세,경상
2013072600100463,2013년 7월 26일 19시,금요일,부산광역시 강서구 송정동,경상사고,0,0,1,0,차대차 - 측면직각충돌,안전운전불이행,건조,맑음,교차로 - 교차로안,승용,남,40세,상해없음,승용,남,51세,경상
2013072600100484,2013년 7월 26일 20시,금요일,부산광역시 부산진구 부전동,경상사고,0,0,1,0,차대차 - 추돌 - 진행중,안전거리미확보,건조,맑음,단일로 - 기타,승용,남,59세,상해없음,승용,남,35세,경상
2013072600100485,2013년 7월 26일 20시,금요일,부산광역시 금정구 구서동,중상사고,0,1,0,0,차대차 - 기타,중앙선침범,건조,맑음,단일로 - 기타,승용,남,30세,상해없음,승용,남,72세,중상
2013072600100486,2013년 7월 26일 20시,금요일,부산광역시 사하구 하단동,중상사고,0,1,0,0,차대사람 - 기타,안전운전불이행,건조,맑음,단일로 - 기타,원동기,남,36세,상해없음,보행자,여,19세,중상
2013072600100529,2013년 7월 26일 21시,금요일,부산광역시 부산진구 전포동,중상사고,0,1,0,0,차대차 - 측면직각충돌,신호위반,건조,맑음,교차로 - 교차로안,자전거,남,31세,중상,승용,남,41세,상해없음
2013072600100568,2013년 7월 26일 22시,금요일,부산광역시 서구 서대신동3가,경상사고,0,0,1,0,차대사람 - 차도통행중,안전운전불이행,건조,맑음,단일로 - 기타,승용,남,30세,상해없음,보행자,남,58세,경상
2013072600100569,2013년 7월 26일 22시,금요일,부산광역시 동래구 안락동,경상사고,0,0,2,0,차대차 - 측면직각충돌,신호위반,건조,맑음,교차로 - 교차로부근,원동기,남,19세,상해없음,승용,여,29세,상해없음
2013072600100570,2013년 7월 26일 22시,금요일,부산광역시 동래구 온천동,경상사고,0,0,2,0,차대차 - 기타,신호위반,건조,맑음,교차로 - 교차로안,승용,남,40세,상해없음,승용,남,48세,상해없음
2013072600100571,2013년 7월 26일 22시,금요일,부산광역시 부산진구 부전동,경상사고,0,0,3,0,차대차 - 추돌 - 진행중,안전거리미확보,건조,맑음,교차로 - 교차로부근,승용,남,58세,상해없음,승용,남,30세,경상
2013072600100604,2013년 7월 26일 23시,금요일,부산광역시 부산진구 가야동,중상사고,0,1,0,0,차대차 - 측면직각충돌,신호위반,건조,맑음,교차로 - 교차로안,승용,남,32세,상해없음,화물,남,25세,중상
2013072600100605,2013년 7월 26일 23시,금요일,부산광역시 사하구 다대동,중상사고,0,1,1,0,차대차 - 기타,안전운전불이행,건조,맑음,교차로 - 교차로부근,승용,여,51세,상해없음,승용,여,56세,중상
2013072600100606,2013년 7월 26일 23시,금요일,부산광역시 연제구 연산동,경상사고,0,0,2,0,차대차 - 추돌 - 진행중,안전운전불이행,건조,맑음,단일로 - 기타,이륜,남,40세,상해없음,승합,남,48세,상해없음
2013072700100032,2013년 7월 27일 01시,토요일,부산광역시 중구 영주동,부상신고사고,0,0,0,1,차량단독 - 전도전복,안전운전불이행,건조,맑음,미분류 - 미분류,이륜,남,25세,부상신고,,,,
2013072700100033,2013년 7월 27일 01시,토요일,부산광역시 남구 대연동,경상사고,0,0,1,0,차대사람 - 기타,안전운전불이행,건조,맑음,교차로 - 교차로안,승용,남,64세,상해없음,보행자,여,61세,경상
2013072700100034,2013년 7월 27일 01시,토요일,부산광역시 기장군 기장읍,중상사고,0,1,0,0,차대사람 - 기타,안전운전불이행,건조,맑음,단일로 - 기타,승용,남,52세,상해없음,보행자,남,34세,중상
2013072700100062,2013년 7월 27일 03시,토요일,부산광역시 수영구 광안동,경상사고,0,0,3,0,차대차 - 추돌 - 진행중,신호위반,건조,맑음,교차로 - 교차로부근,승용,남,69세,상해없음,승용,남,40세,경상
2013072700100078,2013년 7월 27일 04시,토요일,부산광역시 부산진구 범천동,부상신고사고,0,0,0,3,차대차 - 측면직각충돌,중앙선침범,건조,맑음,단일로 - 기타,승용,남,41세,상해없음,승용,남,28세,부상신고
2013072700100104,2013년 7월 27일 06시,토요일,부산광역시 사상구 엄궁동,부상신고사고,0,0,0,1,차대차 - 기타,중앙선침범,건조,맑음,교차로 - 교차로안,자전거,여,32세,부상신고,승용,남,74세,상해없음
2013072700100119,2013년 7월 27일 07시,토요일,부산광역시 해운대구 재송동,경상사고,0,0,1,0,차대차 - 추돌 - 진행중,안전운전불이행,건조,맑음,단일로 - 기타,승용,남,48세,상해없음,승용,남,28세,경상
2013072700100136,2013년 7월 27일 08시,토요일,부산광역시 동래구 온천동,경상사고,0,0,1,0,차대사람 - 길가장자리구역통행중,안전운전불이행,건조,맑음,단일로 - 기타,승용,여,33세,상해없음,보행자,여,28세,경상
2013072700100161,2013년 7월 27일 09시,토요일,부산광역시 수영구 광안동,경상사고,0,0,1,0,차대차 - 측면직각충돌,교차로운행방법위반,건조,맑음,교차로 - 교차로안,승합,남,52세,상해없음,승용,여,57세,경상
2013072700100162,2013년 7월 27일 09시,토요일,부산광역시 기장군 기장읍,중상사고,0,1,0,0,차대사람 - 횡단중,안전운전불이행,건조,맑음,단일로 - 기타,승용,남,53세,상해없음,보행자,여,72세,중상
2013072700100185,2013년 7월 27일 10시,토요일,부산광역시 부산진구 초읍동,부상신고사고,0,0,0,1,차대차 - 기타,안전거리미확보,건조,맑음,단일로 - 기타,이륜,남,67세,부상신고,승용,여,41세,상해없음
2013072700100246,2013년 7월 27일 12시,토요일,부산광역시 남구 대연동,부상신고사고,0,0,0,1,차대차 - 추돌 - 진행중,안전거리미확보,건조,맑음,단일로 - 기타,승용,남,59세,상해없음,원동기,남,60세,부상신고
2013072700100247,2013년 7월 27일 12시,토요일,부산광역시 부산진구 부전동,경상사고,0,0,1,0,차대차 - 측면직각충돌,차로위반,건조,맑음,단일로 - 기타,승용,남,59세,상해없음,승용,여,56세,경상
2013072700100248,2013년 7월 27일 12시,토요일,부산광역시 사상구 학장동,중상사고,0,1,0,0,차대차 - 측면직각충돌,교차로운행방법위반,건조,맑음,교차로 - 교차로안,승용,남,28세,상해없음,원동기,남,29세,중상
2013072700100317,2013년 7월 27일 14시,토요일,부산광역시 수영구 민락동,경상사고,0,0,1,0,차대차 - 기타,신호위반,건조,맑음,단일로 - 횡단보도상,승용,여,55세,상해없음,자전거,남,15세,경상
2013072700100318,2013년 7월 27일 14시,토요일,부산광역시 영도구 동삼동,중상사고,0,1,0,0,차대사람 - 기타,안전운전불이행,건조,맑음,단일로 - 기타,승용,남,47세,기타불명,보행자,남,7세,중상
2013072700100319,2013년 7월 27일 14시,토요일,부산광역시 해운대구 우동,경상사고,0,0,4,0,차대차 - 측면직각충돌,안전운전불이행,건조,맑음,단일로 - 기타,승용,남,23세,상해없음,승용,남,55세,경상
2013072700100386,2013년 7월 27일 16시,토요일,부산광역시 중구 남포동4가,중상사고,0,1,2,0,차대차 - 측면직각충돌,안전운전불이행,건조,맑음,단일로 - 기타,이륜,남,19세,경상,승용,남,71세,상해없음
2013072700100387,2013년 7월 27일 16시,토요일,부산광역시 북구 만덕동,경상사고,0,0,3,0,차대차 - 기타,안전운전불이행,건조,맑음,단일로 - 기타,승용,남,34세,상해없음,승용,남,36세,경상
2013072700100388,2013년 7월 27일 16시,토요일,부산광역시 부산진구 양정동,경상사고,0,0,2,0,차대차 - 기타,신호위반,기타,맑음,교차로 - 교차로안,원동기,남,16세,상해없음,승용,남,28세,경상
2013072700100389,2013년 7월 27일 16시,토요일,부산광역시 강서구 대저2동,경상사고,0,0,2,0,차대차 - 추돌 - 주정차중,안전운전불이행,건조,맑음,단일로 - 기타,승용,여,50세,상해없음,승용,남,42세,경상
2013072700100455,2013년 7월 27일 18시,토요일,부산광역시 남구 대연동,부상신고사고,0,0,0,1,차대사람 - 기타,안전운전불이행,건조,맑음,단일로 - 기타,승합,남,44세,상해없음,보행자,남,32세,부상신고
2013072700100456,2013년 7월 27일 18시,토요일,부산광역시 수영구 망미동,경상사고,0,0,1,0,차대사람 - 기타,보행자보호의무위반,건조,맑음,단일로 - 횡단보도상,승용,남,32세,상해없음,보행자,여,3세,경상
2013072700100496,2013년 7월 27일 19시,토요일,부산광역시 남구 용호동,경상사고,0,0,1,0,차대차 - 기타,안전운전불이행,건조,맑음,단일로 - 기타,승용,여,53세,상해없음,이륜,남,19세,경상
2013072700100497,2013년 7월 27일 19시,토요일,부산광역시 동래구 온천동,경상사고,0,0,2,0,차대차 - 추돌 - 진행중,안전거리미확보,건조,맑음,단일로 - 터널,승용,기타불명,기타불명,기타불명,승용,남,50세,경상
2013072700100498,2013년 7월 27일 19시,토요일,부산광역시 연제구 거제동,중상사고,0,1,0,0,차대사람 - 기타,안전운전불이행,건조,맑음,단일로 - 기타,승용,남,33세,상해없음,보행자,남,39세,중상
2013072700100527,2013년 7월 27일 20시,토요일,부산광역시 영도구 청학동,중상사고,0,1,0,0,차대차 - 측면직각충돌,안전거리미확보,건조,맑음,단일로 - 기타,승용,남,28세,상해없음,이륜,남,27세,중상
2013072700100528,2013년 7월 27일 20시,토요일,부산광역시 해운대구 우동,경상사고,0,0,6,0,차대차 - 추돌 - 진행중,안전운전불이행,건조,맑음,단일로 - 기타,승용,남,32세,상해없음,승용,남,23세,경상
2013072700100529,2013년 7월 27일 20시,토요일,부산광역시 사상구 주례동,경상사고,0,0,1,0,차대차 - 측면직각충돌,안전거리미확보,건조,맑음,단일로 - 기타,승용,남,68세,상해없음,원동기,여,29세,경상
2013072700100633,2013년 7월 27일 23시,토요일,부산광역시 해운대구 중동,부상신고사고,0,0,0,1,차대사람 - 횡단중,안전운전불이행,건조,맑음,교차로 - 교차로안,승용,여,44세,상해없음,보행자,남,47세,부상신고
2013072800100048,2013년 7월 28일 02시,일요일,부산광역시 해운대구 우동,경상사고,0,0,1,0,차량단독 - 공작물충돌,안전운전불이행,건조,맑음,단일로 - 기타,승용,남,26세,상해없음,,,,
2013072800100049,2013년 7월 28일 02시,일요일,부산광역시 부산진구 전포동,경상사고,0,0,1,0,차대사람 - 기타,안전운전불이행,건조,맑음,단일로 - 기타,화물,여,23세,상해없음,보행자,남,24세,경상
2013072800100063,2013년 7월 28일 03시,일요일,부산광역시 부산진구 부전동,경상사고,0,0,2,0,차대차 - 기타,안전거리미확보,건조,맑음,단일로 - 기타,승용,여,25세,상해없음,승용,남,17세,상해없음
2013072800100064,2013년 7월 28일 03시,일요일,부산광역시 사하구 신평동,경상사고,0,0,2,0,차대차 - 추돌 - 주정차중,안전운전불이행,건조,맑음,단일로 - 기타,승용,여,51세,상해없음,승용,남,24세,경상
2013072800100065,2013년 7월 28일 03시,일요일,부산광역시 사상구 주례동,사망사고,1,0,0,0,차대사람 - 횡단중,안전운전불이행,건조,맑음,단일로 - 기타,승용,남,53세,상해없음,보행자,여,51세,사망
2013072800100066,2013년 7월 28일 03시,일요일,부산광역시 기장군 정관면,중상사고,0,1,0,0,차량단독 - 공작물충돌,안전운전불이행,건조,맑음,교차로 - 교차로부근,화물,남,21세,중상,,,,
2013072800100105,2013년 7월 28일 06시,일요일,부산광역시 연제구 연산동,중상사고,0,1,0,0,차대차 - 추돌 - 진행중,신호위반,건조,맑음,교차로 - 교차로안,승용,여,51세,상해없음,이륜,남,59세,중상
2013072800100114,2013년 7월 28일 07시,일요일,부산광역시 해운대구 중동,경상사고,0,0,3,0,차대차 - 측면직각충돌,안전운전불이행,건조,맑음,단일로 - 기타,승용,남,26세,상해없음,승용,남,20세,경상
2013072800100145,2013년 7월 28일 09시,일요일,부산광역시 금정구 부곡동,경상사고,0,0,1,0,차대차 - 기타,안전운전불이행,습기,비,교차로 - 교차로안,승용,여,57세,상해없음,승용,남,57세,경상
2013072800100165,2013년 7월 28일 10시,일요일,부산광역시 북구 구포동,경상사고,0,0,1,0,차대차 - 측면직각충돌,차로위반,습기,비,교차로 - 교차로안,승용,남,64세,상해없음,승용,남,44세,경상
2013072800100166,2013년 7월 28일 10시,일요일,부산광역시 북구 만덕동,부상신고사고,0,0,0,4,차대차 - 측면직각충돌,교차로운행방법위반,습기,비,교차로 - 교차로안,승용,여,55세,부상신고,승용,남,58세,부상신고
2013072800100167,2013년 7월 28일 10시,일요일,부산광역시 동래구 명륜동,중상사고,0,1,1,1,차대차 - 측면직각충돌,교차로운행방법위반,습기,비,교차로 - 교차로안,승용,남,24세,상해없음,승용,여,55세,중상
2013072800100168,2013년 7월 28일 10시,일요일,부산광역시 금정구 구서동,중상사고,0,1,0,0,차대차 - 기타,기타,습기,비,교차로 - 교차로안,승용,남,49세,상해없음,승용,남,50세,중상
2013072800100169,2013년 7월 28일 10시,일요일,부산광역시 금정구 부곡동,중상사고,0,1,0,0,차대차 - 측면직각충돌,기타,습기,비,단일로 - 기타,화물,남,63세,상해없음,승용,여,49세,상해없음
2013072800100170,2013년 7월 28일 10시,일요일,부산광역시 기장군 기장읍,중상사고,0,1,0,0,차대사람 - 보도통행중,기타,습기,비,단일로 - 횡단보도부근,승용,남,28세,상해없음,보행자,남,64세,중상
2013072800100194,2013년 7월 28일 11시,일요일,부산광역시 남구 대연동,경상사고,0,0,4,0,차대차 - 측면직각충돌,안전거리미확보,건조,맑음,단일로 - 기타,승용,남,31세,상해없음,승용,남,40세,경상
2013072800100195,2013년 7월 28일 11시,일요일,부산광역시 수영구 광안동,경상사고,0,0,1,0,차대차 - 측면직각충돌,안전운전불이행,습기,비,단일로 - 기타,승용,여,41세,상해없음,승용,남,44세,경상
2013072800100211,2013년 7월 28일 12시,일요일,부산광역시 부산진구 부전동,중상사고,0,2,0,0,차대차 - 기타,교차로운행방법위반,건조,맑음,교차로 - 교차로안,승용,남,56세,상해없음,승용,남,41세,중상
2013072800100212,2013년 7월 28일 12시,일요일,부산광역시 부산진구 양정동,중상사고,0,1,2,0,차대차 - 기타,신호위반,습기,맑음,교차로 - 교차로부근,승용,여,39세,상해없음,승용,남,26세,경상
2013072800100213,2013년 7월 28일 12시,일요일,부산광역시 연제구 거제동,중상사고,0,1,0,0,차대차 - 측면직각충돌,중앙선침범,건조,맑음,단일로 - 기타,승용,여,52세,상해없음,승용,남,27세,상해없음
2013072800100231,2013년 7월 28일 13시,일요일,부산광역시 해운대구 중동,중상사고,0,2,0,0,차대차 - 기타,안전운전불이행,건조,맑음,단일로 - 기타,화물,남,47세,상해없음,화물,여,50세,중상
2013072800100259,2013년 7월 28일 14시,일요일,부산광역시 연제구 연산동,경상사고,0,0,1,0,차대차 - 측면직각충돌,안전운전불이행,건조,맑음,교차로 - 교차로부근,이륜,남,17세,경상,승용,남,45세,상해없음
2013072800100333,2013년 7월 28일 17시,일요일,부산광역시 사하구 괴정동,중상사고,0,1,0,0,차대차 - 추돌 - 주정차중,안전거리미확보,건조,맑음,교차로 - 교차로부근,승용,남,37세,상해없음,승용,남,23세,중상
2013072800100334,2013년 7월 28일 17시,일요일,부산광역시 사상구 학장동,중상사고,0,1,0,0,차대차 - 기타,안전거리미확보,건조,맑음,단일로 - 기타,승용,남,24세,상해없음,이륜,남,21세,중상
2013072800100378,2013년 7월 28일 19시,일요일,부산광역시 해운대구 좌동,중상사고,0,1,0,0,차대차 - 추돌 - 진행중,교차로운행방법위반,건조,맑음,교차로 - 교차로안,승용,여,47세,상해없음,이륜,남,34세,중상
2013072800100379,2013년 7월 28일 19시,일요일,부산광역시 기장군 기장읍,경상사고,0,0,3,0,차대차 - 추돌 - 주정차중,안전운전불이행,습기,맑음,교차로 - 교차로부근,승합,남,56세,상해없음,승용,여,35세,경상
2013072800100432,2013년 7월 28일 21시,일요일,부산광역시 남구 대연동,경상사고,0,0,1,0,차대사람 - 길가장자리구역통행중,안전운전불이행,건조,맑음,단일로 - 기타,승용,남,45세,상해없음,보행자,남,21세,경상
2013072800100457,2013년 7월 28일 22시,일요일,부산광역시 수영구 망미동,경상사고,0,0,1,0,차대차 - 측면직각충돌,안전거리미확보,건조,맑음,단일로 - 기타,승용,여,39세,상해없음,승합,남,29세,경상
2013072800100471,2013년 7월 28일 23시,일요일,부산광역시 연제구 연산동,중상사고,0,1,0,0,차대차 - 측면직각충돌,안전거리미확보,건조,맑음,단일로 - 기타,승용,남,26세,상해없음,이륜,남,17세,중상
2013072900100014,2013년 7월 29일 01시,월요일,부산광역시 동래구 사직동,중상사고,0,1,0,0,차대사람 - 횡단중,안전운전불이행,건조,맑음,단일로 - 기타,이륜,남,26세,상해없음,보행자,남,43세,중상
2013072900100015,2013년 7월 29일 01시,월요일,부산광역시 사상구 엄궁동,중상사고,0,1,0,0,차대사람 - 횡단중,신호위반,건조,맑음,단일로 - 기타,승용,남,58세,상해없음,보행자,여,25세,중상
2013072900100032,2013년 7월 29일 04시,월요일,부산광역시 금정구 남산동,경상사고,0,0,1,0,차대차 - 측면직각충돌,교차로운행방법위반,습기,비,교차로 - 교차로안,화물,남,50세,상해없음,승용,남,69세,경상
2013072900100046,2013년 7월 29일 06시,월요일,부산광역시 남구 우암동,중상사고,0,1,0,0,차대차 - 추돌 - 진행중,안전운전불이행,건조,맑음,교차로 - 교차로부근,승용,남,32세,상해없음,승용,남,40세,중상
2013072900100128,2013년 7월 29일 10시,월요일,부산광역시 금정구 남산동,중상사고,0,1,0,0,차대차 - 측면직각충돌,안전운전불이행,건조,맑음,단일로 - 기타,승합,남,58세,상해없음,자전거,여,61세,중상
2013072900100129,2013년 7월 29일 10시,월요일,부산광역시 사상구 감전동,중상사고,0,1,0,0,차대사람 - 기타,안전운전불이행,건조,맑음,단일로 - 기타,승용,남,59세,상해없음,보행자,남,54세,중상
2013072900100148,2013년 7월 29일 11시,월요일,부산광역시 남구 문현동,경상사고,0,0,1,0,차대차 - 측면직각충돌,교차로운행방법위반,건조,맑음,교차로 - 교차로안,화물,남,29세,상해없음,이륜,남,65세,경상
2013072900100149,2013년 7월 29일 11시,월요일,부산광역시 부산진구 부암동,경상사고,0,0,1,0,차대차 - 추돌 - 진행중,안전거리미확보,건조,맑음,교차로 - 교차로부근,승용,남,61세,상해없음,승용,여,30세,경상
2013072900100192,2013년 7월 29일 13시,월요일,부산광역시 사상구 덕포동,경상사고,0,0,1,0,차대차 - 기타,신호위반,건조,맑음,단일로 - 횡단보도부근,승용,남,20세,상해없음,자전거,여,9세,경상
2013072900100221,2013년 7월 29일 14시,월요일,부산광역시 서구 아미동1가,경상사고,0,0,1,0,차대사람 - 길가장자리구역통행중,안전운전불이행,건조,맑음,단일로 - 기타,승용,여,40세,상해없음,보행자,여,44세,경상
2013072900100222,2013년 7월 29일 14시,월요일,부산광역시 연제구 거제동,경상사고,0,0,2,0,차대차 - 추돌 - 진행중,안전운전불이행,건조,맑음,단일로 - 기타,승용,남,68세,상해없음,승용,여,53세,경상
2013072900100257,2013년 7월 29일 15시,월요일,부산광역시 금정구 부곡동,부상신고사고,0,0,0,1,차대차 - 측면직각충돌,기타,건조,맑음,기타 - 기타,승용,남,52세,상해없음,자전거,남,9세,부상신고
2013072900100299,2013년 7월 29일 16시,월요일,부산광역시 수영구 광안동,중상사고,0,1,1,0,차대차 - 추돌 - 주정차중,안전운전불이행,건조,맑음,단일로 - 기타,승용,남,76세,상해없음,승용,여,42세,중상
2013072900100300,2013년 7월 29일 16시,월요일,부산광역시 연제구 거제동,경상사고,0,0,1,0,차대차 - 측면직각충돌,교차로운행방법위반,건조,맑음,교차로 - 교차로안,승용,여,45세,상해없음,자전거,남,65세,경상
2013072900100301,2013년 7월 29일 16시,월요일,부산광역시 수영구 수영동,경상사고,0,0,1,0,차대차 - 추돌 - 주정차중,안전거리미확보,건조,맑음,교차로 - 교차로부근,승용,남,53세,상해없음,승용,여,44세,경상
2013072900100332,2013년 7월 29일 17시,월요일,부산광역시 부산진구 부암동,중상사고,0,1,0,0,차대사람 - 기타,불법유턴,건조,맑음,교차로 - 교차로안,승용,남,21세,상해없음,보행자,여,77세,중상
2013072900100333,2013년 7월 29일 17시,월요일,부산광역시 금정구 장전동,부상신고사고,0,0,0,1,차대차 - 측면직각충돌,직진우회전진행방해,건조,맑음,교차로 - 교차로안,승용,여,55세,부상신고,승합,남,36세,상해없음
2013072900100334,2013년 7월 29일 17시,월요일,부산광역시 연제구 연산동,중상사고,0,1,0,0,차량단독 - 공작물충돌,안전운전불이행,건조,맑음,단일로 - 기타,화물,남,58세,상해없음,,,,
2013072900100363,2013년 7월 29일 18시,월요일,부산광역시 서구 동대신동3가,경상사고,0,0,1,0,차대차 - 기타,차로위반,건조,맑음,교차로 - 교차로안,승용,남,56세,상해없음,이륜,남,28세,경상
2013072900100364,2013년 7월 29일 18시,월요일,부산광역시 해운대구 재송동,경상사고,0,0,2,0,차대차 - 측면직각충돌,안전운전불이행,건조,맑음,단일로 - 기타,승용,남,52세,상해없음,승용,남,31세,경상
2013072900100400,2013년 7월 29일 19시,월요일,부산광역시 금정구 청룡동,경상사고,0,0,1,0,차대사람 - 횡단중,안전운전불이행,건조,맑음,단일로 - 기타,승용,여,32세,상해없음,보행자,여,34세,경상
2013072900100434,2013년 7월 29일 20시,월요일,부산광역시 중구 영주동,중상사고,0,1,2,0,차대차 - 정면충돌,중앙선침범,건조,맑음,단일로 - 교량,승용,남,47세,상해없음,승합,남,45세,경상