사고번호,사고일시,요일,시군구,사고내용,사망자수,중상자수,경상자수,부상신고자수,사고유형,법규위반,노면상태,기상상태,도로형태,가해운전자 차종,가해운전자 성별,가해운전자 연령,가해운전자 상해정도,피해운전자 차종,피해운전자 성별,피해운전자 연령,피해운전자 상해정도
2013080800100233,2013년 8월 8일 12시,목요일,부산광역시 금정구 남산동,경상사고,0,0,1,0,차대차 - 측면직각충돌,안전운전불이행,건조,맑음,단일로 - 기타,승합,남,66세,상해없음,이륜,남,44세,경상
2013080800100268,2013년 8월 8일 13시,목요일,부산광역시 동래구 온천동,경상사고,0,0,2,0,차대사람 - 횡단중,신호위반,건조,맑음,단일로 - 횡단보도상,승용,여,56세,상해없음,보행자,여,8세,경상
2013080800100358,2013년 8월 8일 16시,목요일,부산광역시 영도구 대교동1가,경상사고,0,0,1,0,차대차 - 기타,안전운전불이행,건조,맑음,기타 - 기타,승용,남,28세,상해없음,승용,남,51세,경상
2013080800100359,2013년 8월 8일 16시,목요일,부산광역시 해운대구 반여동,경상사고,0,0,1,0,차대사람 - 기타,안전운전불이행,건조,맑음,교차로 - 교차로안,화물,남,56세,상해없음,보행자,남,9세,경상
2013080800100360,2013년 8월 8일 16시,목요일,부산광역시 해운대구 우동,중상사고,0,1,0,0,차대차 - 추돌 - 진행중,안전거리미확보,건조,맑음,단일로 - 기타,승용,남,42세,상해없음,승용,남,60세,중상
2013080800100380,2013년 8월 8일 17시,목요일,부산광역시 부산진구 개금동,경상사고,0,0,1,0,차대차 - 추돌 - 진행중,기타,건조,맑음,교차로 - 교차로안,이륜,남,22세,상해없음,자전거,남,6세,경상
2013080800100416,2013년 8월 8일 18시,목요일,부산광역시 서구 부민동1가,경상사고,0,0,1,0,차대차 - 측면직각충돌,신호위반,건조,맑음,교차로 - 교차로안,승용,남,42세,상해없음,자전거,남,24세,경상
2013080800100417,2013년 8월 8일 18시,목요일,부산광역시 서구 암남동,경상사고,0,0,1,0,차대차 - 측면직각충돌,안전운전불이행,건조,맑음,단일로 - 횡단보도상,승용,남,58세,상해없음,이륜,남,39세,경상
2013080800100418,2013년 8월 8일 18시,목요일,부산광역시 남구 대연동,경상사고,0,0,1,0,차대사람 - 기타,안전운전불이행,건조,맑음,교차로 - 교차로안,승합,남,60세,상해없음,보행자,남,55세,경상
2013080800100468,2013년 8월 8일 19시,목요일,부산광역시 사하구 당리동,경상사고,0,0,1,0,차대차 - 측면직각충돌,안전운전불이행,건조,맑음,교차로 - 교차로부근,승용,남,53세,상해없음,승용,남,28세,경상
2013080800100498,2013년 8월 8일 20시,목요일,부산광역시 동래구 안락동,중상사고,0,1,0,0,차대사람 - 차도통행중,안전운전불이행,건조,맑음,단일로 - 기타,원동기,남,61세,상해없음,보행자,여,70세,중상
2013080800100499,2013년 8월 8일 20시,목요일,부산광역시 해운대구 우동,경상사고,0,0,1,0,차대차 - 측면직각충돌,교차로운행방법위반,건조,맑음,교차로 - 교차로안,승용,남,54세,상해없음,승용,남,60세,경상
2013080800100545,2013년 8월 8일 21시,목요일,부산광역시 서구 암남동,중상사고,0,1,1,2,차대차 - 기타,안전운전불이행,건조,맑음,단일로 - 기타,승용,남,51세,상해없음,승용,남,30세,중상
2013080800100546,2013년 8월 8일 21시,목요일,부산광역시 부산진구 가야동,경상사고,0,0,1,0,차대차 - 추돌 - 진행중,안전거리미확보,건조,맑음,단일로 - 기타,자전거,남,23세,경상,승용,남,54세,상해없음
2013080800100547,2013년 8월 8일 21시,목요일,부산광역시 금정구 부곡동,중상사고,0,1,0,0,차대사람 - 횡단중,보행자보호의무위반,건조,맑음,교차로 - 교차로부근,승용,남,24세,상해없음,보행자,남,43세,중상
2013080800100598,2013년 8월 8일 23시,목요일,부산광역시 수영구 민락동,경상사고,0,0,1,0,차대차 - 측면직각충돌,기타,건조,맑음,단일로 - 기타,승용,남,25세,상해없음,이륜,남,17세,경상
2013080800100599,2013년 8월 8일 23시,목요일,부산광역시 해운대구 좌동,중상사고,0,1,2,0,차대차 - 추돌 - 진행중,안전거리미확보,건조,맑음,단일로 - 기타,승용,남,33세,상해없음,승용,여,45세,경상
2013080900100005,2013년 8월 9일 00시,금요일,부산광역시 연제구 연산동,경상사고,0,0,2,0,차대차 - 추돌 - 진행중,안전운전불이행,건조,맑음,단일로 - 기타,화물,남,39세,상해없음,승용,남,43세,상해없음
2013080900100026,2013년 8월 9일 01시,금요일,부산광역시 연제구 연산동,경상사고,0,0,1,0,차대차 - 기타,안전운전불이행,건조,맑음,단일로 - 기타,승용,남,58세,상해없음,승용,남,53세,경상
2013080900100027,2013년 8월 9일 01시,금요일,부산광역시 사상구 엄궁동,경상사고,0,0,1,0,차대차 - 측면직각충돌,신호위반,건조,맑음,교차로 - 교차로안,승용,남,67세,상해없음,승용,남,43세,상해없음
2013080900100041,2013년 8월 9일 02시,금요일,부산광역시 중구 대청동1가,경상사고,0,0,1,0,차대사람 - 횡단중,안전운전불이행,건조,맑음,단일로 - 기타,승용,남,59세,상해없음,보행자,남,21세,경상
2013080900100042,2013년 8월 9일 02시,금요일,부산광역시 남구 감만동,경상사고,0,0,1,0,차대차 - 추돌 - 주정차중,안전운전불이행,건조,맑음,교차로 - 교차로부근,승용,남,21세,기타불명,승용,남,31세,경상
2013080900100060,2013년 8월 9일 05시,금요일,부산광역시 동래구 안락동,경상사고,0,0,2,0,차대차 - 측면직각충돌,신호위반,건조,맑음,교차로 - 교차로안,승용,남,62세,상해없음,승용,남,60세,경상
2013080900100079,2013년 8월 9일 07시,금요일,부산광역시 수영구 광안동,중상사고,0,1,1,0,차대차 - 기타,안전운전불이행,건조,맑음,교차로 - 교차로안,승용,남,29세,상해없음,승용,남,57세,경상
2013080900100101,2013년 8월 9일 08시,금요일,부산광역시 서구 부민동3가,중상사고,0,1,0,0,차대차 - 측면직각충돌,교차로운행방법위반,건조,맑음,교차로 - 교차로안,이륜,남,49세,중상,승용,남,51세,상해없음
2013080900100102,2013년 8월 9일 08시,금요일,부산광역시 강서구 죽동동,중상사고,0,2,0,0,차대차 - 측면직각충돌,중앙선침범,건조,맑음,교차로 - 교차로부근,승용,남,46세,상해없음,승용,남,46세,상해없음
2013080900100127,2013년 8월 9일 09시,금요일,부산광역시 북구 화명동,중상사고,0,1,2,1,차대차 - 추돌 - 주정차중,안전운전불이행,건조,맑음,단일로 - 기타,승합,여,46세,부상신고,화물,남,52세,경상
2013080900100128,2013년 8월 9일 09시,금요일,부산광역시 사상구 엄궁동,경상사고,0,0,1,0,차대차 - 측면직각충돌,안전운전불이행,건조,맑음,교차로 - 교차로부근,승용,기타불명,기타불명,기타불명,원동기,남,63세,경상
2013080900100161,2013년 8월 9일 10시,금요일,부산광역시 부산진구 개금동,경상사고,0,0,1,0,차대차 - 추돌 - 주정차중,안전운전불이행,건조,맑음,교차로 - 교차로안,승용,남,55세,상해없음,승용,여,22세,경상
2013080900100162,2013년 8월 9일 10시,금요일,부산광역시 금정구 구서동,중상사고,0,1,0,0,차대사람 - 횡단중,신호위반,건조,맑음,교차로 - 교차로안,승용,여,73세,상해없음,보행자,남,68세,중상
2013080900100183,2013년 8월 9일 11시,금요일,부산광역시 금정구 구서동,경상사고,0,0,2,0,차대차 - 기타,신호위반,건조,맑음,교차로 - 교차로안,승용,여,34세,상해없음,승용,여,35세,경상
2013080900100184,2013년 8월 9일 11시,금요일,부산광역시 사하구 하단동,중상사고,0,1,1,4,차대차 - 추돌 - 주정차중,안전운전불이행,건조,맑음,교차로 - 교차로부근,승용,남,65세,경상,승용,여,39세,중상
2013080900100185,2013년 8월 9일 11시,금요일,부산광역시 연제구 거제동,경상사고,0,0,1,0,차대차 - 추돌 - 진행중,안전운전불이행,건조,맑음,교차로 - 교차로부근,승용,남,45세,상해없음,승용,남,37세,경상
2013080900100227,2013년 8월 9일 12시,금요일,부산광역시 북구 만덕동,중상사고,0,1,0,0,차대사람 - 횡단중,안전운전불이행,건조,맑음,단일로 - 기타,승합,남,58세,상해없음,보행자,남,61세,중상
2013080900100228,2013년 8월 9일 12시,금요일,부산광역시 강서구 대저2동,경상사고,0,0,1,0,차대차 - 기타,안전거리미확보,건조,맑음,교차로 - 교차로부근,특수,남,50세,상해없음,승용,남,28세,경상
2013080900100229,2013년 8월 9일 12시,금요일,부산광역시 사상구 감전동,경상사고,0,0,1,0,차대차 - 추돌 - 진행중,안전운전불이행,건조,맑음,단일로 - 기타,화물,남,41세,상해없음,승용,여,36세,경상
2013080900100230,2013년 8월 9일 12시,금요일,부산광역시 사상구 모라동,경상사고,0,0,1,0,차대차 - 추돌 - 진행중,안전거리미확보,건조,맑음,단일로 - 기타,화물,남,37세,상해없음,화물,남,37세,경상
2013080900100257,2013년 8월 9일 13시,금요일,부산광역시 수영구 민락동,경상사고,0,0,2,0,차대차 - 측면직각충돌,불법유턴,건조,맑음,교차로 - 교차로안,승용,남,54세,상해없음,승용,남,36세,상해없음
2013080900100258,2013년 8월 9일 13시,금요일,부산광역시 부산진구 부암동,경상사고,0,0,2,0,차대차 - 측면직각충돌,안전운전불이행,건조,맑음,단일로 - 기타,승용,여,54세,경상,승용,남,49세,경상
2013080900100292,2013년 8월 9일 14시,금요일,부산광역시 동래구 복천동,경상사고,0,0,1,0,차대차 - 측면직각충돌,교차로운행방법위반,건조,맑음,교차로 - 교차로안,승용,여,57세,상해없음,자전거,남,13세,경상
2013080900100293,2013년 8월 9일 14시,금요일,부산광역시 해운대구 재송동,경상사고,0,0,1,1,차대차 - 추돌 - 진행중,안전운전불이행,건조,맑음,단일로 - 기타,승용,남,22세,상해없음,승용,여,47세,부상신고
2013080900100294,2013년 8월 9일 14시,금요일,부산광역시 강서구 강동동,중상사고,0,1,0,0,차대차 - 측면직각충돌,안전운전불이행,건조,맑음,단일로 - 기타,승용,남,60세,상해없음,이륜,남,64세,중상
2013080900100319,2013년 8월 9일 15시,금요일,부산광역시 사하구 하단동,중상사고,0,1,0,0,차대사람 - 횡단중,보행자보호의무위반,건조,맑음,단일로 - 횡단보도상,화물,남,37세,상해없음,보행자,여,58세,중상
2013080900100320,2013년 8월 9일 15시,금요일,부산광역시 강서구 녹산동,중상사고,0,1,0,0,차대차 - 측면직각충돌,안전거리미확보,건조,맑음,단일로 - 기타,화물,남,44세,상해없음,승용,남,51세,중상
2013080900100361,2013년 8월 9일 16시,금요일,부산광역시 동구 초량동,경상사고,0,0,1,0,차대차 - 추돌 - 진행중,안전운전불이행,건조,맑음,단일로 - 기타,승합,남,44세,상해없음,승용,남,31세,상해없음
2013080900100362,2013년 8월 9일 16시,금요일,부산광역시 부산진구 연지동,경상사고,0,0,1,0,차대차 - 기타,신호위반,건조,맑음,교차로 - 교차로안,승용,남,27세,상해없음,이륜,남,60세,경상
2013080900100395,2013년 8월 9일 17시,금요일,부산광역시 남구 대연동,중상사고,0,1,1,0,차대차 - 기타,안전거리미확보,건조,맑음,교차로 - 교차로부근,승용,남,28세,상해없음,승합,남,42세,상해없음
2013080900100396,2013년 8월 9일 17시,금요일,부산광역시 부산진구 부암동,중상사고,0,1,0,0,차대차 - 측면직각충돌,안전운전불이행,건조,맑음,교차로 - 교차로부근,승용,여,62세,상해없음,이륜,남,47세,중상
2013080900100397,2013년 8월 9일 17시,금요일,부산광역시 부산진구 부전동,경상사고,0,0,1,0,차대차 - 측면직각충돌,안전운전불이행,건조,맑음,단일로 - 기타,승용,여,19세,상해없음,승용,남,55세,경상
2013080900100427,2013년 8월 9일 18시,금요일,부산광역시 수영구 광안동,경상사고,0,0,3,0,차대차 - 측면직각충돌,차로위반,건조,맑음,단일로 - 기타,승용,남,37세,상해없음,승용,여,39세,경상
2013080900100428,2013년 8월 9일 18시,금요일,부산광역시 북구 화명동,경상사고,0,0,1,0,차대사람 - 기타,안전운전불이행,건조,맑음,단일로 - 기타,승용,남,42세,상해없음,보행자,여,11세,경상
2013080900100429,2013년 8월 9일 18시,금요일,부산광역시 연제구 거제동,경상사고,0,0,1,0,차대사람 - 횡단중,신호위반,건조,맑음,단일로 - 횡단보도상,화물,남,38세,상해없음,보행자,여,29세,경상
2013080900100478,2013년 8월 9일 19시,금요일,부산광역시 북구 화명동,경상사고,0,0,1,0,차대차 - 측면직각충돌,신호위반,건조,맑음,교차로 - 교차로안,승용,남,48세,상해없음,승용,여,40세,경상
2013080900100479,2013년 8월 9일 19시,금요일,부산광역시 북구 화명동,경상사고,0,0,2,2,차대차 - 추돌 - 주정차중,안전운전불이행,건조,맑음,교차로 - 교차로부근,화물,남,51세,상해없음,승용,남,38세,경상
2013080900100480,2013년 8월 9일 19시,금요일,부산광역시 해운대구 재송동,중상사고,0,1,0,0,차대차 - 추돌 - 진행중,안전운전불이행,건조,맑음,단일로 - 기타,이륜,남,65세,상해없음,승용,여,47세,중상
2013080900100481,2013년 8월 9일 19시,금요일,부산광역시 기장군 일광면,중상사고,0,1,0,0,차대사람 - 횡단중,보행자보호의무위반,건조,맑음,교차로 - 교차로부근,원동기,남,46세,상해없음,보행자,여,59세,중상
2013080900100518,2013년 8월 9일 20시,금요일,부산광역시 수영구 광안동,경상사고,0,0,3,0,차대차 - 추돌 - 진행중,안전운전불이행,건조,맑음,단일로 - 교량,승용,남,46세,상해없음,승합,남,51세,경상
2013080900100519,2013년 8월 9일 20시,금요일,부산광역시 부산진구 전포동,중상사고,0,2,0,0,차대차 - 측면직각충돌,신호위반,건조,맑음,교차로 - 교차로안,승용,여,32세,상해없음,이륜,여,23세,중상
2013080900100555,2013년 8월 9일 21시,금요일,부산광역시 부산진구 부전동,경상사고,0,0,2,0,차대차 - 추돌 - 진행중,안전운전불이행,건조,맑음,단일로 - 기타,승용,여,59세,상해없음,승용,여,28세,경상
2013080900100556,2013년 8월 9일 21시,금요일,부산광역시 사상구 괘법동,경상사고,0,0,1,0,차대차 - 기타,중앙선침범,건조,맑음,교차로 - 교차로안,승용,남,59세,상해없음,이륜,남,39세,경상
2013080900100584,2013년 8월 9일 22시,금요일,부산광역시 중구 보수동1가,중상사고,0,1,0,0,차대차 - 측면직각충돌,교차로운행방법위반,건조,맑음,교차로 - 교차로안,승용,남,58세,상해없음,이륜,남,20세,중상
2013080900100585,2013년 8월 9일 22시,금요일,부산광역시 해운대구 반여동,경상사고,0,0,2,0,차대차 - 추돌 - 진행중,안전운전불이행,건조,맑음,미분류 - 미분류,승용,남,46세,상해없음,승용,남,55세,경상
2013080900100614,2013년 8월 9일 23시,금요일,부산광역시 남구 용호동,부상신고사고,0,0,0,1,차대차 - 측면직각충돌,안전운전불이행,건조,맑음,단일로 - 기타,승용,남,37세,상해없음,이륜,남,45세,부상신고
2013080900100615,2013년 8월 9일 23시,금요일,부산광역시 해운대구 중동,중상사고,0,1,0,0,차대사람 - 기타,안전운전불이행,건조,맑음,단일로 - 기타,원동기,남,56세,상해없음,보행자,남,45세,중상
2013081000100014,2013년 8월 10일 00시,토요일,부산광역시 동래구 온천동,중상사고,0,2,1,0,차대사람 - 횡단중,안전운전불이행,건조,맑음,단일로 - 기타,승용,남,62세,상해없음,보행자,남,26세,중상
2013081000100015,2013년 8월 10일 00시,토요일,부산광역시 해운대구 중동,경상사고,0,0,1,0,차대차 - 기타,안전운전불이행,건조,맑음,교차로 - 교차로안,승용,남,42세,상해없음,원동기,남,46세,경상
2013081000100016,2013년 8월 10일 00시,토요일,부산광역시 부산진구 개금동,경상사고,0,0,1,0,차대사람 - 기타,안전운전불이행,건조,흐림,교차로 - 교차로부근,승용,남,30세,상해없음,보행자,남,39세,경상
2013081000100017,2013년 8월 10일 00시,토요일,부산광역시 연제구 거제동,중상사고,0,2,0,0,차대차 - 추돌 - 진행중,안전운전불이행,건조,맑음,단일로 - 기타,승용,남,31세,상해없음,승용,남,32세,중상
2013081000100038,2013년 8월 10일 01시,토요일,부산광역시 동래구 명장동,중상사고,0,1,1,0,차대차 - 측면직각충돌,직진우회전진행방해,건조,맑음,교차로 - 교차로안,승용,남,37세,상해없음,승용,남,57세,경상
2013081000100057,2013년 8월 10일 02시,토요일,부산광역시 서구 암남동,부상신고사고,0,0,0,1,차량단독 - 공작물충돌,안전운전불이행,건조,맑음,교차로 - 교차로안,이륜,남,51세,부상신고,,,,
2013081000100058,2013년 8월 10일 02시,토요일,부산광역시 사하구 하단동,중상사고,0,1,0,0,차량단독 - 기타,안전운전불이행,건조,맑음,교차로 - 교차로부근,화물,남,18세,상해없음,,,,
2013081000100059,2013년 8월 10일 02시,토요일,부산광역시 연제구 연산동,경상사고,0,0,3,0,차대차 - 추돌 - 진행중,안전운전불이행,건조,맑음,단일로 - 기타,승용,남,49세,상해없음,승용,남,49세,경상
2013081000100085,2013년 8월 10일 04시,토요일,부산광역시 북구 덕천동,경상사고,0,0,1,1,차대차 - 측면직각충돌,신호위반,건조,맑음,교차로 - 교차로안,이륜,남,45세,부상신고,승용,남,55세,경상
2013081000100086,2013년 8월 10일 04시,토요일,부산광역시 북구 덕천동,경상사고,0,0,1,0,차대차 - 측면직각충돌,신호위반,건조,맑음,교차로 - 교차로안,승용,남,31세,상해없음,승용,남,52세,경상
2013081000100087,2013년 8월 10일 04시,토요일,부산광역시 기장군 일광면,경상사고,0,0,1,1,차대차 - 기타,안전운전불이행,건조,맑음,단일로 - 기타,승용,여,38세,부상신고,화물,남,71세,경상
2013081000100088,2013년 8월 10일 04시,토요일,부산광역시 기장군 일광면,중상사고,0,1,0,0,차대사람 - 기타,안전운전불이행,건조,맑음,단일로 - 기타,승용,여,26세,상해없음,보행자,남,48세,중상
2013081000100104,2013년 8월 10일 05시,토요일,부산광역시 동구 초량동,중상사고,0,1,0,0,차대차 - 측면직각충돌,중앙선침범,건조,맑음,단일로 - 기타,승용,남,66세,상해없음,이륜,남,51세,중상
2013081000100105,2013년 8월 10일 05시,토요일,부산광역시 사하구 하단동,부상신고사고,0,0,0,1,차대사람 - 기타,안전운전불이행,건조,맑음,단일로 - 기타,승용,여,52세,상해없음,보행자,남,25세,부상신고
2013081000100106,2013년 8월 10일 05시,토요일,부산광역시 수영구 수영동,사망사고,1,0,0,0,차대사람 - 횡단중,신호위반,건조,맑음,단일로 - 기타,승용,남,53세,상해없음,보행자,여,77세,사망
2013081000100120,2013년 8월 10일 06시,토요일,부산광역시 서구 아미동1가,중상사고,0,1,0,0,차대사람 - 기타,안전운전불이행,건조,맑음,단일로 - 기타,승용,남,62세,상해없음,보행자,여,55세,중상
2013081000100121,2013년 8월 10일 06시,토요일,부산광역시 사하구 신평동,경상사고,0,0,1,0,차대차 - 측면직각충돌,교차로운행방법위반,건조,맑음,단일로 - 기타,승용,남,27세,상해없음,승용,여,57세,경상
2013081000100122,2013년 8월 10일 06시,토요일,부산광역시 해운대구 송정동,중상사고,0,1,1,0,차대차 - 기타,중앙선침범,건조,맑음,단일로 - 기타,승용,남,25세,상해없음,승용,남,42세,경상
2013081000100185,2013년 8월 10일 09시,토요일,부산광역시 동구 범일동,중상사고,0,2,0,0,차대차 - 기타,직진우회전진행방해,건조,맑음,교차로 - 교차로안,화물,남,67세,상해없음,원동기,남,82세,중상
2013081000100205,2013년 8월 10일 10시,토요일,부산광역시 동구 좌천동,경상사고,0,0,1,0,차대사람 - 기타,안전운전불이행,건조,맑음,단일로 - 기타,화물,남,59세,상해없음,보행자,남,32세,경상
2013081000100206,2013년 8월 10일 10시,토요일,부산광역시 수영구 남천동,중상사고,0,10,14,5,차량단독 - 전도전복,안전운전불이행,건조,맑음,단일로 - 기타,승합,남,61세,상해없음,,,,
2013081000100258,2013년 8월 10일 12시,토요일,부산광역시 수영구 남천동,중상사고,0,1,0,0,차량단독 - 기타,안전운전불이행,건조,맑음,교차로 - 교차로부근,승합,남,59세,기타불명,,,,
2013081000100259,2013년 8월 10일 12시,토요일,부산광역시 해운대구 우동,중상사고,0,1,0,0,차대차 - 측면직각충돌,교차로운행방법위반,건조,맑음,단일로 - 기타,승용,남,29세,기타불명,이륜,남,70세,중상
2013081000100260,2013년 8월 10일 12시,토요일,부산광역시 사상구 학장동,경상사고,0,0,1,0,차대차 - 기타,교차로운행방법위반,건조,맑음,교차로 - 교차로안,승용,여,54세,상해없음,승용,여,41세,경상
2013081000100294,2013년 8월 10일 13시,토요일,부산광역시 동구 초량동,경상사고,0,0,1,0,차대차 - 기타,안전거리미확보,건조,맑음,단일로 - 기타,승합,남,48세,상해없음,승용,남,61세,경상
2013081000100332,2013년 8월 10일 14시,토요일,부산광역시 동래구 칠산동,중상사고,0,1,0,0,차대차 - 측면직각충돌,신호위반,건조,맑음,교차로 - 교차로안,승용,여,55세,상해없음,승용,남,59세,중상
2013081000100333,2013년 8월 10일 14시,토요일,부산광역시 연제구 연산동,중상사고,0,3,1,0,차대차 - 추돌 - 진행중,안전거리미확보,건조,맑음,단일로 - 기타,승용,여,30세,중상,승용,여,44세,중상
2013081000100379,2013년 8월 10일 15시,토요일,부산광역시 부산진구 전포동,중상사고,0,1,1,2,차대차 - 추돌 - 주정차중,안전거리미확보,건조,맑음,단일로 - 기타,화물,남,47세,상해없음,화물,남,45세,경상
2013081000100438,2013년 8월 10일 17시,토요일,부산광역시 중구 남포동1가,중상사고,0,1,0,0,차대사람 - 길가장자리구역통행중,안전운전불이행,건조,맑음,교차로 - 교차로부근,승용,여,53세,상해없음,보행자,남,50세,중상
2013081000100439,2013년 8월 10일 17시,토요일,부산광역시 서구 아미동2가,중상사고,0,1,0,0,차대차 - 기타,안전운전불이행,건조,맑음,단일로 - 기타,승용,여,43세,상해없음,이륜,남,26세,중상
2013081000100440,2013년 8월 10일 17시,토요일,부산광역시 수영구 광안동,경상사고,0,0,1,0,차대차 - 추돌 - 주정차중,안전운전불이행,건조,맑음,교차로 - 교차로부근,승용,남,53세,상해없음,원동기,남,28세,경상
2013081000100441,2013년 8월 10일 17시,토요일,부산광역시 북구 금곡동,경상사고,0,0,2,0,차대차 - 추돌 - 주정차중,안전운전불이행,건조,맑음,단일로 - 기타,승용,남,31세,상해없음,승용,남,47세,경상
2013081000100474,2013년 8월 10일 18시,토요일,부산광역시 남구 용호동,부상신고사고,0,0,0,1,차대사람 - 길가장자리구역통행중,안전운전불이행,건조,맑음,단일로 - 기타,승용,남,54세,상해없음,보행자,여,49세,부상신고
2013081000100475,2013년 8월 10일 18시,토요일,부산광역시 기장군 장안읍,중상사고,0,1,0,0,차대차 - 기타,안전운전불이행,건조,맑음,단일로 - 기타,승용,남,31세,상해없음,자전거,남,23세,중상
2013081000100514,2013년 8월 10일 19시,토요일,부산광역시 동구 범일동,경상사고,0,0,1,0,차대차 - 기타,안전운전불이행,건조,맑음,교차로 - 교차로부근,승용,남,56세,상해없음,승용,남,27세,상해없음
2013081000100515,2013년 8월 10일 19시,토요일,부산광역시 수영구 광안동,중상사고,0,1,0,0,차대차 - 기타,안전운전불이행,건조,맑음,단일로 - 기타,승용,남,36세,상해없음,원동기,남,32세,중상
2013081000100516,2013년 8월 10일 19시,토요일,부산광역시 영도구 봉래동1가,경상사고,0,0,1,0,차대사람 - 기타,안전운전불이행,건조,맑음,단일로 - 기타,화물,남,61세,상해없음,보행자,남,63세,경상
2013081000100517,2013년 8월 10일 19시,토요일,부산광역시 해운대구 우동,경상사고,0,0,1,0,차대사람 - 횡단중,안전운전불이행,건조,맑음,단일로 - 기타,승용,여,25세,상해없음,보행자,여,61세,경상
2013081000100518,2013년 8월 10일 19시,토요일,부산광역시 해운대구 우동,경상사고,0,0,1,0,차대차 - 기타,신호위반,건조,맑음,단일로 - 기타,승용,여,24세,상해없음,승용,여,34세,경상
2013081000100548,2013년 8월 10일 20시,토요일,부산광역시 부산진구 당감동,중상사고,0,2,3,0,차대차 - 측면직각충돌,교차로운행방법위반,건조,맑음,교차로 - 교차로안,승용,여,26세,중상,승용,남,49세,상해없음
2013081000100576,2013년 8월 10일 21시,토요일,부산광역시 해운대구 중동,경상사고,0,0,1,0,차대사람 - 횡단중,안전운전불이행,건조,맑음,단일로 - 기타,승용,남,61세,상해없음,보행자,여,22세,경상
2013081000100577,2013년 8월 10일 21시,토요일,부산광역시 금정구 청룡동,중상사고,0,4,0,0,차대차 - 추돌 - 주정차중,안전운전불이행,건조,맑음,단일로 - 기타,승용,여,29세,상해없음,승용,남,42세,중상
2013081000100578,2013년 8월 10일 21시,토요일,부산광역시 기장군 기장읍,경상사고,0,0,1,0,차대차 - 기타,안전거리미확보,건조,맑음,교차로 - 교차로안,승용,남,67세,상해없음,승용,여,30세,경상
2013081000100612,2013년 8월 10일 22시,토요일,부산광역시 영도구 영선동3가,경상사고,0,0,4,0,차대차 - 기타,신호위반,건조,맑음,교차로 - 교차로안,승용,남,57세,상해없음,승용,여,31세,경상
2013081000100635,2013년 8월 10일 23시,토요일,부산광역시 북구 구포동,부상신고사고,0,0,0,2,차대차 - 측면직각충돌,신호위반,건조,맑음,단일로 - 터널,승용,남,43세,상해없음,승용,남,65세,부상신고
2013081000100636,2013년 8월 10일 23시,토요일,부산광역시 동래구 안락동,경상사고,0,0,2,0,차대차 - 추돌 - 진행중,안전거리미확보,건조,맑음,단일로 - 기타,승용,남,33세,상해없음,승용,남,63세,경상
2013081000100637,2013년 8월 10일 23시,토요일,부산광역시 사상구 주례동,경상사고,0,0,1,0,차대차 - 측면직각충돌,안전거리미확보,건조,맑음,단일로 - 기타,승용,남,54세,상해없음,원동기,남,23세,경상
2013081100100003,2013년 8월 11일 00시,일요일,부산광역시 금정구 구서동,중상사고,0,2,0,0,차량단독 - 공작물충돌,안전운전불이행,건조,맑음,단일로 - 기타,승용,여,52세,중상,,,,
2013081100100018,2013년 8월 11일 01시,일요일,부산광역시 중구 남포동2가,중상사고,0,1,0,0,차대사람 - 기타,안전운전불이행,건조,맑음,교차로 - 교차로안,승용,남,66세,상해없음,보행자,여,53세,중상
2013081100100019,2013년 8월 11일 01시,일요일,부산광역시 동래구 온천동,경상사고,0,0,5,0,차대차 - 추돌 - 진행중,안전운전불이행,건조,맑음,단일로 - 터널,승용,남,24세,상해없음,이륜,남,22세,경상
2013081100100020,2013년 8월 11일 01시,일요일,부산광역시 연제구 거제동,경상사고,0,0,1,0,차대차 - 측면직각충돌,안전거리미확보,건조,맑음,교차로 - 교차로부근,원동기,남,57세,경상,승용,남,61세,상해없음
2013081100100021,2013년 8월 11일 01시,일요일,부산광역시 강서구 대저1동,중상사고,0,3,2,0,차대차 - 추돌 - 진행중,과속,건조,맑음,단일로 - 기타,승용,남,59세,중상,승용,남,19세,경상
2013081100100022,2013년 8월 11일 01시,일요일,부산광역시 강서구 대저1동,경상사고,0,0,3,0,차대차 - 측면직각충돌,안전운전불이행,건조,맑음,단일로 - 기타,승용,남,20세,상해없음,승용,남,20세,경상
2013081100100067,2013년 8월 11일 05시,일요일,부산광역시 부산진구 당감동,사망사고,1,0,0,0,차대차 - 추돌 - 진행중,안전운전불이행,건조,맑음,단일로 - 터널,승용,남,32세,상해없음,이륜,남,80세,사망
2013081100100078,2013년 8월 11일 06시,일요일,부산광역시 동래구 온천동,중상사고,0,1,0,0,차대차 - 측면직각충돌,안전운전불이행,건조,맑음,단일로 - 횡단보도부근,승용,남,25세,상해없음,자전거,남,76세,중상
2013081100100079,2013년 8월 11일 06시,일요일,부산광역시 사하구 하단동,중상사고,0,3,1,0,차대차 - 측면직각충돌,신호위반,건조,맑음,교차로 - 교차로안,승합,여,25세,상해없음,승용,남,64세,중상
2013081100100098,2013년 8월 11일 08시,일요일,부산광역시 동래구 온천동,사망사고,1,0,0,0,차대차 - 추돌 - 진행중,안전거리미확보,건조,맑음,교차로 - 교차로부근,원동기,남,52세,사망,승용,여,26세,상해없음