사고번호,사고일시,요일,시군구,사고내용,사망자수,중상자수,경상자수,부상신고자수,사고유형,법규위반,노면상태,기상상태,도로형태,가해운전자 차종,가해운전자 성별,가해운전자 연령,가해운전자 상해정도,피해운전자 차종,피해운전자 성별,피해운전자 연령,피해운전자 상해정도
2013081500100211,2013년 8월 15일 11시,목요일,부산광역시 동래구 온천동,중상사고,0,1,0,0,차대사람 - 횡단중,중앙선침범,건조,맑음,단일로 - 기타,승용,남,50세,상해없음,보행자,남,79세,중상
2013081500100212,2013년 8월 15일 11시,목요일,부산광역시 해운대구 중동,중상사고,0,1,0,0,차대사람 - 횡단중,신호위반,건조,맑음,단일로 - 횡단보도상,승용,남,71세,상해없음,보행자,여,19세,중상
2013081500100213,2013년 8월 15일 11시,목요일,부산광역시 부산진구 당감동,경상사고,0,0,1,0,차대차 - 추돌 - 진행중,안전운전불이행,건조,맑음,단일로 - 기타,승용,여,48세,상해없음,승용,여,40세,경상
2013081500100214,2013년 8월 15일 11시,목요일,부산광역시 기장군 기장읍,중상사고,0,1,0,0,차대사람 - 기타,안전운전불이행,건조,맑음,단일로 - 기타,승용,남,66세,상해없음,보행자,여,83세,중상
2013081500100244,2013년 8월 15일 12시,목요일,부산광역시 남구 용호동,경상사고,0,0,1,0,차대사람 - 횡단중,안전운전불이행,건조,맑음,교차로 - 교차로안,화물,남,32세,상해없음,보행자,여,56세,경상
2013081500100245,2013년 8월 15일 12시,목요일,부산광역시 금정구 장전동,경상사고,0,0,1,0,차대차 - 기타,교차로운행방법위반,건조,맑음,교차로 - 교차로안,원동기,기타불명,기타불명,기타불명,원동기,남,52세,경상
2013081500100246,2013년 8월 15일 12시,목요일,부산광역시 기장군 정관면,경상사고,0,0,1,0,차대사람 - 길가장자리구역통행중,안전운전불이행,건조,맑음,단일로 - 기타,화물,남,46세,상해없음,보행자,남,36세,경상
2013081500100270,2013년 8월 15일 13시,목요일,부산광역시 해운대구 좌동,경상사고,0,0,1,0,차대차 - 측면직각충돌,안전거리미확보,건조,맑음,교차로 - 교차로부근,승용,여,47세,상해없음,이륜,남,51세,경상
2013081500100298,2013년 8월 15일 14시,목요일,부산광역시 강서구 명지동,경상사고,0,0,1,0,차대차 - 추돌 - 주정차중,안전운전불이행,건조,맑음,교차로 - 교차로부근,화물,남,23세,상해없음,승용,남,41세,경상
2013081500100322,2013년 8월 15일 15시,목요일,부산광역시 수영구 민락동,중상사고,0,1,0,0,차대차 - 측면직각충돌,안전운전불이행,건조,맑음,교차로 - 교차로안,승용,남,24세,상해없음,원동기,남,53세,중상
2013081500100391,2013년 8월 15일 17시,목요일,부산광역시 중구 남포동2가,중상사고,0,1,0,0,차대차 - 기타,안전운전불이행,건조,맑음,단일로 - 기타,원동기,남,47세,상해없음,승용,남,33세,상해없음
2013081500100392,2013년 8월 15일 17시,목요일,부산광역시 동래구 수안동,중상사고,0,1,0,0,차대사람 - 횡단중,신호위반,건조,맑음,단일로 - 기타,승용,남,23세,상해없음,보행자,남,14세,중상
2013081500100430,2013년 8월 15일 18시,목요일,부산광역시 연제구 연산동,경상사고,0,0,1,0,차대차 - 기타,중앙선침범,건조,맑음,단일로 - 기타,화물,남,43세,상해없음,승용,여,44세,경상
2013081500100459,2013년 8월 15일 19시,목요일,부산광역시 남구 용호동,중상사고,0,1,0,0,차대사람 - 횡단중,안전운전불이행,건조,맑음,교차로 - 교차로안,승용,남,56세,상해없음,보행자,남,54세,중상
2013081500100460,2013년 8월 15일 19시,목요일,부산광역시 강서구 천성동,경상사고,0,0,6,0,차대차 - 추돌 - 진행중,안전거리미확보,건조,맑음,단일로 - 기타,승용,남,38세,상해없음,승용,남,39세,경상
2013081500100461,2013년 8월 15일 19시,목요일,부산광역시 사상구 모라동,중상사고,0,1,0,0,차대차 - 측면직각충돌,교차로운행방법위반,건조,맑음,교차로 - 교차로안,승용,남,59세,상해없음,이륜,남,46세,중상
2013081500100485,2013년 8월 15일 20시,목요일,부산광역시 해운대구 우동,중상사고,0,3,1,0,차대차 - 추돌 - 진행중,직진우회전진행방해,건조,맑음,교차로 - 교차로안,승용,남,32세,상해없음,승용,여,29세,중상
2013081500100486,2013년 8월 15일 20시,목요일,부산광역시 사상구 괘법동,경상사고,0,0,2,0,차대차 - 측면직각충돌,불법유턴,건조,맑음,교차로 - 교차로부근,승용,남,62세,상해없음,승용,남,23세,경상
2013081500100518,2013년 8월 15일 21시,목요일,부산광역시 연제구 연산동,중상사고,0,1,0,0,차대사람 - 횡단중,보행자보호의무위반,건조,맑음,단일로 - 횡단보도상,승용,남,73세,상해없음,보행자,여,30세,중상
2013081500100556,2013년 8월 15일 23시,목요일,부산광역시 부산진구 가야동,경상사고,0,0,1,0,차대차 - 기타,안전운전불이행,건조,맑음,단일로 - 기타,승용,남,36세,상해없음,승용,남,29세,경상
2013081600100004,2013년 8월 16일 00시,금요일,부산광역시 금정구 부곡동,경상사고,0,0,1,0,차대차 - 측면직각충돌,직진우회전진행방해,건조,맑음,교차로 - 교차로안,승용,남,66세,상해없음,승용,남,45세,상해없음
2013081600100013,2013년 8월 16일 01시,금요일,부산광역시 수영구 남천동,중상사고,0,2,1,0,차대차 - 추돌 - 주정차중,안전운전불이행,건조,맑음,교차로 - 교차로부근,화물,남,37세,상해없음,승용,남,52세,중상
2013081600100014,2013년 8월 16일 01시,금요일,부산광역시 해운대구 재송동,중상사고,0,1,0,0,차대사람 - 기타,안전운전불이행,건조,맑음,단일로 - 기타,승용,남,18세,상해없음,보행자,남,46세,중상
2013081600100015,2013년 8월 16일 01시,금요일,부산광역시 사하구 다대동,경상사고,0,0,1,0,차량단독 - 기타,기타,건조,맑음,단일로 - 기타,승용,남,34세,상해없음,,,,
2013081600100036,2013년 8월 16일 03시,금요일,부산광역시 동래구 안락동,경상사고,0,0,1,0,차대사람 - 기타,교차로운행방법위반,건조,맑음,교차로 - 교차로부근,건설기계,남,50세,상해없음,보행자,남,38세,경상
2013081600100060,2013년 8월 16일 06시,금요일,부산광역시 부산진구 범천동,부상신고사고,0,0,0,1,차량단독 - 공작물충돌,안전운전불이행,건조,맑음,단일로 - 기타,승용,남,59세,부상신고,,,,
2013081600100061,2013년 8월 16일 06시,금요일,부산광역시 금정구 구서동,경상사고,0,0,1,0,차대차 - 측면직각충돌,교차로운행방법위반,건조,맑음,교차로 - 교차로안,승용,여,51세,상해없음,승용,남,59세,경상
2013081600100062,2013년 8월 16일 06시,금요일,부산광역시 기장군 정관면,경상사고,0,0,1,0,차대차 - 기타,안전운전불이행,건조,맑음,단일로 - 기타,이륜,남,16세,경상,특수,기타불명,기타불명,기타불명
2013081600100122,2013년 8월 16일 09시,금요일,부산광역시 부산진구 가야동,경상사고,0,0,1,0,차대차 - 추돌 - 진행중,안전거리미확보,건조,맑음,단일로 - 기타,승용,남,48세,상해없음,승용,남,54세,경상
2013081600100123,2013년 8월 16일 09시,금요일,부산광역시 강서구 명지동,경상사고,0,0,2,0,차대차 - 측면직각충돌,안전거리미확보,건조,맑음,단일로 - 기타,승용,여,55세,상해없음,화물,남,39세,경상
2013081600100159,2013년 8월 16일 10시,금요일,부산광역시 남구 용호동,경상사고,0,0,2,0,차대차 - 기타,중앙선침범,건조,맑음,교차로 - 교차로부근,승용,여,30세,상해없음,승용,남,29세,경상
2013081600100160,2013년 8월 16일 10시,금요일,부산광역시 해운대구 반여동,경상사고,0,0,1,0,차대차 - 추돌 - 진행중,교차로운행방법위반,건조,맑음,교차로 - 교차로안,승용,남,65세,상해없음,원동기,남,32세,경상
2013081600100192,2013년 8월 16일 11시,금요일,부산광역시 부산진구 부전동,중상사고,0,1,0,0,차대사람 - 기타,안전운전불이행,건조,맑음,단일로 - 기타,승용,남,72세,상해없음,보행자,남,34세,중상
2013081600100193,2013년 8월 16일 11시,금요일,부산광역시 부산진구 초읍동,경상사고,0,0,1,0,차대차 - 측면직각충돌,안전운전불이행,건조,맑음,단일로 - 기타,승용,남,64세,상해없음,승용,남,31세,경상
2013081600100228,2013년 8월 16일 12시,금요일,부산광역시 동구 초량동,중상사고,0,1,0,0,차대차 - 기타,안전운전불이행,건조,맑음,단일로 - 기타,승용,남,69세,상해없음,승용,남,45세,상해없음
2013081600100255,2013년 8월 16일 13시,금요일,부산광역시 부산진구 양정동,경상사고,0,0,1,0,차대차 - 기타,안전운전불이행,건조,맑음,교차로 - 교차로안,화물,남,52세,상해없음,승용,남,32세,경상
2013081600100256,2013년 8월 16일 13시,금요일,부산광역시 사하구 하단동,중상사고,0,1,0,0,차대사람 - 기타,안전운전불이행,건조,맑음,단일로 - 기타,승용,남,30세,상해없음,보행자,여,49세,중상
2013081600100288,2013년 8월 16일 14시,금요일,부산광역시 남구 대연동,경상사고,0,0,1,0,차대차 - 기타,기타,건조,맑음,단일로 - 기타,승용,남,63세,상해없음,원동기,남,27세,경상
2013081600100327,2013년 8월 16일 15시,금요일,부산광역시 금정구 부곡동,중상사고,0,1,1,0,차대차 - 측면직각충돌,교차로운행방법위반,건조,맑음,교차로 - 교차로안,승용,남,56세,상해없음,화물,남,68세,중상
2013081600100328,2013년 8월 16일 15시,금요일,부산광역시 기장군 기장읍,중상사고,0,1,0,0,차대차 - 기타,직진우회전진행방해,건조,맑음,교차로 - 교차로안,승용,남,65세,상해없음,이륜,남,66세,중상
2013081600100365,2013년 8월 16일 16시,금요일,부산광역시 부산진구 부전동,경상사고,0,0,1,0,차대차 - 기타,신호위반,건조,맑음,교차로 - 교차로안,승용,여,38세,상해없음,원동기,남,34세,경상
2013081600100366,2013년 8월 16일 16시,금요일,부산광역시 금정구 부곡동,경상사고,0,0,1,0,차대차 - 측면직각충돌,차로위반,건조,맑음,단일로 - 기타,승용,여,30세,상해없음,승용,남,43세,경상
2013081600100367,2013년 8월 16일 16시,금요일,부산광역시 연제구 거제동,중상사고,0,1,1,0,차대차 - 측면직각충돌,기타,건조,맑음,교차로 - 교차로안,승용,남,19세,상해없음,자전거,남,10세,경상
2013081600100368,2013년 8월 16일 16시,금요일,부산광역시 강서구 대저1동,경상사고,0,0,1,0,차대차 - 추돌 - 주정차중,안전운전불이행,건조,맑음,교차로 - 교차로부근,승용,남,49세,상해없음,승용,여,59세,경상
2013081600100370,2013년 8월 16일 16시,금요일,부산광역시 사상구 모라동,경상사고,0,0,3,0,차대차 - 측면직각충돌,차로위반,건조,맑음,단일로 - 기타,건설기계,남,58세,상해없음,승용,남,42세,경상
2013081600100416,2013년 8월 16일 17시,금요일,부산광역시 남구 용호동,경상사고,0,0,1,0,차대차 - 기타,안전운전불이행,건조,맑음,교차로 - 교차로부근,화물,남,54세,상해없음,자전거,남,40세,경상
2013081600100417,2013년 8월 16일 17시,금요일,부산광역시 영도구 영선동3가,중상사고,0,1,0,0,차대사람 - 차도통행중,안전운전불이행,건조,맑음,단일로 - 기타,승합,남,40세,상해없음,보행자,여,52세,중상
2013081600100453,2013년 8월 16일 18시,금요일,부산광역시 금정구 서동,경상사고,0,0,2,0,차대차 - 측면직각충돌,신호위반,건조,맑음,교차로 - 교차로안,승용,남,57세,상해없음,이륜,남,16세,경상
2013081600100495,2013년 8월 16일 19시,금요일,부산광역시 북구 화명동,중상사고,0,1,0,0,차대차 - 측면직각충돌,안전거리미확보,건조,맑음,교차로 - 교차로부근,이륜,남,51세,중상,승용,남,22세,상해없음
2013081600100496,2013년 8월 16일 19시,금요일,부산광역시 해운대구 반여동,경상사고,0,0,2,0,차대차 - 측면직각충돌,중앙선침범,기타,맑음,단일로 - 기타,이륜,남,18세,경상,이륜,남,19세,경상
2013081600100556,2013년 8월 16일 21시,금요일,부산광역시 남구 대연동,경상사고,0,0,1,0,차대차 - 측면직각충돌,차로위반,건조,맑음,교차로 - 교차로부근,원동기,남,24세,경상,승용,남,22세,상해없음
2013081600100557,2013년 8월 16일 21시,금요일,부산광역시 남구 문현동,중상사고,0,1,0,0,차대차 - 기타,안전운전불이행,건조,맑음,미분류 - 미분류,승용,남,53세,상해없음,승용,남,40세,중상
2013081600100558,2013년 8월 16일 21시,금요일,부산광역시 남구 감만동,경상사고,0,0,1,0,차대차 - 기타,안전거리미확보,건조,맑음,단일로 - 기타,승용,남,65세,상해없음,승용,남,30세,상해없음
2013081600100559,2013년 8월 16일 21시,금요일,부산광역시 영도구 남항동3가,중상사고,0,1,0,0,차대차 - 추돌 - 주정차중,안전운전불이행,건조,맑음,교차로 - 교차로부근,원동기,남,53세,중상,승용,남,50세,상해없음
2013081600100560,2013년 8월 16일 21시,금요일,부산광역시 부산진구 부암동,경상사고,0,0,1,0,차대차 - 기타,교차로운행방법위반,건조,맑음,교차로 - 교차로안,승용,여,52세,상해없음,원동기,남,17세,경상
2013081600100588,2013년 8월 16일 22시,금요일,부산광역시 동구 수정동,중상사고,0,1,0,0,차대사람 - 횡단중,안전운전불이행,건조,맑음,교차로 - 교차로안,승용,남,29세,상해없음,보행자,남,46세,중상
2013081600100589,2013년 8월 16일 22시,금요일,부산광역시 서구 아미동2가,경상사고,0,0,1,0,차대차 - 추돌 - 진행중,안전운전불이행,건조,맑음,단일로 - 기타,승용,여,58세,상해없음,승용,여,59세,경상
2013081600100590,2013년 8월 16일 22시,금요일,부산광역시 동래구 명륜동,중상사고,0,1,0,0,차대사람 - 횡단중,안전운전불이행,건조,맑음,단일로 - 기타,승용,남,51세,상해없음,보행자,남,40세,중상
2013081600100591,2013년 8월 16일 22시,금요일,부산광역시 해운대구 반여동,경상사고,0,0,2,0,차대사람 - 길가장자리구역통행중,안전운전불이행,기타,맑음,단일로 - 기타,승용,남,37세,상해없음,보행자,남,24세,경상
2013081600100592,2013년 8월 16일 22시,금요일,부산광역시 사하구 하단동,중상사고,0,1,0,0,차대차 - 측면직각충돌,교차로운행방법위반,건조,맑음,교차로 - 교차로안,승용,남,56세,상해없음,이륜,남,23세,중상
2013081600100593,2013년 8월 16일 22시,금요일,부산광역시 연제구 연산동,경상사고,0,0,1,0,차대차 - 기타,안전운전불이행,건조,맑음,단일로 - 기타,화물,남,53세,상해없음,자전거,남,56세,경상
2013081700100006,2013년 8월 17일 00시,토요일,부산광역시 남구 대연동,경상사고,0,0,3,0,차대차 - 추돌 - 진행중,안전거리미확보,건조,맑음,교차로 - 교차로부근,승용,남,23세,상해없음,승용,남,32세,상해없음
2013081700100007,2013년 8월 17일 00시,토요일,부산광역시 북구 금곡동,중상사고,0,1,0,0,차대차 - 측면직각충돌,신호위반,건조,맑음,교차로 - 교차로안,이륜,남,16세,상해없음,승용,남,63세,상해없음
2013081700100008,2013년 8월 17일 00시,토요일,부산광역시 북구 구포동,경상사고,0,0,3,0,차대차 - 측면직각충돌,안전거리미확보,건조,맑음,단일로 - 기타,승용,남,28세,상해없음,승용,남,33세,경상
2013081700100055,2013년 8월 17일 03시,토요일,부산광역시 영도구 대교동1가,경상사고,0,0,1,0,차량단독 - 기타,안전운전불이행,건조,맑음,단일로 - 기타,승용,남,58세,상해없음,,,,
2013081700100064,2013년 8월 17일 04시,토요일,부산광역시 해운대구 반여동,중상사고,0,1,0,0,차대사람 - 차도통행중,안전운전불이행,건조,맑음,단일로 - 기타,승용,기타불명,기타불명,기타불명,보행자,여,66세,중상
2013081700100079,2013년 8월 17일 05시,토요일,부산광역시 사하구 감천동,중상사고,0,1,1,0,차대차 - 기타,신호위반,건조,맑음,교차로 - 교차로안,이륜,남,16세,상해없음,이륜,남,21세,경상
2013081700100093,2013년 8월 17일 06시,토요일,부산광역시 부산진구 초읍동,중상사고,0,1,0,0,차대사람 - 기타,안전운전불이행,건조,맑음,단일로 - 기타,이륜,남,15세,상해없음,보행자,여,88세,중상
2013081700100105,2013년 8월 17일 07시,토요일,부산광역시 사하구 감천동,경상사고,0,0,2,0,차대차 - 기타,안전운전불이행,건조,맑음,단일로 - 기타,승용,남,79세,상해없음,자전거,남,54세,경상
2013081700100124,2013년 8월 17일 08시,토요일,부산광역시 남구 대연동,부상신고사고,0,0,0,1,차대사람 - 횡단중,신호위반,건조,맑음,단일로 - 횡단보도상,화물,남,58세,상해없음,보행자,여,63세,부상신고
2013081700100125,2013년 8월 17일 08시,토요일,부산광역시 동래구 사직동,중상사고,0,1,0,0,차대사람 - 횡단중,안전운전불이행,건조,맑음,단일로 - 기타,승용,남,51세,상해없음,보행자,여,68세,중상
2013081700100142,2013년 8월 17일 09시,토요일,부산광역시 부산진구 연지동,경상사고,0,0,2,0,차대사람 - 기타,안전운전불이행,기타,맑음,기타 - 기타,승용,남,26세,상해없음,보행자,남,60세,경상
2013081700100174,2013년 8월 17일 10시,토요일,부산광역시 해운대구 중동,중상사고,0,1,0,0,차대사람 - 횡단중,안전운전불이행,건조,맑음,단일로 - 기타,승용,남,21세,상해없음,보행자,여,25세,중상
2013081700100175,2013년 8월 17일 10시,토요일,부산광역시 부산진구 부암동,중상사고,0,1,0,0,차대차 - 기타,기타,건조,맑음,단일로 - 기타,승용,남,64세,상해없음,자전거,남,65세,중상
2013081700100176,2013년 8월 17일 10시,토요일,부산광역시 부산진구 부전동,경상사고,0,0,1,0,차대차 - 추돌 - 진행중,안전거리미확보,건조,맑음,교차로 - 교차로안,승용,남,34세,상해없음,승용,남,46세,경상
2013081700100202,2013년 8월 17일 11시,토요일,부산광역시 금정구 청룡동,중상사고,0,5,1,0,차대차 - 측면직각충돌,중앙선침범,건조,맑음,단일로 - 기타,승용,남,45세,중상,승용,남,63세,중상
2013081700100233,2013년 8월 17일 12시,토요일,부산광역시 해운대구 우동,부상신고사고,0,0,0,1,차대차 - 추돌 - 주정차중,안전운전불이행,건조,맑음,단일로 - 기타,승용,남,61세,상해없음,승용,남,50세,부상신고
2013081700100234,2013년 8월 17일 12시,토요일,부산광역시 해운대구 우동,경상사고,0,0,1,0,차대차 - 기타,안전운전불이행,건조,맑음,단일로 - 기타,승용,남,61세,상해없음,승용,남,60세,상해없음
2013081700100265,2013년 8월 17일 13시,토요일,부산광역시 남구 대연동,경상사고,0,0,1,0,차대사람 - 길가장자리구역통행중,안전운전불이행,건조,맑음,단일로 - 기타,화물,남,65세,상해없음,보행자,남,59세,경상
2013081700100266,2013년 8월 17일 13시,토요일,부산광역시 부산진구 개금동,부상신고사고,0,0,0,1,차대차 - 기타,안전운전불이행,건조,맑음,단일로 - 기타,자전거,남,34세,부상신고,승용,남,59세,상해없음
2013081700100267,2013년 8월 17일 13시,토요일,부산광역시 금정구 서동,경상사고,0,0,1,0,차대사람 - 기타,안전운전불이행,건조,맑음,단일로 - 기타,승용,기타불명,기타불명,기타불명,보행자,여,59세,경상
2013081700100329,2013년 8월 17일 15시,토요일,부산광역시 중구 남포동1가,중상사고,0,1,0,0,차대사람 - 기타,안전운전불이행,건조,맑음,단일로 - 기타,승용,남,48세,상해없음,보행자,여,52세,중상
2013081700100330,2013년 8월 17일 15시,토요일,부산광역시 해운대구 우동,중상사고,0,1,2,0,차대차 - 측면직각충돌,신호위반,건조,맑음,교차로 - 교차로안,승용,여,24세,상해없음,승용,남,48세,중상
2013081700100368,2013년 8월 17일 16시,토요일,부산광역시 부산진구 가야동,중상사고,0,1,0,0,차대사람 - 기타,안전운전불이행,건조,맑음,단일로 - 기타,승용,남,42세,상해없음,보행자,여,75세,중상
2013081700100369,2013년 8월 17일 16시,토요일,부산광역시 사하구 하단동,경상사고,0,0,2,0,차대차 - 추돌 - 진행중,안전운전불이행,건조,맑음,단일로 - 기타,화물,남,31세,상해없음,승용,남,32세,경상
2013081700100400,2013년 8월 17일 17시,토요일,부산광역시 기장군 기장읍,중상사고,0,1,0,0,차대사람 - 기타,안전운전불이행,건조,맑음,기타 - 기타,화물,여,46세,상해없음,보행자,남,24세,중상
2013081700100435,2013년 8월 17일 18시,토요일,부산광역시 북구 구포동,중상사고,0,1,0,0,차대차 - 추돌 - 주정차중,기타,건조,맑음,단일로 - 기타,승용,남,61세,상해없음,승합,남,46세,상해없음
2013081700100436,2013년 8월 17일 18시,토요일,부산광역시 사하구 신평동,부상신고사고,0,0,0,3,차대차 - 기타,신호위반,건조,맑음,교차로 - 교차로안,승용,남,27세,상해없음,승용,남,42세,상해없음
2013081700100464,2013년 8월 17일 19시,토요일,부산광역시 동래구 명륜동,부상신고사고,0,0,0,1,차대사람 - 기타,안전운전불이행,건조,맑음,단일로 - 기타,자전거,남,50세,기타불명,보행자,여,38세,부상신고
2013081700100465,2013년 8월 17일 19시,토요일,부산광역시 영도구 봉래동3가,경상사고,0,0,1,0,차대사람 - 횡단중,안전운전불이행,건조,맑음,단일로 - 기타,승용,여,61세,상해없음,보행자,여,19세,경상
2013081700100502,2013년 8월 17일 20시,토요일,부산광역시 남구 대연동,부상신고사고,0,0,0,2,차대차 - 기타,안전거리미확보,건조,맑음,교차로 - 교차로부근,승용,남,29세,상해없음,승용,남,28세,부상신고
2013081700100503,2013년 8월 17일 20시,토요일,부산광역시 해운대구 재송동,중상사고,0,1,0,0,차대사람 - 횡단중,안전운전불이행,건조,맑음,교차로 - 교차로부근,승용,남,60세,상해없음,보행자,남,62세,중상
2013081700100534,2013년 8월 17일 21시,토요일,부산광역시 동래구 안락동,중상사고,0,1,0,0,차대차 - 측면직각충돌,신호위반,건조,맑음,교차로 - 교차로안,승용,남,24세,상해없음,이륜,남,17세,중상
2013081700100563,2013년 8월 17일 22시,토요일,부산광역시 수영구 민락동,경상사고,0,0,1,0,차대차 - 측면직각충돌,교차로운행방법위반,건조,맑음,교차로 - 교차로안,승용,남,61세,상해없음,승합,남,55세,상해없음
2013081700100564,2013년 8월 17일 22시,토요일,부산광역시 남구 대연동,중상사고,0,1,0,0,차대차 - 측면직각충돌,안전운전불이행,건조,맑음,교차로 - 교차로부근,승합,남,51세,상해없음,자전거,남,52세,중상
2013081700100595,2013년 8월 17일 23시,토요일,부산광역시 부산진구 당감동,부상신고사고,0,0,0,1,차대차 - 측면직각충돌,안전거리미확보,건조,맑음,교차로 - 교차로부근,원동기,남,16세,부상신고,승용,여,30세,상해없음
2013081800100008,2013년 8월 18일 00시,일요일,부산광역시 해운대구 좌동,중상사고,0,3,0,0,차대차 - 추돌 - 진행중,안전운전불이행,건조,맑음,미분류 - 미분류,승용,남,40세,상해없음,승용,남,28세,중상
2013081800100029,2013년 8월 18일 01시,일요일,부산광역시 동래구 수안동,경상사고,0,0,3,0,차대차 - 추돌 - 진행중,안전운전불이행,건조,맑음,단일로 - 기타,승용,남,19세,상해없음,승용,남,58세,경상
2013081800100030,2013년 8월 18일 01시,일요일,부산광역시 부산진구 가야동,부상신고사고,0,0,0,1,차대차 - 측면직각충돌,신호위반,건조,맑음,교차로 - 교차로안,자전거,남,21세,부상신고,승용,남,67세,상해없음
2013081800100045,2013년 8월 18일 02시,일요일,부산광역시 남구 대연동,중상사고,0,1,0,0,차대차 - 추돌 - 주정차중,안전운전불이행,건조,맑음,단일로 - 터널,원동기,남,23세,상해없음,승용,남,26세,상해없음
2013081800100046,2013년 8월 18일 02시,일요일,부산광역시 금정구 부곡동,경상사고,0,0,1,0,차대차 - 추돌 - 진행중,신호위반,건조,맑음,교차로 - 교차로부근,승용,남,25세,상해없음,승용,남,60세,경상
2013081800100065,2013년 8월 18일 03시,일요일,부산광역시 부산진구 전포동,경상사고,0,0,1,0,차대차 - 추돌 - 진행중,안전거리미확보,건조,맑음,단일로 - 기타,이륜,남,20세,경상,승용,여,31세,상해없음
2013081800100075,2013년 8월 18일 04시,일요일,부산광역시 동래구 온천동,경상사고,0,0,1,0,차대차 - 측면직각충돌,교차로운행방법위반,건조,맑음,교차로 - 교차로안,승용,여,34세,상해없음,화물,남,58세,경상
2013081800100076,2013년 8월 18일 04시,일요일,부산광역시 해운대구 우동,경상사고,0,0,2,0,차대차 - 추돌 - 주정차중,안전운전불이행,건조,기타,단일로 - 기타,승용,남,29세,상해없음,승용,남,31세,경상
2013081800100077,2013년 8월 18일 04시,일요일,부산광역시 연제구 연산동,경상사고,0,0,1,0,차대차 - 측면직각충돌,신호위반,건조,맑음,교차로 - 교차로안,승용,여,48세,상해없음,승용,남,63세,상해없음
2013081800100086,2013년 8월 18일 05시,일요일,부산광역시 부산진구 부전동,중상사고,0,1,0,0,차대사람 - 기타,안전운전불이행,기타,맑음,단일로 - 기타,승용,남,69세,상해없음,보행자,여,53세,중상
2013081800100087,2013년 8월 18일 05시,일요일,부산광역시 사상구 모라동,경상사고,0,0,2,0,차대차 - 측면직각충돌,신호위반,건조,맑음,교차로 - 교차로안,승용,남,55세,상해없음,화물,남,42세,경상
2013081800100099,2013년 8월 18일 06시,일요일,부산광역시 사하구 하단동,중상사고,0,1,1,0,차대사람 - 기타,중앙선침범,건조,맑음,단일로 - 기타,승용,남,30세,상해없음,보행자,여,46세,경상
2013081800100117,2013년 8월 18일 08시,일요일,부산광역시 사상구 모라동,경상사고,0,0,2,1,차대차 - 추돌 - 진행중,불법유턴,건조,맑음,단일로 - 기타,승용,여,47세,부상신고,승용,남,21세,경상
2013081800100143,2013년 8월 18일 10시,일요일,부산광역시 북구 덕천동,경상사고,0,0,2,0,차대차 - 측면직각충돌,신호위반,건조,맑음,교차로 - 교차로안,승용,여,55세,상해없음,승용,남,40세,경상
2013081800100201,2013년 8월 18일 13시,일요일,부산광역시 동래구 온천동,경상사고,0,0,2,0,차대차 - 측면직각충돌,교차로운행방법위반,건조,맑음,교차로 - 교차로안,승용,남,34세,상해없음,승용,남,26세,경상
2013081800100220,2013년 8월 18일 14시,일요일,부산광역시 해운대구 재송동,경상사고,0,0,3,0,차대차 - 측면직각충돌,안전운전불이행,건조,기타,단일로 - 기타,승용,여,45세,경상,승용,남,50세,경상
2013081800100256,2013년 8월 18일 15시,일요일,부산광역시 남구 대연동,경상사고,0,0,2,0,차대차 - 기타,신호위반,건조,맑음,교차로 - 교차로안,원동기,남,44세,상해없음,승용,여,46세,경상
2013081800100257,2013년 8월 18일 15시,일요일,부산광역시 금정구 청룡동,중상사고,0,1,0,0,차대차 - 정면충돌,중앙선침범,건조,맑음,단일로 - 기타,승용,남,59세,상해없음,승용,여,46세,중상
2013081800100283,2013년 8월 18일 16시,일요일,부산광역시 강서구 봉림동,중상사고,0,2,0,0,차대차 - 추돌 - 주정차중,안전운전불이행,건조,맑음,교차로 - 교차로부근,화물,남,48세,상해없음,승용,남,43세,중상
2013081800100306,2013년 8월 18일 17시,일요일,부산광역시 동구 범일동,경상사고,0,0,1,0,차대차 - 기타,중앙선침범,건조,맑음,단일로 - 기타,원동기,기타불명,기타불명,기타불명,승용,여,40세,경상
2013081800100307,2013년 8월 18일 17시,일요일,부산광역시 강서구 지사동,중상사고,0,1,0,0,차량단독 - 기타,안전운전불이행,건조,맑음,단일로 - 기타,승용,남,42세,상해없음,,,,
2013081800100333,2013년 8월 18일 18시,일요일,부산광역시 남구 대연동,경상사고,0,0,1,0,차대차 - 기타,안전운전불이행,건조,맑음,교차로 - 교차로안,승용,여,37세,상해없음,승용,남,36세,경상
2013081800100334,2013년 8월 18일 18시,일요일,부산광역시 금정구 서동,중상사고,0,1,1,0,차대차 - 추돌 - 주정차중,안전운전불이행,건조,맑음,단일로 - 기타,승용,남,66세,경상,승용,남,50세,기타불명
2013081800100355,2013년 8월 18일 19시,일요일,부산광역시 수영구 광안동,중상사고,0,1,0,0,차대차 - 기타,직진우회전진행방해,건조,맑음,교차로 - 교차로안,승용,남,55세,기타불명,승용,여,38세,중상
2013081800100356,2013년 8월 18일 19시,일요일,부산광역시 금정구 서동,중상사고,0,1,0,0,차대사람 - 기타,안전운전불이행,건조,맑음,단일로 - 기타,승합,기타불명,기타불명,기타불명,보행자,남,70세,중상