사고번호,사고일시,요일,시군구,사고내용,사망자수,중상자수,경상자수,부상신고자수,사고유형,법규위반,노면상태,기상상태,도로형태,가해운전자 차종,가해운전자 성별,가해운전자 연령,가해운전자 상해정도,피해운전자 차종,피해운전자 성별,피해운전자 연령,피해운전자 상해정도
2013082200100143,2013년 8월 22일 09시,목요일,부산광역시 금정구 장전동,중상사고,0,1,1,0,차대차 - 추돌 - 진행중,안전운전불이행,습기,비,교차로 - 교차로부근,화물,남,42세,상해없음,승용,여,46세,중상
2013082200100172,2013년 8월 22일 10시,목요일,부산광역시 해운대구 반여동,경상사고,0,0,1,0,차대차 - 측면직각충돌,직진우회전진행방해,건조,맑음,교차로 - 교차로부근,승용,남,69세,상해없음,승용,남,63세,경상
2013082200100173,2013년 8월 22일 10시,목요일,부산광역시 금정구 부곡동,경상사고,0,0,1,0,차대차 - 추돌 - 진행중,안전운전불이행,습기,비,교차로 - 교차로부근,화물,남,45세,상해없음,승용,여,56세,경상
2013082200100174,2013년 8월 22일 10시,목요일,부산광역시 금정구 서동,경상사고,0,0,1,0,차대사람 - 기타,안전운전불이행,습기,비,단일로 - 기타,승용,남,50세,상해없음,보행자,남,52세,경상
2013082200100207,2013년 8월 22일 11시,목요일,부산광역시 해운대구 중동,경상사고,0,0,1,0,차대차 - 측면직각충돌,안전운전불이행,건조,맑음,단일로 - 기타,승합,남,54세,상해없음,승용,남,27세,경상
2013082200100233,2013년 8월 22일 12시,목요일,부산광역시 해운대구 반여동,중상사고,0,1,1,0,차대차 - 기타,신호위반,건조,맑음,교차로 - 교차로안,승용,남,27세,상해없음,승용,남,42세,경상
2013082200100283,2013년 8월 22일 14시,목요일,부산광역시 동구 초량동,경상사고,0,0,1,0,차대차 - 측면직각충돌,안전운전불이행,건조,맑음,단일로 - 기타,화물,남,59세,경상,화물,남,46세,상해없음
2013082200100284,2013년 8월 22일 14시,목요일,부산광역시 해운대구 반송동,중상사고,0,1,0,0,차대차 - 정면충돌,신호위반,건조,맑음,교차로 - 교차로안,승용,여,50세,상해없음,원동기,남,40세,중상
2013082200100285,2013년 8월 22일 14시,목요일,부산광역시 사상구 삼락동,중상사고,0,1,3,0,차대차 - 기타,안전거리미확보,건조,맑음,단일로 - 기타,승용,남,79세,경상,승용,남,60세,경상
2013082200100320,2013년 8월 22일 15시,목요일,부산광역시 동래구 명륜동,중상사고,0,1,0,0,차량단독 - 기타,기타,건조,맑음,단일로 - 기타,승합,남,48세,상해없음,,,,
2013082200100347,2013년 8월 22일 16시,목요일,부산광역시 중구 부평동2가,중상사고,0,1,0,1,차대사람 - 보도통행중,신호위반,건조,맑음,단일로 - 기타,승용,남,69세,상해없음,보행자,남,57세,부상신고
2013082200100348,2013년 8월 22일 16시,목요일,부산광역시 북구 만덕동,경상사고,0,0,1,0,차대차 - 추돌 - 주정차중,안전운전불이행,건조,맑음,단일로 - 기타,승용,남,31세,상해없음,승용,남,41세,경상
2013082200100349,2013년 8월 22일 16시,목요일,부산광역시 금정구 남산동,경상사고,0,0,1,0,차대사람 - 기타,안전운전불이행,건조,맑음,단일로 - 기타,승용,남,70세,상해없음,보행자,여,52세,경상
2013082200100350,2013년 8월 22일 16시,목요일,부산광역시 연제구 거제동,중상사고,0,1,0,0,차대차 - 측면직각충돌,신호위반,건조,맑음,교차로 - 교차로안,승합,남,62세,상해없음,이륜,남,69세,중상
2013082200100378,2013년 8월 22일 17시,목요일,부산광역시 남구 용호동,경상사고,0,0,1,0,차대차 - 기타,안전거리미확보,건조,맑음,단일로 - 기타,승용,여,48세,상해없음,승용,남,56세,경상
2013082200100379,2013년 8월 22일 17시,목요일,부산광역시 동래구 사직동,경상사고,0,0,1,0,차대차 - 측면직각충돌,신호위반,건조,맑음,교차로 - 교차로안,승용,남,33세,상해없음,승용,여,40세,경상
2013082200100380,2013년 8월 22일 17시,목요일,부산광역시 강서구 범방동,중상사고,0,1,0,0,차대차 - 기타,안전거리미확보,건조,맑음,단일로 - 기타,승용,남,31세,상해없음,승용,여,31세,중상
2013082200100490,2013년 8월 22일 20시,목요일,부산광역시 북구 만덕동,경상사고,0,0,1,0,차대차 - 기타,안전거리미확보,건조,맑음,단일로 - 기타,승합,남,53세,상해없음,승용,남,30세,경상
2013082200100491,2013년 8월 22일 20시,목요일,부산광역시 사하구 다대동,중상사고,0,1,2,0,차대차 - 추돌 - 진행중,안전운전불이행,습기,비,단일로 - 기타,승용,남,40세,상해없음,승용,남,31세,경상
2013082200100531,2013년 8월 22일 21시,목요일,부산광역시 중구 보수동1가,중상사고,0,1,0,0,차대차 - 측면직각충돌,차로위반,건조,맑음,단일로 - 기타,승용,여,32세,상해없음,이륜,남,22세,중상
2013082200100532,2013년 8월 22일 21시,목요일,부산광역시 동래구 안락동,중상사고,0,1,0,0,차대사람 - 횡단중,안전운전불이행,건조,맑음,단일로 - 기타,승합,남,54세,상해없음,보행자,남,62세,중상
2013082200100533,2013년 8월 22일 21시,목요일,부산광역시 사하구 하단동,경상사고,0,0,2,0,차대사람 - 기타,안전운전불이행,습기,비,단일로 - 기타,승용,남,29세,상해없음,보행자,여,27세,경상
2013082200100534,2013년 8월 22일 21시,목요일,부산광역시 사상구 학장동,경상사고,0,0,1,0,차대차 - 측면직각충돌,안전운전불이행,건조,맑음,단일로 - 기타,승합,남,30세,상해없음,승용,남,43세,경상
2013082300100004,2013년 8월 23일 00시,금요일,부산광역시 사상구 괘법동,경상사고,0,0,1,0,차대사람 - 길가장자리구역통행중,안전운전불이행,건조,맑음,단일로 - 기타,승용,남,50세,상해없음,보행자,남,36세,경상
2013082300100043,2013년 8월 23일 02시,금요일,부산광역시 사상구 괘법동,경상사고,0,0,1,0,차대사람 - 횡단중,신호위반,건조,맑음,교차로 - 교차로부근,승용,남,37세,상해없음,보행자,여,42세,경상
2013082300100055,2013년 8월 23일 03시,금요일,부산광역시 동구 좌천동,경상사고,0,0,1,0,차대차 - 추돌 - 주정차중,안전운전불이행,습기,비,단일로 - 기타,승용,남,29세,상해없음,승용,남,32세,경상
2013082300100136,2013년 8월 23일 07시,금요일,부산광역시 부산진구 가야동,경상사고,0,0,1,0,차대차 - 추돌 - 진행중,안전운전불이행,습기,비,단일로 - 기타,승용,남,62세,상해없음,승용,남,24세,경상
2013082300100137,2013년 8월 23일 07시,금요일,부산광역시 금정구 서동,경상사고,0,0,1,0,차대사람 - 횡단중,보행자보호의무위반,건조,맑음,교차로 - 교차로안,승용,여,44세,상해없음,보행자,여,30세,경상
2013082300100166,2013년 8월 23일 08시,금요일,부산광역시 해운대구 좌동,경상사고,0,0,1,0,차대차 - 측면직각충돌,안전운전불이행,습기,맑음,단일로 - 기타,승용,남,43세,상해없음,자전거,남,14세,경상
2013082300100167,2013년 8월 23일 08시,금요일,부산광역시 사하구 하단동,경상사고,0,0,1,0,차대사람 - 기타,안전운전불이행,건조,맑음,교차로 - 교차로안,화물,남,32세,상해없음,보행자,남,54세,경상
2013082300100206,2013년 8월 23일 09시,금요일,부산광역시 남구 우암동,중상사고,0,1,0,0,차대차 - 기타,중앙선침범,건조,맑음,단일로 - 기타,자전거,남,77세,중상,승용,여,32세,상해없음
2013082300100207,2013년 8월 23일 09시,금요일,부산광역시 강서구 신호동,중상사고,0,1,0,0,차대차 - 기타,안전운전불이행,건조,맑음,교차로 - 교차로안,화물,남,46세,상해없음,승용,남,63세,중상
2013082300100235,2013년 8월 23일 10시,금요일,부산광역시 부산진구 범천동,경상사고,0,0,1,0,차대차 - 측면직각충돌,안전운전불이행,건조,맑음,교차로 - 교차로부근,승용,여,45세,상해없음,승용,남,36세,경상
2013082300100302,2013년 8월 23일 13시,금요일,부산광역시 연제구 거제동,중상사고,0,2,0,0,차대차 - 추돌 - 주정차중,안전운전불이행,건조,맑음,단일로 - 기타,승용,남,42세,상해없음,승용,남,33세,중상
2013082300100328,2013년 8월 23일 14시,금요일,부산광역시 남구 대연동,중상사고,0,1,0,0,차대차 - 기타,차로위반,건조,맑음,단일로 - 기타,승용,남,45세,상해없음,원동기,남,23세,중상
2013082300100357,2013년 8월 23일 15시,금요일,부산광역시 동구 범일동,경상사고,0,0,1,0,차대차 - 측면직각충돌,교차로운행방법위반,습기,비,교차로 - 교차로부근,승합,남,57세,상해없음,승용,여,64세,경상
2013082300100358,2013년 8월 23일 15시,금요일,부산광역시 북구 금곡동,경상사고,0,0,1,0,차대차 - 기타,안전거리미확보,습기,비,단일로 - 기타,승용,남,52세,상해없음,원동기,남,56세,경상
2013082300100359,2013년 8월 23일 15시,금요일,부산광역시 금정구 금사동,경상사고,0,0,1,0,차대차 - 측면직각충돌,신호위반,건조,맑음,교차로 - 교차로부근,승용,남,62세,상해없음,승용,남,55세,경상
2013082300100360,2013년 8월 23일 15시,금요일,부산광역시 연제구 거제동,경상사고,0,0,1,0,차대차 - 기타,안전거리미확보,건조,맑음,교차로 - 교차로부근,승용,남,34세,상해없음,승용,남,41세,상해없음
2013082300100394,2013년 8월 23일 16시,금요일,부산광역시 사하구 장림동,경상사고,0,0,1,0,차대차 - 측면직각충돌,신호위반,습기,흐림,교차로 - 교차로안,승용,남,60세,상해없음,승용,남,42세,경상
2013082300100395,2013년 8월 23일 16시,금요일,부산광역시 강서구 강동동,중상사고,0,1,0,0,차대사람 - 보도통행중,보행자보호의무위반,습기,흐림,단일로 - 횡단보도상,화물,남,25세,상해없음,보행자,남,49세,중상
2013082300100424,2013년 8월 23일 17시,금요일,부산광역시 부산진구 가야동,경상사고,0,0,1,0,차대사람 - 기타,안전운전불이행,건조,맑음,단일로 - 기타,승용,남,41세,기타불명,보행자,남,43세,경상
2013082300100455,2013년 8월 23일 18시,금요일,부산광역시 금정구 장전동,중상사고,0,1,0,0,차대차 - 측면직각충돌,신호위반,건조,맑음,교차로 - 교차로안,원동기,남,67세,중상,승용,남,54세,상해없음
2013082300100456,2013년 8월 23일 18시,금요일,부산광역시 강서구 명지동,경상사고,0,0,2,0,차대차 - 추돌 - 주정차중,안전운전불이행,건조,맑음,단일로 - 교량,승용,남,58세,상해없음,화물,남,56세,경상
2013082300100457,2013년 8월 23일 18시,금요일,부산광역시 사상구 덕포동,중상사고,0,1,0,0,차대사람 - 횡단중,안전운전불이행,건조,맑음,단일로 - 기타,화물,남,53세,상해없음,보행자,여,59세,중상
2013082300100539,2013년 8월 23일 20시,금요일,부산광역시 북구 구포동,중상사고,0,1,0,0,차대사람 - 기타,안전운전불이행,건조,맑음,기타 - 기타,화물,남,51세,상해없음,보행자,여,22세,중상
2013082300100540,2013년 8월 23일 20시,금요일,부산광역시 사하구 다대동,경상사고,0,0,1,0,차대차 - 기타,신호위반,건조,맑음,교차로 - 교차로안,승합,남,56세,상해없음,이륜,남,18세,경상
2013082300100541,2013년 8월 23일 20시,금요일,부산광역시 강서구 범방동,경상사고,0,0,1,0,차대차 - 추돌 - 주정차중,안전운전불이행,건조,맑음,교차로 - 교차로부근,승용,남,61세,상해없음,승용,여,28세,경상
2013082300100580,2013년 8월 23일 21시,금요일,부산광역시 중구 창선동1가,경상사고,0,0,1,0,차대사람 - 길가장자리구역통행중,안전운전불이행,건조,맑음,단일로 - 기타,이륜,남,41세,상해없음,보행자,남,31세,경상
2013082300100581,2013년 8월 23일 21시,금요일,부산광역시 금정구 서동,경상사고,0,0,3,0,차대차 - 추돌 - 진행중,안전거리미확보,건조,맑음,교차로 - 교차로안,승용,남,55세,상해없음,승용,남,36세,경상
2013082300100582,2013년 8월 23일 21시,금요일,부산광역시 사하구 괴정동,중상사고,0,1,0,0,차대차 - 기타,안전거리미확보,건조,맑음,단일로 - 기타,승용,남,58세,상해없음,이륜,남,29세,중상
2013082300100583,2013년 8월 23일 21시,금요일,부산광역시 사하구 하단동,경상사고,0,0,1,0,차대사람 - 기타,기타,건조,맑음,단일로 - 기타,승용,남,65세,상해없음,보행자,남,53세,경상
2013082300100619,2013년 8월 23일 22시,금요일,부산광역시 해운대구 좌동,경상사고,0,0,1,0,차대차 - 추돌 - 진행중,안전운전불이행,건조,맑음,단일로 - 기타,승용,남,51세,상해없음,화물,남,52세,경상
2013082300100654,2013년 8월 23일 23시,금요일,부산광역시 서구 부민동1가,중상사고,0,1,0,0,차대사람 - 횡단중,안전운전불이행,건조,맑음,교차로 - 교차로안,이륜,남,17세,상해없음,보행자,남,32세,중상
2013082300100655,2013년 8월 23일 23시,금요일,부산광역시 남구 감만동,부상신고사고,0,0,0,4,차대차 - 기타,안전거리미확보,습기,흐림,단일로 - 기타,승용,여,41세,상해없음,승용,남,28세,부상신고
2013082300100656,2013년 8월 23일 23시,금요일,부산광역시 해운대구 중동,경상사고,0,0,1,0,차대차 - 추돌 - 주정차중,안전거리미확보,건조,맑음,교차로 - 교차로부근,승용,남,55세,상해없음,승용,여,29세,경상
2013082400100043,2013년 8월 24일 01시,토요일,부산광역시 남구 대연동,부상신고사고,0,0,0,1,차대사람 - 기타,안전운전불이행,습기,흐림,단일로 - 횡단보도상,승용,남,32세,상해없음,보행자,남,60세,부상신고
2013082400100044,2013년 8월 24일 01시,토요일,부산광역시 기장군 기장읍,사망사고,1,0,0,0,차대사람 - 차도통행중,안전운전불이행,습기,비,단일로 - 기타,승용,남,56세,상해없음,보행자,남,55세,사망
2013082400100071,2013년 8월 24일 02시,토요일,부산광역시 부산진구 개금동,부상신고사고,0,0,0,1,차대차 - 기타,안전운전불이행,건조,기타,단일로 - 기타,승용,남,59세,상해없음,승용,남,46세,부상신고
2013082400100072,2013년 8월 24일 02시,토요일,부산광역시 사상구 괘법동,경상사고,0,0,1,0,차대차 - 기타,안전거리미확보,습기,비,단일로 - 기타,승용,남,56세,상해없음,원동기,남,23세,경상
2013082400100094,2013년 8월 24일 03시,토요일,부산광역시 동래구 명장동,중상사고,0,1,1,0,차량단독 - 공작물충돌,안전운전불이행,습기,맑음,단일로 - 기타,화물,남,25세,상해없음,,,,
2013082400100129,2013년 8월 24일 05시,토요일,부산광역시 남구 우암동,중상사고,0,1,0,0,차대차 - 측면직각충돌,신호위반,습기,흐림,교차로 - 교차로안,화물,남,55세,상해없음,승용,남,39세,중상
2013082400100130,2013년 8월 24일 05시,토요일,부산광역시 북구 구포동,경상사고,0,0,1,0,차대차 - 추돌 - 진행중,신호위반,습기,흐림,교차로 - 교차로안,승용,남,26세,상해없음,승용,남,51세,경상
2013082400100131,2013년 8월 24일 05시,토요일,부산광역시 부산진구 양정동,중상사고,0,1,0,0,차대사람 - 횡단중,신호위반,건조,맑음,교차로 - 교차로부근,승용,남,40세,상해없음,보행자,남,47세,중상
2013082400100165,2013년 8월 24일 07시,토요일,부산광역시 동구 좌천동,중상사고,0,1,3,1,차대차 - 정면충돌,안전운전불이행,습기,비,교차로 - 교차로부근,화물,남,43세,부상신고,승용,남,56세,상해없음
2013082400100166,2013년 8월 24일 07시,토요일,부산광역시 기장군 철마면,경상사고,0,0,1,0,차대차 - 기타,안전거리미확보,건조,맑음,기타 - 기타,승용,남,47세,상해없음,승용,남,57세,상해없음
2013082400100179,2013년 8월 24일 08시,토요일,부산광역시 해운대구 송정동,사망사고,1,2,0,0,차대사람 - 횡단중,신호위반,습기,비,단일로 - 횡단보도상,화물,남,37세,상해없음,보행자,여,83세,사망
2013082400100180,2013년 8월 24일 08시,토요일,부산광역시 부산진구 양정동,중상사고,0,1,0,0,차대사람 - 횡단중,안전운전불이행,습기,비,단일로 - 기타,화물,남,39세,상해없음,보행자,남,41세,중상
2013082400100181,2013년 8월 24일 08시,토요일,부산광역시 수영구 망미동,중상사고,0,1,0,0,차대차 - 정면충돌,중앙선침범,습기,비,단일로 - 기타,승용,남,52세,상해없음,승용,남,73세,중상
2013082400100182,2013년 8월 24일 08시,토요일,부산광역시 기장군 기장읍,경상사고,0,0,2,0,차대차 - 정면충돌,신호위반,습기,비,교차로 - 교차로안,승용,남,59세,상해없음,승합,남,52세,경상
2013082400100232,2013년 8월 24일 10시,토요일,부산광역시 부산진구 부전동,경상사고,0,0,1,0,차량단독 - 기타,안전운전불이행,습기,비,단일로 - 기타,승합,남,52세,상해없음,,,,
2013082400100233,2013년 8월 24일 10시,토요일,부산광역시 연제구 연산동,경상사고,0,0,1,0,차대차 - 측면직각충돌,안전거리미확보,습기,비,단일로 - 기타,화물,남,54세,상해없음,이륜,남,45세,경상
2013082400100269,2013년 8월 24일 11시,토요일,부산광역시 영도구 영선동3가,중상사고,0,1,2,0,차대차 - 추돌 - 진행중,중앙선침범,습기,비,단일로 - 기타,승용,남,28세,상해없음,승용,남,40세,경상
2013082400100270,2013년 8월 24일 11시,토요일,부산광역시 해운대구 재송동,경상사고,0,0,1,0,차대차 - 추돌 - 진행중,안전운전불이행,습기,비,단일로 - 기타,승합,남,63세,상해없음,화물,남,28세,경상
2013082400100271,2013년 8월 24일 11시,토요일,부산광역시 금정구 부곡동,부상신고사고,0,0,0,2,차대차 - 측면직각충돌,안전운전불이행,습기,비,단일로 - 기타,화물,남,37세,상해없음,승용,남,37세,부상신고
2013082400100272,2013년 8월 24일 11시,토요일,부산광역시 사하구 하단동,경상사고,0,0,1,0,차대차 - 측면직각충돌,교차로운행방법위반,습기,비,교차로 - 교차로안,승용,남,25세,상해없음,승용,남,64세,경상
2013082400100273,2013년 8월 24일 11시,토요일,부산광역시 사상구 모라동,부상신고사고,0,0,0,1,차대사람 - 기타,불법유턴,습기,비,단일로 - 기타,화물,남,36세,상해없음,보행자,남,27세,부상신고
2013082400100311,2013년 8월 24일 12시,토요일,부산광역시 영도구 동삼동,경상사고,0,0,1,0,차대차 - 추돌 - 진행중,중앙선침범,습기,비,단일로 - 기타,승용,남,51세,상해없음,승용,여,53세,경상
2013082400100312,2013년 8월 24일 12시,토요일,부산광역시 금정구 부곡동,중상사고,0,2,2,0,차대차 - 추돌 - 주정차중,안전운전불이행,습기,비,단일로 - 횡단보도부근,승용,남,57세,상해없음,승용,남,38세,경상
2013082400100313,2013년 8월 24일 12시,토요일,부산광역시 금정구 부곡동,중상사고,0,2,2,4,차대차 - 추돌 - 주정차중,안전운전불이행,습기,비,단일로 - 횡단보도부근,승용,남,23세,상해없음,승용,남,54세,경상
2013082400100314,2013년 8월 24일 12시,토요일,부산광역시 사하구 괴정동,경상사고,0,0,1,0,차량단독 - 기타,안전운전불이행,건조,맑음,단일로 - 기타,승합,남,48세,상해없음,,,,
2013082400100353,2013년 8월 24일 13시,토요일,부산광역시 북구 금곡동,중상사고,0,1,1,0,차대차 - 추돌 - 주정차중,안전운전불이행,습기,비,단일로 - 기타,승용,남,41세,상해없음,승용,남,33세,중상
2013082400100354,2013년 8월 24일 13시,토요일,부산광역시 동래구 온천동,경상사고,0,0,1,0,차대차 - 측면직각충돌,차로위반,습기,맑음,단일로 - 기타,승용,여,55세,기타불명,승용,남,41세,경상
2013082400100391,2013년 8월 24일 14시,토요일,부산광역시 남구 문현동,경상사고,0,0,1,0,차대차 - 측면직각충돌,안전운전불이행,습기,비,단일로 - 기타,승용,남,51세,상해없음,승용,남,54세,경상
2013082400100392,2013년 8월 24일 14시,토요일,부산광역시 동래구 사직동,중상사고,0,1,0,0,차대사람 - 횡단중,보행자보호의무위반,습기,비,교차로 - 교차로부근,승합,남,45세,상해없음,보행자,남,52세,중상
2013082400100393,2013년 8월 24일 14시,토요일,부산광역시 부산진구 당감동,중상사고,0,1,0,0,차대차 - 기타,안전운전불이행,습기,비,교차로 - 교차로안,이륜,여,44세,중상,승용,남,49세,상해없음
2013082400100394,2013년 8월 24일 14시,토요일,부산광역시 부산진구 당감동,경상사고,0,0,1,0,차대차 - 기타,중앙선침범,습기,비,교차로 - 교차로부근,승용,남,52세,상해없음,승용,남,64세,경상
2013082400100395,2013년 8월 24일 14시,토요일,부산광역시 금정구 남산동,경상사고,0,0,1,0,차대사람 - 기타,안전운전불이행,건조,맑음,단일로 - 기타,승용,여,56세,상해없음,보행자,여,72세,경상
2013082400100459,2013년 8월 24일 16시,토요일,부산광역시 영도구 동삼동,중상사고,0,1,0,0,차대차 - 추돌 - 진행중,중앙선침범,습기,비,단일로 - 기타,승용,여,56세,상해없음,화물,여,48세,중상
2013082400100460,2013년 8월 24일 16시,토요일,부산광역시 부산진구 부전동,경상사고,0,0,2,0,차대차 - 정면충돌,중앙선침범,건조,흐림,단일로 - 기타,승용,남,35세,상해없음,승용,남,24세,경상
2013082400100461,2013년 8월 24일 16시,토요일,부산광역시 금정구 남산동,경상사고,0,0,1,0,차대차 - 측면직각충돌,중앙선침범,건조,맑음,단일로 - 기타,승용,남,39세,상해없음,승합,여,60세,경상
2013082400100492,2013년 8월 24일 17시,토요일,부산광역시 해운대구 반송동,경상사고,0,0,1,0,차대사람 - 기타,안전운전불이행,건조,기타,단일로 - 기타,원동기,남,62세,상해없음,보행자,여,2세,경상
2013082400100493,2013년 8월 24일 17시,토요일,부산광역시 부산진구 양정동,경상사고,0,0,1,0,차대차 - 기타,안전거리미확보,건조,맑음,단일로 - 기타,승용,남,52세,상해없음,승용,남,57세,경상
2013082400100533,2013년 8월 24일 18시,토요일,부산광역시 수영구 광안동,중상사고,0,1,0,0,차대사람 - 기타,안전운전불이행,습기,비,단일로 - 기타,화물,남,44세,상해없음,보행자,남,39세,중상
2013082400100534,2013년 8월 24일 18시,토요일,부산광역시 북구 구포동,경상사고,0,0,1,0,차대차 - 측면직각충돌,안전운전불이행,습기,비,단일로 - 기타,승용,남,55세,상해없음,승용,남,32세,상해없음
2013082400100535,2013년 8월 24일 18시,토요일,부산광역시 해운대구 좌동,경상사고,0,0,1,0,차대사람 - 기타,안전운전불이행,습기,흐림,단일로 - 기타,승용,여,29세,상해없음,보행자,여,58세,경상
2013082400100536,2013년 8월 24일 18시,토요일,부산광역시 수영구 망미동,중상사고,0,1,0,0,차대차 - 측면직각충돌,교차로운행방법위반,습기,비,교차로 - 교차로부근,이륜,남,16세,중상,승합,남,61세,상해없음
2013082400100537,2013년 8월 24일 18시,토요일,부산광역시 사상구 주례동,중상사고,0,1,0,0,차대사람 - 보도통행중,기타,습기,비,단일로 - 기타,화물,남,41세,상해없음,보행자,여,58세,중상
2013082400100579,2013년 8월 24일 19시,토요일,부산광역시 서구 서대신동3가,중상사고,0,1,0,0,차대사람 - 차도통행중,안전운전불이행,습기,비,단일로 - 기타,승용,남,27세,상해없음,보행자,남,52세,중상
2013082400100580,2013년 8월 24일 19시,토요일,부산광역시 동래구 온천동,중상사고,0,1,0,0,차대차 - 측면직각충돌,안전운전불이행,습기,비,단일로 - 기타,승용,여,27세,상해없음,원동기,남,44세,중상
2013082400100581,2013년 8월 24일 19시,토요일,부산광역시 금정구 장전동,경상사고,0,0,2,0,차대사람 - 횡단중,안전운전불이행,습기,비,단일로 - 기타,원동기,남,17세,상해없음,보행자,남,44세,경상
2013082400100582,2013년 8월 24일 19시,토요일,부산광역시 금정구 금사동,중상사고,0,1,0,0,차대차 - 기타,기타,습기,비,교차로 - 교차로안,승용,남,60세,상해없음,이륜,남,57세,중상
2013082400100583,2013년 8월 24일 19시,토요일,부산광역시 강서구 녹산동,경상사고,0,0,2,0,차대차 - 추돌 - 주정차중,안전운전불이행,습기,비,교차로 - 교차로부근,승용,남,48세,상해없음,승용,남,34세,경상
2013082400100627,2013년 8월 24일 20시,토요일,부산광역시 수영구 남천동,중상사고,0,2,0,0,차대사람 - 횡단중,안전운전불이행,습기,비,단일로 - 기타,승용,여,36세,상해없음,보행자,여,48세,중상
2013082400100628,2013년 8월 24일 20시,토요일,부산광역시 부산진구 부전동,경상사고,0,0,1,0,차대사람 - 길가장자리구역통행중,안전운전불이행,건조,맑음,단일로 - 기타,승용,여,41세,상해없음,보행자,여,19세,경상
2013082400100669,2013년 8월 24일 21시,토요일,부산광역시 동구 초량동,경상사고,0,0,2,0,차대차 - 추돌 - 주정차중,안전운전불이행,습기,비,단일로 - 기타,승용,남,47세,상해없음,승용,남,29세,경상
2013082400100670,2013년 8월 24일 21시,토요일,부산광역시 서구 충무동1가,경상사고,0,0,1,0,차대차 - 기타,안전운전불이행,습기,비,교차로 - 교차로안,이륜,남,34세,경상,승용,남,27세,상해없음
2013082400100702,2013년 8월 24일 22시,토요일,부산광역시 금정구 남산동,경상사고,0,0,2,0,차대차 - 추돌 - 주정차중,안전운전불이행,습기,비,교차로 - 교차로부근,승용,남,22세,상해없음,승용,남,50세,경상
2013082400100703,2013년 8월 24일 22시,토요일,부산광역시 연제구 연산동,경상사고,0,0,2,0,차대차 - 추돌 - 진행중,신호위반,습기,비,교차로 - 교차로안,승용,남,31세,상해없음,승용,남,59세,경상
2013082400100704,2013년 8월 24일 22시,토요일,부산광역시 연제구 거제동,경상사고,0,0,2,0,차대차 - 추돌 - 주정차중,안전거리미확보,습기,비,단일로 - 기타,이륜,남,18세,상해없음,승용,남,30세,경상
2013082400100738,2013년 8월 24일 23시,토요일,부산광역시 사하구 장림동,중상사고,0,2,3,0,차대차 - 기타,안전거리미확보,습기,비,단일로 - 기타,승용,남,35세,중상,승용,여,45세,상해없음
2013082500100006,2013년 8월 25일 00시,일요일,부산광역시 수영구 광안동,경상사고,0,0,1,0,차대사람 - 횡단중,안전운전불이행,습기,비,단일로 - 기타,승용,남,28세,상해없음,보행자,여,27세,경상
2013082500100019,2013년 8월 25일 01시,일요일,부산광역시 해운대구 반여동,경상사고,0,0,2,0,차대차 - 정면충돌,신호위반,습기,비,교차로 - 교차로안,승용,남,40세,상해없음,승용,남,66세,경상
2013082500100020,2013년 8월 25일 01시,일요일,부산광역시 부산진구 부전동,경상사고,0,0,1,2,차대차 - 추돌 - 진행중,신호위반,건조,맑음,교차로 - 교차로안,승용,남,22세,부상신고,승용,남,52세,경상
2013082500100021,2013년 8월 25일 01시,일요일,부산광역시 사상구 주례동,경상사고,0,0,1,0,차대차 - 추돌 - 주정차중,안전운전불이행,건조,맑음,교차로 - 교차로부근,승용,남,23세,상해없음,승용,남,50세,경상
2013082500100056,2013년 8월 25일 03시,일요일,부산광역시 북구 화명동,중상사고,0,1,0,0,차대차 - 추돌 - 주정차중,안전운전불이행,습기,비,교차로 - 교차로부근,승용,남,41세,상해없음,승용,여,57세,중상
2013082500100057,2013년 8월 25일 03시,일요일,부산광역시 연제구 연산동,중상사고,0,1,1,0,차대차 - 추돌 - 주정차중,안전거리미확보,습기,비,단일로 - 기타,승용,남,40세,상해없음,승용,남,49세,상해없음
2013082500100058,2013년 8월 25일 03시,일요일,부산광역시 기장군 장안읍,경상사고,0,0,2,0,차대차 - 측면직각충돌,안전운전불이행,건조,맑음,단일로 - 기타,승용,남,31세,상해없음,승용,여,28세,경상
2013082500100095,2013년 8월 25일 06시,일요일,부산광역시 북구 덕천동,경상사고,0,0,3,0,차대차 - 추돌 - 주정차중,안전운전불이행,건조,흐림,단일로 - 기타,승용,남,20세,상해없음,승용,남,42세,경상
2013082500100096,2013년 8월 25일 06시,일요일,부산광역시 기장군 기장읍,경상사고,0,0,1,0,차량단독 - 공작물충돌,안전운전불이행,습기,흐림,단일로 - 기타,승용,여,63세,상해없음,,,,
2013082500100109,2013년 8월 25일 07시,일요일,부산광역시 북구 덕천동,중상사고,0,1,1,0,차량단독 - 공작물충돌,안전운전불이행,습기,흐림,미분류 - 미분류,승용,남,58세,상해없음,,,,
2013082500100110,2013년 8월 25일 07시,일요일,부산광역시 부산진구 양정동,중상사고,0,1,0,0,차대차 - 측면직각충돌,신호위반,건조,맑음,교차로 - 교차로안,승용,남,64세,상해없음,원동기,남,60세,중상