사고번호,사고일시,요일,시군구,사고내용,사망자수,중상자수,경상자수,부상신고자수,사고유형,법규위반,노면상태,기상상태,도로형태,가해운전자 차종,가해운전자 성별,가해운전자 연령,가해운전자 상해정도,피해운전자 차종,피해운전자 성별,피해운전자 연령,피해운전자 상해정도
2013082500100134,2013년 8월 25일 09시,일요일,부산광역시 금정구 부곡동,경상사고,0,0,1,0,차대사람 - 횡단중,안전운전불이행,건조,맑음,교차로 - 교차로안,승용,남,27세,상해없음,보행자,여,52세,경상
2013082500100135,2013년 8월 25일 09시,일요일,부산광역시 금정구 서동,경상사고,0,0,1,0,차대사람 - 기타,안전운전불이행,건조,맑음,단일로 - 기타,승용,남,52세,상해없음,보행자,여,71세,경상
2013082500100185,2013년 8월 25일 11시,일요일,부산광역시 남구 대연동,중상사고,0,1,0,0,차대사람 - 길가장자리구역통행중,안전운전불이행,건조,맑음,단일로 - 기타,승용,남,64세,상해없음,보행자,여,66세,중상
2013082500100186,2013년 8월 25일 11시,일요일,부산광역시 남구 문현동,경상사고,0,0,1,0,차대차 - 기타,신호위반,건조,맑음,교차로 - 교차로안,승용,남,67세,상해없음,이륜,남,34세,경상
2013082500100209,2013년 8월 25일 12시,일요일,부산광역시 동구 범일동,경상사고,0,0,3,0,차대차 - 측면직각충돌,안전거리미확보,건조,맑음,단일로 - 기타,승용,남,63세,상해없음,승합,남,53세,상해없음
2013082500100210,2013년 8월 25일 12시,일요일,부산광역시 북구 덕천동,부상신고사고,0,0,0,1,차대차 - 추돌 - 주정차중,안전운전불이행,건조,맑음,교차로 - 교차로부근,승용,남,56세,상해없음,이륜,남,37세,부상신고
2013082500100212,2013년 8월 25일 12시,일요일,부산광역시 부산진구 개금동,중상사고,0,1,0,0,차량단독 - 기타,기타,건조,맑음,단일로 - 기타,승합,남,54세,상해없음,,,,
2013082500100237,2013년 8월 25일 13시,일요일,부산광역시 수영구 광안동,중상사고,0,1,0,0,차대사람 - 기타,안전운전불이행,건조,맑음,단일로 - 기타,승용,남,40세,상해없음,보행자,여,57세,중상
2013082500100238,2013년 8월 25일 13시,일요일,부산광역시 동래구 안락동,중상사고,0,1,0,0,차대사람 - 횡단중,안전운전불이행,건조,맑음,단일로 - 기타,승용,남,29세,상해없음,보행자,남,10세,중상
2013082500100267,2013년 8월 25일 14시,일요일,부산광역시 중구 부평동1가,중상사고,0,1,0,0,차대차 - 측면직각충돌,교차로운행방법위반,건조,맑음,교차로 - 교차로안,승용,남,53세,상해없음,원동기,남,22세,중상
2013082500100268,2013년 8월 25일 14시,일요일,부산광역시 금정구 부곡동,중상사고,0,1,0,0,차대차 - 기타,신호위반,건조,맑음,단일로 - 기타,승용,남,53세,상해없음,자전거,남,15세,중상
2013082500100290,2013년 8월 25일 15시,일요일,부산광역시 사하구 괴정동,경상사고,0,0,1,0,차대차 - 기타,안전거리미확보,건조,맑음,단일로 - 기타,승용,여,46세,상해없음,이륜,남,26세,경상
2013082500100360,2013년 8월 25일 17시,일요일,부산광역시 북구 화명동,경상사고,0,0,1,0,차대사람 - 기타,보행자보호의무위반,건조,맑음,단일로 - 기타,승용,남,47세,상해없음,보행자,여,71세,경상
2013082500100361,2013년 8월 25일 17시,일요일,부산광역시 북구 구포동,중상사고,0,1,0,0,차대차 - 측면직각충돌,교차로운행방법위반,건조,맑음,교차로 - 교차로안,이륜,남,59세,중상,승합,남,65세,상해없음
2013082500100362,2013년 8월 25일 17시,일요일,부산광역시 강서구 범방동,경상사고,0,0,1,0,차대사람 - 기타,안전운전불이행,건조,맑음,단일로 - 기타,승용,남,52세,상해없음,보행자,남,24세,경상
2013082500100405,2013년 8월 25일 18시,일요일,부산광역시 동구 범일동,중상사고,0,1,0,0,차대사람 - 횡단중,안전운전불이행,건조,맑음,단일로 - 기타,승용,남,30세,상해없음,보행자,남,90세,중상
2013082500100406,2013년 8월 25일 18시,일요일,부산광역시 해운대구 중동,중상사고,0,1,0,0,차대차 - 측면직각충돌,신호위반,건조,맑음,단일로 - 횡단보도상,승합,남,54세,상해없음,자전거,남,11세,중상
2013082500100407,2013년 8월 25일 18시,일요일,부산광역시 사상구 삼락동,경상사고,0,0,1,0,차대차 - 측면직각충돌,안전운전불이행,건조,맑음,기타 - 기타,승용,남,51세,상해없음,승용,남,27세,경상
2013082500100425,2013년 8월 25일 19시,일요일,부산광역시 동래구 명륜동,경상사고,0,0,1,0,차대사람 - 길가장자리구역통행중,안전운전불이행,건조,맑음,단일로 - 기타,승용,여,34세,상해없음,보행자,여,34세,경상
2013082500100426,2013년 8월 25일 19시,일요일,부산광역시 금정구 부곡동,중상사고,0,1,1,0,차대사람 - 횡단중,신호위반,건조,맑음,단일로 - 횡단보도상,승용,남,67세,상해없음,보행자,남,58세,중상
2013082500100442,2013년 8월 25일 20시,일요일,부산광역시 해운대구 반여동,부상신고사고,0,0,0,1,차대사람 - 기타,안전운전불이행,건조,맑음,단일로 - 기타,승용,여,42세,상해없음,보행자,남,59세,부상신고
2013082500100478,2013년 8월 25일 21시,일요일,부산광역시 해운대구 우동,중상사고,0,1,1,0,차대차 - 추돌 - 진행중,안전거리미확보,건조,맑음,단일로 - 기타,승합,남,29세,상해없음,승용,남,64세,경상
2013082500100479,2013년 8월 25일 21시,일요일,부산광역시 사상구 괘법동,경상사고,0,0,1,0,차대사람 - 길가장자리구역통행중,안전운전불이행,건조,맑음,교차로 - 교차로부근,승용,남,54세,상해없음,보행자,남,37세,경상
2013082500100502,2013년 8월 25일 22시,일요일,부산광역시 강서구 봉림동,중상사고,0,1,0,0,차대차 - 기타,안전운전불이행,건조,맑음,교차로 - 교차로부근,승용,여,52세,상해없음,승용,남,47세,중상
2013082500100518,2013년 8월 25일 23시,일요일,부산광역시 남구 대연동,부상신고사고,0,0,0,1,차대사람 - 기타,안전운전불이행,건조,맑음,단일로 - 기타,자전거,남,23세,상해없음,보행자,여,46세,부상신고
2013082600100021,2013년 8월 26일 03시,월요일,부산광역시 중구 부평동1가,중상사고,0,1,0,0,차대사람 - 횡단중,안전운전불이행,건조,맑음,교차로 - 교차로안,승용,남,65세,상해없음,보행자,남,47세,중상
2013082600100022,2013년 8월 26일 03시,월요일,부산광역시 동구 초량동,중상사고,0,1,0,0,차대사람 - 기타,안전운전불이행,건조,맑음,기타 - 기타,승용,남,22세,상해없음,보행자,여,64세,중상
2013082600100023,2013년 8월 26일 03시,월요일,부산광역시 수영구 수영동,경상사고,0,0,1,0,차대차 - 추돌 - 주정차중,안전운전불이행,건조,맑음,교차로 - 교차로부근,승용,남,57세,상해없음,승용,남,65세,경상
2013082600100037,2013년 8월 26일 05시,월요일,부산광역시 사상구 감전동,사망사고,1,0,0,0,차대차 - 기타,신호위반,건조,맑음,교차로 - 교차로안,원동기,남,70세,상해없음,화물,남,56세,상해없음
2013082600100041,2013년 8월 26일 06시,월요일,부산광역시 부산진구 부전동,경상사고,0,0,1,0,차대사람 - 횡단중,안전운전불이행,건조,맑음,단일로 - 기타,승용,남,22세,상해없음,보행자,남,19세,경상
2013082600100065,2013년 8월 26일 07시,월요일,부산광역시 강서구 대저1동,중상사고,0,1,2,0,차대차 - 추돌 - 주정차중,안전운전불이행,건조,맑음,교차로 - 교차로부근,승용,남,30세,상해없음,승용,남,22세,경상
2013082600100104,2013년 8월 26일 08시,월요일,부산광역시 해운대구 중동,경상사고,0,0,1,0,차대사람 - 길가장자리구역통행중,안전운전불이행,건조,맑음,단일로 - 기타,승용,여,45세,상해없음,보행자,여,42세,경상
2013082600100105,2013년 8월 26일 08시,월요일,부산광역시 부산진구 부암동,중상사고,0,1,0,0,차대차 - 기타,신호위반,기타,맑음,교차로 - 교차로안,승용,남,61세,상해없음,승용,여,32세,중상
2013082600100106,2013년 8월 26일 08시,월요일,부산광역시 사하구 장림동,중상사고,0,3,0,0,차대차 - 측면직각충돌,안전운전불이행,건조,맑음,미분류 - 미분류,승용,여,36세,중상,화물,남,52세,중상
2013082600100107,2013년 8월 26일 08시,월요일,부산광역시 사상구 감전동,중상사고,0,1,0,0,차대사람 - 횡단중,안전운전불이행,건조,맑음,교차로 - 교차로부근,화물,남,57세,상해없음,보행자,여,73세,중상
2013082600100163,2013년 8월 26일 10시,월요일,부산광역시 해운대구 반여동,경상사고,0,0,1,0,차대차 - 측면직각충돌,교차로운행방법위반,건조,맑음,교차로 - 교차로안,화물,남,57세,상해없음,이륜,남,17세,경상
2013082600100164,2013년 8월 26일 10시,월요일,부산광역시 부산진구 부전동,중상사고,0,1,0,0,차대차 - 측면직각충돌,신호위반,건조,맑음,교차로 - 교차로안,원동기,남,23세,중상,승용,여,44세,상해없음
2013082600100165,2013년 8월 26일 10시,월요일,부산광역시 사상구 엄궁동,중상사고,0,1,1,0,차대차 - 추돌 - 주정차중,안전거리미확보,건조,맑음,교차로 - 교차로안,이륜,남,32세,중상,승용,남,35세,경상
2013082600100187,2013년 8월 26일 11시,월요일,부산광역시 북구 화명동,중상사고,0,1,0,0,차대차 - 측면직각충돌,신호위반,건조,맑음,교차로 - 교차로부근,화물,남,55세,상해없음,이륜,남,32세,중상
2013082600100188,2013년 8월 26일 11시,월요일,부산광역시 사상구 괘법동,중상사고,0,1,1,0,차대차 - 추돌 - 진행중,안전거리미확보,건조,맑음,교차로 - 교차로안,화물,남,32세,상해없음,승용,남,40세,경상
2013082600100189,2013년 8월 26일 11시,월요일,부산광역시 기장군 정관면,경상사고,0,0,1,0,차대차 - 측면직각충돌,안전운전불이행,건조,맑음,교차로 - 교차로부근,이륜,남,36세,경상,승용,여,22세,상해없음
2013082600100220,2013년 8월 26일 12시,월요일,부산광역시 수영구 남천동,경상사고,0,0,1,0,차대사람 - 기타,안전운전불이행,건조,맑음,기타 - 기타,승용,여,45세,상해없음,보행자,남,59세,경상
2013082600100221,2013년 8월 26일 12시,월요일,부산광역시 동래구 명장동,중상사고,0,1,0,0,차대차 - 측면직각충돌,안전운전불이행,건조,맑음,단일로 - 기타,원동기,남,23세,상해없음,승용,남,32세,상해없음
2013082600100222,2013년 8월 26일 12시,월요일,부산광역시 해운대구 우동,중상사고,0,1,1,0,차대차 - 추돌 - 주정차중,안전운전불이행,기타,맑음,기타 - 기타,승용,남,26세,상해없음,승용,남,53세,중상
2013082600100223,2013년 8월 26일 12시,월요일,부산광역시 사상구 덕포동,경상사고,0,0,1,1,차대차 - 정면충돌,안전운전불이행,건조,맑음,단일로 - 기타,승용,남,41세,부상신고,승용,여,29세,경상
2013082600100293,2013년 8월 26일 14시,월요일,부산광역시 해운대구 반여동,경상사고,0,0,1,0,차대사람 - 차도통행중,안전운전불이행,건조,맑음,단일로 - 기타,승용,남,48세,상해없음,보행자,여,61세,경상
2013082600100294,2013년 8월 26일 14시,월요일,부산광역시 연제구 연산동,중상사고,0,1,0,0,차량단독 - 기타,기타,건조,맑음,단일로 - 기타,승합,남,53세,상해없음,,,,
2013082600100321,2013년 8월 26일 15시,월요일,부산광역시 부산진구 부전동,중상사고,0,1,0,0,차대차 - 측면직각충돌,안전거리미확보,건조,맑음,단일로 - 기타,화물,남,25세,상해없음,승용,여,39세,중상
2013082600100359,2013년 8월 26일 16시,월요일,부산광역시 해운대구 반여동,경상사고,0,0,1,0,차대차 - 측면직각충돌,안전운전불이행,건조,맑음,단일로 - 기타,원동기,남,24세,경상,화물,남,48세,상해없음
2013082600100360,2013년 8월 26일 16시,월요일,부산광역시 부산진구 당감동,경상사고,0,0,1,0,차대차 - 기타,안전운전불이행,건조,맑음,단일로 - 기타,승용,여,39세,기타불명,승용,여,30세,경상
2013082600100397,2013년 8월 26일 17시,월요일,부산광역시 해운대구 반송동,경상사고,0,0,1,0,차대차 - 추돌 - 진행중,안전운전불이행,건조,맑음,단일로 - 기타,승용,남,68세,상해없음,승용,남,40세,경상
2013082600100398,2013년 8월 26일 17시,월요일,부산광역시 금정구 청룡동,중상사고,0,1,0,0,차대차 - 추돌 - 주정차중,안전운전불이행,건조,맑음,기타 - 기타,승용,남,59세,상해없음,승용,남,31세,중상
2013082600100444,2013년 8월 26일 18시,월요일,부산광역시 북구 만덕동,경상사고,0,0,3,0,차대차 - 측면직각충돌,교차로운행방법위반,건조,맑음,교차로 - 교차로안,승용,여,44세,상해없음,승용,남,51세,경상
2013082600100445,2013년 8월 26일 18시,월요일,부산광역시 금정구 두구동,경상사고,0,0,1,0,차대사람 - 기타,안전운전불이행,건조,맑음,단일로 - 기타,승용,여,42세,기타불명,보행자,남,36세,경상
2013082600100446,2013년 8월 26일 18시,월요일,부산광역시 사상구 삼락동,경상사고,0,0,1,0,차대사람 - 차도통행중,안전운전불이행,건조,맑음,단일로 - 횡단보도부근,승용,기타불명,기타불명,기타불명,보행자,남,63세,경상
2013082600100489,2013년 8월 26일 19시,월요일,부산광역시 금정구 장전동,중상사고,0,1,0,0,차대사람 - 기타,안전운전불이행,건조,맑음,교차로 - 교차로안,승용,여,51세,상해없음,보행자,남,10세,중상
2013082600100599,2013년 8월 26일 22시,월요일,부산광역시 수영구 남천동,부상신고사고,0,0,0,1,차대차 - 측면직각충돌,안전운전불이행,건조,맑음,교차로 - 교차로부근,승합,기타불명,기타불명,기타불명,자전거,남,14세,부상신고
2013082600100600,2013년 8월 26일 22시,월요일,부산광역시 해운대구 반여동,경상사고,0,0,1,0,차대차 - 측면직각충돌,교차로운행방법위반,건조,맑음,교차로 - 교차로안,승용,남,66세,상해없음,승용,남,68세,상해없음
2013082700100002,2013년 8월 27일 00시,화요일,부산광역시 사하구 괴정동,사망사고,1,0,0,0,차대사람 - 기타,기타,건조,맑음,교차로 - 교차로부근,승용,남,31세,상해없음,보행자,남,60세,사망
2013082700100037,2013년 8월 27일 02시,화요일,부산광역시 수영구 광안동,경상사고,0,0,1,0,차대사람 - 횡단중,안전운전불이행,건조,맑음,단일로 - 횡단보도부근,이륜,남,23세,상해없음,보행자,남,41세,경상
2013082700100038,2013년 8월 27일 02시,화요일,부산광역시 동래구 온천동,중상사고,0,1,0,0,차대사람 - 횡단중,안전운전불이행,건조,맑음,단일로 - 횡단보도상,화물,남,68세,상해없음,보행자,남,42세,중상
2013082700100055,2013년 8월 27일 04시,화요일,부산광역시 사하구 괴정동,중상사고,0,1,0,3,차대차 - 측면직각충돌,차로위반,건조,맑음,단일로 - 기타,승용,남,56세,상해없음,승용,남,55세,중상
2013082700100067,2013년 8월 27일 06시,화요일,부산광역시 북구 구포동,경상사고,0,0,1,0,차대사람 - 횡단중,신호위반,건조,맑음,기타 - 기타,승용,남,28세,상해없음,보행자,여,45세,경상
2013082700100083,2013년 8월 27일 07시,화요일,부산광역시 사하구 신평동,경상사고,0,0,1,0,차대차 - 측면직각충돌,안전운전불이행,건조,맑음,단일로 - 기타,승합,남,54세,상해없음,자전거,남,67세,경상
2013082700100110,2013년 8월 27일 08시,화요일,부산광역시 기장군 정관면,경상사고,0,0,1,0,차대사람 - 기타,안전운전불이행,건조,맑음,단일로 - 기타,건설기계,남,50세,상해없음,보행자,남,45세,경상
2013082700100208,2013년 8월 27일 11시,화요일,부산광역시 동래구 명장동,경상사고,0,0,1,0,차대차 - 추돌 - 진행중,안전거리미확보,건조,맑음,단일로 - 횡단보도부근,승용,여,42세,상해없음,원동기,남,73세,경상
2013082700100209,2013년 8월 27일 11시,화요일,부산광역시 부산진구 부전동,중상사고,0,1,0,0,차대사람 - 기타,안전운전불이행,건조,맑음,단일로 - 기타,승용,남,31세,상해없음,보행자,여,46세,중상
2013082700100210,2013년 8월 27일 11시,화요일,부산광역시 부산진구 양정동,경상사고,0,0,1,0,차대차 - 기타,안전운전불이행,건조,맑음,단일로 - 기타,화물,남,58세,상해없음,승용,남,35세,경상
2013082700100233,2013년 8월 27일 12시,화요일,부산광역시 남구 대연동,중상사고,0,1,2,0,차대차 - 측면직각충돌,기타,건조,맑음,교차로 - 교차로안,승용,남,24세,중상,승용,남,42세,경상
2013082700100255,2013년 8월 27일 13시,화요일,부산광역시 연제구 연산동,경상사고,0,0,1,0,차대차 - 기타,안전운전불이행,건조,맑음,단일로 - 기타,이륜,기타불명,35세,기타불명,승용,남,67세,상해없음
2013082700100281,2013년 8월 27일 14시,화요일,부산광역시 금정구 부곡동,중상사고,0,1,0,0,차대차 - 추돌 - 진행중,안전운전불이행,건조,맑음,단일로 - 기타,승용,여,56세,상해없음,승용,남,49세,중상
2013082700100282,2013년 8월 27일 14시,화요일,부산광역시 기장군 장안읍,중상사고,0,1,0,1,차대차 - 기타,안전운전불이행,건조,맑음,교차로 - 교차로안,화물,남,57세,상해없음,승용,여,54세,중상
2013082700100325,2013년 8월 27일 16시,화요일,부산광역시 동구 범일동,중상사고,0,1,0,0,차대사람 - 횡단중,안전운전불이행,건조,맑음,단일로 - 기타,화물,남,45세,상해없음,보행자,남,65세,중상
2013082700100326,2013년 8월 27일 16시,화요일,부산광역시 남구 대연동,중상사고,0,1,0,0,차대차 - 측면직각충돌,안전운전불이행,건조,맑음,단일로 - 기타,승용,여,40세,상해없음,자전거,남,40세,중상
2013082700100327,2013년 8월 27일 16시,화요일,부산광역시 금정구 부곡동,경상사고,0,0,1,1,차대차 - 측면직각충돌,직진우회전진행방해,건조,맑음,교차로 - 교차로부근,화물,남,30세,상해없음,승용,남,54세,경상
2013082700100350,2013년 8월 27일 17시,화요일,부산광역시 북구 구포동,중상사고,0,1,0,0,차대차 - 측면직각충돌,안전운전불이행,건조,맑음,단일로 - 기타,승용,남,32세,상해없음,원동기,남,66세,중상
2013082700100351,2013년 8월 27일 17시,화요일,부산광역시 동래구 명장동,중상사고,0,1,0,0,차대사람 - 횡단중,안전운전불이행,건조,맑음,단일로 - 기타,원동기,남,16세,상해없음,보행자,여,70세,중상
2013082700100352,2013년 8월 27일 17시,화요일,부산광역시 동래구 온천동,경상사고,0,0,1,0,차대차 - 기타,기타,건조,맑음,단일로 - 기타,승합,남,38세,상해없음,승용,남,37세,상해없음
2013082700100353,2013년 8월 27일 17시,화요일,부산광역시 금정구 남산동,경상사고,0,0,1,0,차대사람 - 기타,안전운전불이행,건조,맑음,단일로 - 기타,승용,기타불명,기타불명,기타불명,보행자,여,60세,경상
2013082700100354,2013년 8월 27일 17시,화요일,부산광역시 사하구 구평동,중상사고,0,3,0,0,차대차 - 기타,중앙선침범,건조,맑음,단일로 - 기타,원동기,남,52세,중상,원동기,남,51세,중상
2013082700100388,2013년 8월 27일 18시,화요일,부산광역시 사상구 엄궁동,경상사고,0,0,1,0,차대차 - 추돌 - 진행중,직진우회전진행방해,건조,맑음,교차로 - 교차로안,화물,남,40세,상해없음,승용,여,53세,경상
2013082700100389,2013년 8월 27일 18시,화요일,부산광역시 기장군 정관면,부상신고사고,0,0,0,1,차대사람 - 횡단중,안전운전불이행,건조,흐림,단일로 - 기타,승용,여,41세,상해없음,보행자,여,10세,부상신고
2013082700100434,2013년 8월 27일 19시,화요일,부산광역시 금정구 금사동,경상사고,0,0,1,0,차대사람 - 기타,안전운전불이행,건조,맑음,단일로 - 기타,기타불명,기타불명,기타불명,기타불명,보행자,남,47세,경상
2013082700100465,2013년 8월 27일 20시,화요일,부산광역시 해운대구 좌동,경상사고,0,0,1,0,차대차 - 추돌 - 주정차중,안전거리미확보,건조,맑음,단일로 - 기타,승용,남,33세,상해없음,승용,남,29세,경상
2013082700100492,2013년 8월 27일 21시,화요일,부산광역시 금정구 부곡동,중상사고,0,1,0,0,차대사람 - 차도통행중,안전운전불이행,건조,맑음,단일로 - 기타,승용,남,57세,상해없음,보행자,여,17세,중상
2013082700100518,2013년 8월 27일 22시,화요일,부산광역시 부산진구 범천동,경상사고,0,0,1,0,차대차 - 기타,신호위반,기타,맑음,교차로 - 교차로안,승용,여,42세,상해없음,승용,남,38세,경상
2013082700100519,2013년 8월 27일 22시,화요일,부산광역시 금정구 장전동,경상사고,0,0,2,0,차대차 - 측면직각충돌,안전운전불이행,건조,맑음,단일로 - 기타,승용,남,51세,상해없음,이륜,남,71세,경상
2013082700100534,2013년 8월 27일 23시,화요일,부산광역시 해운대구 반여동,부상신고사고,0,0,0,1,차대차 - 추돌 - 진행중,안전운전불이행,건조,맑음,단일로 - 기타,승용,남,24세,상해없음,승용,남,50세,부상신고
2013082700100535,2013년 8월 27일 23시,화요일,부산광역시 사하구 하단동,중상사고,0,1,0,0,차대사람 - 기타,안전운전불이행,건조,맑음,기타 - 기타,승용,남,47세,상해없음,보행자,남,19세,중상
2013082800100005,2013년 8월 28일 00시,수요일,부산광역시 금정구 부곡동,사망사고,1,0,0,0,차대사람 - 횡단중,안전운전불이행,건조,맑음,단일로 - 횡단보도상,승용,남,26세,상해없음,보행자,남,59세,사망
2013082800100006,2013년 8월 28일 00시,수요일,부산광역시 기장군 기장읍,부상신고사고,0,0,0,1,차대사람 - 보도통행중,안전운전불이행,건조,맑음,단일로 - 기타,기타불명,기타불명,기타불명,기타불명,보행자,남,29세,부상신고
2013082800100018,2013년 8월 28일 01시,수요일,부산광역시 해운대구 우동,중상사고,0,2,1,0,차대차 - 측면직각충돌,신호위반,건조,맑음,교차로 - 교차로안,원동기,남,25세,상해없음,승용,여,32세,경상
2013082800100033,2013년 8월 28일 03시,수요일,부산광역시 부산진구 범천동,경상사고,0,0,1,0,차대차 - 측면직각충돌,안전운전불이행,건조,맑음,단일로 - 기타,승용,남,44세,상해없음,승용,남,23세,상해없음
2013082800100041,2013년 8월 28일 04시,수요일,부산광역시 사하구 괴정동,중상사고,0,1,2,0,차대차 - 기타,안전운전불이행,건조,맑음,단일로 - 기타,승용,남,28세,상해없음,승용,남,45세,경상
2013082800100051,2013년 8월 28일 05시,수요일,부산광역시 금정구 구서동,경상사고,0,0,1,0,차대차 - 추돌 - 주정차중,안전거리미확보,건조,맑음,교차로 - 교차로부근,승용,남,25세,상해없음,승용,남,66세,경상
2013082800100059,2013년 8월 28일 06시,수요일,부산광역시 북구 화명동,경상사고,0,0,1,0,차대차 - 추돌 - 진행중,안전운전불이행,건조,맑음,단일로 - 기타,이륜,남,29세,경상,승용,남,48세,상해없음
2013082800100078,2013년 8월 28일 07시,수요일,부산광역시 영도구 대교동1가,중상사고,0,1,0,0,차대차 - 추돌 - 진행중,신호위반,건조,맑음,단일로 - 기타,승용,남,31세,상해없음,이륜,남,36세,중상
2013082800100079,2013년 8월 28일 07시,수요일,부산광역시 부산진구 연지동,중상사고,0,1,0,0,차대사람 - 횡단중,신호위반,건조,맑음,단일로 - 횡단보도상,화물,남,71세,상해없음,보행자,여,16세,중상
2013082800100100,2013년 8월 28일 08시,수요일,부산광역시 남구 용당동,중상사고,0,2,1,0,차대차 - 측면직각충돌,안전운전불이행,건조,맑음,단일로 - 기타,승용,남,57세,상해없음,승용,남,36세,경상
2013082800100101,2013년 8월 28일 08시,수요일,부산광역시 해운대구 재송동,중상사고,0,1,0,0,차대사람 - 횡단중,안전운전불이행,건조,맑음,단일로 - 기타,승용,남,43세,상해없음,보행자,여,15세,중상
2013082800100140,2013년 8월 28일 09시,수요일,부산광역시 남구 대연동,경상사고,0,0,1,0,차대차 - 추돌 - 진행중,안전운전불이행,건조,맑음,단일로 - 기타,화물,남,37세,상해없음,승용,남,34세,경상
2013082800100141,2013년 8월 28일 09시,수요일,부산광역시 부산진구 양정동,경상사고,0,0,1,0,차대차 - 기타,안전거리미확보,기타,맑음,단일로 - 기타,승합,남,44세,상해없음,승용,여,34세,경상
2013082800100169,2013년 8월 28일 10시,수요일,부산광역시 동래구 낙민동,중상사고,0,1,1,0,차대차 - 측면직각충돌,안전거리미확보,건조,맑음,단일로 - 기타,승용,남,41세,상해없음,화물,남,35세,경상
2013082800100191,2013년 8월 28일 11시,수요일,부산광역시 남구 문현동,경상사고,0,0,1,0,차대차 - 측면직각충돌,교차로운행방법위반,건조,맑음,교차로 - 교차로안,승용,여,54세,상해없음,이륜,남,42세,경상
2013082800100245,2013년 8월 28일 13시,수요일,부산광역시 남구 문현동,경상사고,0,0,1,0,차대차 - 기타,교차로운행방법위반,건조,맑음,교차로 - 교차로안,승용,여,60세,상해없음,승용,남,66세,경상
2013082800100282,2013년 8월 28일 14시,수요일,부산광역시 연제구 거제동,중상사고,0,1,0,0,차대사람 - 차도통행중,안전운전불이행,건조,맑음,교차로 - 교차로안,승용,남,55세,상해없음,보행자,여,61세,중상
2013082800100316,2013년 8월 28일 15시,수요일,부산광역시 해운대구 우동,중상사고,0,1,0,0,차대차 - 측면직각충돌,안전거리미확보,건조,맑음,교차로 - 교차로부근,승용,남,64세,상해없음,원동기,남,32세,중상
2013082800100317,2013년 8월 28일 15시,수요일,부산광역시 사하구 괴정동,중상사고,0,1,0,0,차대사람 - 횡단중,안전운전불이행,건조,맑음,단일로 - 기타,승용,여,51세,상해없음,보행자,남,14세,중상
2013082800100347,2013년 8월 28일 16시,수요일,부산광역시 금정구 노포동,경상사고,0,0,1,0,차대사람 - 횡단중,신호위반,건조,맑음,단일로 - 기타,승용,여,47세,상해없음,보행자,여,31세,경상
2013082800100380,2013년 8월 28일 17시,수요일,부산광역시 동래구 안락동,경상사고,0,0,1,0,차대사람 - 횡단중,보행자보호의무위반,건조,맑음,교차로 - 교차로안,승용,남,34세,상해없음,보행자,여,64세,경상
2013082800100381,2013년 8월 28일 17시,수요일,부산광역시 동래구 사직동,경상사고,0,0,1,0,차대사람 - 기타,안전운전불이행,건조,맑음,교차로 - 교차로안,승용,여,55세,상해없음,보행자,여,58세,경상
2013082800100382,2013년 8월 28일 17시,수요일,부산광역시 해운대구 우동,경상사고,0,0,1,0,차대차 - 측면직각충돌,안전거리미확보,건조,맑음,교차로 - 교차로부근,승용,남,24세,상해없음,승용,남,30세,경상
2013082800100383,2013년 8월 28일 17시,수요일,부산광역시 부산진구 초읍동,경상사고,0,0,2,0,차대차 - 기타,안전거리미확보,건조,맑음,단일로 - 기타,승용,남,33세,상해없음,화물,남,51세,경상
2013082800100384,2013년 8월 28일 17시,수요일,부산광역시 금정구 서동,중상사고,0,1,0,0,차대사람 - 기타,안전운전불이행,건조,맑음,단일로 - 기타,자전거,남,51세,상해없음,보행자,여,60세,중상
2013082800100385,2013년 8월 28일 17시,수요일,부산광역시 수영구 망미동,경상사고,0,0,1,0,차대차 - 기타,안전운전불이행,건조,맑음,교차로 - 교차로안,승용,여,32세,상해없음,승합,여,29세,경상
2013082800100386,2013년 8월 28일 17시,수요일,부산광역시 강서구 대저2동,중상사고,0,1,0,0,차대차 - 측면직각충돌,안전운전불이행,건조,맑음,단일로 - 기타,이륜,남,17세,상해없음,화물,남,55세,상해없음
2013082800100387,2013년 8월 28일 17시,수요일,부산광역시 사상구 감전동,경상사고,0,0,1,0,차대차 - 측면직각충돌,안전거리미확보,건조,맑음,단일로 - 기타,원동기,남,43세,경상,화물,남,31세,상해없음
2013082800100409,2013년 8월 28일 18시,수요일,부산광역시 영도구 동삼동,경상사고,0,0,1,0,차대차 - 기타,안전운전불이행,건조,맑음,교차로 - 교차로부근,승합,여,46세,상해없음,승용,여,24세,경상
2013082800100410,2013년 8월 28일 18시,수요일,부산광역시 금정구 부곡동,부상신고사고,0,0,0,2,차대차 - 정면충돌,안전운전불이행,건조,맑음,교차로 - 교차로안,승용,여,32세,부상신고,이륜,남,26세,부상신고
2013082800100411,2013년 8월 28일 18시,수요일,부산광역시 사상구 덕포동,경상사고,0,0,1,0,차대차 - 기타,안전운전불이행,건조,맑음,단일로 - 기타,승합,여,58세,상해없음,승용,남,32세,경상
2013082800100458,2013년 8월 28일 19시,수요일,부산광역시 해운대구 좌동,중상사고,0,1,1,0,차대차 - 기타,안전거리미확보,기타,맑음,기타 - 기타,승용,남,59세,상해없음,승용,남,65세,경상