사고번호,사고일시,요일,시군구,사고내용,사망자수,중상자수,경상자수,부상신고자수,사고유형,법규위반,노면상태,기상상태,도로형태,가해운전자 차종,가해운전자 성별,가해운전자 연령,가해운전자 상해정도,피해운전자 차종,피해운전자 성별,피해운전자 연령,피해운전자 상해정도
2013091800100505,2013년 9월 18일 23시,수요일,부산광역시 동래구 명장동,중상사고,0,1,1,0,차대사람 - 기타,안전운전불이행,건조,맑음,단일로 - 기타,승용,남,42세,상해없음,보행자,남,36세,중상
2013091800100506,2013년 9월 18일 23시,수요일,부산광역시 사하구 괴정동,중상사고,0,1,1,1,차대차 - 추돌 - 진행중,안전운전불이행,건조,맑음,단일로 - 기타,승용,남,63세,상해없음,승용,남,26세,부상신고
2013091900100002,2013년 9월 19일 00시,목요일,부산광역시 사하구 다대동,경상사고,0,0,1,0,차량단독 - 전도전복,안전운전불이행,건조,맑음,단일로 - 기타,이륜,남,17세,경상,,,,
2013091900100016,2013년 9월 19일 01시,목요일,부산광역시 금정구 장전동,경상사고,0,0,1,0,차대차 - 측면직각충돌,직진우회전진행방해,건조,맑음,교차로 - 교차로안,승용,남,27세,상해없음,승용,여,57세,경상
2013091900100060,2013년 9월 19일 08시,목요일,부산광역시 금정구 회동동,경상사고,0,0,3,0,차대차 - 추돌 - 진행중,안전거리미확보,건조,맑음,단일로 - 기타,승용,남,25세,상해없음,승용,남,43세,경상
2013091900100087,2013년 9월 19일 10시,목요일,부산광역시 남구 대연동,경상사고,0,0,1,0,차대차 - 추돌 - 진행중,안전운전불이행,건조,맑음,단일로 - 터널,승용,남,43세,상해없음,승용,남,43세,상해없음
2013091900100088,2013년 9월 19일 10시,목요일,부산광역시 남구 용호동,중상사고,0,1,1,0,차대차 - 추돌 - 진행중,안전운전불이행,건조,기타,단일로 - 기타,승용,남,22세,상해없음,승용,남,27세,중상
2013091900100119,2013년 9월 19일 12시,목요일,부산광역시 동구 초량동,경상사고,0,0,3,0,차대차 - 측면직각충돌,직진우회전진행방해,건조,맑음,교차로 - 교차로안,승용,남,31세,상해없음,승용,남,24세,경상
2013091900100120,2013년 9월 19일 12시,목요일,부산광역시 금정구 장전동,경상사고,0,0,3,0,차대차 - 측면직각충돌,신호위반,건조,맑음,교차로 - 교차로안,승용,남,57세,상해없음,승용,남,42세,상해없음
2013091900100152,2013년 9월 19일 13시,목요일,부산광역시 사상구 감전동,경상사고,0,0,2,0,차대차 - 측면직각충돌,직진우회전진행방해,건조,맑음,교차로 - 교차로안,승용,남,22세,경상,승용,남,38세,경상
2013091900100182,2013년 9월 19일 14시,목요일,부산광역시 강서구 죽동동,경상사고,0,0,1,0,차대차 - 측면직각충돌,차로위반,건조,맑음,교차로 - 교차로부근,승용,여,45세,상해없음,승용,여,39세,경상
2013091900100183,2013년 9월 19일 14시,목요일,부산광역시 사상구 엄궁동,경상사고,0,0,1,0,차대차 - 측면직각충돌,신호위반,건조,맑음,교차로 - 교차로안,승용,남,70세,상해없음,원동기,남,35세,경상
2013091900100184,2013년 9월 19일 14시,목요일,부산광역시 기장군 정관면,중상사고,0,3,0,0,차대사람 - 기타,안전운전불이행,건조,맑음,단일로 - 기타,승용,남,64세,상해없음,보행자,남,26세,중상
2013091900100185,2013년 9월 19일 14시,목요일,부산광역시 기장군 정관면,중상사고,0,1,0,0,차대차 - 측면직각충돌,안전거리미확보,건조,맑음,단일로 - 기타,승용,남,41세,상해없음,이륜,남,34세,중상
2013091900100211,2013년 9월 19일 15시,목요일,부산광역시 금정구 금사동,경상사고,0,0,1,0,차대차 - 기타,안전거리미확보,건조,맑음,단일로 - 기타,승용,남,25세,상해없음,승용,남,45세,상해없음
2013091900100212,2013년 9월 19일 15시,목요일,부산광역시 금정구 청룡동,경상사고,0,0,2,0,차대차 - 기타,안전운전불이행,건조,맑음,단일로 - 기타,승용,남,43세,상해없음,이륜,남,61세,경상
2013091900100213,2013년 9월 19일 15시,목요일,부산광역시 금정구 서동,경상사고,0,0,1,0,차대사람 - 기타,안전운전불이행,건조,맑음,단일로 - 기타,승용,남,46세,상해없음,보행자,남,2세,경상
2013091900100243,2013년 9월 19일 16시,목요일,부산광역시 사상구 주례동,경상사고,0,0,1,0,차대사람 - 횡단중,안전운전불이행,건조,맑음,교차로 - 교차로안,화물,남,48세,상해없음,보행자,남,46세,경상
2013091900100345,2013년 9월 19일 20시,목요일,부산광역시 남구 용호동,경상사고,0,0,1,0,차량단독 - 기타,안전운전불이행,건조,맑음,단일로 - 기타,승용,남,56세,상해없음,,,,
2013091900100370,2013년 9월 19일 21시,목요일,부산광역시 강서구 송정동,사망사고,1,0,0,0,차대사람 - 횡단중,안전운전불이행,건조,맑음,기타 - 기타,승용,남,37세,상해없음,보행자,남,68세,사망
2013091900100371,2013년 9월 19일 21시,목요일,부산광역시 기장군 철마면,경상사고,0,0,2,0,차대차 - 추돌 - 진행중,안전거리미확보,건조,맑음,단일로 - 기타,승용,남,65세,상해없음,승용,남,39세,경상
2013091900100396,2013년 9월 19일 22시,목요일,부산광역시 금정구 남산동,경상사고,0,0,1,0,차대차 - 추돌 - 주정차중,안전운전불이행,건조,맑음,단일로 - 횡단보도부근,승용,여,49세,상해없음,승용,남,56세,경상
2013091900100397,2013년 9월 19일 22시,목요일,부산광역시 강서구 대저1동,중상사고,0,1,0,0,차대차 - 기타,안전운전불이행,건조,맑음,단일로 - 기타,승용,남,19세,상해없음,승용,남,40세,상해없음
2013091900100415,2013년 9월 19일 23시,목요일,부산광역시 남구 문현동,경상사고,0,0,1,0,차대사람 - 길가장자리구역통행중,안전운전불이행,건조,맑음,단일로 - 기타,승용,남,36세,상해없음,보행자,여,34세,경상
2013091900100416,2013년 9월 19일 23시,목요일,부산광역시 수영구 남천동,경상사고,0,0,1,0,차대사람 - 기타,신호위반,건조,맑음,단일로 - 기타,승용,남,37세,상해없음,보행자,남,70세,경상
2013091900100417,2013년 9월 19일 23시,목요일,부산광역시 부산진구 개금동,사망사고,1,4,1,0,차대차 - 측면직각충돌,안전운전불이행,건조,맑음,교차로 - 교차로안,승용,여,32세,중상,승용,남,52세,중상
2013092000100006,2013년 9월 20일 00시,금요일,부산광역시 영도구 동삼동,경상사고,0,0,1,0,차대사람 - 차도통행중,안전운전불이행,건조,맑음,단일로 - 기타,승용,남,30세,상해없음,보행자,남,29세,경상
2013092000100029,2013년 9월 20일 02시,금요일,부산광역시 동래구 안락동,중상사고,0,1,0,0,차대사람 - 횡단중,보행자보호의무위반,건조,맑음,단일로 - 횡단보도상,승용,남,33세,상해없음,보행자,남,73세,중상
2013092000100030,2013년 9월 20일 02시,금요일,부산광역시 해운대구 우동,경상사고,0,0,2,0,차대사람 - 기타,보행자보호의무위반,건조,맑음,단일로 - 기타,승용,남,26세,상해없음,보행자,남,21세,경상
2013092000100037,2013년 9월 20일 03시,금요일,부산광역시 부산진구 부전동,경상사고,0,0,2,0,차대사람 - 기타,안전운전불이행,건조,맑음,단일로 - 기타,승용,남,20세,상해없음,보행자,남,27세,경상
2013092000100038,2013년 9월 20일 03시,금요일,부산광역시 기장군 기장읍,경상사고,0,0,1,0,차대차 - 측면직각충돌,교차로운행방법위반,건조,맑음,교차로 - 교차로안,승용,남,63세,상해없음,승용,남,64세,상해없음
2013092000100054,2013년 9월 20일 05시,금요일,부산광역시 북구 화명동,사망사고,1,0,0,0,차대차 - 추돌 - 주정차중,안전운전불이행,건조,맑음,단일로 - 기타,승용,남,25세,사망,화물,남,43세,기타불명
2013092000100065,2013년 9월 20일 06시,금요일,부산광역시 해운대구 좌동,경상사고,0,0,1,0,차대차 - 기타,안전거리미확보,건조,기타,단일로 - 기타,승용,남,22세,상해없음,승용,남,60세,경상
2013092000100078,2013년 9월 20일 08시,금요일,부산광역시 북구 화명동,경상사고,0,0,1,0,차대차 - 측면직각충돌,안전운전불이행,건조,맑음,교차로 - 교차로안,승용,남,63세,상해없음,승용,남,57세,경상
2013092000100079,2013년 9월 20일 08시,금요일,부산광역시 동래구 안락동,경상사고,0,0,1,0,차대차 - 추돌 - 진행중,안전거리미확보,건조,맑음,단일로 - 기타,승용,남,27세,상해없음,승용,남,38세,경상
2013092000100103,2013년 9월 20일 10시,금요일,부산광역시 강서구 명지동,경상사고,0,0,2,0,차대차 - 추돌 - 주정차중,안전운전불이행,건조,맑음,교차로 - 교차로부근,승용,남,69세,상해없음,화물,남,56세,경상
2013092000100115,2013년 9월 20일 11시,금요일,부산광역시 북구 덕천동,중상사고,0,1,1,0,차대차 - 추돌 - 주정차중,안전운전불이행,건조,맑음,기타 - 기타,승용,남,18세,상해없음,승용,남,65세,중상
2013092000100152,2013년 9월 20일 13시,금요일,부산광역시 동구 초량동,경상사고,0,0,1,0,차대사람 - 기타,안전운전불이행,건조,맑음,단일로 - 기타,승용,남,70세,상해없음,보행자,남,65세,경상
2013092000100177,2013년 9월 20일 14시,금요일,부산광역시 남구 우암동,경상사고,0,0,2,0,차대차 - 기타,신호위반,건조,맑음,단일로 - 기타,승용,남,47세,상해없음,화물,여,58세,경상
2013092000100210,2013년 9월 20일 15시,금요일,부산광역시 수영구 광안동,경상사고,0,0,2,0,차대차 - 기타,안전운전불이행,건조,맑음,단일로 - 기타,승용,남,24세,상해없음,승용,남,58세,경상
2013092000100211,2013년 9월 20일 15시,금요일,부산광역시 동래구 안락동,중상사고,0,1,0,0,차대사람 - 횡단중,보행자보호의무위반,건조,맑음,단일로 - 횡단보도상,승용,남,44세,상해없음,보행자,여,71세,중상
2013092000100212,2013년 9월 20일 15시,금요일,부산광역시 기장군 기장읍,중상사고,0,1,0,0,차대차 - 측면직각충돌,안전운전불이행,건조,맑음,미분류 - 미분류,승용,남,61세,상해없음,자전거,남,28세,중상
2013092000100257,2013년 9월 20일 17시,금요일,부산광역시 사상구 감전동,경상사고,0,0,2,0,차대차 - 측면직각충돌,교차로운행방법위반,건조,맑음,교차로 - 교차로안,승용,남,23세,상해없음,승용,남,46세,상해없음
2013092000100284,2013년 9월 20일 18시,금요일,부산광역시 해운대구 반여동,중상사고,0,1,0,0,차대차 - 측면직각충돌,교차로운행방법위반,건조,맑음,교차로 - 교차로안,승용,여,31세,상해없음,이륜,남,17세,중상
2013092000100285,2013년 9월 20일 18시,금요일,부산광역시 부산진구 부암동,부상신고사고,0,0,0,1,차대차 - 측면직각충돌,교차로운행방법위반,건조,맑음,교차로 - 교차로안,이륜,남,17세,부상신고,승용,남,43세,상해없음
2013092000100341,2013년 9월 20일 20시,금요일,부산광역시 동구 범일동,경상사고,0,0,1,0,차대사람 - 기타,안전운전불이행,건조,맑음,교차로 - 교차로부근,승용,남,64세,상해없음,보행자,남,63세,경상
2013092000100342,2013년 9월 20일 20시,금요일,부산광역시 부산진구 전포동,경상사고,0,0,1,0,차대차 - 기타,차로위반,건조,맑음,단일로 - 기타,승용,남,58세,상해없음,승용,남,54세,경상
2013092000100343,2013년 9월 20일 20시,금요일,부산광역시 사하구 하단동,중상사고,0,1,0,0,차대차 - 측면직각충돌,안전운전불이행,건조,맑음,단일로 - 기타,승용,남,41세,상해없음,이륜,남,41세,중상
2013092000100344,2013년 9월 20일 20시,금요일,부산광역시 기장군 기장읍,경상사고,0,0,1,0,차대차 - 기타,신호위반,건조,흐림,교차로 - 교차로부근,이륜,남,59세,상해없음,이륜,남,26세,경상
2013092000100362,2013년 9월 20일 21시,금요일,부산광역시 남구 감만동,중상사고,0,1,0,0,차대차 - 측면직각충돌,차로위반,건조,맑음,교차로 - 교차로부근,승용,남,36세,상해없음,원동기,남,33세,중상
2013092000100363,2013년 9월 20일 21시,금요일,부산광역시 해운대구 우동,부상신고사고,0,0,0,1,차대사람 - 차도통행중,안전운전불이행,건조,맑음,단일로 - 기타,승용,남,68세,상해없음,보행자,남,14세,부상신고
2013092000100364,2013년 9월 20일 21시,금요일,부산광역시 기장군 기장읍,경상사고,0,0,3,0,차대차 - 측면직각충돌,안전운전불이행,건조,맑음,단일로 - 기타,승용,남,44세,기타불명,승용,남,56세,경상
2013092000100385,2013년 9월 20일 22시,금요일,부산광역시 금정구 노포동,경상사고,0,0,1,0,차대사람 - 기타,안전운전불이행,건조,맑음,단일로 - 횡단보도상,승용,남,51세,상해없음,보행자,남,70세,경상
2013092100100047,2013년 9월 21일 03시,토요일,부산광역시 동래구 명장동,경상사고,0,0,1,0,차대차 - 측면직각충돌,안전거리미확보,건조,맑음,단일로 - 기타,승용,남,41세,상해없음,승용,남,21세,기타불명
2013092100100058,2013년 9월 21일 04시,토요일,부산광역시 서구 토성동3가,경상사고,0,0,1,0,차대차 - 추돌 - 주정차중,안전운전불이행,기타,기타,단일로 - 기타,승용,남,34세,상해없음,승용,여,56세,경상
2013092100100059,2013년 9월 21일 04시,토요일,부산광역시 부산진구 부암동,중상사고,0,1,0,0,차대차 - 기타,신호위반,건조,맑음,교차로 - 교차로안,원동기,남,25세,중상,승용,남,57세,상해없음
2013092100100060,2013년 9월 21일 04시,토요일,부산광역시 부산진구 부암동,중상사고,0,6,0,0,차대차 - 기타,안전운전불이행,건조,맑음,교차로 - 교차로안,승용,남,23세,상해없음,승용,여,29세,중상
2013092100100061,2013년 9월 21일 04시,토요일,부산광역시 부산진구 범천동,중상사고,0,3,0,0,차대차 - 기타,신호위반,건조,맑음,교차로 - 교차로안,승용,남,22세,상해없음,승용,남,57세,중상
2013092100100069,2013년 9월 21일 05시,토요일,부산광역시 부산진구 부전동,부상신고사고,0,0,0,1,차대차 - 기타,신호위반,건조,맑음,교차로 - 교차로안,자전거,남,72세,부상신고,승용,남,64세,상해없음
2013092100100070,2013년 9월 21일 05시,토요일,부산광역시 부산진구 연지동,부상신고사고,0,0,0,1,차대차 - 측면직각충돌,안전운전불이행,건조,맑음,교차로 - 교차로안,승용,남,32세,상해없음,승용,남,48세,부상신고
2013092100100071,2013년 9월 21일 05시,토요일,부산광역시 금정구 구서동,중상사고,0,1,1,0,차대차 - 측면직각충돌,안전운전불이행,건조,맑음,교차로 - 교차로안,승용,남,42세,상해없음,승용,남,46세,경상
2013092100100106,2013년 9월 21일 09시,토요일,부산광역시 사하구 장림동,경상사고,0,0,1,0,차대차 - 기타,안전거리미확보,건조,맑음,단일로 - 기타,승용,남,44세,상해없음,승용,남,55세,경상
2013092100100119,2013년 9월 21일 10시,토요일,부산광역시 북구 구포동,경상사고,0,0,3,0,차대차 - 측면직각충돌,안전운전불이행,건조,맑음,단일로 - 기타,화물,남,33세,상해없음,승용,남,56세,경상
2013092100100190,2013년 9월 21일 13시,토요일,부산광역시 금정구 구서동,중상사고,0,1,0,0,차대사람 - 횡단중,안전운전불이행,건조,맑음,교차로 - 교차로부근,승용,남,21세,상해없음,보행자,남,17세,중상
2013092100100191,2013년 9월 21일 13시,토요일,부산광역시 금정구 장전동,경상사고,0,0,2,2,차대차 - 측면직각충돌,교차로운행방법위반,건조,맑음,교차로 - 교차로안,승용,남,42세,경상,승용,남,45세,부상신고
2013092100100212,2013년 9월 21일 14시,토요일,부산광역시 북구 덕천동,경상사고,0,0,1,0,차대사람 - 기타,안전운전불이행,건조,맑음,단일로 - 기타,원동기,남,19세,상해없음,보행자,여,26세,경상
2013092100100213,2013년 9월 21일 14시,토요일,부산광역시 기장군 일광면,중상사고,0,1,5,0,차대차 - 측면직각충돌,신호위반,건조,맑음,교차로 - 교차로안,승용,남,50세,상해없음,승용,남,47세,경상
2013092100100235,2013년 9월 21일 15시,토요일,부산광역시 해운대구 좌동,중상사고,0,1,0,0,차대차 - 기타,중앙선침범,기타,맑음,단일로 - 횡단보도부근,승용,여,55세,상해없음,이륜,남,58세,중상
2013092100100236,2013년 9월 21일 15시,토요일,부산광역시 금정구 구서동,중상사고,0,1,1,1,차대차 - 측면직각충돌,교차로운행방법위반,건조,맑음,교차로 - 교차로안,승용,남,53세,상해없음,승용,남,66세,부상신고
2013092100100265,2013년 9월 21일 16시,토요일,부산광역시 부산진구 연지동,중상사고,0,1,1,0,차대차 - 기타,안전운전불이행,건조,맑음,단일로 - 기타,승용,여,49세,상해없음,승용,남,56세,경상
2013092100100294,2013년 9월 21일 17시,토요일,부산광역시 영도구 동삼동,중상사고,0,1,0,0,차대사람 - 기타,안전운전불이행,건조,맑음,단일로 - 기타,승용,남,38세,상해없음,보행자,여,58세,중상
2013092100100319,2013년 9월 21일 18시,토요일,부산광역시 남구 용호동,중상사고,0,1,0,0,차대차 - 기타,중앙선침범,건조,맑음,단일로 - 기타,승용,남,57세,상해없음,원동기,여,31세,중상
2013092100100342,2013년 9월 21일 19시,토요일,부산광역시 서구 서대신동3가,중상사고,0,1,0,0,차대사람 - 기타,안전운전불이행,기타,기타,단일로 - 기타,승용,기타불명,기타불명,기타불명,보행자,여,25세,중상
2013092100100412,2013년 9월 21일 21시,토요일,부산광역시 수영구 민락동,경상사고,0,0,6,0,차대차 - 기타,기타,건조,맑음,단일로 - 기타,승용,남,61세,상해없음,승용,여,28세,경상
2013092100100413,2013년 9월 21일 21시,토요일,부산광역시 북구 화명동,경상사고,0,0,4,0,차대차 - 추돌 - 주정차중,안전운전불이행,건조,맑음,교차로 - 교차로부근,승용,남,48세,상해없음,승용,남,61세,경상
2013092100100414,2013년 9월 21일 21시,토요일,부산광역시 연제구 거제동,경상사고,0,0,1,0,차대차 - 기타,안전운전불이행,건조,맑음,단일로 - 기타,승용,남,54세,상해없음,승용,남,25세,경상
2013092100100474,2013년 9월 21일 23시,토요일,부산광역시 동래구 명륜동,경상사고,0,0,1,0,차대사람 - 기타,기타,건조,맑음,단일로 - 기타,승용,남,50세,상해없음,보행자,남,19세,경상
2013092100100475,2013년 9월 21일 23시,토요일,부산광역시 금정구 부곡동,경상사고,0,0,1,0,차대차 - 추돌 - 진행중,안전거리미확보,건조,맑음,단일로 - 기타,원동기,남,18세,경상,승용,남,35세,상해없음
2013092100100476,2013년 9월 21일 23시,토요일,부산광역시 금정구 남산동,경상사고,0,0,1,0,차대차 - 추돌 - 주정차중,불법유턴,건조,맑음,단일로 - 기타,화물,남,48세,상해없음,승용,남,51세,경상
2013092200100003,2013년 9월 22일 00시,일요일,부산광역시 사하구 신평동,부상신고사고,0,0,0,1,차대차 - 정면충돌,중앙선침범,건조,맑음,교차로 - 교차로부근,승용,여,54세,상해없음,원동기,남,19세,부상신고
2013092200100029,2013년 9월 22일 02시,일요일,부산광역시 서구 충무동1가,중상사고,0,1,0,0,차대사람 - 기타,신호위반,건조,맑음,교차로 - 교차로안,승용,남,62세,상해없음,보행자,여,57세,중상
2013092200100044,2013년 9월 22일 03시,일요일,부산광역시 남구 대연동,경상사고,0,0,1,0,차대차 - 기타,안전거리미확보,건조,맑음,교차로 - 교차로부근,승용,남,53세,상해없음,승용,남,54세,경상
2013092200100063,2013년 9월 22일 05시,일요일,부산광역시 사상구 감전동,중상사고,0,1,0,0,차대사람 - 기타,안전운전불이행,건조,맑음,단일로 - 기타,기타불명,기타불명,기타불명,기타불명,보행자,남,48세,중상
2013092200100071,2013년 9월 22일 06시,일요일,부산광역시 북구 만덕동,중상사고,0,1,0,0,차량단독 - 전도전복,안전운전불이행,건조,맑음,단일로 - 기타,승용,여,27세,상해없음,,,,
2013092200100099,2013년 9월 22일 09시,일요일,부산광역시 부산진구 전포동,경상사고,0,0,1,0,차대사람 - 기타,안전운전불이행,건조,맑음,단일로 - 기타,승용,기타불명,기타불명,기타불명,보행자,여,81세,경상
2013092200100115,2013년 9월 22일 10시,일요일,부산광역시 수영구 광안동,중상사고,0,4,0,0,차대차 - 추돌 - 진행중,안전운전불이행,건조,맑음,단일로 - 기타,승용,남,51세,상해없음,승용,여,50세,중상
2013092200100116,2013년 9월 22일 10시,일요일,부산광역시 부산진구 부전동,경상사고,0,0,1,0,차대차 - 측면직각충돌,안전운전불이행,건조,맑음,교차로 - 교차로부근,승용,남,65세,상해없음,승용,남,75세,경상
2013092200100117,2013년 9월 22일 10시,일요일,부산광역시 부산진구 부암동,경상사고,0,0,1,0,차대사람 - 기타,신호위반,건조,맑음,단일로 - 횡단보도상,승용,남,49세,상해없음,보행자,여,31세,경상
2013092200100118,2013년 9월 22일 10시,일요일,부산광역시 금정구 청룡동,경상사고,0,0,1,0,차대사람 - 횡단중,보행자보호의무위반,건조,맑음,교차로 - 교차로안,승용,남,65세,상해없음,보행자,여,61세,경상
2013092200100149,2013년 9월 22일 12시,일요일,부산광역시 연제구 연산동,중상사고,0,1,0,0,차대사람 - 횡단중,안전운전불이행,건조,맑음,단일로 - 횡단보도상,승용,남,51세,상해없음,보행자,여,72세,중상
2013092200100167,2013년 9월 22일 13시,일요일,부산광역시 남구 용호동,중상사고,0,1,0,0,차량단독 - 기타,안전운전불이행,건조,맑음,단일로 - 기타,원동기,남,18세,상해없음,,,,
2013092200100168,2013년 9월 22일 13시,일요일,부산광역시 남구 대연동,중상사고,0,1,0,0,차대사람 - 횡단중,안전운전불이행,건조,맑음,교차로 - 교차로안,승용,여,25세,상해없음,보행자,남,30세,중상
2013092200100169,2013년 9월 22일 13시,일요일,부산광역시 북구 화명동,경상사고,0,0,1,0,차대사람 - 횡단중,안전운전불이행,건조,맑음,기타 - 기타,기타불명,기타불명,기타불명,기타불명,보행자,남,24세,경상
2013092200100214,2013년 9월 22일 15시,일요일,부산광역시 금정구 남산동,경상사고,0,0,1,0,차대사람 - 기타,안전운전불이행,습기,비,단일로 - 기타,승용,남,73세,상해없음,보행자,여,46세,경상
2013092200100215,2013년 9월 22일 15시,일요일,부산광역시 연제구 연산동,중상사고,0,1,0,0,차대차 - 추돌 - 주정차중,안전운전불이행,건조,맑음,단일로 - 기타,승용,남,48세,상해없음,승용,여,31세,중상
2013092200100216,2013년 9월 22일 15시,일요일,부산광역시 기장군 기장읍,중상사고,0,1,2,0,차대차 - 기타,중앙선침범,건조,맑음,교차로 - 교차로부근,승용,남,57세,상해없음,승용,남,51세,상해없음
2013092200100217,2013년 9월 22일 15시,일요일,부산광역시 기장군 철마면,중상사고,0,1,0,0,차대사람 - 기타,안전운전불이행,건조,흐림,단일로 - 기타,승용,여,52세,상해없음,보행자,여,51세,중상
2013092200100237,2013년 9월 22일 16시,일요일,부산광역시 해운대구 우동,경상사고,0,0,2,0,차대차 - 측면직각충돌,안전거리미확보,건조,맑음,단일로 - 교량,승용,남,46세,상해없음,승용,남,29세,상해없음
2013092200100238,2013년 9월 22일 16시,일요일,부산광역시 금정구 남산동,중상사고,0,1,0,0,차대차 - 기타,안전운전불이행,습기,비,교차로 - 교차로안,승용,여,50세,상해없음,자전거,남,43세,중상
2013092200100282,2013년 9월 22일 18시,일요일,부산광역시 중구 광복동2가,중상사고,0,1,0,0,차대사람 - 기타,안전운전불이행,건조,맑음,교차로 - 교차로부근,승용,남,30세,상해없음,보행자,여,28세,중상
2013092200100310,2013년 9월 22일 19시,일요일,부산광역시 해운대구 우동,경상사고,0,0,1,0,차대사람 - 길가장자리구역통행중,안전운전불이행,건조,맑음,단일로 - 기타,승용,여,39세,상해없음,보행자,남,62세,경상
2013092200100338,2013년 9월 22일 20시,일요일,부산광역시 강서구 송정동,경상사고,0,0,1,0,차대차 - 기타,신호위반,건조,맑음,교차로 - 교차로안,이륜,남,36세,상해없음,승용,남,32세,상해없음
2013092200100375,2013년 9월 22일 22시,일요일,부산광역시 해운대구 좌동,경상사고,0,0,1,0,차대차 - 추돌 - 진행중,안전운전불이행,건조,맑음,단일로 - 기타,승용,남,63세,상해없음,자전거,남,16세,경상
2013092300100003,2013년 9월 23일 00시,월요일,부산광역시 중구 영주동,중상사고,0,1,0,0,차대차 - 측면직각충돌,신호위반,건조,맑음,교차로 - 교차로안,승합,남,48세,상해없음,승용,남,48세,중상
2013092300100004,2013년 9월 23일 00시,월요일,부산광역시 남구 용호동,경상사고,0,0,1,0,차대차 - 추돌 - 주정차중,안전운전불이행,건조,맑음,교차로 - 교차로부근,승용,남,41세,상해없음,승용,남,53세,경상
2013092300100017,2013년 9월 23일 02시,월요일,부산광역시 사상구 덕포동,중상사고,0,1,2,0,차대사람 - 횡단중,신호위반,건조,맑음,단일로 - 횡단보도상,승용,여,46세,중상,보행자,남,75세,경상
2013092300100023,2013년 9월 23일 03시,월요일,부산광역시 해운대구 우동,사망사고,1,0,0,0,차량단독 - 공작물충돌,안전운전불이행,건조,맑음,단일로 - 교량,승용,남,39세,사망,,,,
2013092300100024,2013년 9월 23일 03시,월요일,부산광역시 사상구 덕포동,경상사고,0,0,1,0,차대사람 - 기타,안전운전불이행,건조,맑음,단일로 - 기타,승용,남,22세,상해없음,보행자,남,22세,경상
2013092300100028,2013년 9월 23일 04시,월요일,부산광역시 해운대구 우동,경상사고,0,0,1,0,차대차 - 기타,안전운전불이행,건조,맑음,단일로 - 기타,승용,남,34세,상해없음,승용,남,63세,경상
2013092300100033,2013년 9월 23일 05시,월요일,부산광역시 북구 구포동,중상사고,0,1,0,0,차대차 - 추돌 - 주정차중,안전운전불이행,건조,맑음,단일로 - 기타,승용,여,41세,중상,승용,남,38세,기타불명
2013092300100067,2013년 9월 23일 07시,월요일,부산광역시 북구 구포동,중상사고,0,1,0,0,차대차 - 기타,신호위반,건조,맑음,교차로 - 교차로안,승용,남,21세,상해없음,이륜,남,35세,중상
2013092300100099,2013년 9월 23일 08시,월요일,부산광역시 동래구 수안동,경상사고,0,0,1,0,차대사람 - 기타,안전운전불이행,건조,맑음,단일로 - 기타,승용,남,53세,상해없음,보행자,남,41세,경상
2013092300100100,2013년 9월 23일 08시,월요일,부산광역시 해운대구 재송동,경상사고,0,0,1,0,차대차 - 추돌 - 진행중,교차로운행방법위반,건조,맑음,교차로 - 교차로안,승용,여,37세,상해없음,승용,남,34세,경상
2013092300100135,2013년 9월 23일 09시,월요일,부산광역시 동래구 안락동,중상사고,0,1,0,0,차대사람 - 기타,신호위반,건조,맑음,교차로 - 교차로안,승용,여,34세,상해없음,보행자,여,64세,중상
2013092300100136,2013년 9월 23일 09시,월요일,부산광역시 해운대구 중동,경상사고,0,0,1,0,차대차 - 측면직각충돌,신호위반,건조,맑음,교차로 - 교차로부근,승용,남,50세,상해없음,자전거,여,45세,경상
2013092300100137,2013년 9월 23일 09시,월요일,부산광역시 연제구 연산동,경상사고,0,0,1,0,차대사람 - 보도통행중,기타,건조,맑음,단일로 - 기타,승용,남,21세,상해없음,보행자,남,31세,경상
2013092300100138,2013년 9월 23일 09시,월요일,부산광역시 사상구 주례동,중상사고,0,1,0,0,차대차 - 기타,신호위반,건조,맑음,교차로 - 교차로안,승용,여,65세,상해없음,승용,여,63세,중상
2013092300100168,2013년 9월 23일 10시,월요일,부산광역시 해운대구 좌동,경상사고,0,0,1,0,차대차 - 추돌 - 진행중,안전운전불이행,건조,맑음,단일로 - 기타,승용,여,28세,상해없음,화물,남,42세,경상
2013092300100222,2013년 9월 23일 12시,월요일,부산광역시 부산진구 당감동,부상신고사고,0,0,0,1,차대차 - 측면직각충돌,안전운전불이행,건조,맑음,교차로 - 교차로안,승용,남,53세,상해없음,이륜,남,51세,부상신고
2013092300100223,2013년 9월 23일 12시,월요일,부산광역시 기장군 일광면,경상사고,0,0,2,0,차대차 - 측면직각충돌,직진우회전진행방해,건조,맑음,교차로 - 교차로안,승용,여,38세,상해없음,승용,여,21세,경상
2013092300100251,2013년 9월 23일 13시,월요일,부산광역시 사상구 괘법동,경상사고,0,0,1,0,차대차 - 추돌 - 진행중,직진우회전진행방해,건조,맑음,교차로 - 교차로안,화물,남,18세,상해없음,승합,남,53세,경상
2013092300100252,2013년 9월 23일 13시,월요일,부산광역시 사상구 감전동,중상사고,0,1,0,0,차대차 - 측면직각충돌,중앙선침범,건조,맑음,단일로 - 기타,승용,남,52세,상해없음,원동기,남,43세,중상