사고번호,사고일시,요일,시군구,사고내용,사망자수,중상자수,경상자수,부상신고자수,사고유형,법규위반,노면상태,기상상태,도로형태,가해운전자 차종,가해운전자 성별,가해운전자 연령,가해운전자 상해정도,피해운전자 차종,피해운전자 성별,피해운전자 연령,피해운전자 상해정도
2013092700100392,2013년 9월 27일 16시,금요일,부산광역시 금정구 구서동,경상사고,0,0,1,0,차대차 - 추돌 - 진행중,안전거리미확보,건조,맑음,단일로 - 기타,이륜,남,19세,경상,승합,남,36세,상해없음
2013092700100424,2013년 9월 27일 17시,금요일,부산광역시 동구 범일동,경상사고,0,0,1,0,차대차 - 기타,안전운전불이행,건조,맑음,교차로 - 교차로부근,승용,남,59세,상해없음,승용,남,48세,경상
2013092700100425,2013년 9월 27일 17시,금요일,부산광역시 사하구 장림동,중상사고,0,1,0,0,차대차 - 측면직각충돌,안전거리미확보,건조,맑음,단일로 - 기타,승용,남,29세,상해없음,이륜,남,64세,중상
2013092700100426,2013년 9월 27일 17시,금요일,부산광역시 사하구 괴정동,경상사고,0,0,1,0,차량단독 - 기타,기타,건조,맑음,단일로 - 기타,승합,남,30세,상해없음,,,,
2013092700100427,2013년 9월 27일 17시,금요일,부산광역시 기장군 기장읍,경상사고,0,0,5,0,차대차 - 측면직각충돌,직진우회전진행방해,건조,맑음,교차로 - 교차로안,승용,남,55세,상해없음,승용,여,44세,경상
2013092700100473,2013년 9월 27일 18시,금요일,부산광역시 남구 문현동,중상사고,0,1,0,0,차대차 - 추돌 - 진행중,안전운전불이행,건조,맑음,교차로 - 교차로부근,승용,남,29세,상해없음,자전거,남,64세,중상
2013092700100474,2013년 9월 27일 18시,금요일,부산광역시 해운대구 우동,경상사고,0,0,4,0,차대차 - 정면충돌,신호위반,건조,맑음,교차로 - 교차로안,승용,남,20세,상해없음,승합,남,59세,상해없음
2013092700100475,2013년 9월 27일 18시,금요일,부산광역시 해운대구 반송동,경상사고,0,0,1,0,차대사람 - 기타,안전운전불이행,건조,맑음,단일로 - 기타,승용,남,34세,상해없음,보행자,남,63세,경상
2013092700100476,2013년 9월 27일 18시,금요일,부산광역시 사하구 하단동,중상사고,0,1,0,0,차량단독 - 기타,기타,건조,맑음,기타 - 기타,승용,남,59세,상해없음,,,,
2013092700100529,2013년 9월 27일 19시,금요일,부산광역시 사하구 괴정동,경상사고,0,0,3,0,차대차 - 기타,교차로운행방법위반,건조,맑음,교차로 - 교차로안,이륜,남,32세,상해없음,승용,여,39세,경상
2013092700100530,2013년 9월 27일 19시,금요일,부산광역시 강서구 신호동,중상사고,0,1,0,0,차대사람 - 보도통행중,기타,건조,흐림,단일로 - 기타,원동기,남,17세,상해없음,보행자,여,43세,중상
2013092700100531,2013년 9월 27일 19시,금요일,부산광역시 기장군 정관면,중상사고,0,1,0,1,차대차 - 추돌 - 진행중,안전운전불이행,건조,맑음,단일로 - 기타,이륜,남,20세,부상신고,승용,여,29세,중상
2013092700100624,2013년 9월 27일 21시,금요일,부산광역시 사하구 장림동,경상사고,0,0,2,0,차대차 - 기타,신호위반,건조,맑음,교차로 - 교차로안,이륜,남,60세,상해없음,승용,남,32세,경상
2013092700100625,2013년 9월 27일 21시,금요일,부산광역시 사상구 엄궁동,경상사고,0,0,2,0,차대차 - 측면직각충돌,교차로운행방법위반,건조,맑음,교차로 - 교차로안,승용,남,56세,상해없음,승용,남,54세,경상
2013092700100661,2013년 9월 27일 22시,금요일,부산광역시 수영구 광안동,중상사고,0,1,0,0,차대사람 - 기타,안전운전불이행,건조,맑음,교차로 - 교차로부근,승합,남,49세,상해없음,보행자,남,25세,중상
2013092700100662,2013년 9월 27일 22시,금요일,부산광역시 부산진구 양정동,경상사고,0,0,1,0,차대차 - 기타,안전운전불이행,건조,맑음,단일로 - 기타,승용,남,54세,상해없음,이륜,남,26세,경상
2013092700100694,2013년 9월 27일 23시,금요일,부산광역시 수영구 광안동,경상사고,0,0,1,0,차대차 - 추돌 - 진행중,안전거리미확보,건조,맑음,단일로 - 교량,화물,남,49세,상해없음,승용,남,49세,경상
2013092700100695,2013년 9월 27일 23시,금요일,부산광역시 부산진구 부전동,중상사고,0,1,0,0,차대사람 - 횡단중,안전운전불이행,건조,맑음,단일로 - 기타,승용,남,28세,상해없음,보행자,남,57세,중상
2013092800100005,2013년 9월 28일 00시,토요일,부산광역시 수영구 망미동,경상사고,0,0,1,0,차대차 - 추돌 - 주정차중,안전운전불이행,건조,맑음,교차로 - 교차로부근,승용,여,45세,상해없음,승용,여,32세,경상
2013092800100006,2013년 9월 28일 00시,토요일,부산광역시 강서구 구랑동,경상사고,0,0,2,0,차대차 - 추돌 - 주정차중,안전운전불이행,건조,흐림,교차로 - 교차로부근,특수,남,31세,상해없음,승용,남,38세,경상
2013092800100034,2013년 9월 28일 01시,토요일,부산광역시 동래구 명륜동,경상사고,0,0,1,0,차대차 - 추돌 - 진행중,안전운전불이행,건조,맑음,단일로 - 기타,승용,여,29세,상해없음,승용,남,54세,경상
2013092800100055,2013년 9월 28일 02시,토요일,부산광역시 남구 대연동,경상사고,0,0,1,0,차대차 - 기타,안전운전불이행,건조,맑음,교차로 - 교차로부근,기타불명,기타불명,기타불명,기타불명,승용,남,30세,경상
2013092800100056,2013년 9월 28일 02시,토요일,부산광역시 금정구 구서동,부상신고사고,0,0,0,1,차대차 - 정면충돌,중앙선침범,건조,맑음,교차로 - 교차로부근,승용,남,59세,상해없음,승용,남,27세,부상신고
2013092800100072,2013년 9월 28일 03시,토요일,부산광역시 동래구 낙민동,사망사고,1,0,0,0,차대사람 - 횡단중,과속,건조,맑음,단일로 - 횡단보도부근,승용,남,47세,상해없음,보행자,여,73세,사망
2013092800100073,2013년 9월 28일 03시,토요일,부산광역시 동래구 명장동,중상사고,0,1,0,1,차대차 - 측면직각충돌,신호위반,건조,맑음,교차로 - 교차로안,승용,남,24세,상해없음,승용,여,47세,중상
2013092800100089,2013년 9월 28일 04시,토요일,부산광역시 해운대구 중동,중상사고,0,1,0,0,차대차 - 추돌 - 진행중,안전운전불이행,기타,맑음,교차로 - 교차로부근,승용,남,47세,상해없음,승용,여,29세,중상
2013092800100090,2013년 9월 28일 04시,토요일,부산광역시 부산진구 부전동,중상사고,0,1,0,0,차대사람 - 기타,안전운전불이행,건조,맑음,단일로 - 기타,승용,남,27세,상해없음,보행자,남,22세,중상
2013092800100091,2013년 9월 28일 04시,토요일,부산광역시 사상구 학장동,중상사고,0,1,0,0,차대차 - 정면충돌,중앙선침범,건조,맑음,단일로 - 기타,승용,남,42세,상해없음,승합,남,45세,중상
2013092800100105,2013년 9월 28일 05시,토요일,부산광역시 연제구 연산동,중상사고,0,1,0,0,차대차 - 기타,중앙선침범,건조,맑음,단일로 - 기타,승용,남,54세,상해없음,승용,남,64세,상해없음
2013092800100119,2013년 9월 28일 06시,토요일,부산광역시 수영구 광안동,중상사고,0,2,0,0,차대차 - 측면직각충돌,안전거리미확보,건조,맑음,단일로 - 기타,승용,여,57세,상해없음,승합,남,49세,중상
2013092800100134,2013년 9월 28일 07시,토요일,부산광역시 북구 화명동,중상사고,0,1,2,0,차대차 - 정면충돌,안전운전불이행,건조,맑음,단일로 - 기타,승용,남,22세,상해없음,승용,남,57세,경상
2013092800100152,2013년 9월 28일 08시,토요일,부산광역시 수영구 남천동,중상사고,0,1,1,0,차대차 - 측면직각충돌,차로위반,건조,맑음,교차로 - 교차로부근,승합,남,56세,경상,승합,남,45세,중상
2013092800100153,2013년 9월 28일 08시,토요일,부산광역시 해운대구 재송동,중상사고,0,2,0,0,차대차 - 측면직각충돌,안전거리미확보,건조,맑음,단일로 - 기타,승용,남,55세,상해없음,승용,남,24세,중상
2013092800100175,2013년 9월 28일 09시,토요일,부산광역시 금정구 노포동,경상사고,0,0,1,0,차대차 - 측면직각충돌,기타,건조,맑음,교차로 - 교차로안,화물,남,62세,상해없음,자전거,남,64세,경상
2013092800100195,2013년 9월 28일 10시,토요일,부산광역시 금정구 부곡동,경상사고,0,0,7,0,차대차 - 측면직각충돌,기타,건조,맑음,교차로 - 교차로안,승용,남,67세,상해없음,승용,여,33세,경상
2013092800100231,2013년 9월 28일 11시,토요일,부산광역시 북구 덕천동,경상사고,0,0,2,0,차대차 - 기타,안전운전불이행,건조,맑음,단일로 - 기타,승합,남,52세,상해없음,승용,여,45세,경상
2013092800100232,2013년 9월 28일 11시,토요일,부산광역시 북구 만덕동,경상사고,0,0,3,0,차대차 - 측면직각충돌,안전거리미확보,건조,맑음,단일로 - 기타,승용,남,39세,기타불명,승용,여,32세,경상
2013092800100233,2013년 9월 28일 11시,토요일,부산광역시 연제구 거제동,경상사고,0,0,3,0,차대차 - 추돌 - 주정차중,안전운전불이행,건조,맑음,단일로 - 기타,승용,남,52세,상해없음,승합,남,40세,경상
2013092800100234,2013년 9월 28일 11시,토요일,부산광역시 수영구 수영동,경상사고,0,0,1,0,차대차 - 기타,안전운전불이행,건조,맑음,단일로 - 기타,원동기,남,48세,경상,승용,남,31세,상해없음
2013092800100299,2013년 9월 28일 14시,토요일,부산광역시 연제구 연산동,경상사고,0,0,1,0,차대차 - 기타,안전거리미확보,건조,맑음,단일로 - 기타,승합,남,55세,상해없음,승용,여,35세,경상
2013092800100326,2013년 9월 28일 15시,토요일,부산광역시 해운대구 재송동,중상사고,0,3,5,0,차대차 - 측면직각충돌,안전운전불이행,건조,맑음,교차로 - 교차로안,승용,남,61세,상해없음,승용,여,46세,경상
2013092800100327,2013년 9월 28일 15시,토요일,부산광역시 사하구 괴정동,중상사고,0,2,1,0,차대차 - 측면직각충돌,차로위반,건조,맑음,단일로 - 기타,승용,남,51세,상해없음,승합,남,59세,상해없음
2013092800100356,2013년 9월 28일 16시,토요일,부산광역시 기장군 정관면,부상신고사고,0,0,0,1,차대사람 - 기타,안전운전불이행,건조,맑음,교차로 - 교차로안,승합,남,57세,상해없음,보행자,여,61세,부상신고
2013092800100387,2013년 9월 28일 17시,토요일,부산광역시 수영구 민락동,경상사고,0,0,1,0,차대사람 - 기타,안전운전불이행,건조,맑음,단일로 - 기타,자전거,남,32세,상해없음,보행자,남,45세,경상
2013092800100388,2013년 9월 28일 17시,토요일,부산광역시 남구 대연동,중상사고,0,1,0,0,차대차 - 기타,안전운전불이행,건조,맑음,교차로 - 교차로부근,이륜,남,30세,중상,승용,남,62세,상해없음
2013092800100389,2013년 9월 28일 17시,토요일,부산광역시 영도구 동삼동,중상사고,0,1,0,0,차대사람 - 횡단중,보행자보호의무위반,건조,맑음,교차로 - 교차로부근,화물,남,52세,상해없음,보행자,여,68세,중상
2013092800100390,2013년 9월 28일 17시,토요일,부산광역시 사하구 괴정동,중상사고,0,1,0,0,차대차 - 추돌 - 주정차중,기타,건조,맑음,단일로 - 기타,승용,남,42세,상해없음,이륜,남,17세,중상
2013092800100430,2013년 9월 28일 18시,토요일,부산광역시 해운대구 반송동,중상사고,0,1,1,0,차대차 - 기타,차로위반,건조,맑음,단일로 - 기타,원동기,남,72세,상해없음,승용,남,32세,중상
2013092800100585,2013년 9월 28일 21시,토요일,부산광역시 부산진구 당감동,경상사고,0,0,1,0,차대사람 - 기타,안전운전불이행,건조,맑음,기타 - 기타,승용,남,27세,상해없음,보행자,남,45세,경상
2013092800100586,2013년 9월 28일 21시,토요일,부산광역시 사상구 감전동,중상사고,0,1,0,5,차대차 - 추돌 - 주정차중,안전운전불이행,건조,맑음,단일로 - 기타,화물,남,60세,중상,승용,남,36세,부상신고
2013092800100682,2013년 9월 28일 23시,토요일,부산광역시 연제구 거제동,경상사고,0,0,1,0,차대차 - 추돌 - 진행중,안전운전불이행,건조,맑음,교차로 - 교차로부근,승용,남,48세,상해없음,승용,남,27세,경상
2013092900100013,2013년 9월 29일 00시,일요일,부산광역시 영도구 청학동,중상사고,0,1,1,0,차대사람 - 횡단중,신호위반,건조,맑음,단일로 - 횡단보도상,이륜,남,66세,중상,보행자,남,59세,경상
2013092900100014,2013년 9월 29일 00시,일요일,부산광역시 부산진구 양정동,경상사고,0,0,1,0,차대사람 - 차도통행중,안전운전불이행,건조,맑음,단일로 - 기타,승용,남,50세,상해없음,보행자,남,43세,경상
2013092900100046,2013년 9월 29일 01시,일요일,부산광역시 사하구 괴정동,경상사고,0,0,1,3,차대차 - 측면직각충돌,안전거리미확보,건조,맑음,단일로 - 기타,이륜,남,19세,상해없음,승용,남,33세,상해없음
2013092900100075,2013년 9월 29일 02시,일요일,부산광역시 수영구 광안동,경상사고,0,0,1,0,차대차 - 추돌 - 진행중,안전운전불이행,건조,맑음,단일로 - 기타,승용,남,27세,상해없음,이륜,남,38세,경상
2013092900100076,2013년 9월 29일 02시,일요일,부산광역시 부산진구 전포동,중상사고,0,1,0,0,차대사람 - 길가장자리구역통행중,안전운전불이행,건조,맑음,단일로 - 기타,승용,남,32세,상해없음,보행자,남,38세,중상
2013092900100077,2013년 9월 29일 02시,일요일,부산광역시 금정구 남산동,중상사고,0,1,0,0,차대사람 - 기타,안전운전불이행,건조,맑음,단일로 - 기타,승용,기타불명,기타불명,기타불명,보행자,남,48세,중상
2013092900100078,2013년 9월 29일 02시,일요일,부산광역시 사상구 감전동,중상사고,0,2,0,0,차대차 - 추돌 - 진행중,신호위반,건조,맑음,교차로 - 교차로안,화물,남,32세,상해없음,화물,남,42세,중상
2013092900100137,2013년 9월 29일 05시,일요일,부산광역시 동구 초량동,중상사고,0,1,0,0,차대사람 - 횡단중,신호위반,건조,맑음,교차로 - 교차로안,승용,남,71세,상해없음,보행자,남,61세,중상
2013092900100157,2013년 9월 29일 06시,일요일,부산광역시 동래구 온천동,중상사고,0,1,0,0,차대차 - 기타,안전운전불이행,건조,맑음,교차로 - 교차로부근,승용,남,28세,상해없음,이륜,남,53세,중상
2013092900100170,2013년 9월 29일 07시,일요일,부산광역시 남구 용호동,경상사고,0,0,1,0,차대차 - 측면직각충돌,안전운전불이행,건조,맑음,단일로 - 횡단보도상,승용,여,49세,상해없음,자전거,남,75세,경상
2013092900100184,2013년 9월 29일 08시,일요일,부산광역시 금정구 부곡동,경상사고,0,0,1,0,차대차 - 측면직각충돌,직진우회전진행방해,건조,맑음,교차로 - 교차로안,승용,남,53세,상해없음,승용,남,34세,경상
2013092900100201,2013년 9월 29일 09시,일요일,부산광역시 금정구 장전동,경상사고,0,0,1,0,차대사람 - 횡단중,보행자보호의무위반,건조,맑음,단일로 - 횡단보도상,승용,남,55세,상해없음,보행자,남,47세,경상
2013092900100212,2013년 9월 29일 10시,일요일,부산광역시 사상구 괘법동,경상사고,0,0,2,0,차대사람 - 기타,보행자보호의무위반,건조,맑음,단일로 - 횡단보도상,승용,남,27세,상해없음,보행자,남,9세,경상
2013092900100233,2013년 9월 29일 11시,일요일,부산광역시 연제구 연산동,중상사고,0,1,0,0,차대차 - 측면직각충돌,안전운전불이행,건조,맑음,교차로 - 교차로부근,승용,남,33세,상해없음,자전거,남,36세,중상
2013092900100298,2013년 9월 29일 14시,일요일,부산광역시 해운대구 반여동,경상사고,0,0,1,0,차량단독 - 기타,안전운전불이행,건조,맑음,단일로 - 기타,승합,남,49세,상해없음,,,,
2013092900100299,2013년 9월 29일 14시,일요일,부산광역시 사상구 주례동,경상사고,0,0,1,0,차대차 - 측면직각충돌,신호위반,건조,맑음,교차로 - 교차로안,승용,여,52세,상해없음,승용,남,45세,경상
2013092900100385,2013년 9월 29일 17시,일요일,부산광역시 사하구 다대동,경상사고,0,0,4,0,차대차 - 기타,안전거리미확보,건조,맑음,기타 - 기타,승용,남,56세,상해없음,승용,남,24세,경상
2013092900100411,2013년 9월 29일 18시,일요일,부산광역시 수영구 민락동,경상사고,0,0,1,0,차대차 - 측면직각충돌,중앙선침범,습기,비,단일로 - 기타,승용,여,26세,상해없음,원동기,여,21세,경상
2013092900100412,2013년 9월 29일 18시,일요일,부산광역시 부산진구 범천동,중상사고,0,1,0,0,차대사람 - 기타,안전운전불이행,습기,비,단일로 - 횡단보도부근,승용,남,56세,상해없음,보행자,여,70세,중상
2013092900100413,2013년 9월 29일 18시,일요일,부산광역시 연제구 거제동,중상사고,0,1,0,0,차대차 - 측면직각충돌,교차로운행방법위반,습기,비,교차로 - 교차로안,승용,남,22세,상해없음,원동기,남,50세,중상
2013092900100455,2013년 9월 29일 19시,일요일,부산광역시 북구 화명동,중상사고,0,3,1,0,차대차 - 측면직각충돌,안전거리미확보,습기,비,교차로 - 교차로부근,승용,여,45세,상해없음,승용,남,53세,중상
2013092900100456,2013년 9월 29일 19시,일요일,부산광역시 동래구 온천동,중상사고,0,1,1,0,차대차 - 추돌 - 주정차중,안전운전불이행,습기,비,교차로 - 교차로부근,화물,남,67세,상해없음,승용,남,28세,중상
2013092900100457,2013년 9월 29일 19시,일요일,부산광역시 부산진구 범천동,경상사고,0,0,1,0,차대사람 - 횡단중,보행자보호의무위반,습기,비,단일로 - 횡단보도상,승용,남,39세,상해없음,보행자,남,22세,경상
2013092900100458,2013년 9월 29일 19시,일요일,부산광역시 부산진구 부전동,경상사고,0,0,1,0,차대차 - 측면직각충돌,교차로운행방법위반,습기,비,교차로 - 교차로안,승용,남,22세,상해없음,승용,남,25세,경상
2013092900100502,2013년 9월 29일 20시,일요일,부산광역시 동구 좌천동,경상사고,0,0,1,0,차대차 - 기타,안전운전불이행,습기,비,교차로 - 교차로안,승용,남,58세,상해없음,승용,남,45세,상해없음
2013092900100503,2013년 9월 29일 20시,일요일,부산광역시 동구 범일동,중상사고,0,1,0,0,차대사람 - 횡단중,안전운전불이행,습기,비,단일로 - 기타,승용,남,63세,상해없음,보행자,남,46세,중상
2013092900100504,2013년 9월 29일 20시,일요일,부산광역시 서구 암남동,중상사고,0,1,0,0,차대사람 - 기타,안전운전불이행,습기,비,단일로 - 기타,승합,남,50세,상해없음,보행자,남,54세,중상
2013092900100505,2013년 9월 29일 20시,일요일,부산광역시 동래구 사직동,중상사고,0,1,0,0,차대차 - 측면직각충돌,교차로운행방법위반,습기,비,교차로 - 교차로안,승용,남,27세,상해없음,원동기,남,34세,중상
2013092900100506,2013년 9월 29일 20시,일요일,부산광역시 부산진구 개금동,경상사고,0,0,1,0,차대차 - 기타,안전거리미확보,습기,비,단일로 - 기타,승용,남,45세,상해없음,이륜,남,17세,경상
2013092900100532,2013년 9월 29일 21시,일요일,부산광역시 강서구 대저2동,중상사고,0,1,0,0,차대차 - 기타,안전운전불이행,습기,비,기타 - 기타,승용,남,45세,상해없음,승용,여,21세,중상
2013092900100554,2013년 9월 29일 22시,일요일,부산광역시 동구 좌천동,경상사고,0,0,1,0,차량단독 - 기타,안전운전불이행,습기,비,교차로 - 교차로안,원동기,남,46세,경상,,,,
2013092900100555,2013년 9월 29일 22시,일요일,부산광역시 수영구 광안동,경상사고,0,0,2,0,차대차 - 기타,안전운전불이행,건조,맑음,교차로 - 교차로부근,승용,남,53세,상해없음,승용,남,57세,경상
2013092900100556,2013년 9월 29일 22시,일요일,부산광역시 동래구 명장동,중상사고,0,1,0,0,차대사람 - 횡단중,안전운전불이행,습기,비,단일로 - 횡단보도부근,승용,여,36세,상해없음,보행자,남,59세,중상
2013092900100557,2013년 9월 29일 22시,일요일,부산광역시 부산진구 부암동,중상사고,0,1,1,0,차대차 - 측면직각충돌,안전운전불이행,습기,비,단일로 - 기타,승용,남,66세,상해없음,화물,남,31세,중상
2013092900100558,2013년 9월 29일 22시,일요일,부산광역시 금정구 금사동,경상사고,0,0,1,0,차대사람 - 기타,안전운전불이행,습기,맑음,단일로 - 기타,화물,남,50세,상해없음,보행자,남,34세,경상
2013092900100559,2013년 9월 29일 22시,일요일,부산광역시 사하구 감천동,경상사고,0,0,2,0,차대차 - 추돌 - 주정차중,안전거리미확보,습기,비,단일로 - 기타,승용,남,53세,상해없음,승용,남,23세,경상
2013092900100583,2013년 9월 29일 23시,일요일,부산광역시 중구 남포동3가,중상사고,0,1,0,0,차대사람 - 기타,안전운전불이행,습기,비,단일로 - 기타,승합,남,40세,상해없음,보행자,남,26세,중상
2013092900100584,2013년 9월 29일 23시,일요일,부산광역시 북구 덕천동,경상사고,0,0,1,0,차대사람 - 보도통행중,안전운전불이행,건조,맑음,기타 - 기타,승용,남,52세,상해없음,보행자,남,21세,경상
2013093000100013,2013년 9월 30일 01시,월요일,부산광역시 남구 대연동,중상사고,0,1,1,0,차대차 - 기타,중앙선침범,습기,비,교차로 - 교차로부근,승용,남,30세,상해없음,승합,남,29세,경상
2013093000100014,2013년 9월 30일 01시,월요일,부산광역시 남구 용호동,사망사고,1,0,1,0,차대차 - 추돌 - 주정차중,안전운전불이행,습기,비,단일로 - 기타,승용,남,24세,사망,승용,남,39세,기타불명
2013093000100015,2013년 9월 30일 01시,월요일,부산광역시 북구 만덕동,경상사고,0,0,1,0,차대차 - 측면직각충돌,신호위반,습기,비,교차로 - 교차로안,승용,남,24세,상해없음,승용,여,29세,경상
2013093000100016,2013년 9월 30일 01시,월요일,부산광역시 부산진구 양정동,경상사고,0,0,1,0,차대차 - 측면직각충돌,안전운전불이행,습기,비,단일로 - 기타,승용,남,35세,상해없음,승용,남,61세,경상
2013093000100017,2013년 9월 30일 01시,월요일,부산광역시 사상구 주례동,경상사고,0,0,1,0,차대차 - 추돌 - 진행중,안전운전불이행,건조,맑음,교차로 - 교차로안,승용,남,47세,상해없음,승용,남,43세,경상
2013093000100032,2013년 9월 30일 05시,월요일,부산광역시 남구 우암동,중상사고,0,1,0,0,차대사람 - 횡단중,안전운전불이행,습기,비,단일로 - 기타,승용,남,48세,상해없음,보행자,여,66세,중상
2013093000100055,2013년 9월 30일 07시,월요일,부산광역시 남구 대연동,경상사고,0,0,1,0,차대차 - 기타,교차로운행방법위반,건조,맑음,교차로 - 교차로부근,승용,남,44세,상해없음,승용,남,55세,경상
2013093000100084,2013년 9월 30일 08시,월요일,부산광역시 해운대구 우동,경상사고,0,0,1,0,차대차 - 추돌 - 주정차중,안전거리미확보,건조,흐림,단일로 - 기타,승용,남,54세,상해없음,승용,남,41세,경상
2013093000100085,2013년 9월 30일 08시,월요일,부산광역시 부산진구 전포동,중상사고,0,1,0,0,차대차 - 측면직각충돌,신호위반,건조,맑음,교차로 - 교차로안,승용,남,56세,상해없음,승용,남,63세,상해없음
2013093000100086,2013년 9월 30일 08시,월요일,부산광역시 금정구 노포동,중상사고,0,2,5,1,차대차 - 추돌 - 진행중,안전운전불이행,습기,비,단일로 - 기타,승합,남,66세,상해없음,승용,남,31세,중상
2013093000100087,2013년 9월 30일 08시,월요일,부산광역시 금정구 구서동,경상사고,0,0,1,0,차대차 - 기타,안전운전불이행,건조,맑음,단일로 - 기타,승용,남,54세,상해없음,원동기,남,18세,경상
2013093000100088,2013년 9월 30일 08시,월요일,부산광역시 사하구 하단동,중상사고,0,1,0,0,차대차 - 측면직각충돌,안전운전불이행,건조,맑음,단일로 - 기타,승용,남,60세,상해없음,원동기,남,55세,중상
2013093000100089,2013년 9월 30일 08시,월요일,부산광역시 사하구 신평동,중상사고,0,2,0,0,차대차 - 측면직각충돌,중앙선침범,건조,맑음,단일로 - 기타,승용,남,40세,상해없음,승용,남,37세,중상
2013093000100090,2013년 9월 30일 08시,월요일,부산광역시 기장군 기장읍,중상사고,0,1,0,0,차대차 - 추돌 - 주정차중,안전운전불이행,습기,비,교차로 - 교차로부근,화물,남,57세,상해없음,승용,여,38세,중상
2013093000100134,2013년 9월 30일 09시,월요일,부산광역시 사상구 덕포동,경상사고,0,0,1,0,차대차 - 측면직각충돌,교차로운행방법위반,습기,흐림,교차로 - 교차로안,승합,남,63세,상해없음,승용,남,61세,경상
2013093000100135,2013년 9월 30일 09시,월요일,부산광역시 기장군 철마면,경상사고,0,0,1,0,차량단독 - 공작물충돌,안전운전불이행,습기,비,단일로 - 기타,승용,남,47세,경상,,,,
2013093000100136,2013년 9월 30일 09시,월요일,부산광역시 기장군 정관면,중상사고,0,2,0,1,차대차 - 측면직각충돌,신호위반,습기,비,교차로 - 교차로안,승용,남,33세,중상,승합,남,56세,상해없음
2013093000100183,2013년 9월 30일 11시,월요일,부산광역시 해운대구 재송동,경상사고,0,0,2,0,차대차 - 추돌 - 진행중,안전거리미확보,건조,맑음,단일로 - 기타,승용,남,33세,상해없음,승용,남,28세,경상
2013093000100184,2013년 9월 30일 11시,월요일,부산광역시 연제구 연산동,경상사고,0,0,2,0,차대차 - 추돌 - 진행중,교차로운행방법위반,건조,맑음,교차로 - 교차로안,승용,여,79세,상해없음,승용,남,37세,경상
2013093000100185,2013년 9월 30일 11시,월요일,부산광역시 사상구 모라동,경상사고,0,0,1,0,차대차 - 기타,안전거리미확보,건조,맑음,단일로 - 기타,승용,여,34세,경상,승용,남,56세,상해없음
2013093000100186,2013년 9월 30일 11시,월요일,부산광역시 기장군 정관면,경상사고,0,0,2,0,차대차 - 정면충돌,교차로운행방법위반,건조,맑음,교차로 - 교차로안,승용,여,36세,경상,승용,여,53세,경상
2013093000100212,2013년 9월 30일 12시,월요일,부산광역시 해운대구 우동,중상사고,0,1,0,0,차대사람 - 횡단중,보행자보호의무위반,건조,맑음,교차로 - 교차로부근,승용,여,39세,상해없음,보행자,여,38세,중상
2013093000100213,2013년 9월 30일 12시,월요일,부산광역시 부산진구 부암동,경상사고,0,0,1,0,차대차 - 기타,안전운전불이행,건조,맑음,단일로 - 기타,화물,남,32세,상해없음,승용,남,24세,경상
2013093000100264,2013년 9월 30일 14시,월요일,부산광역시 동래구 명장동,중상사고,0,1,1,0,차대차 - 측면직각충돌,중앙선침범,습기,비,단일로 - 기타,이륜,남,56세,상해없음,승용,남,51세,경상
2013093000100287,2013년 9월 30일 15시,월요일,부산광역시 부산진구 부암동,경상사고,0,0,1,0,차대차 - 추돌 - 진행중,안전운전불이행,습기,비,교차로 - 교차로부근,승용,남,62세,상해없음,승용,남,43세,경상
2013093000100288,2013년 9월 30일 15시,월요일,부산광역시 부산진구 가야동,중상사고,0,1,0,0,차대사람 - 기타,안전운전불이행,건조,맑음,단일로 - 기타,승용,남,33세,상해없음,보행자,남,46세,중상
2013093000100289,2013년 9월 30일 15시,월요일,부산광역시 기장군 철마면,중상사고,0,1,0,1,차대차 - 기타,안전운전불이행,건조,맑음,단일로 - 기타,화물,남,31세,부상신고,승용,여,71세,중상
2013093000100358,2013년 9월 30일 17시,월요일,부산광역시 북구 금곡동,중상사고,0,1,0,0,차대사람 - 횡단중,신호위반,건조,맑음,단일로 - 기타,승합,남,58세,상해없음,보행자,남,9세,중상
2013093000100359,2013년 9월 30일 17시,월요일,부산광역시 부산진구 개금동,중상사고,0,1,0,0,차대사람 - 기타,보행자보호의무위반,건조,맑음,단일로 - 횡단보도상,승합,남,57세,상해없음,보행자,여,50세,중상
2013093000100391,2013년 9월 30일 18시,월요일,부산광역시 부산진구 초읍동,경상사고,0,0,1,0,차대차 - 기타,안전운전불이행,건조,맑음,단일로 - 기타,승용,남,56세,상해없음,원동기,남,54세,경상
2013093000100392,2013년 9월 30일 18시,월요일,부산광역시 부산진구 전포동,경상사고,0,0,1,0,차대사람 - 기타,안전운전불이행,건조,맑음,단일로 - 기타,승용,기타불명,기타불명,기타불명,보행자,여,16세,경상
2013093000100433,2013년 9월 30일 19시,월요일,부산광역시 남구 대연동,중상사고,0,1,0,0,차대사람 - 횡단중,안전운전불이행,건조,맑음,단일로 - 기타,승용,남,34세,상해없음,보행자,여,66세,중상
2013093000100479,2013년 9월 30일 20시,월요일,부산광역시 금정구 서동,경상사고,0,0,1,0,차대차 - 추돌 - 주정차중,안전거리미확보,건조,맑음,단일로 - 기타,이륜,남,54세,경상,승용,남,56세,상해없음