사고번호,사고일시,요일,시군구,사고내용,사망자수,중상자수,경상자수,부상신고자수,사고유형,법규위반,노면상태,기상상태,도로형태,가해운전자 차종,가해운전자 성별,가해운전자 연령,가해운전자 상해정도,피해운전자 차종,피해운전자 성별,피해운전자 연령,피해운전자 상해정도
2013093000100480,2013년 9월 30일 20시,월요일,부산광역시 사하구 신평동,중상사고,0,1,0,0,차대사람 - 기타,안전운전불이행,건조,맑음,단일로 - 횡단보도상,승용,남,47세,상해없음,보행자,남,7세,중상
2013093000100481,2013년 9월 30일 20시,월요일,부산광역시 사상구 덕포동,경상사고,0,0,2,0,차대차 - 추돌 - 진행중,안전운전불이행,건조,맑음,단일로 - 기타,승용,남,47세,상해없음,승용,남,62세,경상
2013093000100513,2013년 9월 30일 21시,월요일,부산광역시 금정구 서동,경상사고,0,0,1,0,차대사람 - 기타,안전운전불이행,건조,맑음,단일로 - 기타,승용,남,28세,상해없음,보행자,여,47세,경상
2013093000100537,2013년 9월 30일 22시,월요일,부산광역시 사상구 감전동,중상사고,0,1,1,0,차대차 - 추돌 - 진행중,안전운전불이행,건조,맑음,단일로 - 기타,승용,남,53세,상해없음,승용,남,53세,중상
2013093000100557,2013년 9월 30일 23시,월요일,부산광역시 남구 용당동,중상사고,0,1,1,0,차량단독 - 공작물충돌,안전운전불이행,건조,맑음,단일로 - 기타,원동기,남,18세,경상,,,,
2013093000100558,2013년 9월 30일 23시,월요일,부산광역시 동래구 온천동,경상사고,0,0,1,0,차대차 - 기타,안전운전불이행,건조,흐림,단일로 - 기타,승용,남,39세,상해없음,원동기,남,56세,경상
2013093000100559,2013년 9월 30일 23시,월요일,부산광역시 금정구 부곡동,중상사고,0,1,0,0,차량단독 - 전도전복,안전운전불이행,건조,맑음,단일로 - 기타,이륜,남,34세,중상,,,,
2013100100100022,2013년 10월 1일 01시,화요일,부산광역시 남구 대연동,경상사고,0,0,1,0,차대사람 - 횡단중,안전운전불이행,건조,맑음,단일로 - 기타,승용,남,50세,상해없음,보행자,여,14세,경상
2013100100100023,2013년 10월 1일 01시,화요일,부산광역시 북구 덕천동,경상사고,0,0,1,0,차대사람 - 기타,안전운전불이행,건조,맑음,교차로 - 교차로안,승용,남,32세,상해없음,보행자,남,21세,경상
2013100100100037,2013년 10월 1일 03시,화요일,부산광역시 연제구 거제동,경상사고,0,0,1,0,차대차 - 측면직각충돌,신호위반,건조,맑음,교차로 - 교차로안,승용,남,37세,상해없음,승용,남,42세,경상
2013100100100056,2013년 10월 1일 05시,화요일,부산광역시 동래구 온천동,중상사고,0,1,0,0,차량단독 - 기타,기타,건조,맑음,교차로 - 교차로안,승용,남,65세,상해없음,,,,
2013100100100074,2013년 10월 1일 06시,화요일,부산광역시 수영구 광안동,중상사고,0,1,0,0,차대사람 - 횡단중,안전운전불이행,건조,맑음,단일로 - 기타,화물,남,63세,상해없음,보행자,여,69세,중상
2013100100100093,2013년 10월 1일 07시,화요일,부산광역시 부산진구 부암동,중상사고,0,1,0,0,차대차 - 측면직각충돌,신호위반,건조,맑음,교차로 - 교차로안,이륜,남,69세,중상,승용,여,44세,상해없음
2013100100100094,2013년 10월 1일 07시,화요일,부산광역시 사하구 장림동,중상사고,0,1,0,0,차대차 - 기타,안전운전불이행,건조,맑음,단일로 - 기타,화물,남,47세,상해없음,승용,남,37세,중상
2013100100100124,2013년 10월 1일 08시,화요일,부산광역시 동구 초량동,중상사고,0,1,0,0,차대차 - 측면직각충돌,신호위반,건조,맑음,교차로 - 교차로부근,승용,여,36세,상해없음,이륜,남,74세,중상
2013100100100125,2013년 10월 1일 08시,화요일,부산광역시 금정구 남산동,중상사고,0,1,0,0,차대사람 - 횡단중,신호위반,건조,맑음,단일로 - 횡단보도상,승용,여,48세,상해없음,보행자,여,24세,중상
2013100100100126,2013년 10월 1일 08시,화요일,부산광역시 사하구 다대동,경상사고,0,0,1,0,차대차 - 기타,안전운전불이행,건조,맑음,단일로 - 기타,화물,남,60세,상해없음,승용,여,57세,경상
2013100100100160,2013년 10월 1일 09시,화요일,부산광역시 중구 보수동1가,부상신고사고,0,0,0,1,차대차 - 기타,안전운전불이행,건조,맑음,단일로 - 기타,자전거,남,58세,부상신고,건설기계,남,37세,상해없음
2013100100100161,2013년 10월 1일 09시,화요일,부산광역시 부산진구 당감동,경상사고,0,0,1,0,차대차 - 기타,안전거리미확보,건조,맑음,단일로 - 기타,승용,남,49세,상해없음,승용,남,70세,경상
2013100100100162,2013년 10월 1일 09시,화요일,부산광역시 사하구 장림동,경상사고,0,0,1,0,차대사람 - 횡단중,보행자보호의무위반,건조,맑음,교차로 - 교차로부근,승용,남,57세,상해없음,보행자,여,34세,경상
2013100100100163,2013년 10월 1일 09시,화요일,부산광역시 수영구 망미동,중상사고,0,1,0,0,차대사람 - 기타,안전운전불이행,건조,맑음,단일로 - 기타,승합,남,58세,상해없음,보행자,남,71세,중상
2013100100100191,2013년 10월 1일 10시,화요일,부산광역시 동구 좌천동,중상사고,0,1,0,0,차대차 - 측면직각충돌,신호위반,건조,맑음,단일로 - 기타,승용,남,52세,상해없음,이륜,남,72세,중상
2013100100100192,2013년 10월 1일 10시,화요일,부산광역시 연제구 연산동,중상사고,0,1,0,0,차대사람 - 기타,기타,건조,맑음,단일로 - 기타,승합,남,63세,상해없음,보행자,여,68세,중상
2013100100100215,2013년 10월 1일 11시,화요일,부산광역시 사상구 감전동,경상사고,0,0,1,0,차대차 - 측면직각충돌,교차로운행방법위반,건조,맑음,교차로 - 교차로안,승용,남,39세,상해없음,승용,남,39세,경상
2013100100100245,2013년 10월 1일 12시,화요일,부산광역시 부산진구 초읍동,경상사고,0,0,1,0,차대사람 - 횡단중,안전운전불이행,건조,맑음,단일로 - 기타,승합,남,65세,상해없음,보행자,여,66세,경상
2013100100100246,2013년 10월 1일 12시,화요일,부산광역시 사상구 학장동,경상사고,0,0,1,0,차대사람 - 기타,안전운전불이행,건조,맑음,단일로 - 기타,화물,남,62세,상해없음,보행자,남,33세,경상
2013100100100274,2013년 10월 1일 13시,화요일,부산광역시 금정구 장전동,중상사고,0,1,1,0,차대차 - 측면직각충돌,기타,건조,맑음,교차로 - 교차로부근,원동기,남,15세,경상,승용,남,32세,상해없음
2013100100100298,2013년 10월 1일 14시,화요일,부산광역시 동구 범일동,경상사고,0,0,1,1,차대차 - 기타,교차로운행방법위반,건조,맑음,교차로 - 교차로부근,승합,남,37세,부상신고,승용,남,48세,경상
2013100100100299,2013년 10월 1일 14시,화요일,부산광역시 남구 대연동,중상사고,0,1,0,0,차대사람 - 기타,안전운전불이행,건조,맑음,단일로 - 기타,승용,여,54세,상해없음,보행자,여,61세,중상
2013100100100300,2013년 10월 1일 14시,화요일,부산광역시 해운대구 우동,중상사고,0,1,0,0,차대사람 - 횡단중,안전운전불이행,건조,맑음,단일로 - 기타,승용,남,33세,상해없음,보행자,여,72세,중상
2013100100100328,2013년 10월 1일 15시,화요일,부산광역시 동구 범일동,중상사고,0,1,0,0,차대차 - 측면직각충돌,신호위반,건조,맑음,교차로 - 교차로안,이륜,남,50세,중상,화물,남,54세,상해없음
2013100100100329,2013년 10월 1일 15시,화요일,부산광역시 사하구 신평동,경상사고,0,0,1,1,차대차 - 추돌 - 주정차중,안전운전불이행,건조,맑음,단일로 - 기타,화물,남,56세,상해없음,승합,남,57세,부상신고
2013100100100330,2013년 10월 1일 15시,화요일,부산광역시 연제구 연산동,중상사고,0,1,0,0,차대사람 - 횡단중,안전운전불이행,건조,맑음,단일로 - 기타,승용,남,56세,상해없음,보행자,남,70세,중상
2013100100100365,2013년 10월 1일 16시,화요일,부산광역시 수영구 광안동,부상신고사고,0,0,0,1,차대사람 - 기타,안전운전불이행,건조,맑음,단일로 - 기타,승용,기타불명,기타불명,기타불명,보행자,남,37세,부상신고
2013100100100366,2013년 10월 1일 16시,화요일,부산광역시 남구 용호동,경상사고,0,0,1,0,차량단독 - 기타,안전운전불이행,건조,맑음,교차로 - 교차로부근,승합,남,38세,상해없음,,,,
2013100100100400,2013년 10월 1일 17시,화요일,부산광역시 북구 구포동,중상사고,0,2,0,0,차대차 - 추돌 - 진행중,안전거리미확보,건조,맑음,단일로 - 기타,승용,남,39세,상해없음,이륜,남,16세,중상
2013100100100432,2013년 10월 1일 18시,화요일,부산광역시 부산진구 부전동,중상사고,0,1,0,0,차대사람 - 기타,안전운전불이행,건조,맑음,단일로 - 기타,승용,기타불명,기타불명,기타불명,보행자,남,16세,중상
2013100100100433,2013년 10월 1일 18시,화요일,부산광역시 사상구 괘법동,경상사고,0,0,3,0,차대차 - 기타,교차로운행방법위반,건조,맑음,교차로 - 교차로안,승합,남,56세,경상,승용,남,56세,경상
2013100100100434,2013년 10월 1일 18시,화요일,부산광역시 사상구 학장동,중상사고,0,1,0,0,차대차 - 기타,안전운전불이행,건조,맑음,단일로 - 기타,승용,여,33세,상해없음,자전거,남,60세,중상
2013100100100480,2013년 10월 1일 19시,화요일,부산광역시 남구 용호동,중상사고,0,1,0,0,차대사람 - 기타,안전운전불이행,건조,맑음,교차로 - 교차로안,승용,남,42세,상해없음,보행자,남,7세,중상
2013100100100481,2013년 10월 1일 19시,화요일,부산광역시 금정구 남산동,경상사고,0,0,1,0,차대차 - 추돌 - 주정차중,안전운전불이행,건조,맑음,단일로 - 기타,화물,남,62세,상해없음,승용,남,48세,경상
2013100100100482,2013년 10월 1일 19시,화요일,부산광역시 연제구 거제동,경상사고,0,0,1,0,차대차 - 기타,안전운전불이행,건조,맑음,단일로 - 기타,승용,여,36세,상해없음,원동기,남,49세,경상
2013100100100525,2013년 10월 1일 20시,화요일,부산광역시 해운대구 중동,중상사고,0,1,0,0,차대사람 - 횡단중,보행자보호의무위반,건조,맑음,단일로 - 기타,승용,남,37세,상해없음,보행자,여,24세,중상
2013100100100526,2013년 10월 1일 20시,화요일,부산광역시 연제구 연산동,중상사고,0,1,0,0,차대사람 - 기타,안전운전불이행,건조,맑음,단일로 - 기타,승용,여,47세,상해없음,보행자,여,22세,중상
2013100100100527,2013년 10월 1일 20시,화요일,부산광역시 사상구 엄궁동,중상사고,0,1,0,0,차대차 - 기타,신호위반,건조,맑음,교차로 - 교차로안,승용,남,38세,상해없음,승합,여,39세,중상
2013100100100564,2013년 10월 1일 21시,화요일,부산광역시 해운대구 반여동,경상사고,0,0,3,0,차대차 - 추돌 - 진행중,안전거리미확보,건조,맑음,단일로 - 기타,승용,남,32세,상해없음,승용,남,39세,경상
2013100100100565,2013년 10월 1일 21시,화요일,부산광역시 사상구 괘법동,중상사고,0,3,0,0,차대사람 - 횡단중,보행자보호의무위반,건조,맑음,단일로 - 횡단보도상,승용,남,49세,상해없음,보행자,여,44세,중상
2013100100100609,2013년 10월 1일 23시,화요일,부산광역시 남구 대연동,경상사고,0,0,4,0,차대차 - 추돌 - 진행중,안전운전불이행,건조,맑음,교차로 - 교차로부근,승용,여,38세,상해없음,승용,남,48세,경상
2013100200100010,2013년 10월 2일 00시,수요일,부산광역시 수영구 민락동,중상사고,0,1,0,0,차대사람 - 기타,안전운전불이행,건조,맑음,단일로 - 기타,승용,남,57세,상해없음,보행자,남,23세,중상
2013100200100011,2013년 10월 2일 00시,수요일,부산광역시 부산진구 범천동,경상사고,0,0,1,0,차대차 - 추돌 - 진행중,안전거리미확보,건조,맑음,단일로 - 기타,승용,남,57세,상해없음,승용,남,51세,상해없음
2013100200100045,2013년 10월 2일 04시,수요일,부산광역시 강서구 명지동,중상사고,0,1,0,0,차량단독 - 기타,안전운전불이행,건조,맑음,단일로 - 기타,이륜,남,24세,중상,,,,
2013100200100076,2013년 10월 2일 07시,수요일,부산광역시 동구 범일동,경상사고,0,0,1,0,차대사람 - 기타,안전운전불이행,건조,맑음,교차로 - 교차로안,화물,남,36세,상해없음,보행자,남,63세,경상
2013100200100098,2013년 10월 2일 08시,수요일,부산광역시 사상구 학장동,경상사고,0,0,1,0,차대차 - 추돌 - 주정차중,안전운전불이행,건조,맑음,단일로 - 기타,승용,남,59세,상해없음,승용,남,33세,경상
2013100200100120,2013년 10월 2일 09시,수요일,부산광역시 금정구 장전동,경상사고,0,0,1,0,차대차 - 기타,안전운전불이행,건조,맑음,단일로 - 기타,화물,남,42세,상해없음,승합,남,58세,상해없음
2013100200100152,2013년 10월 2일 10시,수요일,부산광역시 해운대구 좌동,경상사고,0,0,1,0,차대차 - 추돌 - 진행중,안전거리미확보,건조,맑음,교차로 - 교차로부근,승용,여,50세,상해없음,승용,여,32세,경상
2013100200100171,2013년 10월 2일 11시,수요일,부산광역시 남구 감만동,중상사고,0,1,0,0,차대사람 - 기타,안전운전불이행,건조,맑음,단일로 - 기타,원동기,남,49세,상해없음,보행자,여,74세,중상
2013100200100172,2013년 10월 2일 11시,수요일,부산광역시 부산진구 범천동,중상사고,0,1,3,0,차대차 - 측면직각충돌,신호위반,건조,맑음,교차로 - 교차로안,화물,남,34세,상해없음,승용,남,61세,중상
2013100200100203,2013년 10월 2일 12시,수요일,부산광역시 부산진구 양정동,중상사고,0,1,0,0,차대차 - 추돌 - 진행중,안전거리미확보,습기,흐림,단일로 - 기타,승합,남,40세,상해없음,승용,여,44세,중상
2013100200100204,2013년 10월 2일 12시,수요일,부산광역시 사상구 감전동,경상사고,0,0,1,0,차대차 - 측면직각충돌,신호위반,건조,흐림,교차로 - 교차로안,화물,남,40세,상해없음,승용,남,57세,상해없음
2013100200100232,2013년 10월 2일 13시,수요일,부산광역시 서구 서대신동3가,경상사고,0,0,1,0,차대사람 - 보도통행중,안전운전불이행,건조,맑음,단일로 - 횡단보도상,기타불명,기타불명,기타불명,기타불명,보행자,여,13세,경상
2013100200100233,2013년 10월 2일 13시,수요일,부산광역시 남구 감만동,중상사고,0,1,0,0,차대차 - 측면직각충돌,신호위반,건조,맑음,교차로 - 교차로부근,승용,남,46세,상해없음,원동기,남,57세,중상
2013100200100234,2013년 10월 2일 13시,수요일,부산광역시 부산진구 전포동,중상사고,0,1,0,0,차대차 - 측면직각충돌,신호위반,건조,맑음,단일로 - 기타,화물,남,25세,상해없음,원동기,남,35세,중상
2013100200100235,2013년 10월 2일 13시,수요일,부산광역시 금정구 남산동,경상사고,0,0,1,0,차대사람 - 기타,안전운전불이행,건조,맑음,단일로 - 기타,승용,여,55세,상해없음,보행자,여,59세,경상
2013100200100294,2013년 10월 2일 15시,수요일,부산광역시 사하구 하단동,경상사고,0,0,1,0,차대차 - 측면직각충돌,신호위반,건조,맑음,교차로 - 교차로부근,자전거,남,19세,경상,승용,남,26세,상해없음
2013100200100328,2013년 10월 2일 16시,수요일,부산광역시 서구 서대신동2가,중상사고,0,1,1,0,차대차 - 측면직각충돌,중앙선침범,건조,맑음,단일로 - 기타,승용,여,33세,상해없음,승용,여,46세,중상
2013100200100329,2013년 10월 2일 16시,수요일,부산광역시 금정구 노포동,부상신고사고,0,0,0,1,차량단독 - 기타,안전운전불이행,건조,맑음,단일로 - 기타,이륜,남,20세,부상신고,,,,
2013100200100330,2013년 10월 2일 16시,수요일,부산광역시 금정구 장전동,경상사고,0,0,1,0,차대사람 - 기타,안전운전불이행,건조,맑음,단일로 - 기타,승용,남,40세,상해없음,보행자,남,25세,경상
2013100200100357,2013년 10월 2일 17시,수요일,부산광역시 금정구 구서동,중상사고,0,1,1,0,차대차 - 측면직각충돌,안전운전불이행,건조,맑음,단일로 - 기타,승용,남,53세,상해없음,승용,남,56세,경상
2013100200100410,2013년 10월 2일 18시,수요일,부산광역시 남구 대연동,경상사고,0,0,1,0,차대사람 - 횡단중,안전운전불이행,건조,맑음,단일로 - 기타,원동기,남,21세,상해없음,보행자,남,56세,경상
2013100200100411,2013년 10월 2일 18시,수요일,부산광역시 기장군 기장읍,중상사고,0,1,0,0,차대사람 - 횡단중,보행자보호의무위반,건조,맑음,단일로 - 횡단보도상,화물,남,50세,상해없음,보행자,여,72세,중상
2013100200100412,2013년 10월 2일 18시,수요일,부산광역시 기장군 일광면,경상사고,0,0,1,0,차대차 - 측면직각충돌,교차로운행방법위반,건조,맑음,교차로 - 교차로안,승용,남,48세,상해없음,원동기,남,65세,경상
2013100200100465,2013년 10월 2일 19시,수요일,부산광역시 남구 용호동,중상사고,0,1,0,0,차대사람 - 기타,안전운전불이행,건조,맑음,단일로 - 기타,원동기,남,32세,상해없음,보행자,남,51세,중상
2013100200100466,2013년 10월 2일 19시,수요일,부산광역시 사상구 감전동,중상사고,0,1,0,0,차대사람 - 기타,안전운전불이행,건조,맑음,단일로 - 횡단보도상,승용,남,45세,상해없음,보행자,남,60세,중상
2013100200100515,2013년 10월 2일 20시,수요일,부산광역시 사상구 감전동,경상사고,0,0,1,0,차대사람 - 기타,안전운전불이행,건조,맑음,단일로 - 기타,승용,여,26세,상해없음,보행자,여,41세,경상
2013100200100516,2013년 10월 2일 20시,수요일,부산광역시 사상구 괘법동,경상사고,0,0,1,0,차대사람 - 기타,안전운전불이행,건조,맑음,단일로 - 기타,승용,남,52세,상해없음,보행자,남,58세,경상
2013100200100517,2013년 10월 2일 20시,수요일,부산광역시 사상구 감전동,경상사고,0,0,2,0,차대차 - 측면직각충돌,신호위반,건조,맑음,단일로 - 기타,승용,남,27세,상해없음,승용,남,50세,경상
2013100200100547,2013년 10월 2일 21시,수요일,부산광역시 연제구 연산동,경상사고,0,0,1,0,차대사람 - 기타,안전운전불이행,건조,맑음,단일로 - 기타,승용,남,51세,상해없음,보행자,여,27세,경상
2013100200100576,2013년 10월 2일 22시,수요일,부산광역시 중구 보수동1가,중상사고,0,1,0,0,차량단독 - 기타,안전운전불이행,건조,맑음,교차로 - 교차로부근,이륜,남,62세,중상,,,,
2013100200100608,2013년 10월 2일 23시,수요일,부산광역시 동구 범일동,경상사고,0,0,1,0,차대사람 - 횡단중,안전운전불이행,건조,맑음,단일로 - 기타,승용,남,50세,상해없음,보행자,여,30세,경상
2013100200100609,2013년 10월 2일 23시,수요일,부산광역시 북구 구포동,경상사고,0,0,2,0,차대차 - 추돌 - 주정차중,안전운전불이행,건조,맑음,기타 - 기타,승용,남,43세,상해없음,승용,남,61세,경상
2013100200100610,2013년 10월 2일 23시,수요일,부산광역시 연제구 거제동,경상사고,0,0,1,0,차대사람 - 기타,안전운전불이행,건조,맑음,단일로 - 기타,자전거,남,42세,상해없음,보행자,남,42세,경상
2013100300100032,2013년 10월 3일 01시,목요일,부산광역시 북구 만덕동,부상신고사고,0,0,0,1,차대사람 - 기타,안전운전불이행,건조,맑음,단일로 - 기타,승용,남,46세,상해없음,보행자,여,34세,부상신고
2013100300100105,2013년 10월 3일 05시,목요일,부산광역시 금정구 남산동,부상신고사고,0,0,0,1,차대사람 - 기타,안전운전불이행,건조,맑음,단일로 - 기타,승용,기타불명,기타불명,기타불명,보행자,남,31세,부상신고
2013100300100106,2013년 10월 3일 05시,목요일,부산광역시 사하구 하단동,경상사고,0,0,1,0,차대사람 - 기타,안전운전불이행,건조,맑음,단일로 - 기타,승용,남,32세,상해없음,보행자,여,57세,경상
2013100300100107,2013년 10월 3일 05시,목요일,부산광역시 해운대구 송정동,중상사고,0,1,0,0,차대차 - 기타,안전거리미확보,건조,맑음,단일로 - 기타,승용,남,36세,상해없음,화물,남,54세,중상
2013100300100121,2013년 10월 3일 06시,목요일,부산광역시 해운대구 반송동,경상사고,0,0,1,0,차대사람 - 횡단중,신호위반,기타,맑음,단일로 - 횡단보도상,승용,남,62세,상해없음,보행자,여,20세,경상
2013100300100156,2013년 10월 3일 08시,목요일,부산광역시 동구 초량동,중상사고,0,2,0,0,차대차 - 측면직각충돌,교차로운행방법위반,건조,맑음,교차로 - 교차로안,승용,남,45세,중상,승용,남,56세,중상
2013100300100157,2013년 10월 3일 08시,목요일,부산광역시 사하구 구평동,경상사고,0,0,2,0,차대차 - 측면직각충돌,안전운전불이행,건조,맑음,단일로 - 기타,승용,남,56세,상해없음,승용,남,61세,경상
2013100300100179,2013년 10월 3일 09시,목요일,부산광역시 기장군 장안읍,사망사고,1,0,0,0,차량단독 - 공작물충돌,안전운전불이행,건조,맑음,단일로 - 횡단보도부근,원동기,남,48세,사망,,,,
2013100300100272,2013년 10월 3일 13시,목요일,부산광역시 수영구 망미동,경상사고,0,0,1,0,차대차 - 측면직각충돌,직진우회전진행방해,건조,맑음,교차로 - 교차로안,승용,남,58세,상해없음,이륜,남,18세,경상
2013100300100293,2013년 10월 3일 14시,목요일,부산광역시 서구 암남동,중상사고,0,1,0,0,차대차 - 추돌 - 진행중,안전운전불이행,기타,맑음,단일로 - 기타,기타불명,기타불명,기타불명,기타불명,자전거,남,46세,중상
2013100300100294,2013년 10월 3일 14시,목요일,부산광역시 해운대구 반여동,중상사고,0,1,0,0,차대차 - 측면직각충돌,중앙선침범,건조,맑음,단일로 - 기타,화물,남,41세,상해없음,원동기,남,18세,중상
2013100300100295,2013년 10월 3일 14시,목요일,부산광역시 금정구 장전동,경상사고,0,0,1,0,차대차 - 측면직각충돌,직진우회전진행방해,건조,맑음,교차로 - 교차로부근,승용,여,48세,상해없음,승용,여,24세,경상
2013100300100325,2013년 10월 3일 15시,목요일,부산광역시 북구 덕천동,중상사고,0,1,0,0,차대차 - 기타,직진우회전진행방해,건조,맑음,교차로 - 교차로안,이륜,여,64세,중상,승용,여,47세,상해없음
2013100300100326,2013년 10월 3일 15시,목요일,부산광역시 금정구 구서동,경상사고,0,0,1,1,차대차 - 추돌 - 주정차중,안전운전불이행,건조,맑음,단일로 - 기타,승용,남,55세,상해없음,승용,남,34세,경상
2013100300100358,2013년 10월 3일 16시,목요일,부산광역시 부산진구 개금동,중상사고,0,1,0,1,차대사람 - 횡단중,안전운전불이행,건조,맑음,단일로 - 기타,승용,여,71세,상해없음,보행자,여,75세,중상
2013100300100359,2013년 10월 3일 16시,목요일,부산광역시 금정구 장전동,중상사고,0,1,0,0,차대사람 - 횡단중,안전운전불이행,건조,맑음,단일로 - 기타,승용,남,49세,상해없음,보행자,남,65세,중상
2013100300100360,2013년 10월 3일 16시,목요일,부산광역시 금정구 서동,중상사고,0,2,1,0,차대차 - 측면직각충돌,신호위반,건조,맑음,교차로 - 교차로안,화물,남,68세,상해없음,이륜,남,41세,경상
2013100300100361,2013년 10월 3일 16시,목요일,부산광역시 수영구 망미동,중상사고,0,3,0,0,차대차 - 기타,안전거리미확보,건조,맑음,단일로 - 기타,승용,남,41세,중상,승용,여,46세,중상
2013100300100362,2013년 10월 3일 16시,목요일,부산광역시 사상구 모라동,경상사고,0,0,1,0,차대차 - 측면직각충돌,안전운전불이행,건조,맑음,교차로 - 교차로부근,승용,여,38세,상해없음,원동기,남,54세,경상
2013100300100363,2013년 10월 3일 16시,목요일,부산광역시 기장군 철마면,경상사고,0,0,1,0,차대차 - 추돌 - 진행중,안전거리미확보,건조,맑음,단일로 - 기타,승용,남,50세,상해없음,화물,남,55세,경상
2013100300100412,2013년 10월 3일 17시,목요일,부산광역시 사상구 주례동,중상사고,0,1,0,0,차대사람 - 횡단중,안전운전불이행,건조,맑음,단일로 - 기타,화물,남,47세,상해없음,보행자,여,76세,중상
2013100300100440,2013년 10월 3일 18시,목요일,부산광역시 수영구 민락동,중상사고,0,1,0,0,차대사람 - 횡단중,신호위반,건조,맑음,교차로 - 교차로부근,승용,남,63세,상해없음,보행자,여,58세,중상
2013100300100485,2013년 10월 3일 19시,목요일,부산광역시 서구 동대신동2가,경상사고,0,0,2,1,차대차 - 추돌 - 주정차중,안전거리미확보,건조,맑음,교차로 - 교차로부근,화물,남,47세,상해없음,승합,남,41세,경상
2013100300100486,2013년 10월 3일 19시,목요일,부산광역시 사상구 모라동,중상사고,0,1,0,0,차대사람 - 기타,안전운전불이행,건조,맑음,교차로 - 교차로안,화물,남,56세,상해없음,보행자,여,31세,중상
2013100300100520,2013년 10월 3일 20시,목요일,부산광역시 동구 수정동,중상사고,0,1,0,0,차대사람 - 기타,안전운전불이행,건조,맑음,단일로 - 기타,승용,여,31세,상해없음,보행자,남,70세,중상
2013100300100552,2013년 10월 3일 21시,목요일,부산광역시 해운대구 좌동,중상사고,0,1,2,0,차대차 - 추돌 - 주정차중,안전운전불이행,건조,맑음,교차로 - 교차로부근,승용,남,45세,상해없음,승용,여,39세,경상
2013100300100553,2013년 10월 3일 21시,목요일,부산광역시 강서구 대저1동,경상사고,0,0,2,0,차대차 - 추돌 - 주정차중,안전운전불이행,건조,맑음,단일로 - 기타,승용,남,53세,기타불명,승용,남,27세,경상
2013100300100587,2013년 10월 3일 22시,목요일,부산광역시 동구 초량동,중상사고,0,1,1,0,차대차 - 추돌 - 진행중,안전운전불이행,건조,맑음,단일로 - 기타,승용,남,41세,상해없음,승용,남,28세,중상
2013100300100605,2013년 10월 3일 23시,목요일,부산광역시 강서구 명지동,경상사고,0,0,1,0,차대차 - 추돌 - 주정차중,안전운전불이행,건조,맑음,단일로 - 횡단보도부근,승용,여,31세,상해없음,승용,남,39세,경상
2013100300100606,2013년 10월 3일 23시,목요일,부산광역시 기장군 일광면,경상사고,0,0,2,0,차대차 - 기타,안전거리미확보,건조,맑음,단일로 - 기타,승용,남,56세,상해없음,화물,남,54세,상해없음
2013100400100025,2013년 10월 4일 01시,금요일,부산광역시 남구 대연동,경상사고,0,0,1,0,차대차 - 측면직각충돌,신호위반,건조,맑음,교차로 - 교차로안,승용,남,47세,상해없음,승용,남,61세,경상
2013100400100036,2013년 10월 4일 02시,금요일,부산광역시 동구 수정동,중상사고,0,2,0,0,차대사람 - 횡단중,안전운전불이행,건조,맑음,단일로 - 횡단보도상,승용,남,50세,상해없음,보행자,여,24세,중상
2013100400100037,2013년 10월 4일 02시,금요일,부산광역시 남구 대연동,중상사고,0,1,0,0,차량단독 - 전도전복,안전운전불이행,건조,맑음,단일로 - 기타,이륜,남,31세,중상,,,,
2013100400100045,2013년 10월 4일 03시,금요일,부산광역시 사상구 감전동,중상사고,0,1,0,0,차대차 - 기타,안전운전불이행,건조,맑음,단일로 - 기타,승용,남,57세,상해없음,원동기,남,31세,중상
2013100400100050,2013년 10월 4일 04시,금요일,부산광역시 동래구 사직동,경상사고,0,0,1,0,차대차 - 기타,안전운전불이행,건조,맑음,단일로 - 기타,기타불명,기타불명,기타불명,기타불명,자전거,여,25세,경상
2013100400100056,2013년 10월 4일 05시,금요일,부산광역시 남구 용호동,중상사고,0,2,1,1,차대차 - 기타,안전운전불이행,건조,맑음,교차로 - 교차로안,원동기,남,17세,부상신고,화물,남,52세,경상
2013100400100090,2013년 10월 4일 07시,금요일,부산광역시 동구 범일동,중상사고,0,1,0,0,차대사람 - 기타,안전운전불이행,건조,맑음,단일로 - 기타,승용,남,40세,상해없음,보행자,남,52세,중상
2013100400100091,2013년 10월 4일 07시,금요일,부산광역시 부산진구 당감동,경상사고,0,0,2,0,차대차 - 기타,중앙선침범,건조,맑음,단일로 - 기타,승용,남,55세,상해없음,이륜,남,25세,경상
2013100400100092,2013년 10월 4일 07시,금요일,부산광역시 강서구 대저2동,중상사고,0,1,0,0,차대차 - 추돌 - 진행중,안전운전불이행,건조,맑음,단일로 - 기타,승용,남,35세,상해없음,승용,남,30세,중상
2013100400100140,2013년 10월 4일 09시,금요일,부산광역시 동구 범일동,경상사고,0,0,2,0,차대차 - 기타,안전거리미확보,건조,맑음,단일로 - 기타,승용,여,38세,상해없음,승용,남,39세,경상
2013100400100141,2013년 10월 4일 09시,금요일,부산광역시 영도구 동삼동,경상사고,0,0,1,0,차대차 - 측면직각충돌,안전운전불이행,건조,맑음,단일로 - 기타,승용,남,47세,상해없음,승합,남,44세,경상