사고번호,사고일시,요일,시군구,사고내용,사망자수,중상자수,경상자수,부상신고자수,사고유형,법규위반,노면상태,기상상태,도로형태,가해운전자 차종,가해운전자 성별,가해운전자 연령,가해운전자 상해정도,피해운전자 차종,피해운전자 성별,피해운전자 연령,피해운전자 상해정도
2013100400100197,2013년 10월 4일 11시,금요일,부산광역시 북구 덕천동,중상사고,0,1,0,0,차대차 - 추돌 - 진행중,교차로운행방법위반,건조,맑음,교차로 - 교차로부근,승용,남,38세,상해없음,이륜,남,29세,중상
2013100400100198,2013년 10월 4일 11시,금요일,부산광역시 해운대구 반송동,중상사고,0,1,0,0,차대사람 - 횡단중,보행자보호의무위반,기타,맑음,단일로 - 횡단보도상,승용,여,35세,상해없음,보행자,남,71세,중상
2013100400100199,2013년 10월 4일 11시,금요일,부산광역시 부산진구 개금동,중상사고,0,2,0,0,차대차 - 추돌 - 진행중,안전운전불이행,건조,맑음,교차로 - 교차로부근,건설기계,남,41세,상해없음,승용,남,62세,중상
2013100400100229,2013년 10월 4일 12시,금요일,부산광역시 수영구 수영동,중상사고,0,1,0,0,차대차 - 기타,불법유턴,건조,맑음,단일로 - 횡단보도상,자전거,남,48세,중상,승용,남,75세,상해없음
2013100400100261,2013년 10월 4일 13시,금요일,부산광역시 사상구 감전동,경상사고,0,0,1,0,차대사람 - 기타,안전운전불이행,건조,맑음,단일로 - 기타,승용,남,42세,상해없음,보행자,여,50세,경상
2013100400100289,2013년 10월 4일 14시,금요일,부산광역시 서구 아미동2가,경상사고,0,0,1,0,차대사람 - 기타,보행자보호의무위반,건조,맑음,단일로 - 횡단보도상,승용,여,28세,상해없음,보행자,여,8세,경상
2013100400100290,2013년 10월 4일 14시,금요일,부산광역시 수영구 민락동,경상사고,0,0,1,0,차대차 - 기타,안전운전불이행,건조,맑음,단일로 - 기타,승용,남,58세,상해없음,이륜,남,24세,경상
2013100400100291,2013년 10월 4일 14시,금요일,부산광역시 해운대구 재송동,중상사고,0,1,0,0,차대차 - 측면직각충돌,안전운전불이행,건조,맑음,단일로 - 기타,승용,여,48세,상해없음,승용,남,54세,중상
2013100400100339,2013년 10월 4일 15시,금요일,부산광역시 수영구 민락동,경상사고,0,0,1,0,차대사람 - 기타,신호위반,건조,맑음,교차로 - 교차로안,자전거,남,27세,상해없음,보행자,남,57세,경상
2013100400100340,2013년 10월 4일 15시,금요일,부산광역시 동래구 안락동,중상사고,0,1,0,0,차대사람 - 횡단중,신호위반,건조,맑음,교차로 - 교차로부근,승용,남,63세,상해없음,보행자,여,10세,중상
2013100400100376,2013년 10월 4일 16시,금요일,부산광역시 북구 구포동,경상사고,0,0,1,0,차대차 - 측면직각충돌,신호위반,건조,맑음,단일로 - 횡단보도상,승용,남,56세,상해없음,자전거,남,66세,경상
2013100400100377,2013년 10월 4일 16시,금요일,부산광역시 금정구 장전동,중상사고,0,1,0,0,차대사람 - 횡단중,안전운전불이행,건조,맑음,단일로 - 기타,승용,남,50세,상해없음,보행자,여,21세,중상
2013100400100378,2013년 10월 4일 16시,금요일,부산광역시 연제구 거제동,경상사고,0,0,1,0,차대차 - 측면직각충돌,차로위반,건조,맑음,단일로 - 횡단보도부근,화물,남,54세,상해없음,승용,여,34세,경상
2013100400100424,2013년 10월 4일 17시,금요일,부산광역시 부산진구 양정동,경상사고,0,0,1,0,차대차 - 기타,신호위반,건조,맑음,교차로 - 교차로안,승용,남,60세,상해없음,이륜,남,38세,경상
2013100400100469,2013년 10월 4일 18시,금요일,부산광역시 금정구 서동,경상사고,0,0,1,0,차량단독 - 기타,안전운전불이행,건조,맑음,단일로 - 기타,승합,기타불명,기타불명,기타불명,,,,
2013100400100470,2013년 10월 4일 18시,금요일,부산광역시 사하구 괴정동,중상사고,0,1,0,0,차대사람 - 기타,안전운전불이행,건조,맑음,단일로 - 횡단보도상,승용,남,38세,상해없음,보행자,남,58세,중상
2013100400100515,2013년 10월 4일 19시,금요일,부산광역시 사하구 감천동,부상신고사고,0,0,0,1,차대차 - 기타,안전운전불이행,건조,맑음,단일로 - 기타,승용,여,55세,상해없음,원동기,남,21세,부상신고
2013100400100562,2013년 10월 4일 20시,금요일,부산광역시 수영구 광안동,중상사고,0,2,0,0,차대사람 - 기타,안전운전불이행,건조,맑음,교차로 - 교차로안,승용,남,63세,상해없음,보행자,여,33세,중상
2013100400100671,2013년 10월 4일 23시,금요일,부산광역시 북구 구포동,중상사고,0,1,1,0,차량단독 - 전도전복,안전운전불이행,건조,맑음,단일로 - 기타,승용,남,17세,경상,,,,
2013100400100672,2013년 10월 4일 23시,금요일,부산광역시 동래구 명장동,중상사고,0,1,0,0,차대차 - 측면직각충돌,신호위반,건조,맑음,교차로 - 교차로안,승용,남,65세,상해없음,원동기,남,26세,중상
2013100500100006,2013년 10월 5일 00시,토요일,부산광역시 연제구 연산동,중상사고,0,1,0,0,차대사람 - 기타,기타,건조,맑음,단일로 - 기타,승용,남,53세,상해없음,보행자,여,62세,중상
2013100500100007,2013년 10월 5일 00시,토요일,부산광역시 기장군 기장읍,경상사고,0,0,2,0,차대차 - 측면직각충돌,교차로운행방법위반,건조,맑음,교차로 - 교차로안,이륜,남,18세,경상,승용,남,40세,경상
2013100500100030,2013년 10월 5일 01시,토요일,부산광역시 연제구 연산동,경상사고,0,0,1,0,차대차 - 추돌 - 주정차중,안전거리미확보,건조,맑음,단일로 - 횡단보도부근,승용,남,37세,상해없음,승용,남,54세,상해없음
2013100500100050,2013년 10월 5일 02시,토요일,부산광역시 수영구 민락동,경상사고,0,0,2,0,차대차 - 기타,안전운전불이행,건조,맑음,단일로 - 기타,승용,남,33세,상해없음,승용,남,32세,경상
2013100500100051,2013년 10월 5일 02시,토요일,부산광역시 사하구 감천동,경상사고,0,0,4,0,차대차 - 기타,신호위반,건조,맑음,교차로 - 교차로안,승용,남,46세,상해없음,승용,남,25세,경상
2013100500100097,2013년 10월 5일 04시,토요일,부산광역시 해운대구 중동,경상사고,0,0,1,0,차대차 - 추돌 - 진행중,안전운전불이행,건조,맑음,단일로 - 기타,승용,남,34세,상해없음,승용,남,50세,경상
2013100500100098,2013년 10월 5일 04시,토요일,부산광역시 연제구 연산동,중상사고,0,1,0,0,차대사람 - 기타,안전운전불이행,건조,맑음,교차로 - 교차로부근,승용,남,29세,상해없음,보행자,남,47세,중상
2013100500100108,2013년 10월 5일 05시,토요일,부산광역시 남구 문현동,중상사고,0,1,0,0,차대차 - 기타,안전거리미확보,건조,맑음,단일로 - 기타,승용,남,55세,상해없음,원동기,남,63세,중상
2013100500100131,2013년 10월 5일 07시,토요일,부산광역시 북구 덕천동,중상사고,0,1,3,0,차대차 - 추돌 - 진행중,안전운전불이행,건조,맑음,단일로 - 기타,승용,남,49세,상해없음,승용,남,62세,중상
2013100500100155,2013년 10월 5일 08시,토요일,부산광역시 부산진구 개금동,사망사고,1,2,1,0,차대차 - 추돌 - 진행중,안전운전불이행,건조,맑음,단일로 - 기타,화물,남,44세,사망,화물,남,61세,중상
2013100500100156,2013년 10월 5일 08시,토요일,부산광역시 금정구 장전동,중상사고,0,1,0,0,차대사람 - 기타,안전운전불이행,건조,맑음,단일로 - 기타,승용,기타불명,기타불명,기타불명,보행자,남,41세,중상
2013100500100157,2013년 10월 5일 08시,토요일,부산광역시 강서구 대저1동,중상사고,0,1,0,0,차대차 - 측면직각충돌,교차로운행방법위반,건조,맑음,교차로 - 교차로부근,화물,남,54세,상해없음,자전거,남,47세,중상
2013100500100190,2013년 10월 5일 09시,토요일,부산광역시 동래구 온천동,중상사고,0,1,0,1,차량단독 - 기타,안전운전불이행,기타,맑음,기타 - 기타,승용,남,58세,부상신고,,,,
2013100500100191,2013년 10월 5일 09시,토요일,부산광역시 영도구 봉래동1가,경상사고,0,0,1,0,차대차 - 기타,안전운전불이행,건조,맑음,기타 - 기타,승용,남,53세,상해없음,승용,남,52세,경상
2013100500100192,2013년 10월 5일 09시,토요일,부산광역시 해운대구 우동,경상사고,0,0,1,0,차대차 - 추돌 - 진행중,안전운전불이행,건조,맑음,단일로 - 기타,승용,남,72세,상해없음,승용,남,53세,경상
2013100500100283,2013년 10월 5일 12시,토요일,부산광역시 수영구 남천동,경상사고,0,0,1,0,차대차 - 추돌 - 주정차중,안전운전불이행,건조,맑음,단일로 - 기타,승용,남,67세,상해없음,승용,남,43세,경상
2013100500100321,2013년 10월 5일 13시,토요일,부산광역시 영도구 동삼동,중상사고,0,1,0,0,차대사람 - 횡단중,안전운전불이행,건조,맑음,단일로 - 기타,승용,남,32세,기타불명,보행자,여,57세,중상
2013100500100322,2013년 10월 5일 13시,토요일,부산광역시 부산진구 전포동,경상사고,0,0,1,0,차대차 - 기타,안전운전불이행,기타,맑음,단일로 - 기타,화물,남,31세,상해없음,승용,남,63세,경상
2013100500100349,2013년 10월 5일 14시,토요일,부산광역시 중구 중앙동4가,경상사고,0,0,2,0,차대차 - 추돌 - 진행중,안전거리미확보,건조,맑음,교차로 - 교차로안,화물,남,45세,상해없음,화물,남,70세,경상
2013100500100350,2013년 10월 5일 14시,토요일,부산광역시 동래구 수안동,경상사고,0,0,1,0,차대차 - 기타,불법유턴,건조,맑음,기타 - 기타,승용,남,27세,상해없음,승용,여,54세,경상
2013100500100386,2013년 10월 5일 15시,토요일,부산광역시 동구 초량동,중상사고,0,1,1,0,차대차 - 추돌 - 진행중,안전운전불이행,건조,맑음,단일로 - 기타,승용,남,49세,상해없음,승용,남,66세,경상
2013100500100387,2013년 10월 5일 15시,토요일,부산광역시 북구 만덕동,경상사고,0,0,1,0,차대차 - 측면직각충돌,안전거리미확보,건조,맑음,교차로 - 교차로부근,승용,여,58세,상해없음,승합,남,59세,경상
2013100500100388,2013년 10월 5일 15시,토요일,부산광역시 부산진구 범천동,경상사고,0,0,4,0,차대차 - 측면직각충돌,교차로운행방법위반,건조,맑음,교차로 - 교차로부근,승용,남,25세,상해없음,승용,남,29세,경상
2013100500100426,2013년 10월 5일 16시,토요일,부산광역시 동구 범일동,중상사고,0,1,0,0,차대사람 - 기타,안전운전불이행,건조,맑음,교차로 - 교차로안,승용,남,34세,상해없음,보행자,남,56세,중상
2013100500100460,2013년 10월 5일 17시,토요일,부산광역시 해운대구 우동,경상사고,0,0,1,0,차대사람 - 기타,안전운전불이행,건조,맑음,단일로 - 기타,화물,남,42세,상해없음,보행자,여,19세,경상
2013100500100461,2013년 10월 5일 17시,토요일,부산광역시 사하구 감천동,부상신고사고,0,0,0,1,차대차 - 측면직각충돌,안전거리미확보,건조,맑음,단일로 - 기타,화물,남,39세,상해없음,원동기,남,19세,상해없음
2013100500100492,2013년 10월 5일 18시,토요일,부산광역시 기장군 정관면,중상사고,0,1,3,0,차대차 - 측면직각충돌,안전운전불이행,건조,맑음,교차로 - 교차로안,승용,여,41세,상해없음,승용,남,33세,경상
2013100500100535,2013년 10월 5일 19시,토요일,부산광역시 수영구 남천동,중상사고,0,1,0,0,차대사람 - 횡단중,안전운전불이행,건조,맑음,단일로 - 기타,승용,남,24세,상해없음,보행자,남,79세,중상
2013100500100536,2013년 10월 5일 19시,토요일,부산광역시 부산진구 전포동,중상사고,0,1,1,0,차대차 - 기타,교차로운행방법위반,건조,맑음,교차로 - 교차로안,원동기,남,49세,상해없음,승용,남,48세,상해없음
2013100500100580,2013년 10월 5일 20시,토요일,부산광역시 사상구 모라동,경상사고,0,0,1,0,차대차 - 추돌 - 주정차중,안전운전불이행,건조,흐림,교차로 - 교차로안,승용,남,41세,상해없음,승용,남,58세,상해없음
2013100500100612,2013년 10월 5일 21시,토요일,부산광역시 서구 동대신동1가,중상사고,0,2,0,0,차대차 - 측면직각충돌,불법유턴,건조,맑음,단일로 - 기타,이륜,남,49세,중상,이륜,남,18세,중상
2013100500100613,2013년 10월 5일 21시,토요일,부산광역시 연제구 연산동,중상사고,0,1,1,0,차대차 - 추돌 - 주정차중,안전운전불이행,습기,비,교차로 - 교차로부근,승용,남,39세,상해없음,승용,남,59세,경상
2013100500100654,2013년 10월 5일 22시,토요일,부산광역시 부산진구 부암동,중상사고,0,1,0,0,차대차 - 측면직각충돌,신호위반,건조,맑음,교차로 - 교차로안,승용,남,48세,상해없음,승용,남,55세,중상
2013100600100004,2013년 10월 6일 00시,일요일,부산광역시 동구 초량동,경상사고,0,0,1,0,차대차 - 기타,안전거리미확보,습기,비,단일로 - 기타,승용,남,51세,상해없음,승용,남,29세,경상
2013100600100005,2013년 10월 6일 00시,일요일,부산광역시 부산진구 양정동,경상사고,0,0,2,0,차대차 - 추돌 - 진행중,안전운전불이행,습기,비,단일로 - 기타,승용,남,30세,상해없음,승용,남,67세,경상
2013100600100006,2013년 10월 6일 00시,일요일,부산광역시 금정구 장전동,중상사고,0,1,0,0,차대사람 - 횡단중,보행자보호의무위반,습기,비,교차로 - 교차로안,승용,남,53세,상해없음,보행자,남,22세,중상
2013100600100007,2013년 10월 6일 00시,일요일,부산광역시 사하구 괴정동,중상사고,0,2,0,0,차대차 - 정면충돌,신호위반,습기,비,교차로 - 교차로안,승용,여,29세,상해없음,승용,남,41세,중상
2013100600100008,2013년 10월 6일 00시,일요일,부산광역시 연제구 연산동,중상사고,0,3,1,0,차대차 - 기타,신호위반,습기,흐림,교차로 - 교차로안,승용,남,43세,상해없음,승용,여,21세,중상
2013100600100020,2013년 10월 6일 01시,일요일,부산광역시 해운대구 좌동,경상사고,0,0,1,0,차대차 - 측면직각충돌,안전운전불이행,건조,맑음,미분류 - 미분류,승용,남,29세,상해없음,승용,남,26세,경상
2013100600100036,2013년 10월 6일 02시,일요일,부산광역시 해운대구 중동,중상사고,0,4,0,0,차대차 - 측면직각충돌,안전운전불이행,기타,맑음,단일로 - 기타,승용,여,34세,상해없음,승용,남,33세,중상
2013100600100037,2013년 10월 6일 02시,일요일,부산광역시 부산진구 개금동,경상사고,0,0,1,0,차대사람 - 횡단중,안전운전불이행,습기,비,단일로 - 기타,승용,남,53세,상해없음,보행자,남,44세,경상
2013100600100051,2013년 10월 6일 03시,일요일,부산광역시 동구 초량동,경상사고,0,0,3,0,차대차 - 기타,차로위반,건조,맑음,단일로 - 기타,승용,남,19세,상해없음,승용,남,25세,경상
2013100600100052,2013년 10월 6일 03시,일요일,부산광역시 연제구 연산동,경상사고,0,0,1,0,차대차 - 기타,안전거리미확보,건조,맑음,교차로 - 교차로안,승용,남,37세,상해없음,승용,남,58세,경상
2013100600100076,2013년 10월 6일 05시,일요일,부산광역시 강서구 대저2동,경상사고,0,0,1,0,차량단독 - 공작물충돌,안전운전불이행,습기,흐림,교차로 - 교차로안,승용,남,46세,상해없음,,,,
2013100600100087,2013년 10월 6일 06시,일요일,부산광역시 북구 덕천동,경상사고,0,0,1,0,차대차 - 측면직각충돌,차로위반,건조,맑음,교차로 - 교차로부근,이륜,남,19세,상해없음,승용,남,29세,상해없음
2013100600100088,2013년 10월 6일 06시,일요일,부산광역시 부산진구 초읍동,중상사고,0,1,0,0,차대사람 - 횡단중,안전운전불이행,건조,맑음,단일로 - 횡단보도상,승합,남,42세,상해없음,보행자,여,81세,중상
2013100600100089,2013년 10월 6일 06시,일요일,부산광역시 사상구 덕포동,부상신고사고,0,0,0,1,차대사람 - 길가장자리구역통행중,안전운전불이행,건조,맑음,단일로 - 기타,승용,남,45세,상해없음,보행자,남,53세,부상신고
2013100600100096,2013년 10월 6일 07시,일요일,부산광역시 동래구 수안동,경상사고,0,0,1,0,차대사람 - 차도통행중,안전운전불이행,습기,흐림,단일로 - 기타,승용,남,61세,상해없음,보행자,여,64세,경상
2013100600100105,2013년 10월 6일 08시,일요일,부산광역시 북구 덕천동,경상사고,0,0,1,0,차대차 - 기타,신호위반,습기,비,교차로 - 교차로안,승합,남,67세,상해없음,이륜,남,55세,경상
2013100600100106,2013년 10월 6일 08시,일요일,부산광역시 금정구 서동,중상사고,0,1,0,1,차대차 - 측면직각충돌,중앙선침범,습기,비,단일로 - 기타,승용,여,29세,부상신고,승용,여,54세,중상
2013100600100120,2013년 10월 6일 09시,일요일,부산광역시 해운대구 우동,중상사고,0,2,0,0,차대차 - 기타,안전운전불이행,기타,흐림,교차로 - 교차로부근,승용,남,47세,상해없음,이륜,남,59세,중상
2013100600100140,2013년 10월 6일 10시,일요일,부산광역시 해운대구 재송동,중상사고,0,1,0,0,차대사람 - 기타,안전운전불이행,건조,맑음,단일로 - 기타,승용,여,38세,상해없음,보행자,여,70세,중상
2013100600100164,2013년 10월 6일 11시,일요일,부산광역시 부산진구 범천동,경상사고,0,0,1,0,차대사람 - 기타,안전운전불이행,건조,맑음,단일로 - 기타,승용,남,31세,상해없음,보행자,여,14세,경상
2013100600100224,2013년 10월 6일 14시,일요일,부산광역시 사상구 엄궁동,중상사고,0,1,0,0,차대차 - 측면직각충돌,안전운전불이행,습기,비,교차로 - 교차로부근,승용,남,35세,상해없음,자전거,남,68세,중상
2013100600100245,2013년 10월 6일 15시,일요일,부산광역시 서구 암남동,중상사고,0,1,0,0,차대사람 - 기타,안전운전불이행,건조,맑음,단일로 - 기타,승용,남,61세,상해없음,보행자,여,71세,중상
2013100600100246,2013년 10월 6일 15시,일요일,부산광역시 금정구 부곡동,경상사고,0,0,1,0,차대차 - 측면직각충돌,교차로운행방법위반,습기,비,교차로 - 교차로안,승용,남,64세,기타불명,이륜,남,74세,경상
2013100600100247,2013년 10월 6일 15시,일요일,부산광역시 사하구 당리동,경상사고,0,0,1,0,차대사람 - 기타,안전운전불이행,습기,비,단일로 - 기타,승용,남,36세,상해없음,보행자,남,7세,경상
2013100600100301,2013년 10월 6일 17시,일요일,부산광역시 강서구 봉림동,경상사고,0,0,1,0,차대차 - 기타,안전운전불이행,건조,맑음,단일로 - 기타,화물,남,50세,상해없음,승용,여,47세,경상
2013100600100330,2013년 10월 6일 18시,일요일,부산광역시 동구 좌천동,경상사고,0,0,2,0,차대차 - 추돌 - 진행중,안전거리미확보,건조,맑음,단일로 - 기타,승용,남,54세,상해없음,승용,남,38세,경상
2013100600100383,2013년 10월 6일 19시,일요일,부산광역시 수영구 광안동,경상사고,0,0,1,0,차대차 - 기타,중앙선침범,습기,흐림,교차로 - 교차로안,승합,남,56세,상해없음,원동기,남,33세,경상
2013100600100474,2013년 10월 6일 22시,일요일,부산광역시 중구 보수동1가,부상신고사고,0,0,0,1,차대차 - 측면직각충돌,기타,건조,맑음,단일로 - 기타,이륜,남,70세,부상신고,승용,남,20세,상해없음
2013100600100475,2013년 10월 6일 22시,일요일,부산광역시 수영구 광안동,중상사고,0,1,0,0,차대차 - 측면직각충돌,안전거리미확보,건조,맑음,단일로 - 터널,화물,남,40세,상해없음,승용,남,47세,중상
2013100700100003,2013년 10월 7일 00시,월요일,부산광역시 영도구 대교동1가,중상사고,0,1,0,0,차대사람 - 기타,안전운전불이행,건조,맑음,단일로 - 교량,승용,남,56세,상해없음,보행자,남,48세,중상
2013100700100004,2013년 10월 7일 00시,월요일,부산광역시 금정구 금사동,부상신고사고,0,0,0,1,차대차 - 측면직각충돌,안전운전불이행,건조,맑음,교차로 - 교차로부근,이륜,남,38세,부상신고,승합,남,31세,상해없음
2013100700100067,2013년 10월 7일 07시,월요일,부산광역시 서구 부민동1가,중상사고,0,1,0,0,차대차 - 기타,안전운전불이행,건조,맑음,단일로 - 기타,이륜,남,56세,상해없음,자전거,남,51세,중상
2013100700100068,2013년 10월 7일 07시,월요일,부산광역시 금정구 서동,경상사고,0,0,1,0,차대사람 - 횡단중,보행자보호의무위반,건조,맑음,단일로 - 횡단보도상,화물,남,53세,상해없음,보행자,여,64세,경상
2013100700100091,2013년 10월 7일 08시,월요일,부산광역시 강서구 송정동,중상사고,0,1,0,0,차대차 - 기타,신호위반,건조,맑음,단일로 - 횡단보도상,화물,남,28세,상해없음,자전거,남,56세,중상
2013100700100092,2013년 10월 7일 08시,월요일,부산광역시 사상구 학장동,부상신고사고,0,0,0,1,차량단독 - 공작물충돌,안전운전불이행,건조,맑음,교차로 - 교차로부근,승용,남,34세,부상신고,,,,
2013100700100125,2013년 10월 7일 09시,월요일,부산광역시 영도구 봉래동3가,중상사고,0,1,0,0,차대사람 - 횡단중,신호위반,건조,맑음,단일로 - 횡단보도상,건설기계,남,47세,상해없음,보행자,여,21세,중상
2013100700100126,2013년 10월 7일 09시,월요일,부산광역시 금정구 구서동,경상사고,0,0,1,0,차대사람 - 기타,기타,건조,흐림,단일로 - 기타,화물,남,48세,기타불명,보행자,여,37세,경상
2013100700100151,2013년 10월 7일 10시,월요일,부산광역시 서구 충무동1가,중상사고,0,2,0,0,차대차 - 추돌 - 주정차중,안전운전불이행,건조,맑음,단일로 - 횡단보도부근,승용,여,57세,상해없음,승용,여,43세,중상
2013100700100152,2013년 10월 7일 10시,월요일,부산광역시 수영구 광안동,중상사고,0,1,0,0,차대사람 - 횡단중,안전운전불이행,건조,맑음,단일로 - 횡단보도부근,승용,여,22세,상해없음,보행자,남,67세,중상
2013100700100182,2013년 10월 7일 11시,월요일,부산광역시 남구 문현동,경상사고,0,0,2,0,차대차 - 기타,안전거리미확보,건조,맑음,교차로 - 교차로부근,승용,남,44세,상해없음,승용,남,48세,경상
2013100700100183,2013년 10월 7일 11시,월요일,부산광역시 해운대구 우동,경상사고,0,0,1,0,차대차 - 측면직각충돌,차로위반,건조,맑음,단일로 - 기타,승용,남,41세,상해없음,승용,남,59세,경상
2013100700100215,2013년 10월 7일 12시,월요일,부산광역시 동구 수정동,경상사고,0,0,1,0,차대사람 - 기타,안전운전불이행,건조,맑음,교차로 - 교차로안,화물,남,59세,상해없음,보행자,남,56세,경상
2013100700100216,2013년 10월 7일 12시,월요일,부산광역시 연제구 연산동,중상사고,0,1,0,0,차대사람 - 기타,안전운전불이행,건조,맑음,단일로 - 기타,승용,남,40세,상해없음,보행자,여,80세,중상
2013100700100217,2013년 10월 7일 12시,월요일,부산광역시 강서구 대저2동,경상사고,0,0,1,0,차대차 - 추돌 - 주정차중,안전운전불이행,건조,맑음,단일로 - 기타,승용,남,48세,상해없음,화물,남,43세,경상
2013100700100242,2013년 10월 7일 13시,월요일,부산광역시 해운대구 좌동,중상사고,0,1,0,0,차대차 - 측면직각충돌,안전운전불이행,건조,기타,교차로 - 교차로안,승용,남,33세,상해없음,원동기,남,47세,중상
2013100700100243,2013년 10월 7일 13시,월요일,부산광역시 사상구 감전동,경상사고,0,0,1,0,차대사람 - 기타,안전운전불이행,건조,맑음,교차로 - 교차로안,승용,남,38세,상해없음,보행자,여,80세,경상
2013100700100271,2013년 10월 7일 14시,월요일,부산광역시 수영구 광안동,중상사고,0,1,1,0,차대차 - 추돌 - 진행중,안전운전불이행,건조,흐림,단일로 - 기타,승용,남,27세,상해없음,승용,남,50세,경상
2013100700100272,2013년 10월 7일 14시,월요일,부산광역시 남구 감만동,경상사고,0,0,1,0,차대차 - 측면직각충돌,신호위반,건조,맑음,교차로 - 교차로안,특수,남,34세,상해없음,승용,남,36세,경상
2013100700100273,2013년 10월 7일 14시,월요일,부산광역시 동래구 안락동,중상사고,0,1,0,0,차대차 - 측면직각충돌,안전운전불이행,건조,맑음,단일로 - 기타,화물,남,74세,상해없음,이륜,남,51세,중상
2013100700100299,2013년 10월 7일 15시,월요일,부산광역시 사상구 괘법동,경상사고,0,0,2,0,차대차 - 추돌 - 주정차중,안전운전불이행,건조,맑음,단일로 - 기타,화물,남,35세,상해없음,승용,남,25세,경상
2013100700100325,2013년 10월 7일 16시,월요일,부산광역시 해운대구 우동,경상사고,0,0,1,0,차대차 - 기타,안전거리미확보,건조,맑음,단일로 - 기타,승용,남,68세,상해없음,승용,여,35세,경상
2013100700100326,2013년 10월 7일 16시,월요일,부산광역시 연제구 연산동,경상사고,0,0,1,0,차대차 - 측면직각충돌,교차로운행방법위반,건조,맑음,교차로 - 교차로안,승용,남,26세,기타불명,승용,남,37세,경상
2013100700100354,2013년 10월 7일 17시,월요일,부산광역시 부산진구 개금동,중상사고,0,1,0,0,차대차 - 추돌 - 진행중,신호위반,건조,맑음,교차로 - 교차로안,승용,남,48세,상해없음,이륜,남,58세,중상
2013100700100355,2013년 10월 7일 17시,월요일,부산광역시 부산진구 전포동,경상사고,0,0,1,0,차대차 - 추돌 - 진행중,안전운전불이행,건조,흐림,교차로 - 교차로안,승용,남,59세,상해없음,이륜,남,37세,경상
2013100700100356,2013년 10월 7일 17시,월요일,부산광역시 강서구 식만동,중상사고,0,1,0,0,차대사람 - 기타,안전운전불이행,건조,맑음,단일로 - 기타,승용,남,21세,상해없음,보행자,여,8세,중상
2013100700100393,2013년 10월 7일 18시,월요일,부산광역시 중구 대창동2가,중상사고,0,1,1,0,차대차 - 추돌 - 진행중,안전거리미확보,습기,비,교차로 - 교차로부근,승합,남,56세,상해없음,승용,여,43세,중상
2013100700100394,2013년 10월 7일 18시,월요일,부산광역시 금정구 부곡동,경상사고,0,0,1,0,차대차 - 추돌 - 주정차중,안전운전불이행,건조,맑음,단일로 - 기타,화물,여,55세,상해없음,승용,남,60세,경상
2013100700100395,2013년 10월 7일 18시,월요일,부산광역시 연제구 거제동,중상사고,0,1,0,0,차대사람 - 차도통행중,안전운전불이행,건조,맑음,단일로 - 횡단보도부근,승용,여,35세,상해없음,보행자,남,20세,중상
2013100700100396,2013년 10월 7일 18시,월요일,부산광역시 사상구 덕포동,경상사고,0,0,1,0,차대차 - 측면직각충돌,안전운전불이행,습기,비,교차로 - 교차로부근,승용,남,31세,상해없음,원동기,여,39세,경상
2013100700100482,2013년 10월 7일 20시,월요일,부산광역시 해운대구 좌동,중상사고,0,1,0,0,차대사람 - 횡단중,안전운전불이행,기타,맑음,기타 - 기타,승용,남,46세,상해없음,보행자,남,26세,중상
2013100700100514,2013년 10월 7일 21시,월요일,부산광역시 수영구 광안동,중상사고,0,2,0,0,차대사람 - 횡단중,안전운전불이행,습기,흐림,단일로 - 기타,승용,남,58세,상해없음,보행자,여,26세,중상
2013100700100515,2013년 10월 7일 21시,월요일,부산광역시 해운대구 좌동,경상사고,0,0,2,0,차대차 - 추돌 - 주정차중,안전거리미확보,건조,맑음,미분류 - 미분류,승용,남,21세,상해없음,화물,남,56세,경상
2013100700100516,2013년 10월 7일 21시,월요일,부산광역시 부산진구 당감동,중상사고,0,1,0,0,차대사람 - 기타,안전운전불이행,건조,맑음,단일로 - 기타,승합,남,52세,상해없음,보행자,여,36세,중상
2013100700100517,2013년 10월 7일 21시,월요일,부산광역시 강서구 송정동,중상사고,0,1,1,0,차대차 - 추돌 - 주정차중,안전운전불이행,습기,맑음,교차로 - 교차로부근,승합,남,27세,중상,화물,남,44세,경상
2013100700100595,2013년 10월 7일 23시,월요일,부산광역시 해운대구 우동,경상사고,0,0,3,0,차대차 - 추돌 - 주정차중,안전운전불이행,건조,맑음,단일로 - 기타,승용,남,19세,상해없음,승용,남,36세,경상
2013100700100596,2013년 10월 7일 23시,월요일,부산광역시 금정구 부곡동,부상신고사고,0,0,0,1,차대사람 - 기타,안전운전불이행,습기,흐림,단일로 - 기타,승용,남,70세,상해없음,보행자,남,33세,부상신고
2013100800100005,2013년 10월 8일 00시,화요일,부산광역시 북구 덕천동,경상사고,0,0,2,0,차대차 - 추돌 - 진행중,안전거리미확보,건조,맑음,교차로 - 교차로부근,승용,남,59세,상해없음,승용,남,47세,상해없음
2013100800100048,2013년 10월 8일 02시,화요일,부산광역시 부산진구 부전동,중상사고,0,2,0,0,차대차 - 기타,신호위반,기타,흐림,교차로 - 교차로안,승용,남,57세,상해없음,승용,남,55세,중상