사고번호,사고일시,요일,시군구,사고내용,사망자수,중상자수,경상자수,부상신고자수,사고유형,법규위반,노면상태,기상상태,도로형태,가해운전자 차종,가해운전자 성별,가해운전자 연령,가해운전자 상해정도,피해운전자 차종,피해운전자 성별,피해운전자 연령,피해운전자 상해정도
2013100800100082,2013년 10월 8일 05시,화요일,부산광역시 사상구 주례동,중상사고,0,1,0,0,차대차 - 추돌 - 주정차중,안전운전불이행,습기,비,단일로 - 기타,승용,남,38세,중상,화물,남,31세,상해없음
2013100800100092,2013년 10월 8일 06시,화요일,부산광역시 사하구 하단동,중상사고,0,1,0,0,차대차 - 추돌 - 진행중,안전거리미확보,습기,비,단일로 - 기타,자전거,남,60세,중상,승용,남,59세,상해없음
2013100800100115,2013년 10월 8일 07시,화요일,부산광역시 금정구 부곡동,경상사고,0,0,3,0,차대차 - 측면직각충돌,중앙선침범,습기,비,단일로 - 기타,승합,남,61세,상해없음,승합,남,51세,경상
2013100800100116,2013년 10월 8일 07시,화요일,부산광역시 기장군 기장읍,경상사고,0,0,1,0,차대차 - 추돌 - 진행중,안전운전불이행,습기,비,교차로 - 교차로부근,화물,남,43세,상해없음,승용,여,27세,경상
2013100800100145,2013년 10월 8일 08시,화요일,부산광역시 서구 아미동2가,중상사고,0,1,0,0,차대사람 - 기타,보행자보호의무위반,습기,흐림,교차로 - 교차로안,승용,남,56세,상해없음,보행자,여,70세,중상
2013100800100146,2013년 10월 8일 08시,화요일,부산광역시 해운대구 우동,경상사고,0,0,1,0,차대차 - 측면직각충돌,중앙선침범,습기,비,단일로 - 기타,승용,남,53세,상해없음,승용,남,57세,경상
2013100800100147,2013년 10월 8일 08시,화요일,부산광역시 사하구 장림동,경상사고,0,0,2,0,차대차 - 기타,안전운전불이행,습기,흐림,교차로 - 교차로안,승용,남,60세,상해없음,승용,남,22세,경상
2013100800100148,2013년 10월 8일 08시,화요일,부산광역시 연제구 거제동,중상사고,0,1,0,0,차대차 - 추돌 - 진행중,신호위반,건조,맑음,단일로 - 횡단보도부근,승용,여,56세,상해없음,승용,남,64세,중상
2013100800100149,2013년 10월 8일 08시,화요일,부산광역시 기장군 기장읍,경상사고,0,0,2,0,차대차 - 추돌 - 주정차중,안전운전불이행,습기,비,단일로 - 교량,승용,남,43세,상해없음,승용,남,58세,경상
2013100800100184,2013년 10월 8일 09시,화요일,부산광역시 남구 우암동,중상사고,0,2,0,0,차대차 - 기타,중앙선침범,습기,비,단일로 - 기타,승합,남,70세,상해없음,승용,여,49세,중상
2013100800100185,2013년 10월 8일 09시,화요일,부산광역시 연제구 연산동,중상사고,0,1,1,0,차대차 - 추돌 - 진행중,교차로운행방법위반,습기,비,교차로 - 교차로안,승용,남,49세,상해없음,승용,여,44세,중상
2013100800100208,2013년 10월 8일 10시,화요일,부산광역시 영도구 봉래동1가,경상사고,0,0,1,0,차량단독 - 기타,안전운전불이행,습기,비,단일로 - 기타,승합,남,33세,상해없음,,,,
2013100800100241,2013년 10월 8일 11시,화요일,부산광역시 북구 금곡동,중상사고,0,1,0,0,차대차 - 측면직각충돌,안전운전불이행,건조,맑음,교차로 - 교차로부근,승용,여,36세,중상,승용,여,39세,상해없음
2013100800100242,2013년 10월 8일 11시,화요일,부산광역시 동래구 온천동,중상사고,0,1,0,0,차대차 - 추돌 - 주정차중,안전운전불이행,습기,비,교차로 - 교차로부근,화물,남,40세,상해없음,승용,남,52세,상해없음
2013100800100280,2013년 10월 8일 12시,화요일,부산광역시 해운대구 우동,경상사고,0,0,1,0,차대차 - 추돌 - 주정차중,안전거리미확보,습기,흐림,교차로 - 교차로부근,승용,남,68세,상해없음,승용,남,56세,경상
2013100800100281,2013년 10월 8일 12시,화요일,부산광역시 강서구 명지동,중상사고,0,1,1,0,차대차 - 기타,안전운전불이행,습기,비,단일로 - 기타,승용,남,44세,상해없음,승합,남,27세,중상
2013100800100313,2013년 10월 8일 13시,화요일,부산광역시 해운대구 반송동,경상사고,0,0,1,0,차대사람 - 보도통행중,안전운전불이행,습기,흐림,기타 - 기타,화물,남,54세,상해없음,보행자,남,45세,경상
2013100800100314,2013년 10월 8일 13시,화요일,부산광역시 금정구 부곡동,경상사고,0,0,1,0,차대차 - 기타,신호위반,습기,비,단일로 - 기타,승용,남,61세,상해없음,원동기,남,54세,경상
2013100800100315,2013년 10월 8일 13시,화요일,부산광역시 사상구 감전동,경상사고,0,0,1,0,차대차 - 기타,교차로운행방법위반,건조,맑음,교차로 - 교차로안,승용,여,63세,상해없음,승합,남,52세,상해없음
2013100800100316,2013년 10월 8일 13시,화요일,부산광역시 기장군 철마면,중상사고,0,1,0,0,차대차 - 기타,중앙선침범,건조,맑음,단일로 - 기타,승용,남,58세,상해없음,승용,여,45세,중상
2013100800100345,2013년 10월 8일 14시,화요일,부산광역시 해운대구 재송동,경상사고,0,0,2,0,차대차 - 추돌 - 진행중,안전거리미확보,습기,비,단일로 - 기타,승용,남,35세,상해없음,승용,남,40세,경상
2013100800100347,2013년 10월 8일 14시,화요일,부산광역시 수영구 망미동,경상사고,0,0,1,0,차대차 - 측면직각충돌,교차로운행방법위반,습기,비,교차로 - 교차로안,화물,남,24세,상해없음,승용,남,58세,경상
2013100800100409,2013년 10월 8일 16시,화요일,부산광역시 동구 범일동,중상사고,0,1,0,0,차대차 - 기타,안전거리미확보,습기,비,단일로 - 기타,특수,남,51세,상해없음,승용,남,42세,중상
2013100800100410,2013년 10월 8일 16시,화요일,부산광역시 남구 감만동,경상사고,0,0,1,0,차대차 - 기타,신호위반,습기,비,교차로 - 교차로안,승용,남,59세,상해없음,승용,남,60세,경상
2013100800100448,2013년 10월 8일 17시,화요일,부산광역시 동구 초량동,중상사고,0,1,0,0,차대사람 - 기타,안전운전불이행,습기,비,단일로 - 기타,승용,남,43세,상해없음,보행자,여,65세,중상
2013100800100449,2013년 10월 8일 17시,화요일,부산광역시 남구 문현동,사망사고,1,0,0,0,차대사람 - 기타,안전운전불이행,습기,비,교차로 - 교차로부근,승용,남,30세,상해없음,보행자,남,50세,사망
2013100800100450,2013년 10월 8일 17시,화요일,부산광역시 해운대구 좌동,경상사고,0,0,1,0,차대차 - 측면직각충돌,신호위반,습기,비,교차로 - 교차로안,승용,남,66세,상해없음,승합,여,58세,상해없음
2013100800100451,2013년 10월 8일 17시,화요일,부산광역시 사하구 괴정동,경상사고,0,0,1,0,차대사람 - 기타,기타,건조,맑음,단일로 - 기타,승용,여,35세,상해없음,보행자,남,12세,경상
2013100800100452,2013년 10월 8일 17시,화요일,부산광역시 연제구 연산동,경상사고,0,0,1,0,차대차 - 측면직각충돌,교차로운행방법위반,습기,비,교차로 - 교차로안,승용,여,43세,상해없음,승용,남,48세,경상
2013100800100494,2013년 10월 8일 18시,화요일,부산광역시 해운대구 재송동,중상사고,0,1,0,0,차대사람 - 기타,안전운전불이행,습기,비,단일로 - 기타,승용,여,31세,상해없음,보행자,여,78세,중상
2013100800100495,2013년 10월 8일 18시,화요일,부산광역시 해운대구 좌동,경상사고,0,0,2,0,차대차 - 측면직각충돌,중앙선침범,습기,비,단일로 - 기타,승용,여,50세,경상,승용,남,49세,경상
2013100800100496,2013년 10월 8일 18시,화요일,부산광역시 해운대구 우동,경상사고,0,0,1,0,차대차 - 측면직각충돌,안전운전불이행,습기,비,교차로 - 교차로안,승용,남,49세,상해없음,승용,남,42세,경상
2013100800100497,2013년 10월 8일 18시,화요일,부산광역시 부산진구 범천동,경상사고,0,0,1,0,차대차 - 측면직각충돌,안전운전불이행,습기,비,교차로 - 교차로안,승용,남,31세,경상,화물,기타불명,기타불명,기타불명
2013100800100498,2013년 10월 8일 18시,화요일,부산광역시 사하구 구평동,중상사고,0,1,0,0,차대차 - 기타,중앙선침범,건조,맑음,단일로 - 기타,승용,남,57세,상해없음,승용,여,51세,중상
2013100800100499,2013년 10월 8일 18시,화요일,부산광역시 기장군 장안읍,경상사고,0,0,2,0,차대차 - 기타,안전운전불이행,습기,비,단일로 - 기타,화물,남,54세,상해없음,승용,남,28세,경상
2013100800100555,2013년 10월 8일 19시,화요일,부산광역시 수영구 남천동,부상신고사고,0,0,0,1,차대차 - 측면직각충돌,안전거리미확보,습기,비,단일로 - 기타,승용,여,53세,상해없음,승용,남,28세,부상신고
2013100800100556,2013년 10월 8일 19시,화요일,부산광역시 기장군 기장읍,중상사고,0,3,0,0,차대차 - 기타,안전운전불이행,습기,비,교차로 - 교차로부근,승용,남,42세,상해없음,승용,남,45세,중상
2013100800100557,2013년 10월 8일 19시,화요일,부산광역시 기장군 장안읍,사망사고,1,0,1,1,차대차 - 측면직각충돌,안전거리미확보,습기,비,단일로 - 기타,승용,남,36세,경상,화물,남,34세,사망
2013100800100599,2013년 10월 8일 20시,화요일,부산광역시 중구 중앙동4가,경상사고,0,0,2,0,차대차 - 추돌 - 진행중,안전거리미확보,습기,비,단일로 - 기타,승용,남,61세,상해없음,승용,여,38세,경상
2013100800100600,2013년 10월 8일 20시,화요일,부산광역시 동래구 사직동,중상사고,0,1,0,0,차대사람 - 기타,안전운전불이행,습기,비,교차로 - 교차로안,승용,기타불명,기타불명,기타불명,보행자,여,53세,중상
2013100800100601,2013년 10월 8일 20시,화요일,부산광역시 부산진구 양정동,경상사고,0,0,3,0,차대차 - 추돌 - 진행중,안전운전불이행,습기,비,단일로 - 기타,승용,남,54세,상해없음,승용,여,35세,경상
2013100800100602,2013년 10월 8일 20시,화요일,부산광역시 금정구 부곡동,경상사고,0,0,1,0,차대차 - 측면직각충돌,교차로운행방법위반,습기,비,교차로 - 교차로안,승용,여,29세,상해없음,승용,남,51세,경상
2013100800100603,2013년 10월 8일 20시,화요일,부산광역시 사하구 신평동,경상사고,0,0,4,0,차대차 - 추돌 - 진행중,안전운전불이행,습기,비,단일로 - 기타,승용,남,60세,상해없음,승용,남,54세,경상
2013100800100643,2013년 10월 8일 21시,화요일,부산광역시 중구 대청동1가,중상사고,0,1,0,0,차대사람 - 기타,신호위반,습기,비,단일로 - 횡단보도상,이륜,남,17세,상해없음,보행자,남,33세,중상
2013100800100644,2013년 10월 8일 21시,화요일,부산광역시 부산진구 양정동,중상사고,0,1,1,0,차대차 - 추돌 - 진행중,안전거리미확보,습기,비,단일로 - 기타,승용,남,48세,상해없음,승용,남,56세,경상
2013100800100645,2013년 10월 8일 21시,화요일,부산광역시 금정구 부곡동,사망사고,1,0,0,0,차대사람 - 기타,안전운전불이행,습기,비,교차로 - 교차로부근,승합,남,56세,상해없음,보행자,남,52세,사망
2013100800100646,2013년 10월 8일 21시,화요일,부산광역시 연제구 연산동,중상사고,0,1,1,0,차대차 - 측면직각충돌,안전운전불이행,습기,비,교차로 - 교차로부근,승용,남,58세,상해없음,승용,남,56세,경상
2013100800100686,2013년 10월 8일 22시,화요일,부산광역시 동래구 명륜동,중상사고,0,1,0,0,차대사람 - 횡단중,안전운전불이행,습기,비,단일로 - 기타,승용,남,29세,상해없음,보행자,여,59세,중상
2013100800100687,2013년 10월 8일 22시,화요일,부산광역시 해운대구 좌동,경상사고,0,0,2,0,차대차 - 측면직각충돌,안전운전불이행,습기,비,단일로 - 기타,승용,남,45세,상해없음,승용,남,44세,경상
2013100800100725,2013년 10월 8일 23시,화요일,부산광역시 해운대구 중동,중상사고,0,2,0,0,차대차 - 측면직각충돌,안전거리미확보,습기,비,단일로 - 교량,승용,여,48세,상해없음,승용,남,42세,중상
2013100800100726,2013년 10월 8일 23시,화요일,부산광역시 사상구 삼락동,사망사고,1,1,0,0,차대차 - 추돌 - 주정차중,안전운전불이행,습기,비,단일로 - 기타,승용,남,34세,중상,화물,남,44세,기타불명
2013100900100006,2013년 10월 9일 00시,수요일,부산광역시 부산진구 부전동,중상사고,0,1,1,0,차대사람 - 기타,중앙선침범,건조,흐림,교차로 - 교차로부근,승용,남,52세,상해없음,보행자,남,26세,경상
2013100900100036,2013년 10월 9일 01시,수요일,부산광역시 사상구 감전동,경상사고,0,0,1,0,차대차 - 추돌 - 진행중,신호위반,습기,맑음,교차로 - 교차로안,화물,남,55세,상해없음,승용,남,30세,경상
2013100900100046,2013년 10월 9일 02시,수요일,부산광역시 동래구 명륜동,경상사고,0,0,1,0,차대차 - 추돌 - 진행중,안전거리미확보,건조,맑음,단일로 - 기타,승용,남,35세,상해없음,승용,남,60세,경상
2013100900100109,2013년 10월 9일 07시,수요일,부산광역시 강서구 대저2동,경상사고,0,0,1,0,차대차 - 측면직각충돌,교차로운행방법위반,건조,맑음,교차로 - 교차로안,화물,남,41세,상해없음,승용,남,59세,경상
2013100900100124,2013년 10월 9일 08시,수요일,부산광역시 수영구 광안동,경상사고,0,0,1,0,차대차 - 측면직각충돌,안전운전불이행,건조,맑음,단일로 - 기타,화물,남,53세,상해없음,화물,남,64세,경상
2013100900100125,2013년 10월 9일 08시,수요일,부산광역시 연제구 연산동,중상사고,0,1,0,0,차대사람 - 횡단중,보행자보호의무위반,건조,맑음,단일로 - 횡단보도상,승합,남,47세,상해없음,보행자,여,54세,중상
2013100900100126,2013년 10월 9일 08시,수요일,부산광역시 연제구 거제동,경상사고,0,0,1,0,차대차 - 기타,신호위반,건조,맑음,교차로 - 교차로안,승용,남,41세,상해없음,승용,남,58세,경상
2013100900100145,2013년 10월 9일 09시,수요일,부산광역시 북구 덕천동,경상사고,0,0,2,0,차대차 - 추돌 - 진행중,차로위반,건조,맑음,단일로 - 기타,승용,남,26세,상해없음,승용,남,42세,경상
2013100900100146,2013년 10월 9일 09시,수요일,부산광역시 부산진구 당감동,중상사고,0,2,0,0,차대사람 - 횡단중,보행자보호의무위반,건조,맑음,단일로 - 횡단보도상,화물,남,51세,상해없음,보행자,남,75세,중상
2013100900100196,2013년 10월 9일 11시,수요일,부산광역시 중구 대청동1가,부상신고사고,0,0,0,1,차대차 - 기타,기타,건조,맑음,단일로 - 기타,승용,남,40세,상해없음,이륜,남,57세,부상신고
2013100900100226,2013년 10월 9일 12시,수요일,부산광역시 강서구 범방동,중상사고,0,1,0,0,차대차 - 추돌 - 주정차중,안전운전불이행,건조,맑음,교차로 - 교차로부근,특수,남,49세,상해없음,특수,남,50세,중상
2013100900100277,2013년 10월 9일 14시,수요일,부산광역시 부산진구 당감동,중상사고,0,1,0,0,차대차 - 측면직각충돌,안전운전불이행,습기,비,단일로 - 기타,화물,남,27세,상해없음,원동기,남,48세,중상
2013100900100311,2013년 10월 9일 15시,수요일,부산광역시 부산진구 초읍동,중상사고,0,1,0,0,차대차 - 측면직각충돌,신호위반,건조,맑음,교차로 - 교차로안,승용,남,43세,상해없음,원동기,남,55세,중상
2013100900100326,2013년 10월 9일 16시,수요일,부산광역시 해운대구 좌동,중상사고,0,1,0,0,차대차 - 측면직각충돌,기타,건조,맑음,교차로 - 교차로안,승합,남,38세,상해없음,자전거,남,12세,중상
2013100900100355,2013년 10월 9일 17시,수요일,부산광역시 해운대구 반여동,경상사고,0,0,1,0,차대사람 - 횡단중,안전운전불이행,기타,맑음,단일로 - 횡단보도상,승용,남,67세,상해없음,보행자,여,58세,경상
2013100900100394,2013년 10월 9일 18시,수요일,부산광역시 수영구 남천동,경상사고,0,0,1,0,차대차 - 측면직각충돌,안전거리미확보,건조,맑음,단일로 - 기타,승용,남,72세,상해없음,승합,남,41세,경상
2013100900100395,2013년 10월 9일 18시,수요일,부산광역시 해운대구 좌동,경상사고,0,0,1,0,차대차 - 측면직각충돌,교차로운행방법위반,건조,맑음,교차로 - 교차로안,화물,남,48세,상해없음,화물,남,45세,경상
2013100900100463,2013년 10월 9일 20시,수요일,부산광역시 동래구 낙민동,경상사고,0,0,1,0,차대사람 - 보도통행중,기타,습기,비,단일로 - 기타,승용,여,53세,상해없음,보행자,여,58세,경상
2013100900100464,2013년 10월 9일 20시,수요일,부산광역시 연제구 연산동,경상사고,0,0,2,0,차대차 - 추돌 - 진행중,신호위반,건조,맑음,교차로 - 교차로안,승용,남,60세,상해없음,승용,남,62세,경상
2013100900100501,2013년 10월 9일 21시,수요일,부산광역시 금정구 구서동,중상사고,0,1,0,0,차대차 - 추돌 - 주정차중,안전거리미확보,습기,흐림,교차로 - 교차로안,승용,남,23세,상해없음,승용,남,63세,상해없음
2013100900100502,2013년 10월 9일 21시,수요일,부산광역시 금정구 장전동,중상사고,0,2,2,0,차대차 - 기타,중앙선침범,건조,흐림,단일로 - 기타,승용,남,22세,상해없음,승용,남,53세,중상
2013100900100541,2013년 10월 9일 23시,수요일,부산광역시 부산진구 부전동,경상사고,0,0,1,0,차대차 - 기타,중앙선침범,건조,맑음,단일로 - 기타,승용,남,63세,상해없음,이륜,남,18세,경상
2013101000100004,2013년 10월 10일 00시,목요일,부산광역시 동래구 안락동,경상사고,0,0,1,0,차대사람 - 횡단중,안전운전불이행,건조,맑음,단일로 - 기타,승용,남,43세,상해없음,보행자,남,51세,경상
2013101000100014,2013년 10월 10일 01시,목요일,부산광역시 강서구 녹산동,경상사고,0,0,1,0,차대차 - 추돌 - 주정차중,안전운전불이행,건조,맑음,단일로 - 기타,승용,남,41세,상해없음,승용,남,54세,경상
2013101000100051,2013년 10월 10일 05시,목요일,부산광역시 부산진구 부전동,경상사고,0,0,1,0,차대사람 - 횡단중,안전운전불이행,건조,맑음,단일로 - 기타,승용,남,26세,상해없음,보행자,남,50세,경상
2013101000100052,2013년 10월 10일 05시,목요일,부산광역시 부산진구 전포동,경상사고,0,0,1,0,차대차 - 기타,신호위반,건조,맑음,교차로 - 교차로안,승용,여,56세,상해없음,승용,남,67세,경상
2013101000100061,2013년 10월 10일 06시,목요일,부산광역시 서구 동대신동1가,중상사고,0,1,0,0,차대차 - 측면직각충돌,차로위반,기타,안개,단일로 - 기타,승합,남,23세,상해없음,승합,남,43세,상해없음
2013101000100075,2013년 10월 10일 07시,목요일,부산광역시 해운대구 재송동,중상사고,0,1,0,0,차대차 - 측면직각충돌,안전운전불이행,건조,맑음,교차로 - 교차로부근,승용,남,63세,상해없음,이륜,남,72세,중상
2013101000100076,2013년 10월 10일 07시,목요일,부산광역시 부산진구 양정동,경상사고,0,0,3,0,차대차 - 추돌 - 진행중,안전거리미확보,건조,맑음,단일로 - 기타,승용,남,60세,상해없음,승용,남,61세,경상
2013101000100077,2013년 10월 10일 07시,목요일,부산광역시 금정구 서동,중상사고,0,1,0,0,차대사람 - 횡단중,보행자보호의무위반,건조,맑음,교차로 - 교차로안,승용,남,53세,상해없음,보행자,여,50세,중상
2013101000100078,2013년 10월 10일 07시,목요일,부산광역시 사하구 구평동,중상사고,0,1,0,0,차대차 - 측면직각충돌,안전운전불이행,건조,맑음,단일로 - 기타,특수,남,41세,상해없음,승용,남,38세,중상
2013101000100104,2013년 10월 10일 08시,목요일,부산광역시 동래구 명장동,중상사고,0,1,1,0,차대차 - 추돌 - 주정차중,안전거리미확보,건조,맑음,단일로 - 기타,승용,남,64세,상해없음,승용,여,47세,경상
2013101000100105,2013년 10월 10일 08시,목요일,부산광역시 해운대구 반여동,중상사고,0,1,0,0,차대차 - 측면직각충돌,중앙선침범,건조,기타,단일로 - 기타,승용,남,62세,상해없음,승용,남,30세,중상
2013101000100106,2013년 10월 10일 08시,목요일,부산광역시 해운대구 재송동,중상사고,0,1,0,0,차대차 - 측면직각충돌,안전거리미확보,건조,맑음,교차로 - 교차로안,승용,여,46세,상해없음,이륜,남,26세,중상
2013101000100107,2013년 10월 10일 08시,목요일,부산광역시 부산진구 가야동,부상신고사고,0,0,0,1,차대차 - 기타,교차로운행방법위반,건조,맑음,교차로 - 교차로안,원동기,남,71세,부상신고,승용,여,29세,상해없음
2013101000100108,2013년 10월 10일 08시,목요일,부산광역시 금정구 서동,경상사고,0,0,1,0,차대차 - 측면직각충돌,직진우회전진행방해,건조,맑음,교차로 - 교차로안,승용,여,30세,경상,승합,여,39세,상해없음
2013101000100143,2013년 10월 10일 09시,목요일,부산광역시 북구 만덕동,중상사고,0,1,0,0,차대사람 - 횡단중,안전운전불이행,건조,맑음,교차로 - 교차로안,화물,남,33세,상해없음,보행자,여,77세,중상
2013101000100144,2013년 10월 10일 09시,목요일,부산광역시 금정구 구서동,경상사고,0,0,1,0,차대차 - 추돌 - 진행중,안전거리미확보,건조,맑음,단일로 - 기타,승용,남,40세,상해없음,승용,여,48세,경상
2013101000100170,2013년 10월 10일 10시,목요일,부산광역시 수영구 남천동,경상사고,0,0,1,0,차대차 - 측면직각충돌,교차로운행방법위반,건조,맑음,교차로 - 교차로안,화물,남,41세,상해없음,승용,여,59세,경상
2013101000100171,2013년 10월 10일 10시,목요일,부산광역시 부산진구 전포동,중상사고,0,1,0,0,차대사람 - 기타,안전운전불이행,건조,맑음,단일로 - 기타,화물,남,58세,상해없음,보행자,여,79세,중상
2013101000100191,2013년 10월 10일 11시,목요일,부산광역시 중구 중앙동1가,경상사고,0,0,1,0,차대차 - 기타,안전운전불이행,건조,맑음,단일로 - 기타,화물,남,38세,상해없음,자전거,여,48세,경상
2013101000100192,2013년 10월 10일 11시,목요일,부산광역시 북구 금곡동,경상사고,0,0,1,0,차대사람 - 보도통행중,보행자보호의무위반,건조,맑음,교차로 - 교차로부근,화물,남,61세,상해없음,보행자,남,60세,경상
2013101000100193,2013년 10월 10일 11시,목요일,부산광역시 해운대구 우동,중상사고,0,1,0,0,차대사람 - 기타,안전운전불이행,건조,맑음,단일로 - 기타,화물,남,54세,상해없음,보행자,여,71세,중상
2013101000100194,2013년 10월 10일 11시,목요일,부산광역시 금정구 장전동,중상사고,0,1,0,0,차대차 - 측면직각충돌,안전운전불이행,건조,맑음,단일로 - 기타,승용,여,47세,상해없음,원동기,남,22세,중상
2013101000100223,2013년 10월 10일 12시,목요일,부산광역시 서구 남부민동,중상사고,0,1,0,0,차대차 - 측면직각충돌,안전운전불이행,건조,맑음,단일로 - 기타,화물,남,28세,상해없음,이륜,남,45세,중상
2013101000100224,2013년 10월 10일 12시,목요일,부산광역시 해운대구 우동,경상사고,0,0,1,0,차대차 - 측면직각충돌,안전운전불이행,건조,맑음,단일로 - 기타,승용,여,40세,상해없음,자전거,여,58세,경상
2013101000100225,2013년 10월 10일 12시,목요일,부산광역시 사상구 덕포동,경상사고,0,0,1,0,차대차 - 측면직각충돌,안전운전불이행,건조,맑음,단일로 - 기타,화물,남,24세,상해없음,승용,남,28세,경상
2013101000100254,2013년 10월 10일 13시,목요일,부산광역시 부산진구 부암동,경상사고,0,0,1,0,차대차 - 측면직각충돌,신호위반,건조,맑음,교차로 - 교차로안,승용,여,57세,상해없음,원동기,남,23세,경상
2013101000100255,2013년 10월 10일 13시,목요일,부산광역시 수영구 망미동,경상사고,0,0,1,0,차대차 - 측면직각충돌,교차로운행방법위반,건조,맑음,교차로 - 교차로안,승용,남,62세,상해없음,원동기,남,58세,경상
2013101000100305,2013년 10월 10일 15시,목요일,부산광역시 서구 아미동1가,부상신고사고,0,0,0,1,차대사람 - 기타,안전운전불이행,기타,맑음,단일로 - 기타,승용,여,51세,상해없음,보행자,남,50세,부상신고
2013101000100364,2013년 10월 10일 17시,목요일,부산광역시 해운대구 석대동,경상사고,0,0,1,0,차대차 - 측면직각충돌,안전운전불이행,건조,맑음,단일로 - 기타,화물,남,47세,상해없음,승용,여,45세,경상
2013101000100365,2013년 10월 10일 17시,목요일,부산광역시 강서구 송정동,경상사고,0,0,1,0,차대차 - 측면직각충돌,교차로운행방법위반,건조,맑음,교차로 - 교차로부근,특수,남,48세,상해없음,승용,남,48세,경상
2013101000100396,2013년 10월 10일 18시,목요일,부산광역시 해운대구 좌동,중상사고,0,1,0,0,차대사람 - 기타,기타,습기,비,단일로 - 기타,승용,여,48세,상해없음,보행자,남,8세,중상
2013101000100397,2013년 10월 10일 18시,목요일,부산광역시 금정구 금사동,부상신고사고,0,0,0,1,차대차 - 기타,안전거리미확보,건조,맑음,단일로 - 기타,승용,남,55세,상해없음,승용,남,37세,부상신고
2013101000100398,2013년 10월 10일 18시,목요일,부산광역시 사하구 신평동,중상사고,0,1,0,0,차대차 - 기타,중앙선침범,건조,맑음,단일로 - 기타,화물,남,45세,상해없음,자전거,남,44세,중상
2013101000100468,2013년 10월 10일 19시,목요일,부산광역시 부산진구 부전동,경상사고,0,0,1,0,차대사람 - 기타,안전운전불이행,건조,맑음,단일로 - 기타,화물,남,29세,상해없음,보행자,여,65세,경상
2013101000100469,2013년 10월 10일 19시,목요일,부산광역시 금정구 부곡동,경상사고,0,0,1,0,차대사람 - 기타,안전운전불이행,습기,비,교차로 - 교차로안,화물,남,34세,상해없음,보행자,여,79세,경상
2013101000100470,2013년 10월 10일 19시,목요일,부산광역시 강서구 봉림동,중상사고,0,1,0,0,차대차 - 추돌 - 진행중,안전거리미확보,습기,비,단일로 - 기타,승용,기타불명,기타불명,기타불명,승용,남,42세,중상
2013101000100498,2013년 10월 10일 20시,목요일,부산광역시 동래구 수안동,경상사고,0,0,2,0,차대차 - 추돌 - 주정차중,안전거리미확보,건조,맑음,교차로 - 교차로부근,승용,남,42세,기타불명,승용,남,23세,경상
2013101000100499,2013년 10월 10일 20시,목요일,부산광역시 해운대구 중동,경상사고,0,0,1,0,차대사람 - 기타,안전운전불이행,건조,맑음,단일로 - 기타,승합,남,51세,상해없음,보행자,여,27세,경상
2013101000100500,2013년 10월 10일 20시,목요일,부산광역시 금정구 장전동,중상사고,0,1,1,0,차대차 - 측면직각충돌,신호위반,습기,비,교차로 - 교차로안,원동기,남,62세,중상,승용,남,29세,경상
2013101000100501,2013년 10월 10일 20시,목요일,부산광역시 사하구 다대동,경상사고,0,0,1,0,차대차 - 기타,안전운전불이행,건조,맑음,교차로 - 교차로부근,승용,기타불명,기타불명,기타불명,승용,남,54세,경상
2013101000100502,2013년 10월 10일 20시,목요일,부산광역시 사상구 덕포동,경상사고,0,0,2,0,차대차 - 추돌 - 진행중,직진우회전진행방해,습기,비,교차로 - 교차로부근,승용,남,57세,상해없음,이륜,남,16세,경상
2013101000100540,2013년 10월 10일 21시,목요일,부산광역시 해운대구 반여동,경상사고,0,0,1,0,차대차 - 기타,안전운전불이행,습기,비,교차로 - 교차로부근,승용,남,58세,상해없음,승용,남,33세,경상
2013101000100541,2013년 10월 10일 21시,목요일,부산광역시 기장군 기장읍,경상사고,0,0,2,0,차대차 - 추돌 - 주정차중,안전운전불이행,건조,흐림,단일로 - 기타,화물,남,48세,상해없음,승용,여,36세,경상
2013101000100581,2013년 10월 10일 22시,목요일,부산광역시 기장군 정관면,부상신고사고,0,0,0,1,차대차 - 측면직각충돌,신호위반,습기,비,교차로 - 교차로안,이륜,남,17세,부상신고,승용,남,33세,상해없음
2013101100100004,2013년 10월 11일 00시,금요일,부산광역시 북구 덕천동,경상사고,0,0,1,0,차대차 - 추돌 - 주정차중,안전운전불이행,습기,흐림,교차로 - 교차로부근,승용,남,46세,상해없음,승용,여,36세,경상
2013101100100052,2013년 10월 11일 02시,금요일,부산광역시 부산진구 범천동,중상사고,0,1,0,0,차대사람 - 차도통행중,안전운전불이행,건조,맑음,교차로 - 교차로부근,승합,남,42세,상해없음,보행자,여,62세,중상
2013101100100067,2013년 10월 11일 03시,금요일,부산광역시 부산진구 양정동,중상사고,0,1,0,0,차대차 - 추돌 - 진행중,안전운전불이행,건조,맑음,단일로 - 기타,승합,남,46세,상해없음,승용,남,25세,중상
2013101100100099,2013년 10월 11일 05시,금요일,부산광역시 금정구 서동,부상신고사고,0,0,0,1,차대차 - 측면직각충돌,신호위반,건조,맑음,교차로 - 교차로부근,이륜,남,49세,부상신고,승용,남,55세,상해없음