사고번호,사고일시,요일,시군구,사고내용,사망자수,중상자수,경상자수,부상신고자수,사고유형,법규위반,노면상태,기상상태,도로형태,가해운전자 차종,가해운전자 성별,가해운전자 연령,가해운전자 상해정도,피해운전자 차종,피해운전자 성별,피해운전자 연령,피해운전자 상해정도
2013101100100157,2013년 10월 11일 08시,금요일,부산광역시 부산진구 연지동,부상신고사고,0,0,0,1,차대차 - 기타,안전운전불이행,건조,맑음,단일로 - 기타,자전거,남,68세,부상신고,이륜,남,48세,상해없음
2013101100100158,2013년 10월 11일 08시,금요일,부산광역시 금정구 오륜동,중상사고,0,1,0,0,차대차 - 추돌 - 진행중,안전운전불이행,건조,맑음,단일로 - 기타,승용,남,31세,상해없음,승용,남,29세,중상
2013101100100159,2013년 10월 11일 08시,금요일,부산광역시 기장군 기장읍,경상사고,0,0,1,0,차대차 - 측면직각충돌,직진우회전진행방해,건조,맑음,교차로 - 교차로안,승용,남,39세,상해없음,승용,남,64세,경상
2013101100100209,2013년 10월 11일 09시,금요일,부산광역시 서구 암남동,중상사고,0,1,0,0,차대사람 - 기타,안전운전불이행,건조,맑음,단일로 - 기타,화물,남,53세,상해없음,보행자,남,77세,중상
2013101100100210,2013년 10월 11일 09시,금요일,부산광역시 부산진구 부전동,경상사고,0,0,1,0,차대사람 - 횡단중,중앙선침범,건조,맑음,단일로 - 기타,승용,남,73세,상해없음,보행자,여,52세,경상
2013101100100240,2013년 10월 11일 10시,금요일,부산광역시 기장군 정관면,경상사고,0,0,1,0,차대차 - 측면직각충돌,신호위반,건조,맑음,교차로 - 교차로안,승용,여,21세,상해없음,승용,남,57세,경상
2013101100100261,2013년 10월 11일 11시,금요일,부산광역시 강서구 명지동,경상사고,0,0,3,0,차대차 - 측면직각충돌,안전거리미확보,건조,맑음,단일로 - 기타,화물,남,47세,상해없음,승용,남,48세,상해없음
2013101100100295,2013년 10월 11일 12시,금요일,부산광역시 부산진구 부암동,부상신고사고,0,0,0,1,차대차 - 추돌 - 주정차중,안전거리미확보,건조,맑음,교차로 - 교차로안,승용,남,36세,상해없음,승용,남,66세,부상신고
2013101100100333,2013년 10월 11일 13시,금요일,부산광역시 남구 문현동,중상사고,0,1,0,0,차대사람 - 보도통행중,안전운전불이행,건조,맑음,단일로 - 기타,화물,남,65세,상해없음,보행자,여,62세,중상
2013101100100334,2013년 10월 11일 13시,금요일,부산광역시 해운대구 반여동,중상사고,0,1,0,0,차대차 - 정면충돌,안전운전불이행,건조,맑음,단일로 - 기타,화물,남,54세,상해없음,원동기,남,57세,중상
2013101100100335,2013년 10월 11일 13시,금요일,부산광역시 부산진구 연지동,경상사고,0,0,2,0,차대차 - 기타,안전거리미확보,건조,맑음,단일로 - 기타,승용,여,37세,상해없음,승용,남,37세,경상
2013101100100336,2013년 10월 11일 13시,금요일,부산광역시 연제구 거제동,경상사고,0,0,2,0,차대사람 - 차도통행중,안전운전불이행,건조,맑음,단일로 - 기타,승합,남,76세,상해없음,보행자,남,32세,경상
2013101100100360,2013년 10월 11일 14시,금요일,부산광역시 부산진구 범천동,경상사고,0,0,1,0,차대차 - 기타,안전운전불이행,건조,맑음,단일로 - 기타,화물,남,72세,상해없음,자전거,여,26세,경상
2013101100100361,2013년 10월 11일 14시,금요일,부산광역시 사하구 구평동,경상사고,0,0,1,0,차대차 - 측면직각충돌,안전거리미확보,건조,맑음,단일로 - 기타,특수,남,44세,상해없음,승용,여,45세,경상
2013101100100393,2013년 10월 11일 15시,금요일,부산광역시 영도구 대교동1가,중상사고,0,1,0,0,차대차 - 측면직각충돌,신호위반,건조,맑음,교차로 - 교차로안,승용,남,63세,상해없음,이륜,남,47세,중상
2013101100100394,2013년 10월 11일 15시,금요일,부산광역시 금정구 구서동,경상사고,0,0,1,0,차대사람 - 기타,안전운전불이행,건조,맑음,단일로 - 기타,기타불명,기타불명,기타불명,기타불명,보행자,남,73세,경상
2013101100100434,2013년 10월 11일 16시,금요일,부산광역시 동래구 사직동,경상사고,0,0,1,0,차대사람 - 횡단중,보행자보호의무위반,건조,맑음,교차로 - 교차로안,승합,남,65세,상해없음,보행자,여,13세,경상
2013101100100435,2013년 10월 11일 16시,금요일,부산광역시 금정구 청룡동,중상사고,0,1,0,0,차대사람 - 횡단중,보행자보호의무위반,건조,맑음,교차로 - 교차로안,승용,여,51세,상해없음,보행자,남,77세,중상
2013101100100505,2013년 10월 11일 18시,금요일,부산광역시 사하구 장림동,경상사고,0,0,1,0,차대차 - 추돌 - 진행중,안전운전불이행,건조,맑음,기타 - 기타,승용,남,30세,상해없음,승용,여,34세,경상
2013101100100506,2013년 10월 11일 18시,금요일,부산광역시 사하구 괴정동,경상사고,0,0,1,0,차대차 - 기타,안전운전불이행,건조,맑음,단일로 - 기타,승합,남,66세,상해없음,승합,남,56세,상해없음
2013101100100554,2013년 10월 11일 19시,금요일,부산광역시 북구 덕천동,중상사고,0,1,0,0,차대사람 - 보도통행중,기타,건조,맑음,단일로 - 기타,자전거,남,25세,상해없음,보행자,여,58세,중상
2013101100100555,2013년 10월 11일 19시,금요일,부산광역시 사하구 다대동,중상사고,0,2,0,0,차대차 - 정면충돌,중앙선침범,건조,맑음,단일로 - 기타,화물,남,43세,상해없음,원동기,남,17세,중상
2013101100100598,2013년 10월 11일 20시,금요일,부산광역시 동래구 명륜동,경상사고,0,0,1,0,차대차 - 측면직각충돌,중앙선침범,건조,맑음,단일로 - 기타,승용,남,62세,상해없음,승용,남,30세,경상
2013101100100629,2013년 10월 11일 21시,금요일,부산광역시 동래구 명륜동,중상사고,0,1,0,0,차대차 - 추돌 - 주정차중,안전운전불이행,건조,맑음,기타 - 기타,승용,남,63세,상해없음,승용,남,36세,중상
2013101100100662,2013년 10월 11일 22시,금요일,부산광역시 수영구 광안동,중상사고,0,1,0,0,차대차 - 측면직각충돌,안전운전불이행,건조,맑음,단일로 - 기타,이륜,남,15세,상해없음,이륜,남,25세,중상
2013101100100663,2013년 10월 11일 22시,금요일,부산광역시 부산진구 부암동,중상사고,0,1,1,0,차대차 - 추돌 - 진행중,안전운전불이행,건조,맑음,교차로 - 교차로부근,승합,남,53세,상해없음,승용,남,49세,중상
2013101100100664,2013년 10월 11일 22시,금요일,부산광역시 기장군 기장읍,경상사고,0,0,1,0,차대차 - 추돌 - 주정차중,안전운전불이행,건조,맑음,교차로 - 교차로부근,승용,남,41세,상해없음,승용,남,46세,경상
2013101100100694,2013년 10월 11일 23시,금요일,부산광역시 금정구 남산동,중상사고,0,5,0,0,차대차 - 측면직각충돌,과속,건조,맑음,교차로 - 교차로부근,승용,남,31세,상해없음,승용,남,24세,상해없음
2013101200100005,2013년 10월 12일 00시,토요일,부산광역시 남구 대연동,경상사고,0,0,1,0,차대차 - 추돌 - 진행중,안전운전불이행,건조,맑음,교차로 - 교차로부근,화물,여,37세,기타불명,승용,여,57세,경상
2013101200100006,2013년 10월 12일 00시,토요일,부산광역시 금정구 서동,중상사고,0,1,0,0,차대차 - 측면직각충돌,중앙선침범,건조,맑음,단일로 - 기타,승용,남,56세,상해없음,자전거,남,24세,중상
2013101200100029,2013년 10월 12일 01시,토요일,부산광역시 부산진구 당감동,사망사고,1,0,0,0,차량단독 - 기타,안전운전불이행,기타,맑음,단일로 - 기타,승용,남,60세,사망,,,,
2013101200100030,2013년 10월 12일 01시,토요일,부산광역시 강서구 대저1동,중상사고,0,1,0,0,차대차 - 기타,신호위반,건조,맑음,교차로 - 교차로안,화물,남,31세,상해없음,승용,남,56세,중상
2013101200100031,2013년 10월 12일 01시,토요일,부산광역시 사상구 감전동,경상사고,0,0,1,0,차대사람 - 횡단중,안전운전불이행,건조,맑음,단일로 - 기타,승용,남,54세,상해없음,보행자,남,55세,경상
2013101200100046,2013년 10월 12일 02시,토요일,부산광역시 연제구 연산동,경상사고,0,0,1,0,차대차 - 추돌 - 주정차중,안전운전불이행,건조,맑음,단일로 - 기타,승용,남,31세,상해없음,승용,남,61세,경상
2013101200100061,2013년 10월 12일 03시,토요일,부산광역시 동래구 안락동,경상사고,0,0,1,0,차대사람 - 보도통행중,안전운전불이행,건조,맑음,단일로 - 기타,승용,여,56세,상해없음,보행자,남,43세,경상
2013101200100069,2013년 10월 12일 04시,토요일,부산광역시 서구 토성동5가,중상사고,0,1,0,0,차대차 - 기타,차로위반,기타,기타,단일로 - 기타,승용,남,57세,상해없음,승용,남,54세,상해없음
2013101200100070,2013년 10월 12일 04시,토요일,부산광역시 동래구 온천동,부상신고사고,0,0,0,1,차대차 - 측면직각충돌,신호위반,건조,맑음,교차로 - 교차로안,승용,남,38세,상해없음,승용,남,60세,부상신고
2013101200100105,2013년 10월 12일 06시,토요일,부산광역시 해운대구 우동,중상사고,0,1,0,0,차대차 - 측면직각충돌,차로위반,건조,맑음,단일로 - 기타,이륜,남,27세,중상,승용,남,30세,상해없음
2013101200100106,2013년 10월 12일 06시,토요일,부산광역시 연제구 연산동,중상사고,0,1,0,0,차대사람 - 횡단중,안전운전불이행,건조,맑음,단일로 - 기타,승용,남,64세,상해없음,보행자,여,33세,중상
2013101200100125,2013년 10월 12일 07시,토요일,부산광역시 중구 중앙동1가,경상사고,0,0,1,0,차대차 - 측면직각충돌,신호위반,건조,맑음,교차로 - 교차로안,승용,남,28세,상해없음,화물,남,56세,경상
2013101200100126,2013년 10월 12일 07시,토요일,부산광역시 남구 대연동,중상사고,0,2,0,0,차대차 - 측면직각충돌,신호위반,건조,맑음,교차로 - 교차로안,승용,남,25세,상해없음,승용,여,50세,중상
2013101200100127,2013년 10월 12일 07시,토요일,부산광역시 해운대구 우동,경상사고,0,0,1,0,차대차 - 측면직각충돌,안전거리미확보,건조,맑음,단일로 - 기타,승용,남,41세,상해없음,승용,남,25세,경상
2013101200100153,2013년 10월 12일 08시,토요일,부산광역시 남구 문현동,경상사고,0,0,1,0,차대차 - 기타,안전거리미확보,건조,맑음,단일로 - 기타,승용,남,52세,상해없음,원동기,남,33세,경상
2013101200100154,2013년 10월 12일 08시,토요일,부산광역시 해운대구 반여동,경상사고,0,0,1,0,차대차 - 측면직각충돌,안전거리미확보,건조,맑음,교차로 - 교차로부근,승용,여,59세,상해없음,승용,남,25세,경상
2013101200100155,2013년 10월 12일 08시,토요일,부산광역시 부산진구 부암동,중상사고,0,1,0,0,차대차 - 추돌 - 진행중,신호위반,건조,맑음,단일로 - 횡단보도상,승용,여,26세,상해없음,자전거,여,54세,중상
2013101200100156,2013년 10월 12일 08시,토요일,부산광역시 사하구 신평동,부상신고사고,0,0,0,1,차대사람 - 기타,안전운전불이행,건조,맑음,단일로 - 기타,승합,남,44세,상해없음,보행자,여,75세,부상신고
2013101200100183,2013년 10월 12일 09시,토요일,부산광역시 사상구 주례동,경상사고,0,0,1,0,차대차 - 정면충돌,안전거리미확보,건조,맑음,교차로 - 교차로안,화물,남,57세,상해없음,승용,남,48세,상해없음
2013101200100217,2013년 10월 12일 10시,토요일,부산광역시 기장군 기장읍,중상사고,0,2,1,0,차대차 - 추돌 - 주정차중,안전운전불이행,건조,맑음,교차로 - 교차로부근,승용,남,45세,경상,화물,남,52세,중상
2013101200100239,2013년 10월 12일 11시,토요일,부산광역시 해운대구 송정동,경상사고,0,0,1,0,차대사람 - 기타,안전운전불이행,건조,맑음,교차로 - 교차로안,승용,남,27세,상해없음,보행자,여,51세,경상
2013101200100275,2013년 10월 12일 12시,토요일,부산광역시 부산진구 범천동,경상사고,0,0,1,0,차대사람 - 횡단중,보행자보호의무위반,건조,맑음,단일로 - 기타,승용,남,64세,상해없음,보행자,여,15세,경상
2013101200100340,2013년 10월 12일 14시,토요일,부산광역시 동구 범일동,중상사고,0,1,0,0,차대차 - 기타,안전거리미확보,건조,맑음,단일로 - 기타,승용,남,29세,상해없음,원동기,남,41세,중상
2013101200100341,2013년 10월 12일 14시,토요일,부산광역시 수영구 망미동,경상사고,0,0,1,0,차대차 - 측면직각충돌,직진우회전진행방해,건조,맑음,교차로 - 교차로안,승용,남,33세,상해없음,승용,남,47세,경상
2013101200100342,2013년 10월 12일 14시,토요일,부산광역시 기장군 일광면,부상신고사고,0,0,0,4,차대차 - 정면충돌,중앙선침범,건조,맑음,단일로 - 기타,승용,남,43세,상해없음,승용,남,39세,부상신고
2013101200100384,2013년 10월 12일 15시,토요일,부산광역시 동래구 복천동,경상사고,0,0,3,0,차대차 - 기타,중앙선침범,건조,맑음,단일로 - 기타,승용,남,39세,상해없음,승용,남,30세,경상
2013101200100385,2013년 10월 12일 15시,토요일,부산광역시 부산진구 부전동,중상사고,0,1,0,0,차대차 - 측면직각충돌,중앙선침범,건조,맑음,단일로 - 기타,승용,여,46세,상해없음,이륜,남,37세,중상
2013101200100386,2013년 10월 12일 15시,토요일,부산광역시 사하구 다대동,경상사고,0,0,1,0,차대차 - 기타,교차로운행방법위반,건조,맑음,교차로 - 교차로부근,승용,남,36세,상해없음,이륜,남,66세,경상
2013101200100432,2013년 10월 12일 16시,토요일,부산광역시 북구 덕천동,경상사고,0,0,3,0,차대차 - 추돌 - 주정차중,안전운전불이행,건조,맑음,단일로 - 기타,승용,남,58세,상해없음,승용,여,26세,경상
2013101200100433,2013년 10월 12일 16시,토요일,부산광역시 금정구 청룡동,중상사고,0,1,0,0,차대차 - 기타,직진우회전진행방해,건조,맑음,교차로 - 교차로안,승용,남,63세,상해없음,자전거,남,68세,중상
2013101200100470,2013년 10월 12일 17시,토요일,부산광역시 남구 대연동,중상사고,0,1,0,0,차대차 - 추돌 - 주정차중,안전운전불이행,건조,맑음,단일로 - 기타,승용,남,65세,상해없음,자전거,남,33세,중상
2013101200100496,2013년 10월 12일 18시,토요일,부산광역시 서구 암남동,중상사고,0,1,0,0,차대사람 - 차도통행중,안전운전불이행,건조,맑음,단일로 - 기타,승용,남,28세,상해없음,보행자,남,45세,중상
2013101200100497,2013년 10월 12일 18시,토요일,부산광역시 부산진구 부전동,경상사고,0,0,4,0,차대차 - 추돌 - 진행중,안전거리미확보,건조,맑음,교차로 - 교차로안,승용,남,60세,상해없음,승용,남,46세,경상
2013101200100539,2013년 10월 12일 19시,토요일,부산광역시 중구 남포동5가,경상사고,0,0,1,0,차대사람 - 기타,기타,건조,맑음,기타 - 기타,이륜,남,50세,상해없음,보행자,여,41세,경상
2013101200100540,2013년 10월 12일 19시,토요일,부산광역시 동래구 명장동,경상사고,0,0,1,0,차대차 - 측면직각충돌,중앙선침범,건조,맑음,단일로 - 기타,승용,남,49세,상해없음,승용,여,56세,경상
2013101200100541,2013년 10월 12일 19시,토요일,부산광역시 해운대구 반여동,경상사고,0,0,1,0,차대차 - 추돌 - 주정차중,신호위반,건조,맑음,교차로 - 교차로안,승용,남,38세,상해없음,승용,남,63세,경상
2013101200100542,2013년 10월 12일 19시,토요일,부산광역시 금정구 부곡동,중상사고,0,1,0,0,차대차 - 기타,중앙선침범,건조,맑음,교차로 - 교차로부근,승용,남,64세,상해없음,이륜,남,16세,중상
2013101200100543,2013년 10월 12일 19시,토요일,부산광역시 금정구 노포동,중상사고,0,1,1,0,차대차 - 추돌 - 주정차중,안전거리미확보,건조,맑음,교차로 - 교차로부근,승합,남,46세,상해없음,승용,남,31세,경상
2013101200100544,2013년 10월 12일 19시,토요일,부산광역시 사상구 괘법동,중상사고,0,1,1,1,차대차 - 추돌 - 진행중,안전운전불이행,건조,맑음,단일로 - 기타,승용,남,42세,상해없음,승합,남,54세,상해없음
2013101200100545,2013년 10월 12일 19시,토요일,부산광역시 기장군 기장읍,경상사고,0,0,4,0,차대차 - 측면직각충돌,안전운전불이행,건조,맑음,단일로 - 기타,승용,남,31세,상해없음,승용,남,49세,경상
2013101200100592,2013년 10월 12일 20시,토요일,부산광역시 사상구 괘법동,중상사고,0,1,0,0,차대사람 - 횡단중,안전운전불이행,건조,맑음,단일로 - 기타,승용,남,52세,상해없음,보행자,남,52세,중상
2013101200100629,2013년 10월 12일 21시,토요일,부산광역시 부산진구 부암동,중상사고,0,1,0,0,차대사람 - 기타,안전운전불이행,건조,맑음,단일로 - 기타,승용,남,39세,상해없음,보행자,여,60세,중상
2013101200100673,2013년 10월 12일 22시,토요일,부산광역시 금정구 장전동,중상사고,0,1,0,0,차대차 - 측면직각충돌,안전운전불이행,건조,맑음,단일로 - 기타,승용,남,21세,상해없음,이륜,남,46세,중상
2013101200100674,2013년 10월 12일 22시,토요일,부산광역시 연제구 거제동,중상사고,0,1,0,0,차대차 - 측면직각충돌,교차로운행방법위반,건조,맑음,교차로 - 교차로안,원동기,여,19세,상해없음,승용,남,40세,상해없음
2013101300100010,2013년 10월 13일 00시,일요일,부산광역시 북구 만덕동,경상사고,0,0,1,0,차대차 - 측면직각충돌,차로위반,건조,맑음,교차로 - 교차로부근,승용,남,32세,상해없음,승합,남,52세,경상
2013101300100011,2013년 10월 13일 00시,일요일,부산광역시 금정구 장전동,경상사고,0,0,1,0,차대차 - 기타,기타,건조,맑음,교차로 - 교차로부근,승용,남,58세,상해없음,자전거,남,33세,경상
2013101300100032,2013년 10월 13일 01시,일요일,부산광역시 부산진구 개금동,경상사고,0,0,2,0,차대차 - 기타,안전운전불이행,건조,맑음,단일로 - 기타,승합,남,28세,상해없음,승용,남,59세,경상
2013101300100068,2013년 10월 13일 03시,일요일,부산광역시 영도구 대교동1가,부상신고사고,0,0,0,1,차대차 - 기타,중앙선침범,건조,맑음,기타 - 기타,승용,남,31세,상해없음,승용,남,57세,부상신고
2013101300100077,2013년 10월 13일 04시,일요일,부산광역시 해운대구 우동,부상신고사고,0,0,0,1,차대사람 - 길가장자리구역통행중,안전운전불이행,건조,맑음,단일로 - 기타,승용,기타불명,기타불명,기타불명,보행자,여,17세,부상신고
2013101300100078,2013년 10월 13일 04시,일요일,부산광역시 해운대구 우동,중상사고,0,1,0,0,차대차 - 측면직각충돌,안전운전불이행,건조,맑음,교차로 - 교차로부근,승용,남,55세,상해없음,자전거,남,27세,중상
2013101300100079,2013년 10월 13일 04시,일요일,부산광역시 부산진구 부전동,경상사고,0,0,1,0,차대사람 - 기타,안전운전불이행,건조,맑음,단일로 - 기타,승용,기타불명,기타불명,기타불명,보행자,남,31세,경상
2013101300100089,2013년 10월 13일 05시,일요일,부산광역시 해운대구 중동,중상사고,0,1,0,0,차대사람 - 보도통행중,기타,건조,맑음,단일로 - 기타,승용,여,42세,상해없음,보행자,여,29세,중상
2013101300100090,2013년 10월 13일 05시,일요일,부산광역시 부산진구 전포동,경상사고,0,0,1,0,차대사람 - 기타,안전운전불이행,건조,맑음,단일로 - 기타,승용,기타불명,기타불명,기타불명,보행자,남,41세,경상
2013101300100091,2013년 10월 13일 05시,일요일,부산광역시 부산진구 부암동,경상사고,0,0,1,0,차대차 - 기타,안전운전불이행,건조,맑음,단일로 - 기타,승용,기타불명,기타불명,기타불명,승용,남,29세,경상
2013101300100106,2013년 10월 13일 06시,일요일,부산광역시 연제구 연산동,중상사고,0,1,0,0,차대사람 - 기타,안전운전불이행,건조,맑음,단일로 - 기타,승용,남,48세,상해없음,보행자,여,44세,중상
2013101300100116,2013년 10월 13일 07시,일요일,부산광역시 남구 용호동,경상사고,0,0,1,0,차대사람 - 차도통행중,안전운전불이행,건조,맑음,단일로 - 기타,승용,남,25세,상해없음,보행자,여,75세,경상
2013101300100117,2013년 10월 13일 07시,일요일,부산광역시 해운대구 우동,중상사고,0,1,0,0,차대사람 - 기타,안전운전불이행,건조,맑음,교차로 - 교차로안,승용,여,63세,상해없음,보행자,남,76세,중상
2013101300100135,2013년 10월 13일 08시,일요일,부산광역시 사상구 엄궁동,부상신고사고,0,0,0,1,차대차 - 측면직각충돌,안전운전불이행,건조,맑음,단일로 - 기타,이륜,남,52세,부상신고,승용,남,54세,상해없음
2013101300100149,2013년 10월 13일 09시,일요일,부산광역시 해운대구 재송동,중상사고,0,1,0,0,차대차 - 기타,중앙선침범,건조,맑음,교차로 - 교차로부근,원동기,남,57세,상해없음,원동기,남,71세,중상
2013101300100168,2013년 10월 13일 10시,일요일,부산광역시 동래구 온천동,부상신고사고,0,0,0,1,차대차 - 기타,교차로운행방법위반,건조,맑음,교차로 - 교차로안,승용,남,31세,부상신고,승용,남,65세,상해없음
2013101300100169,2013년 10월 13일 10시,일요일,부산광역시 사상구 학장동,중상사고,0,1,0,0,차대사람 - 횡단중,안전운전불이행,건조,맑음,단일로 - 기타,승용,남,43세,상해없음,보행자,남,76세,중상
2013101300100170,2013년 10월 13일 10시,일요일,부산광역시 기장군 일광면,경상사고,0,0,1,3,차대차 - 측면직각충돌,안전거리미확보,건조,맑음,단일로 - 기타,승용,남,61세,상해없음,승용,남,43세,경상
2013101300100209,2013년 10월 13일 12시,일요일,부산광역시 해운대구 우동,경상사고,0,0,2,0,차대차 - 측면직각충돌,안전거리미확보,건조,맑음,교차로 - 교차로부근,승용,남,51세,경상,승용,여,50세,경상
2013101300100234,2013년 10월 13일 13시,일요일,부산광역시 영도구 동삼동,중상사고,0,1,0,0,차대사람 - 차도통행중,기타,건조,맑음,단일로 - 기타,승용,남,47세,상해없음,보행자,여,51세,중상
2013101300100289,2013년 10월 13일 15시,일요일,부산광역시 사상구 엄궁동,중상사고,0,1,0,0,차대사람 - 횡단중,보행자보호의무위반,건조,맑음,단일로 - 횡단보도상,승용,남,29세,상해없음,보행자,여,33세,중상
2013101300100315,2013년 10월 13일 16시,일요일,부산광역시 사상구 괘법동,중상사고,0,2,0,0,차대차 - 측면직각충돌,교차로운행방법위반,건조,맑음,교차로 - 교차로안,승용,남,44세,상해없음,승용,남,63세,중상
2013101300100339,2013년 10월 13일 17시,일요일,부산광역시 부산진구 개금동,경상사고,0,0,1,0,차대사람 - 기타,안전운전불이행,건조,맑음,단일로 - 기타,기타불명,기타불명,기타불명,기타불명,보행자,여,23세,경상
2013101300100340,2013년 10월 13일 17시,일요일,부산광역시 금정구 서동,중상사고,0,1,0,0,차대사람 - 횡단중,신호위반,건조,맑음,단일로 - 횡단보도상,자전거,남,13세,상해없음,보행자,여,71세,중상
2013101300100362,2013년 10월 13일 18시,일요일,부산광역시 해운대구 재송동,부상신고사고,0,0,0,4,차대차 - 추돌 - 진행중,안전운전불이행,건조,맑음,단일로 - 기타,승용,남,53세,기타불명,승용,여,43세,부상신고
2013101300100402,2013년 10월 13일 19시,일요일,부산광역시 영도구 대교동1가,경상사고,0,0,1,0,차대차 - 측면직각충돌,신호위반,건조,맑음,교차로 - 교차로안,이륜,남,29세,상해없음,승용,여,32세,경상
2013101300100426,2013년 10월 13일 20시,일요일,부산광역시 북구 덕천동,경상사고,0,0,1,0,차대차 - 기타,안전거리미확보,건조,맑음,단일로 - 기타,승합,남,41세,상해없음,승용,남,61세,상해없음
2013101300100427,2013년 10월 13일 20시,일요일,부산광역시 해운대구 재송동,경상사고,0,0,1,0,차대사람 - 기타,안전운전불이행,건조,맑음,단일로 - 기타,승용,남,34세,상해없음,보행자,남,39세,경상
2013101300100473,2013년 10월 13일 22시,일요일,부산광역시 연제구 연산동,중상사고,0,1,0,0,차대차 - 기타,안전거리미확보,건조,맑음,단일로 - 기타,승용,남,48세,상해없음,이륜,남,21세,중상
2013101300100494,2013년 10월 13일 23시,일요일,부산광역시 연제구 거제동,경상사고,0,0,1,0,차대차 - 추돌 - 진행중,중앙선침범,건조,맑음,단일로 - 기타,승용,기타불명,기타불명,기타불명,승용,여,29세,경상
2013101400100018,2013년 10월 14일 02시,월요일,부산광역시 해운대구 좌동,중상사고,0,2,0,0,차대차 - 측면직각충돌,안전거리미확보,건조,맑음,단일로 - 기타,승용,남,61세,상해없음,승용,남,39세,중상
2013101400100025,2013년 10월 14일 03시,월요일,부산광역시 부산진구 전포동,중상사고,0,1,0,0,차대차 - 기타,신호위반,건조,맑음,교차로 - 교차로안,승용,남,18세,상해없음,화물,남,56세,중상
2013101400100051,2013년 10월 14일 06시,월요일,부산광역시 부산진구 범천동,경상사고,0,0,1,0,차대사람 - 기타,신호위반,건조,흐림,교차로 - 교차로안,승용,남,61세,상해없음,보행자,여,51세,경상
2013101400100052,2013년 10월 14일 06시,월요일,부산광역시 사상구 주례동,중상사고,0,1,0,0,차대차 - 측면직각충돌,안전거리미확보,건조,맑음,단일로 - 기타,승용,남,57세,상해없음,승합,남,51세,상해없음
2013101400100073,2013년 10월 14일 07시,월요일,부산광역시 기장군 일광면,경상사고,0,0,2,0,차대차 - 추돌 - 진행중,안전운전불이행,건조,맑음,교차로 - 교차로부근,화물,남,44세,상해없음,화물,남,51세,경상
2013101400100107,2013년 10월 14일 08시,월요일,부산광역시 동래구 온천동,중상사고,0,1,1,0,차대차 - 측면직각충돌,중앙선침범,건조,맑음,단일로 - 기타,자전거,남,14세,경상,승용,여,42세,중상
2013101400100153,2013년 10월 14일 09시,월요일,부산광역시 해운대구 중동,중상사고,0,1,0,0,차대사람 - 차도통행중,안전운전불이행,건조,맑음,교차로 - 교차로부근,이륜,남,71세,상해없음,보행자,남,58세,중상
2013101400100220,2013년 10월 14일 11시,월요일,부산광역시 해운대구 재송동,경상사고,0,0,1,0,차대차 - 측면직각충돌,안전운전불이행,기타,맑음,단일로 - 기타,승용,남,32세,상해없음,이륜,남,58세,경상
2013101400100247,2013년 10월 14일 12시,월요일,부산광역시 서구 토성동1가,중상사고,0,1,0,0,차대사람 - 기타,보행자보호의무위반,건조,맑음,단일로 - 기타,화물,남,34세,상해없음,보행자,여,77세,중상
2013101400100248,2013년 10월 14일 12시,월요일,부산광역시 사하구 당리동,중상사고,0,1,0,0,차대차 - 측면직각충돌,안전운전불이행,건조,맑음,교차로 - 교차로부근,화물,남,25세,상해없음,이륜,남,25세,중상
2013101400100304,2013년 10월 14일 14시,월요일,부산광역시 해운대구 우동,경상사고,0,0,1,0,차대차 - 측면직각충돌,안전운전불이행,건조,맑음,교차로 - 교차로안,이륜,남,41세,상해없음,이륜,남,60세,경상
2013101400100305,2013년 10월 14일 14시,월요일,부산광역시 부산진구 범전동,경상사고,0,0,1,0,차대사람 - 기타,보행자보호의무위반,건조,맑음,단일로 - 횡단보도상,승용,여,47세,상해없음,보행자,남,9세,경상
2013101400100306,2013년 10월 14일 14시,월요일,부산광역시 부산진구 가야동,경상사고,0,0,1,0,차대사람 - 기타,안전운전불이행,건조,맑음,교차로 - 교차로부근,기타불명,기타불명,기타불명,기타불명,보행자,여,22세,경상
2013101400100344,2013년 10월 14일 15시,월요일,부산광역시 연제구 연산동,중상사고,0,1,0,0,차대사람 - 기타,안전운전불이행,건조,맑음,기타 - 기타,자전거,기타불명,기타불명,기타불명,보행자,남,60세,중상
2013101400100345,2013년 10월 14일 15시,월요일,부산광역시 기장군 기장읍,중상사고,0,1,0,0,차대사람 - 횡단중,보행자보호의무위반,건조,맑음,교차로 - 교차로부근,화물,여,61세,상해없음,보행자,여,71세,중상
2013101400100391,2013년 10월 14일 16시,월요일,부산광역시 수영구 남천동,중상사고,0,1,0,0,차대차 - 측면직각충돌,안전운전불이행,건조,맑음,단일로 - 기타,승용,여,53세,상해없음,이륜,남,43세,중상
2013101400100392,2013년 10월 14일 16시,월요일,부산광역시 강서구 대저2동,중상사고,0,1,0,0,차대차 - 기타,중앙선침범,건조,맑음,기타 - 기타,승용,남,50세,상해없음,승용,여,53세,중상
2013101400100425,2013년 10월 14일 17시,월요일,부산광역시 남구 감만동,중상사고,0,1,0,0,차대사람 - 기타,안전운전불이행,건조,맑음,단일로 - 기타,승용,남,49세,상해없음,보행자,남,79세,중상