사고번호,사고일시,요일,시군구,사고내용,사망자수,중상자수,경상자수,부상신고자수,사고유형,법규위반,노면상태,기상상태,도로형태,가해운전자 차종,가해운전자 성별,가해운전자 연령,가해운전자 상해정도,피해운전자 차종,피해운전자 성별,피해운전자 연령,피해운전자 상해정도
2013102400100670,2013년 10월 24일 23시,목요일,부산광역시 사하구 장림동,중상사고,0,1,0,0,차대차 - 기타,교차로운행방법위반,건조,맑음,교차로 - 교차로안,승용,남,66세,상해없음,이륜,남,26세,중상
2013102500100044,2013년 10월 25일 02시,금요일,부산광역시 동구 범일동,부상신고사고,0,0,0,1,차대차 - 측면직각충돌,차로위반,건조,맑음,단일로 - 기타,승용,남,18세,상해없음,원동기,남,19세,부상신고
2013102500100045,2013년 10월 25일 02시,금요일,부산광역시 부산진구 부전동,경상사고,0,0,1,0,차대사람 - 길가장자리구역통행중,안전운전불이행,건조,맑음,단일로 - 기타,승용,남,60세,상해없음,보행자,남,30세,경상
2013102500100050,2013년 10월 25일 03시,금요일,부산광역시 부산진구 개금동,부상신고사고,0,0,0,1,차대차 - 추돌 - 진행중,안전운전불이행,건조,맑음,단일로 - 기타,승용,남,60세,상해없음,승용,남,26세,부상신고
2013102500100108,2013년 10월 25일 07시,금요일,부산광역시 사상구 주례동,경상사고,0,0,1,2,차대차 - 추돌 - 진행중,안전거리미확보,건조,맑음,단일로 - 기타,승용,남,23세,부상신고,화물,남,44세,경상
2013102500100138,2013년 10월 25일 08시,금요일,부산광역시 남구 감만동,중상사고,0,1,0,0,차대차 - 측면직각충돌,신호위반,건조,맑음,교차로 - 교차로안,승용,남,47세,중상,승용,남,54세,상해없음
2013102500100139,2013년 10월 25일 08시,금요일,부산광역시 해운대구 중동,경상사고,0,0,1,0,차대사람 - 길가장자리구역통행중,안전운전불이행,건조,맑음,단일로 - 기타,승용,기타불명,기타불명,기타불명,보행자,남,37세,경상
2013102500100173,2013년 10월 25일 09시,금요일,부산광역시 부산진구 당감동,경상사고,0,0,1,0,차대차 - 추돌 - 진행중,안전거리미확보,건조,맑음,단일로 - 터널,승용,남,49세,상해없음,승용,남,29세,경상
2013102500100234,2013년 10월 25일 11시,금요일,부산광역시 동래구 사직동,경상사고,0,0,1,0,차대사람 - 횡단중,보행자보호의무위반,건조,맑음,단일로 - 기타,승합,남,51세,상해없음,보행자,여,33세,경상
2013102500100235,2013년 10월 25일 11시,금요일,부산광역시 동래구 사직동,중상사고,0,1,0,0,차대사람 - 기타,안전운전불이행,건조,맑음,단일로 - 기타,승용,남,50세,상해없음,보행자,여,51세,중상
2013102500100302,2013년 10월 25일 13시,금요일,부산광역시 영도구 봉래동1가,중상사고,0,1,0,0,차대차 - 기타,안전운전불이행,건조,맑음,기타 - 기타,건설기계,남,54세,상해없음,이륜,남,52세,중상
2013102500100331,2013년 10월 25일 14시,금요일,부산광역시 동래구 안락동,중상사고,0,1,1,0,차대사람 - 횡단중,신호위반,건조,맑음,교차로 - 교차로부근,건설기계,남,59세,상해없음,보행자,여,49세,경상
2013102500100332,2013년 10월 25일 14시,금요일,부산광역시 부산진구 당감동,경상사고,0,0,1,0,차대사람 - 기타,안전운전불이행,건조,맑음,단일로 - 기타,승용,남,47세,상해없음,보행자,남,50세,경상
2013102500100376,2013년 10월 25일 15시,금요일,부산광역시 기장군 철마면,중상사고,0,1,0,0,차대사람 - 횡단중,안전운전불이행,건조,맑음,단일로 - 기타,승용,남,32세,상해없음,보행자,여,79세,중상
2013102500100410,2013년 10월 25일 16시,금요일,부산광역시 금정구 부곡동,중상사고,0,1,0,0,차대사람 - 보도통행중,안전운전불이행,건조,맑음,단일로 - 기타,승용,여,56세,상해없음,보행자,남,13세,중상
2013102500100411,2013년 10월 25일 16시,금요일,부산광역시 연제구 거제동,경상사고,0,0,1,0,차대차 - 기타,안전운전불이행,건조,맑음,교차로 - 교차로안,승용,남,36세,상해없음,승합,남,52세,상해없음
2013102500100453,2013년 10월 25일 17시,금요일,부산광역시 해운대구 우동,중상사고,0,1,0,0,차대차 - 추돌 - 진행중,신호위반,건조,맑음,단일로 - 기타,승용,남,18세,상해없음,자전거,여,45세,중상
2013102500100454,2013년 10월 25일 17시,금요일,부산광역시 금정구 부곡동,중상사고,0,1,0,0,차대차 - 추돌 - 진행중,교차로운행방법위반,건조,맑음,교차로 - 교차로부근,승합,남,52세,상해없음,이륜,남,18세,중상
2013102500100494,2013년 10월 25일 18시,금요일,부산광역시 수영구 남천동,경상사고,0,0,1,0,차대사람 - 기타,안전운전불이행,건조,맑음,단일로 - 기타,승용,여,31세,기타불명,보행자,남,20세,경상
2013102500100495,2013년 10월 25일 18시,금요일,부산광역시 동래구 수안동,경상사고,0,0,2,0,차대차 - 추돌 - 주정차중,안전운전불이행,건조,맑음,단일로 - 기타,승용,남,60세,상해없음,승용,남,34세,경상
2013102500100496,2013년 10월 25일 18시,금요일,부산광역시 영도구 대교동1가,부상신고사고,0,0,0,1,차대차 - 기타,교차로운행방법위반,건조,맑음,기타 - 기타,승용,남,56세,상해없음,이륜,남,18세,부상신고
2013102500100497,2013년 10월 25일 18시,금요일,부산광역시 사상구 모라동,경상사고,0,0,2,0,차대차 - 측면직각충돌,안전거리미확보,건조,맑음,단일로 - 기타,승용,남,43세,상해없음,승용,남,58세,경상
2013102500100612,2013년 10월 25일 20시,금요일,부산광역시 남구 대연동,경상사고,0,0,1,0,차대사람 - 차도통행중,안전운전불이행,건조,맑음,단일로 - 기타,승용,남,55세,상해없음,보행자,여,46세,경상
2013102500100613,2013년 10월 25일 20시,금요일,부산광역시 동래구 온천동,경상사고,0,0,1,0,차대차 - 측면직각충돌,신호위반,건조,맑음,교차로 - 교차로안,이륜,남,25세,경상,승용,남,63세,상해없음
2013102500100614,2013년 10월 25일 20시,금요일,부산광역시 부산진구 전포동,부상신고사고,0,0,0,1,차대차 - 측면직각충돌,안전운전불이행,건조,맑음,교차로 - 교차로부근,승용,남,24세,상해없음,자전거,남,41세,부상신고
2013102500100685,2013년 10월 25일 22시,금요일,부산광역시 부산진구 부암동,중상사고,0,1,0,0,차대사람 - 횡단중,안전운전불이행,건조,맑음,단일로 - 횡단보도상,승용,남,71세,상해없음,보행자,남,19세,중상
2013102500100686,2013년 10월 25일 22시,금요일,부산광역시 사하구 하단동,중상사고,0,1,3,0,차대차 - 측면직각충돌,직진우회전진행방해,건조,맑음,교차로 - 교차로안,승용,남,50세,상해없음,승용,남,47세,경상
2013102500100721,2013년 10월 25일 23시,금요일,부산광역시 북구 구포동,경상사고,0,0,1,0,차량단독 - 기타,중앙선침범,건조,맑음,단일로 - 기타,원동기,남,16세,상해없음,,,,
2013102500100722,2013년 10월 25일 23시,금요일,부산광역시 금정구 서동,중상사고,0,1,1,0,차대차 - 측면직각충돌,교차로운행방법위반,건조,맑음,교차로 - 교차로안,승용,남,51세,상해없음,승용,남,58세,경상
2013102500100723,2013년 10월 25일 23시,금요일,부산광역시 사상구 주례동,중상사고,0,1,0,0,차대사람 - 기타,안전운전불이행,건조,맑음,단일로 - 기타,승용,남,47세,상해없음,보행자,남,49세,중상
2013102600100007,2013년 10월 26일 00시,토요일,부산광역시 기장군 일광면,경상사고,0,0,6,0,차대차 - 측면직각충돌,안전운전불이행,건조,맑음,단일로 - 기타,승용,남,42세,상해없음,승용,남,35세,경상
2013102600100026,2013년 10월 26일 01시,토요일,부산광역시 부산진구 부전동,경상사고,0,0,1,0,차대사람 - 횡단중,안전운전불이행,건조,맑음,단일로 - 기타,승용,남,53세,상해없음,보행자,남,22세,경상
2013102600100027,2013년 10월 26일 01시,토요일,부산광역시 강서구 강동동,중상사고,0,1,0,0,차대사람 - 횡단중,안전운전불이행,건조,맑음,단일로 - 기타,승용,남,39세,상해없음,보행자,남,49세,중상
2013102600100028,2013년 10월 26일 01시,토요일,부산광역시 강서구 식만동,경상사고,0,0,2,0,차대차 - 측면직각충돌,안전운전불이행,건조,맑음,단일로 - 기타,승용,남,32세,상해없음,승용,남,24세,경상
2013102600100047,2013년 10월 26일 02시,토요일,부산광역시 부산진구 전포동,중상사고,0,1,3,0,차대차 - 추돌 - 주정차중,안전거리미확보,건조,맑음,단일로 - 기타,승용,남,29세,상해없음,승용,남,47세,중상
2013102600100089,2013년 10월 26일 05시,토요일,부산광역시 동래구 온천동,중상사고,0,1,0,0,차대사람 - 횡단중,안전운전불이행,건조,맑음,단일로 - 기타,이륜,남,41세,상해없음,보행자,남,51세,중상
2013102600100090,2013년 10월 26일 05시,토요일,부산광역시 부산진구 전포동,경상사고,0,0,2,0,차대차 - 측면직각충돌,신호위반,건조,맑음,교차로 - 교차로안,승용,남,40세,상해없음,승용,남,74세,경상
2013102600100123,2013년 10월 26일 07시,토요일,부산광역시 해운대구 우동,중상사고,0,1,0,1,차대차 - 측면직각충돌,안전운전불이행,기타,맑음,단일로 - 기타,화물,남,41세,부상신고,승합,남,44세,중상
2013102600100143,2013년 10월 26일 08시,토요일,부산광역시 영도구 동삼동,중상사고,0,1,0,0,차대사람 - 횡단중,보행자보호의무위반,건조,맑음,단일로 - 횡단보도상,승용,남,51세,상해없음,보행자,여,77세,중상
2013102600100144,2013년 10월 26일 08시,토요일,부산광역시 부산진구 부전동,부상신고사고,0,0,0,1,차대차 - 기타,안전운전불이행,건조,맑음,교차로 - 교차로안,이륜,남,44세,부상신고,승용,남,55세,상해없음
2013102600100145,2013년 10월 26일 08시,토요일,부산광역시 사하구 장림동,중상사고,0,3,1,0,차대차 - 기타,안전운전불이행,건조,맑음,기타 - 기타,승용,남,46세,상해없음,승용,남,21세,중상
2013102600100175,2013년 10월 26일 09시,토요일,부산광역시 해운대구 반여동,중상사고,0,1,0,0,차대사람 - 기타,안전운전불이행,건조,맑음,단일로 - 기타,화물,남,75세,상해없음,보행자,남,68세,중상
2013102600100216,2013년 10월 26일 10시,토요일,부산광역시 부산진구 부암동,경상사고,0,0,1,0,차대차 - 측면직각충돌,안전운전불이행,건조,맑음,단일로 - 기타,특수,여,45세,기타불명,승용,여,43세,경상
2013102600100217,2013년 10월 26일 10시,토요일,부산광역시 연제구 연산동,경상사고,0,0,1,0,차대차 - 측면직각충돌,안전거리미확보,건조,맑음,단일로 - 기타,승용,남,69세,상해없음,화물,남,44세,경상
2013102600100250,2013년 10월 26일 11시,토요일,부산광역시 남구 용호동,경상사고,0,0,1,0,차대사람 - 횡단중,보행자보호의무위반,건조,맑음,교차로 - 교차로부근,승용,여,62세,상해없음,보행자,여,25세,경상
2013102600100251,2013년 10월 26일 11시,토요일,부산광역시 해운대구 우동,경상사고,0,0,1,0,차대차 - 기타,신호위반,건조,맑음,교차로 - 교차로부근,승용,남,72세,상해없음,자전거,여,29세,경상
2013102600100252,2013년 10월 26일 11시,토요일,부산광역시 사상구 학장동,경상사고,0,0,2,0,차대차 - 측면직각충돌,신호위반,건조,맑음,교차로 - 교차로안,화물,남,66세,상해없음,승용,남,61세,경상
2013102600100290,2013년 10월 26일 12시,토요일,부산광역시 동래구 온천동,중상사고,0,1,0,0,차대사람 - 횡단중,신호위반,건조,맑음,단일로 - 횡단보도상,원동기,남,62세,상해없음,보행자,여,9세,중상
2013102600100291,2013년 10월 26일 12시,토요일,부산광역시 사상구 감전동,경상사고,0,0,1,0,차대차 - 측면직각충돌,차로위반,건조,맑음,단일로 - 기타,승용,기타불명,기타불명,기타불명,승용,남,31세,경상
2013102600100332,2013년 10월 26일 13시,토요일,부산광역시 서구 서대신동3가,경상사고,0,0,2,0,차대차 - 측면직각충돌,안전거리미확보,건조,맑음,단일로 - 기타,화물,남,60세,경상,승용,남,55세,경상
2013102600100333,2013년 10월 26일 13시,토요일,부산광역시 금정구 부곡동,중상사고,0,1,0,0,차대사람 - 기타,안전운전불이행,건조,맑음,단일로 - 기타,승용,남,27세,상해없음,보행자,남,38세,중상
2013102600100366,2013년 10월 26일 14시,토요일,부산광역시 남구 문현동,경상사고,0,0,4,0,차대차 - 정면충돌,중앙선침범,건조,맑음,단일로 - 기타,승용,여,55세,상해없음,승용,남,42세,경상
2013102600100367,2013년 10월 26일 14시,토요일,부산광역시 금정구 서동,경상사고,0,0,1,0,차대차 - 측면직각충돌,안전거리미확보,건조,맑음,단일로 - 기타,승용,남,45세,상해없음,원동기,남,33세,경상
2013102600100368,2013년 10월 26일 14시,토요일,부산광역시 사상구 덕포동,중상사고,0,1,0,0,차대차 - 측면직각충돌,안전거리미확보,건조,맑음,단일로 - 기타,화물,남,63세,상해없음,이륜,남,22세,중상
2013102600100369,2013년 10월 26일 14시,토요일,부산광역시 기장군 기장읍,경상사고,0,0,2,0,차대차 - 추돌 - 진행중,안전거리미확보,건조,맑음,단일로 - 기타,승용,여,39세,상해없음,승용,남,57세,경상
2013102600100409,2013년 10월 26일 15시,토요일,부산광역시 금정구 구서동,경상사고,0,0,3,0,차대차 - 측면직각충돌,안전운전불이행,건조,맑음,단일로 - 기타,이륜,남,43세,상해없음,승용,남,48세,경상
2013102600100443,2013년 10월 26일 16시,토요일,부산광역시 영도구 대교동1가,경상사고,0,0,1,0,차대차 - 기타,안전거리미확보,건조,맑음,교차로 - 교차로부근,승용,기타불명,기타불명,기타불명,승합,남,43세,상해없음
2013102600100444,2013년 10월 26일 16시,토요일,부산광역시 사하구 하단동,경상사고,0,0,1,0,차대사람 - 기타,안전운전불이행,건조,맑음,단일로 - 기타,승용,남,51세,상해없음,보행자,남,10세,경상
2013102600100445,2013년 10월 26일 16시,토요일,부산광역시 연제구 연산동,경상사고,0,0,1,0,차대차 - 추돌 - 진행중,안전운전불이행,건조,맑음,교차로 - 교차로안,승용,여,51세,상해없음,이륜,남,61세,경상
2013102600100575,2013년 10월 26일 19시,토요일,부산광역시 서구 아미동2가,경상사고,0,0,3,0,차대차 - 측면직각충돌,안전운전불이행,기타,기타,단일로 - 기타,기타불명,기타불명,기타불명,기타불명,승용,남,36세,경상
2013102600100576,2013년 10월 26일 19시,토요일,부산광역시 영도구 대교동1가,중상사고,0,1,0,0,차대사람 - 횡단중,안전운전불이행,건조,맑음,단일로 - 기타,승용,여,40세,상해없음,보행자,남,64세,중상
2013102600100621,2013년 10월 26일 20시,토요일,부산광역시 북구 구포동,경상사고,0,0,1,0,차대차 - 추돌 - 주정차중,안전운전불이행,건조,맑음,단일로 - 기타,승용,남,48세,상해없음,승합,남,53세,경상
2013102600100622,2013년 10월 26일 20시,토요일,부산광역시 연제구 연산동,경상사고,0,0,1,2,차대차 - 추돌 - 주정차중,안전운전불이행,건조,맑음,단일로 - 기타,승용,여,32세,상해없음,승용,남,39세,부상신고
2013102600100623,2013년 10월 26일 20시,토요일,부산광역시 사상구 괘법동,경상사고,0,0,1,0,차대사람 - 기타,안전운전불이행,건조,맑음,단일로 - 기타,승용,기타불명,기타불명,기타불명,보행자,남,55세,경상
2013102600100655,2013년 10월 26일 21시,토요일,부산광역시 해운대구 우동,경상사고,0,0,1,0,차대차 - 기타,중앙선침범,건조,맑음,단일로 - 기타,이륜,남,23세,상해없음,원동기,남,17세,경상
2013102600100656,2013년 10월 26일 21시,토요일,부산광역시 부산진구 범천동,중상사고,0,1,0,0,차대사람 - 기타,안전운전불이행,기타,맑음,단일로 - 횡단보도부근,승용,남,32세,상해없음,보행자,여,63세,중상
2013102600100693,2013년 10월 26일 22시,토요일,부산광역시 동구 초량동,경상사고,0,0,2,0,차대차 - 추돌 - 주정차중,안전거리미확보,건조,맑음,단일로 - 횡단보도부근,승용,남,19세,상해없음,승용,여,39세,경상
2013102600100694,2013년 10월 26일 22시,토요일,부산광역시 동래구 명륜동,경상사고,0,0,1,0,차대사람 - 기타,안전운전불이행,건조,맑음,단일로 - 기타,승용,남,50세,상해없음,보행자,남,38세,경상
2013102600100724,2013년 10월 26일 23시,토요일,부산광역시 중구 중앙동3가,경상사고,0,0,1,0,차대차 - 기타,안전운전불이행,건조,맑음,단일로 - 기타,승용,남,50세,상해없음,승용,남,42세,경상
2013102600100725,2013년 10월 26일 23시,토요일,부산광역시 동래구 온천동,사망사고,1,1,0,0,차량단독 - 전도전복,안전운전불이행,건조,맑음,단일로 - 기타,승용,남,22세,사망,,,,
2013102700100008,2013년 10월 27일 00시,일요일,부산광역시 동래구 명륜동,경상사고,0,0,2,0,차대사람 - 길가장자리구역통행중,안전운전불이행,건조,맑음,단일로 - 기타,승용,남,46세,기타불명,보행자,남,23세,경상
2013102700100009,2013년 10월 27일 00시,일요일,부산광역시 사상구 감전동,경상사고,0,0,2,0,차대차 - 측면직각충돌,안전운전불이행,건조,맑음,단일로 - 기타,승용,남,19세,상해없음,승용,남,54세,경상
2013102700100040,2013년 10월 27일 02시,일요일,부산광역시 중구 남포동2가,경상사고,0,0,1,0,차대사람 - 보도통행중,신호위반,건조,맑음,단일로 - 기타,승용,남,41세,상해없음,보행자,남,33세,경상
2013102700100041,2013년 10월 27일 02시,일요일,부산광역시 동구 초량동,중상사고,0,1,1,0,차대차 - 측면직각충돌,안전거리미확보,건조,맑음,단일로 - 기타,승용,여,55세,상해없음,승용,남,31세,중상
2013102700100042,2013년 10월 27일 02시,일요일,부산광역시 북구 구포동,경상사고,0,0,2,0,차대차 - 추돌 - 진행중,안전운전불이행,건조,맑음,단일로 - 기타,승용,남,25세,상해없음,승용,남,56세,경상
2013102700100069,2013년 10월 27일 04시,일요일,부산광역시 부산진구 부전동,부상신고사고,0,0,0,1,차대차 - 측면직각충돌,안전운전불이행,건조,맑음,교차로 - 교차로부근,이륜,남,26세,부상신고,승용,남,22세,상해없음
2013102700100070,2013년 10월 27일 04시,일요일,부산광역시 사상구 괘법동,경상사고,0,0,2,0,차대차 - 정면충돌,신호위반,건조,맑음,교차로 - 교차로안,승용,남,41세,상해없음,원동기,남,23세,경상
2013102700100084,2013년 10월 27일 05시,일요일,부산광역시 연제구 연산동,경상사고,0,0,3,0,차대차 - 기타,안전거리미확보,건조,맑음,단일로 - 기타,승용,남,32세,상해없음,승용,남,51세,기타불명
2013102700100096,2013년 10월 27일 06시,일요일,부산광역시 부산진구 범천동,중상사고,0,1,0,0,차량단독 - 기타,안전운전불이행,건조,맑음,단일로 - 기타,승합,남,56세,상해없음,,,,
2013102700100113,2013년 10월 27일 07시,일요일,부산광역시 북구 덕천동,경상사고,0,0,1,0,차대차 - 측면직각충돌,신호위반,건조,맑음,교차로 - 교차로안,승용,남,54세,상해없음,승용,여,30세,경상
2013102700100134,2013년 10월 27일 08시,일요일,부산광역시 부산진구 가야동,중상사고,0,1,0,0,차대사람 - 횡단중,안전운전불이행,건조,맑음,단일로 - 기타,승용,남,59세,상해없음,보행자,여,45세,중상
2013102700100188,2013년 10월 27일 11시,일요일,부산광역시 동래구 온천동,경상사고,0,0,1,0,차대차 - 측면직각충돌,교차로운행방법위반,건조,맑음,교차로 - 교차로안,이륜,남,22세,경상,승용,남,56세,상해없음
2013102700100300,2013년 10월 27일 15시,일요일,부산광역시 강서구 강동동,경상사고,0,0,4,0,차대차 - 추돌 - 주정차중,안전운전불이행,건조,맑음,교차로 - 교차로부근,승용,남,24세,상해없음,승용,남,51세,경상
2013102700100337,2013년 10월 27일 16시,일요일,부산광역시 강서구 송정동,중상사고,0,1,0,0,차대차 - 측면직각충돌,교차로운행방법위반,건조,맑음,교차로 - 교차로안,승용,남,36세,상해없음,원동기,남,49세,중상
2013102700100338,2013년 10월 27일 16시,일요일,부산광역시 기장군 기장읍,경상사고,0,0,3,0,차대차 - 측면직각충돌,차로위반,건조,맑음,교차로 - 교차로안,원동기,남,64세,경상,승용,여,31세,경상
2013102700100374,2013년 10월 27일 17시,일요일,부산광역시 사하구 하단동,경상사고,0,0,1,0,차대차 - 기타,안전운전불이행,건조,맑음,기타 - 기타,승용,남,33세,상해없음,자전거,남,72세,경상
2013102700100412,2013년 10월 27일 18시,일요일,부산광역시 부산진구 개금동,중상사고,0,2,15,0,차대차 - 추돌 - 진행중,안전운전불이행,건조,맑음,단일로 - 기타,승합,남,51세,상해없음,승용,남,35세,경상
2013102700100413,2013년 10월 27일 18시,일요일,부산광역시 금정구 구서동,중상사고,0,1,0,0,차대사람 - 횡단중,보행자보호의무위반,건조,맑음,교차로 - 교차로안,승용,남,55세,상해없음,보행자,남,63세,중상
2013102700100414,2013년 10월 27일 18시,일요일,부산광역시 금정구 남산동,부상신고사고,0,0,0,1,차대차 - 측면직각충돌,안전운전불이행,건조,맑음,단일로 - 기타,승용,남,33세,상해없음,승용,남,47세,부상신고
2013102700100415,2013년 10월 27일 18시,일요일,부산광역시 강서구 명지동,경상사고,0,0,1,0,차대차 - 기타,직진우회전진행방해,건조,맑음,교차로 - 교차로부근,농기계,남,83세,경상,승용,남,70세,상해없음
2013102700100416,2013년 10월 27일 18시,일요일,부산광역시 사상구 덕포동,중상사고,0,1,1,0,차대차 - 추돌 - 진행중,안전거리미확보,건조,맑음,단일로 - 기타,승용,남,55세,상해없음,승용,남,41세,중상
2013102700100501,2013년 10월 27일 20시,일요일,부산광역시 수영구 민락동,경상사고,0,0,1,0,차대차 - 측면직각충돌,안전운전불이행,건조,맑음,단일로 - 기타,이륜,남,41세,경상,자전거,남,28세,상해없음
2013102700100524,2013년 10월 27일 21시,일요일,부산광역시 사하구 장림동,경상사고,0,0,2,0,차대차 - 측면직각충돌,직진우회전진행방해,건조,맑음,교차로 - 교차로안,승용,남,57세,상해없음,승용,여,44세,경상
2013102700100547,2013년 10월 27일 22시,일요일,부산광역시 동구 초량동,중상사고,0,1,0,0,차대차 - 기타,기타,건조,맑음,단일로 - 기타,승합,남,50세,상해없음,승용,남,31세,상해없음
2013102700100548,2013년 10월 27일 22시,일요일,부산광역시 북구 금곡동,경상사고,0,0,1,0,차대차 - 기타,안전거리미확보,건조,맑음,단일로 - 기타,승용,남,52세,상해없음,승용,여,53세,경상
2013102700100568,2013년 10월 27일 23시,일요일,부산광역시 동구 초량동,경상사고,0,0,1,0,차대차 - 기타,안전거리미확보,건조,맑음,단일로 - 기타,승용,여,54세,상해없음,승용,남,35세,경상
2013102700100569,2013년 10월 27일 23시,일요일,부산광역시 서구 남부민동,중상사고,0,1,0,0,차대차 - 측면직각충돌,불법유턴,건조,맑음,단일로 - 기타,자전거,남,73세,중상,승용,남,60세,상해없음
2013102700100570,2013년 10월 27일 23시,일요일,부산광역시 남구 대연동,경상사고,0,0,1,0,차대차 - 기타,안전운전불이행,건조,맑음,단일로 - 기타,승합,기타불명,기타불명,기타불명,승용,남,33세,경상
2013102700100571,2013년 10월 27일 23시,일요일,부산광역시 동래구 온천동,경상사고,0,0,1,0,차대차 - 측면직각충돌,교차로운행방법위반,건조,맑음,교차로 - 교차로안,승용,남,36세,상해없음,승합,남,47세,상해없음
2013102700100572,2013년 10월 27일 23시,일요일,부산광역시 사상구 괘법동,경상사고,0,0,4,1,차대차 - 측면직각충돌,교차로운행방법위반,건조,맑음,교차로 - 교차로안,승용,남,26세,상해없음,승용,남,38세,경상
2013102800100031,2013년 10월 28일 03시,월요일,부산광역시 동구 좌천동,중상사고,0,1,1,0,차대차 - 측면직각충돌,중앙선침범,건조,맑음,단일로 - 기타,이륜,남,24세,중상,승용,남,39세,상해없음
2013102800100066,2013년 10월 28일 07시,월요일,부산광역시 동구 범일동,경상사고,0,0,1,0,차대차 - 측면직각충돌,안전거리미확보,건조,맑음,미분류 - 미분류,화물,남,65세,상해없음,승용,남,31세,경상
2013102800100067,2013년 10월 28일 07시,월요일,부산광역시 강서구 명지동,경상사고,0,0,3,0,차대차 - 추돌 - 진행중,안전운전불이행,건조,맑음,단일로 - 기타,승용,남,51세,경상,승용,남,37세,경상
2013102800100093,2013년 10월 28일 08시,월요일,부산광역시 서구 서대신동3가,경상사고,0,0,2,0,차대차 - 측면직각충돌,신호위반,건조,맑음,단일로 - 기타,승용,남,67세,상해없음,이륜,남,53세,경상
2013102800100094,2013년 10월 28일 08시,월요일,부산광역시 금정구 장전동,경상사고,0,0,2,0,차대차 - 측면직각충돌,안전운전불이행,건조,맑음,단일로 - 기타,승용,여,49세,상해없음,승용,남,52세,경상
2013102800100133,2013년 10월 28일 09시,월요일,부산광역시 서구 아미동2가,중상사고,0,1,0,0,차량단독 - 공작물충돌,안전운전불이행,건조,맑음,단일로 - 기타,화물,남,47세,중상,,,,
2013102800100191,2013년 10월 28일 11시,월요일,부산광역시 남구 대연동,경상사고,0,0,1,0,차대사람 - 기타,안전운전불이행,건조,맑음,단일로 - 기타,승용,남,72세,상해없음,보행자,여,63세,경상
2013102800100192,2013년 10월 28일 11시,월요일,부산광역시 사하구 하단동,경상사고,0,0,1,0,차대사람 - 기타,기타,건조,맑음,단일로 - 기타,승합,남,56세,상해없음,보행자,여,67세,경상
2013102800100193,2013년 10월 28일 11시,월요일,부산광역시 연제구 연산동,부상신고사고,0,0,0,1,차대차 - 기타,교차로운행방법위반,건조,맑음,교차로 - 교차로안,원동기,남,62세,부상신고,승용,남,68세,상해없음
2013102800100194,2013년 10월 28일 11시,월요일,부산광역시 강서구 대저1동,경상사고,0,0,1,0,차대차 - 기타,안전운전불이행,건조,맑음,교차로 - 교차로부근,승용,남,38세,상해없음,자전거,남,42세,경상
2013102800100219,2013년 10월 28일 12시,월요일,부산광역시 북구 구포동,중상사고,0,1,0,0,차대사람 - 기타,안전운전불이행,건조,맑음,단일로 - 기타,승합,남,53세,상해없음,보행자,여,80세,중상
2013102800100220,2013년 10월 28일 12시,월요일,부산광역시 북구 덕천동,경상사고,0,0,1,0,차대차 - 기타,중앙선침범,건조,맑음,단일로 - 기타,승용,남,62세,상해없음,이륜,남,46세,경상
2013102800100221,2013년 10월 28일 12시,월요일,부산광역시 해운대구 우동,경상사고,0,0,1,0,차대차 - 기타,기타,건조,맑음,단일로 - 기타,승용,남,58세,상해없음,승용,여,46세,경상
2013102800100246,2013년 10월 28일 13시,월요일,부산광역시 영도구 동삼동,경상사고,0,0,1,0,차대사람 - 기타,안전운전불이행,건조,맑음,단일로 - 기타,승용,여,20세,상해없음,보행자,남,5세,경상
2013102800100247,2013년 10월 28일 13시,월요일,부산광역시 금정구 구서동,부상신고사고,0,0,0,1,차대사람 - 기타,안전운전불이행,건조,맑음,단일로 - 기타,승용,여,57세,기타불명,보행자,남,29세,부상신고
2013102800100248,2013년 10월 28일 13시,월요일,부산광역시 금정구 남산동,경상사고,0,0,2,0,차대차 - 측면직각충돌,교차로운행방법위반,건조,맑음,교차로 - 교차로부근,승용,여,61세,상해없음,화물,남,58세,경상
2013102800100282,2013년 10월 28일 14시,월요일,부산광역시 수영구 광안동,중상사고,0,1,0,0,차대사람 - 기타,안전운전불이행,건조,맑음,단일로 - 기타,승용,남,58세,상해없음,보행자,여,41세,중상
2013102800100283,2013년 10월 28일 14시,월요일,부산광역시 남구 용호동,부상신고사고,0,0,0,1,차대차 - 추돌 - 주정차중,안전운전불이행,건조,맑음,단일로 - 기타,이륜,남,20세,부상신고,승용,여,25세,상해없음
2013102800100284,2013년 10월 28일 14시,월요일,부산광역시 강서구 미음동,중상사고,0,1,0,0,차대차 - 기타,기타,건조,맑음,기타 - 기타,화물,남,36세,상해없음,화물,남,63세,중상
2013102800100285,2013년 10월 28일 14시,월요일,부산광역시 금정구 구서동,사망사고,1,6,11,2,차대차 - 추돌 - 주정차중,과속,건조,맑음,단일로 - 기타,승용,여,70세,중상,화물,여,46세,경상