사고번호,사고일시,요일,시군구,사고내용,사망자수,중상자수,경상자수,부상신고자수,사고유형,법규위반,노면상태,기상상태,도로형태,가해운전자 차종,가해운전자 성별,가해운전자 연령,가해운전자 상해정도,피해운전자 차종,피해운전자 성별,피해운전자 연령,피해운전자 상해정도
2013102800100329,2013년 10월 28일 16시,월요일,부산광역시 사하구 구평동,경상사고,0,0,2,1,차대차 - 추돌 - 진행중,안전운전불이행,건조,맑음,단일로 - 기타,화물,남,50세,상해없음,승용,남,60세,경상
2013102800100330,2013년 10월 28일 16시,월요일,부산광역시 사하구 하단동,중상사고,0,1,0,0,차대차 - 측면직각충돌,안전운전불이행,건조,맑음,교차로 - 교차로부근,승용,남,65세,상해없음,자전거,여,54세,중상
2013102800100357,2013년 10월 28일 17시,월요일,부산광역시 금정구 부곡동,부상신고사고,0,0,0,1,차대차 - 측면직각충돌,교차로운행방법위반,건조,맑음,교차로 - 교차로안,이륜,남,32세,부상신고,승합,남,58세,상해없음
2013102800100358,2013년 10월 28일 17시,월요일,부산광역시 금정구 장전동,중상사고,0,1,0,0,차대사람 - 보도통행중,기타,건조,맑음,교차로 - 교차로부근,화물,남,33세,상해없음,보행자,남,28세,중상
2013102800100359,2013년 10월 28일 17시,월요일,부산광역시 사상구 감전동,부상신고사고,0,0,0,1,차대차 - 기타,중앙선침범,건조,맑음,교차로 - 교차로안,자전거,여,58세,부상신고,화물,남,51세,상해없음
2013102800100405,2013년 10월 28일 18시,월요일,부산광역시 북구 구포동,경상사고,0,0,3,0,차대차 - 추돌 - 주정차중,안전운전불이행,건조,맑음,단일로 - 기타,화물,남,62세,경상,화물,여,41세,경상
2013102800100406,2013년 10월 28일 18시,월요일,부산광역시 영도구 동삼동,경상사고,0,0,1,0,차대차 - 기타,안전운전불이행,건조,맑음,교차로 - 교차로부근,승용,남,70세,기타불명,승용,남,35세,경상
2013102800100407,2013년 10월 28일 18시,월요일,부산광역시 해운대구 재송동,부상신고사고,0,0,0,1,차대사람 - 기타,안전운전불이행,건조,맑음,단일로 - 기타,화물,남,56세,상해없음,보행자,남,20세,부상신고
2013102800100467,2013년 10월 28일 19시,월요일,부산광역시 사하구 다대동,중상사고,0,1,0,0,차대차 - 기타,신호위반,건조,맑음,교차로 - 교차로안,화물,남,38세,상해없음,화물,남,33세,중상
2013102800100502,2013년 10월 28일 20시,월요일,부산광역시 부산진구 범천동,경상사고,0,0,1,0,차대사람 - 횡단중,보행자보호의무위반,건조,맑음,단일로 - 횡단보도상,화물,남,29세,상해없음,보행자,여,33세,경상
2013102800100528,2013년 10월 28일 21시,월요일,부산광역시 동구 초량동,중상사고,0,4,1,0,차대차 - 측면직각충돌,안전운전불이행,건조,맑음,단일로 - 기타,화물,남,43세,상해없음,승용,남,33세,중상
2013102800100529,2013년 10월 28일 21시,월요일,부산광역시 동래구 명륜동,중상사고,0,1,0,0,차대사람 - 기타,안전운전불이행,건조,맑음,단일로 - 기타,승합,남,61세,상해없음,보행자,남,55세,중상
2013102800100530,2013년 10월 28일 21시,월요일,부산광역시 금정구 구서동,중상사고,0,1,0,0,차대차 - 측면직각충돌,기타,건조,맑음,교차로 - 교차로안,승용,남,41세,상해없음,승용,남,34세,중상
2013102800100531,2013년 10월 28일 21시,월요일,부산광역시 사하구 하단동,사망사고,1,0,0,0,차대사람 - 기타,안전운전불이행,건조,맑음,교차로 - 교차로안,승용,여,39세,상해없음,보행자,남,52세,사망
2013102800100532,2013년 10월 28일 21시,월요일,부산광역시 연제구 연산동,경상사고,0,0,2,0,차대차 - 측면직각충돌,안전거리미확보,건조,맑음,단일로 - 기타,승용,남,66세,상해없음,승용,남,56세,경상
2013102800100533,2013년 10월 28일 21시,월요일,부산광역시 강서구 명지동,중상사고,0,1,1,0,차대차 - 추돌 - 주정차중,안전운전불이행,건조,맑음,교차로 - 교차로부근,승용,남,58세,상해없음,승용,남,27세,중상
2013102800100562,2013년 10월 28일 22시,월요일,부산광역시 중구 동광동3가,중상사고,0,1,0,0,차대사람 - 기타,안전운전불이행,건조,맑음,단일로 - 기타,승용,남,52세,상해없음,보행자,남,52세,중상
2013102800100563,2013년 10월 28일 22시,월요일,부산광역시 사하구 하단동,경상사고,0,0,2,0,차대차 - 추돌 - 진행중,기타,건조,맑음,단일로 - 기타,승용,남,53세,경상,승합,남,50세,상해없음
2013102800100564,2013년 10월 28일 22시,월요일,부산광역시 사상구 학장동,중상사고,0,1,3,0,차대차 - 정면충돌,중앙선침범,건조,맑음,단일로 - 기타,승용,남,60세,중상,승용,남,35세,경상
2013102900100004,2013년 10월 29일 00시,화요일,부산광역시 해운대구 우동,경상사고,0,0,1,0,차대차 - 측면직각충돌,신호위반,건조,맑음,교차로 - 교차로안,승용,남,54세,상해없음,승용,여,29세,경상
2013102900100005,2013년 10월 29일 00시,화요일,부산광역시 해운대구 우동,중상사고,0,1,5,0,차대차 - 추돌 - 주정차중,안전운전불이행,건조,맑음,단일로 - 기타,승용,남,56세,상해없음,승용,남,58세,경상
2013102900100034,2013년 10월 29일 01시,화요일,부산광역시 남구 대연동,경상사고,0,0,1,0,차대사람 - 기타,안전운전불이행,건조,맑음,교차로 - 교차로안,승용,남,47세,상해없음,보행자,여,21세,경상
2013102900100044,2013년 10월 29일 02시,화요일,부산광역시 동구 범일동,부상신고사고,0,0,0,1,차량단독 - 공작물충돌,안전운전불이행,건조,맑음,단일로 - 기타,승용,남,19세,부상신고,,,,
2013102900100061,2013년 10월 29일 05시,화요일,부산광역시 남구 대연동,경상사고,0,0,2,0,차대차 - 추돌 - 진행중,안전운전불이행,건조,맑음,단일로 - 기타,승용,남,39세,상해없음,승용,남,52세,경상
2013102900100115,2013년 10월 29일 08시,화요일,부산광역시 동구 수정동,경상사고,0,0,1,0,차대사람 - 기타,안전운전불이행,건조,맑음,단일로 - 기타,승용,남,53세,상해없음,보행자,여,61세,경상
2013102900100116,2013년 10월 29일 08시,화요일,부산광역시 영도구 청학동,경상사고,0,0,3,0,차대차 - 기타,안전운전불이행,건조,맑음,기타 - 기타,승용,남,73세,상해없음,승합,남,54세,상해없음
2013102900100117,2013년 10월 29일 08시,화요일,부산광역시 금정구 부곡동,중상사고,0,1,1,0,차대차 - 측면직각충돌,안전운전불이행,건조,맑음,교차로 - 교차로안,승용,여,58세,경상,승합,남,59세,상해없음
2013102900100179,2013년 10월 29일 10시,화요일,부산광역시 서구 남부민동,중상사고,0,1,0,0,차대사람 - 차도통행중,안전운전불이행,건조,맑음,단일로 - 기타,이륜,남,24세,상해없음,보행자,남,66세,중상
2013102900100180,2013년 10월 29일 10시,화요일,부산광역시 영도구 남항동1가,경상사고,0,0,1,0,차대차 - 기타,교차로운행방법위반,건조,맑음,교차로 - 교차로부근,승합,남,30세,상해없음,이륜,남,33세,경상
2013102900100181,2013년 10월 29일 10시,화요일,부산광역시 부산진구 부암동,경상사고,0,0,1,0,차대차 - 추돌 - 진행중,안전운전불이행,건조,맑음,교차로 - 교차로부근,승용,남,34세,상해없음,화물,남,30세,경상
2013102900100182,2013년 10월 29일 10시,화요일,부산광역시 부산진구 범천동,중상사고,0,1,0,0,차대차 - 추돌 - 진행중,안전거리미확보,건조,맑음,단일로 - 기타,승용,남,57세,상해없음,이륜,남,23세,중상
2013102900100208,2013년 10월 29일 11시,화요일,부산광역시 동래구 온천동,중상사고,0,1,0,0,차대사람 - 차도통행중,안전운전불이행,건조,맑음,교차로 - 교차로안,승용,여,38세,상해없음,보행자,여,75세,중상
2013102900100232,2013년 10월 29일 12시,화요일,부산광역시 동구 수정동,중상사고,0,1,0,0,차대사람 - 기타,안전운전불이행,건조,맑음,교차로 - 교차로안,승합,남,53세,상해없음,보행자,남,79세,중상
2013102900100256,2013년 10월 29일 13시,화요일,부산광역시 동래구 온천동,중상사고,0,1,0,0,차대차 - 측면직각충돌,안전거리미확보,건조,맑음,단일로 - 기타,승용,남,28세,상해없음,이륜,남,26세,중상
2013102900100285,2013년 10월 29일 14시,화요일,부산광역시 사상구 엄궁동,경상사고,0,0,1,0,차대차 - 추돌 - 주정차중,안전운전불이행,건조,맑음,단일로 - 기타,승용,여,56세,상해없음,승용,남,38세,기타불명
2013102900100347,2013년 10월 29일 16시,화요일,부산광역시 남구 대연동,경상사고,0,0,1,0,차대사람 - 기타,안전운전불이행,건조,맑음,단일로 - 기타,승용,남,57세,상해없음,보행자,남,13세,경상
2013102900100426,2013년 10월 29일 18시,화요일,부산광역시 동구 범일동,중상사고,0,2,0,0,차대차 - 추돌 - 주정차중,안전운전불이행,건조,맑음,단일로 - 교량,화물,남,45세,상해없음,화물,남,44세,중상
2013102900100427,2013년 10월 29일 18시,화요일,부산광역시 북구 만덕동,경상사고,0,0,1,0,차대차 - 측면직각충돌,안전거리미확보,건조,맑음,단일로 - 기타,화물,남,53세,상해없음,원동기,남,61세,경상
2013102900100428,2013년 10월 29일 18시,화요일,부산광역시 북구 화명동,부상신고사고,0,0,0,1,차대사람 - 차도통행중,안전운전불이행,건조,맑음,단일로 - 기타,승용,남,33세,상해없음,보행자,남,47세,부상신고
2013102900100429,2013년 10월 29일 18시,화요일,부산광역시 영도구 남항동1가,중상사고,0,1,0,0,차대사람 - 횡단중,안전운전불이행,건조,맑음,기타 - 기타,이륜,남,21세,상해없음,보행자,남,46세,중상
2013102900100430,2013년 10월 29일 18시,화요일,부산광역시 사하구 하단동,중상사고,0,1,0,0,차대사람 - 횡단중,안전운전불이행,건조,맑음,단일로 - 횡단보도부근,이륜,남,55세,상해없음,보행자,남,72세,중상
2013102900100431,2013년 10월 29일 18시,화요일,부산광역시 강서구 대저1동,경상사고,0,0,2,0,차대차 - 기타,안전운전불이행,건조,맑음,단일로 - 기타,승용,남,55세,기타불명,승용,남,53세,경상
2013102900100432,2013년 10월 29일 18시,화요일,부산광역시 사상구 학장동,중상사고,0,1,0,0,차대차 - 측면직각충돌,중앙선침범,건조,맑음,단일로 - 기타,승용,남,33세,상해없음,이륜,남,49세,중상
2013102900100488,2013년 10월 29일 19시,화요일,부산광역시 남구 대연동,부상신고사고,0,0,0,1,차량단독 - 기타,안전운전불이행,건조,맑음,단일로 - 기타,승용,남,60세,상해없음,,,,
2013102900100489,2013년 10월 29일 19시,화요일,부산광역시 남구 대연동,중상사고,0,1,0,0,차대차 - 기타,안전운전불이행,건조,맑음,단일로 - 기타,승용,남,26세,상해없음,이륜,남,17세,상해없음
2013102900100490,2013년 10월 29일 19시,화요일,부산광역시 부산진구 당감동,중상사고,0,1,0,0,차대차 - 기타,안전운전불이행,건조,맑음,교차로 - 교차로안,승용,남,59세,상해없음,원동기,남,17세,중상
2013102900100491,2013년 10월 29일 19시,화요일,부산광역시 금정구 회동동,중상사고,0,1,0,0,차대차 - 추돌 - 진행중,안전거리미확보,건조,맑음,단일로 - 기타,승용,여,35세,상해없음,승용,남,29세,중상
2013102900100525,2013년 10월 29일 20시,화요일,부산광역시 서구 동대신동1가,경상사고,0,0,1,0,차대차 - 추돌 - 진행중,안전운전불이행,건조,맑음,교차로 - 교차로안,승용,남,53세,상해없음,승용,남,55세,경상
2013102900100526,2013년 10월 29일 20시,화요일,부산광역시 부산진구 부전동,경상사고,0,0,1,0,차대사람 - 기타,안전운전불이행,건조,맑음,단일로 - 기타,승용,남,57세,상해없음,보행자,여,59세,경상
2013102900100527,2013년 10월 29일 20시,화요일,부산광역시 기장군 일광면,경상사고,0,0,1,0,차대차 - 추돌 - 진행중,안전거리미확보,건조,맑음,교차로 - 교차로부근,승용,남,29세,상해없음,승용,남,49세,상해없음
2013102900100528,2013년 10월 29일 20시,화요일,부산광역시 기장군 정관면,경상사고,0,0,1,1,차대차 - 측면직각충돌,안전운전불이행,건조,맑음,단일로 - 기타,이륜,남,23세,경상,승용,남,60세,부상신고
2013102900100559,2013년 10월 29일 21시,화요일,부산광역시 연제구 거제동,중상사고,0,1,0,0,차대사람 - 횡단중,신호위반,건조,맑음,교차로 - 교차로부근,승용,남,33세,상해없음,보행자,여,28세,중상
2013103000100004,2013년 10월 30일 00시,수요일,부산광역시 영도구 대교동1가,경상사고,0,0,1,0,차대차 - 기타,안전거리미확보,건조,맑음,단일로 - 기타,승용,남,59세,상해없음,승용,남,59세,경상
2013103000100005,2013년 10월 30일 00시,수요일,부산광역시 부산진구 개금동,경상사고,0,0,1,0,차대사람 - 차도통행중,안전운전불이행,건조,맑음,단일로 - 기타,기타불명,기타불명,기타불명,기타불명,보행자,남,49세,경상
2013103000100027,2013년 10월 30일 01시,수요일,부산광역시 남구 문현동,경상사고,0,0,1,0,차대차 - 기타,안전운전불이행,건조,맑음,교차로 - 교차로부근,이륜,남,27세,경상,승용,남,46세,상해없음
2013103000100028,2013년 10월 30일 01시,수요일,부산광역시 부산진구 초읍동,중상사고,0,1,0,0,차대사람 - 횡단중,안전운전불이행,건조,맑음,단일로 - 기타,이륜,남,26세,상해없음,보행자,여,50세,중상
2013103000100029,2013년 10월 30일 01시,수요일,부산광역시 금정구 남산동,경상사고,0,0,1,0,차대차 - 기타,안전운전불이행,건조,맑음,단일로 - 기타,기타불명,기타불명,기타불명,기타불명,승용,남,65세,경상
2013103000100071,2013년 10월 30일 06시,수요일,부산광역시 수영구 망미동,중상사고,0,1,0,0,차대차 - 측면직각충돌,신호위반,건조,맑음,교차로 - 교차로안,이륜,남,66세,중상,승용,남,48세,상해없음
2013103000100088,2013년 10월 30일 07시,수요일,부산광역시 동구 초량동,중상사고,0,1,0,0,차대사람 - 기타,안전운전불이행,건조,맑음,단일로 - 기타,승용,남,43세,상해없음,보행자,여,41세,중상
2013103000100118,2013년 10월 30일 08시,수요일,부산광역시 북구 구포동,경상사고,0,0,1,0,차대사람 - 횡단중,보행자보호의무위반,건조,맑음,교차로 - 교차로안,승용,남,59세,상해없음,보행자,여,22세,경상
2013103000100119,2013년 10월 30일 08시,수요일,부산광역시 사하구 하단동,부상신고사고,0,0,0,1,차대차 - 측면직각충돌,안전거리미확보,건조,맑음,교차로 - 교차로부근,화물,기타불명,기타불명,기타불명,승용,여,35세,부상신고
2013103000100120,2013년 10월 30일 08시,수요일,부산광역시 사하구 당리동,경상사고,0,0,1,0,차대사람 - 길가장자리구역통행중,안전운전불이행,건조,맑음,단일로 - 기타,승용,기타불명,기타불명,기타불명,보행자,남,8세,경상
2013103000100121,2013년 10월 30일 08시,수요일,부산광역시 사하구 당리동,경상사고,0,0,1,0,차대차 - 기타,차로위반,건조,맑음,교차로 - 교차로안,승용,남,61세,경상,화물,남,26세,상해없음
2013103000100172,2013년 10월 30일 09시,수요일,부산광역시 부산진구 부전동,경상사고,0,0,1,0,차대사람 - 횡단중,보행자보호의무위반,건조,맑음,단일로 - 횡단보도상,원동기,남,16세,상해없음,보행자,여,21세,경상
2013103000100173,2013년 10월 30일 09시,수요일,부산광역시 부산진구 전포동,중상사고,0,1,0,0,차대차 - 측면직각충돌,신호위반,건조,맑음,교차로 - 교차로안,승용,여,38세,상해없음,원동기,남,38세,중상
2013103000100174,2013년 10월 30일 09시,수요일,부산광역시 강서구 지사동,부상신고사고,0,0,0,1,차대차 - 추돌 - 진행중,안전운전불이행,건조,맑음,단일로 - 기타,화물,남,36세,부상신고,건설기계,남,49세,상해없음
2013103000100202,2013년 10월 30일 10시,수요일,부산광역시 동구 범일동,경상사고,0,0,1,0,차대사람 - 기타,안전운전불이행,건조,맑음,단일로 - 기타,승합,남,50세,상해없음,보행자,남,59세,경상
2013103000100234,2013년 10월 30일 11시,수요일,부산광역시 영도구 봉래동1가,부상신고사고,0,0,0,1,차대사람 - 기타,안전운전불이행,건조,맑음,단일로 - 기타,승합,남,45세,상해없음,보행자,여,74세,부상신고
2013103000100263,2013년 10월 30일 12시,수요일,부산광역시 사상구 삼락동,경상사고,0,0,1,0,차대차 - 측면직각충돌,안전운전불이행,건조,맑음,단일로 - 기타,승용,남,32세,상해없음,승용,남,24세,경상
2013103000100320,2013년 10월 30일 14시,수요일,부산광역시 기장군 일광면,중상사고,0,1,0,0,차대사람 - 기타,안전운전불이행,건조,맑음,교차로 - 교차로부근,승합,남,60세,상해없음,보행자,남,50세,중상
2013103000100355,2013년 10월 30일 15시,수요일,부산광역시 동구 초량동,중상사고,0,1,0,0,차대사람 - 기타,불법유턴,건조,맑음,단일로 - 기타,화물,남,21세,상해없음,보행자,남,81세,중상
2013103000100381,2013년 10월 30일 16시,수요일,부산광역시 해운대구 우동,중상사고,0,1,0,0,차대차 - 측면직각충돌,안전거리미확보,건조,맑음,단일로 - 기타,원동기,남,32세,상해없음,원동기,남,45세,중상
2013103000100451,2013년 10월 30일 18시,수요일,부산광역시 강서구 녹산동,경상사고,0,0,1,0,차대차 - 기타,안전거리미확보,건조,맑음,단일로 - 횡단보도부근,승용,남,71세,상해없음,승용,남,67세,경상
2013103000100452,2013년 10월 30일 18시,수요일,부산광역시 강서구 죽림동,중상사고,0,1,0,0,차대사람 - 차도통행중,안전운전불이행,건조,맑음,단일로 - 기타,승용,남,69세,상해없음,보행자,남,60세,중상
2013103000100581,2013년 10월 30일 21시,수요일,부산광역시 남구 대연동,경상사고,0,0,1,0,차대사람 - 횡단중,안전운전불이행,건조,맑음,교차로 - 교차로안,승용,남,56세,상해없음,보행자,남,22세,경상
2013103000100582,2013년 10월 30일 21시,수요일,부산광역시 북구 화명동,경상사고,0,0,1,0,차대차 - 추돌 - 진행중,안전운전불이행,건조,맑음,교차로 - 교차로안,승용,남,30세,상해없음,승용,여,27세,경상
2013103000100616,2013년 10월 30일 22시,수요일,부산광역시 중구 광복동1가,경상사고,0,0,1,0,차대사람 - 기타,안전운전불이행,건조,맑음,단일로 - 기타,승용,남,41세,상해없음,보행자,남,48세,경상
2013103000100617,2013년 10월 30일 22시,수요일,부산광역시 동구 초량동,중상사고,0,1,0,0,차대사람 - 기타,안전운전불이행,건조,맑음,단일로 - 기타,기타불명,기타불명,기타불명,기타불명,보행자,남,48세,중상
2013103000100618,2013년 10월 30일 22시,수요일,부산광역시 해운대구 중동,중상사고,0,2,0,0,차대차 - 기타,신호위반,기타,맑음,교차로 - 교차로안,승용,여,51세,상해없음,승용,여,54세,중상
2013103000100619,2013년 10월 30일 22시,수요일,부산광역시 사상구 괘법동,중상사고,0,1,1,1,차대차 - 측면직각충돌,신호위반,건조,맑음,교차로 - 교차로안,승용,남,32세,상해없음,승용,남,49세,경상
2013103000100650,2013년 10월 30일 23시,수요일,부산광역시 연제구 거제동,사망사고,1,0,0,0,차대사람 - 횡단중,신호위반,건조,맑음,단일로 - 횡단보도상,승용,남,28세,상해없음,보행자,여,45세,사망
2013103100100010,2013년 10월 31일 00시,목요일,부산광역시 중구 남포동1가,중상사고,0,1,0,0,차대사람 - 횡단중,안전운전불이행,건조,맑음,단일로 - 횡단보도상,승용,여,51세,상해없음,보행자,여,24세,중상
2013103100100027,2013년 10월 31일 01시,목요일,부산광역시 사상구 괘법동,중상사고,0,1,1,0,차대차 - 추돌 - 주정차중,안전운전불이행,건조,맑음,교차로 - 교차로부근,승용,남,47세,상해없음,승용,남,54세,경상
2013103100100046,2013년 10월 31일 02시,목요일,부산광역시 해운대구 우동,경상사고,0,0,2,0,차대차 - 추돌 - 주정차중,안전거리미확보,건조,맑음,단일로 - 기타,승용,남,45세,기타불명,승용,남,44세,경상
2013103100100047,2013년 10월 31일 02시,목요일,부산광역시 사상구 엄궁동,경상사고,0,0,1,0,차대사람 - 기타,안전운전불이행,건조,맑음,단일로 - 기타,화물,남,61세,상해없음,보행자,남,32세,경상
2013103100100057,2013년 10월 31일 03시,목요일,부산광역시 해운대구 중동,사망사고,1,0,0,0,차량단독 - 전도전복,안전운전불이행,건조,맑음,미분류 - 미분류,이륜,남,25세,사망,,,,
2013103100100122,2013년 10월 31일 08시,목요일,부산광역시 서구 서대신동3가,중상사고,0,1,2,0,차대차 - 추돌 - 진행중,안전운전불이행,건조,맑음,단일로 - 기타,승합,남,49세,상해없음,승용,남,25세,경상
2013103100100153,2013년 10월 31일 09시,목요일,부산광역시 북구 화명동,경상사고,0,0,1,0,차대차 - 기타,안전거리미확보,건조,맑음,교차로 - 교차로부근,승용,여,44세,상해없음,승합,남,53세,상해없음
2013103100100154,2013년 10월 31일 09시,목요일,부산광역시 해운대구 반여동,경상사고,0,0,1,0,차대사람 - 기타,안전운전불이행,습기,비,교차로 - 교차로안,승용,남,31세,상해없음,보행자,여,48세,경상
2013103100100155,2013년 10월 31일 09시,목요일,부산광역시 금정구 부곡동,경상사고,0,0,1,0,차대차 - 측면직각충돌,신호위반,건조,맑음,단일로 - 횡단보도상,승용,남,44세,상해없음,자전거,남,55세,경상
2013103100100156,2013년 10월 31일 09시,목요일,부산광역시 사하구 당리동,중상사고,0,1,0,0,차대사람 - 기타,안전운전불이행,건조,맑음,교차로 - 교차로부근,승용,남,66세,상해없음,보행자,여,79세,중상
2013103100100157,2013년 10월 31일 09시,목요일,부산광역시 사상구 덕포동,중상사고,0,1,0,0,차량단독 - 기타,안전운전불이행,건조,맑음,단일로 - 기타,승합,남,52세,상해없음,,,,
2013103100100191,2013년 10월 31일 10시,목요일,부산광역시 남구 감만동,경상사고,0,0,1,0,차대차 - 기타,안전거리미확보,건조,맑음,교차로 - 교차로부근,화물,남,40세,상해없음,승용,남,35세,경상
2013103100100227,2013년 10월 31일 11시,목요일,부산광역시 동구 좌천동,중상사고,0,1,0,0,차대사람 - 횡단중,보행자보호의무위반,건조,맑음,단일로 - 기타,승용,남,38세,상해없음,보행자,여,22세,중상
2013103100100263,2013년 10월 31일 13시,목요일,부산광역시 강서구 대저1동,경상사고,0,0,1,0,차대차 - 측면직각충돌,안전거리미확보,건조,맑음,단일로 - 기타,승용,남,26세,상해없음,화물,남,54세,경상
2013103100100288,2013년 10월 31일 14시,목요일,부산광역시 북구 덕천동,경상사고,0,0,1,0,차대사람 - 보도통행중,신호위반,건조,맑음,기타 - 기타,승용,여,47세,상해없음,보행자,여,47세,경상
2013103100100289,2013년 10월 31일 14시,목요일,부산광역시 부산진구 부암동,경상사고,0,0,3,0,차대차 - 측면직각충돌,교차로운행방법위반,건조,맑음,교차로 - 교차로부근,승용,남,32세,상해없음,승용,남,51세,경상
2013103100100319,2013년 10월 31일 15시,목요일,부산광역시 서구 남부민동,중상사고,0,1,0,0,차대사람 - 기타,보행자보호의무위반,건조,맑음,단일로 - 횡단보도상,승용,남,49세,상해없음,보행자,여,72세,중상
2013103100100320,2013년 10월 31일 15시,목요일,부산광역시 부산진구 부전동,중상사고,0,1,0,0,차대사람 - 기타,기타,건조,맑음,단일로 - 기타,승용,남,47세,상해없음,보행자,여,66세,중상
2013103100100321,2013년 10월 31일 15시,목요일,부산광역시 금정구 회동동,중상사고,0,1,0,0,차대차 - 측면직각충돌,신호위반,건조,맑음,교차로 - 교차로안,자전거,남,74세,중상,승용,남,64세,상해없음
2013103100100322,2013년 10월 31일 15시,목요일,부산광역시 기장군 기장읍,경상사고,0,0,1,0,차대사람 - 기타,안전운전불이행,건조,맑음,단일로 - 기타,승용,남,78세,상해없음,보행자,여,69세,경상
2013103100100358,2013년 10월 31일 16시,목요일,부산광역시 해운대구 좌동,경상사고,0,0,2,0,차대차 - 기타,신호위반,건조,맑음,교차로 - 교차로안,이륜,남,25세,상해없음,승용,남,65세,경상
2013103100100401,2013년 10월 31일 17시,목요일,부산광역시 동래구 수안동,중상사고,0,1,0,0,차대사람 - 횡단중,안전운전불이행,건조,맑음,교차로 - 교차로안,승용,여,44세,상해없음,보행자,여,86세,중상
2013103100100402,2013년 10월 31일 17시,목요일,부산광역시 연제구 연산동,중상사고,0,1,0,0,차대차 - 측면직각충돌,교차로운행방법위반,건조,맑음,교차로 - 교차로안,승용,여,45세,상해없음,원동기,남,46세,중상
2013103100100403,2013년 10월 31일 17시,목요일,부산광역시 기장군 기장읍,중상사고,0,1,2,0,차대차 - 측면직각충돌,신호위반,건조,맑음,교차로 - 교차로안,승용,여,54세,경상,화물,남,34세,상해없음
2013103100100499,2013년 10월 31일 19시,목요일,부산광역시 북구 금곡동,중상사고,0,1,0,0,차대사람 - 기타,안전운전불이행,건조,맑음,교차로 - 교차로안,승용,여,26세,상해없음,보행자,남,53세,중상
2013103100100500,2013년 10월 31일 19시,목요일,부산광역시 북구 만덕동,경상사고,0,0,1,0,차대차 - 추돌 - 진행중,안전운전불이행,건조,맑음,단일로 - 기타,화물,남,51세,상해없음,승용,여,37세,경상
2013103100100529,2013년 10월 31일 20시,목요일,부산광역시 해운대구 재송동,경상사고,0,0,1,0,차대차 - 측면직각충돌,신호위반,건조,맑음,단일로 - 기타,승용,남,50세,상해없음,자전거,남,10세,경상
2013103100100530,2013년 10월 31일 20시,목요일,부산광역시 해운대구 반송동,중상사고,0,1,0,0,차대사람 - 횡단중,보행자보호의무위반,건조,맑음,단일로 - 기타,화물,남,53세,상해없음,보행자,남,53세,중상
2013103100100531,2013년 10월 31일 20시,목요일,부산광역시 사상구 덕포동,중상사고,0,1,1,0,차대차 - 측면직각충돌,신호위반,건조,맑음,교차로 - 교차로안,이륜,남,29세,중상,승용,남,52세,상해없음
2013103100100568,2013년 10월 31일 21시,목요일,부산광역시 영도구 대교동1가,중상사고,0,1,0,0,차대사람 - 기타,안전운전불이행,건조,맑음,단일로 - 기타,이륜,남,17세,상해없음,보행자,여,34세,중상
2013103100100569,2013년 10월 31일 21시,목요일,부산광역시 사하구 하단동,부상신고사고,0,0,0,1,차대차 - 추돌 - 진행중,안전거리미확보,건조,맑음,교차로 - 교차로부근,승합,남,68세,상해없음,이륜,남,21세,부상신고
2013103100100570,2013년 10월 31일 21시,목요일,부산광역시 사상구 괘법동,경상사고,0,0,2,0,차대차 - 기타,교차로운행방법위반,건조,맑음,교차로 - 교차로안,기타불명,기타불명,기타불명,기타불명,자전거,여,19세,경상
2013103100100596,2013년 10월 31일 22시,목요일,부산광역시 동래구 낙민동,중상사고,0,1,0,0,차대차 - 추돌 - 진행중,안전운전불이행,건조,맑음,교차로 - 교차로부근,승용,여,51세,상해없음,자전거,남,55세,중상
2013103100100628,2013년 10월 31일 23시,목요일,부산광역시 남구 대연동,중상사고,0,1,0,0,차대차 - 기타,중앙선침범,건조,맑음,단일로 - 기타,원동기,남,23세,상해없음,승용,남,55세,상해없음
2013103100100629,2013년 10월 31일 23시,목요일,부산광역시 기장군 정관면,경상사고,0,0,1,0,차대차 - 추돌 - 주정차중,안전운전불이행,건조,맑음,단일로 - 기타,승용,남,44세,상해없음,승용,남,42세,경상
2013110100100007,2013년 11월 1일 00시,금요일,부산광역시 남구 대연동,부상신고사고,0,0,0,4,차대차 - 기타,안전운전불이행,건조,맑음,단일로 - 기타,원동기,남,19세,상해없음,승용,남,46세,상해없음
2013110100100008,2013년 11월 1일 00시,금요일,부산광역시 북구 만덕동,경상사고,0,0,1,0,차대차 - 추돌 - 주정차중,안전운전불이행,건조,맑음,단일로 - 기타,승용,남,27세,상해없음,승합,남,42세,경상
2013110100100024,2013년 11월 1일 01시,금요일,부산광역시 해운대구 반여동,경상사고,0,0,1,0,차대차 - 기타,안전운전불이행,건조,맑음,교차로 - 교차로안,승합,남,51세,상해없음,원동기,남,39세,경상
2013110100100055,2013년 11월 1일 03시,금요일,부산광역시 부산진구 부전동,경상사고,0,0,1,0,차대사람 - 기타,안전운전불이행,기타,맑음,단일로 - 기타,승용,남,57세,상해없음,보행자,남,26세,경상
2013110100100070,2013년 11월 1일 05시,금요일,부산광역시 부산진구 양정동,중상사고,0,1,0,0,차대사람 - 기타,안전운전불이행,기타,맑음,단일로 - 기타,화물,남,62세,상해없음,보행자,남,43세,중상