사고번호,사고일시,요일,시군구,사고내용,사망자수,중상자수,경상자수,부상신고자수,사고유형,법규위반,노면상태,기상상태,도로형태,가해운전자 차종,가해운전자 성별,가해운전자 연령,가해운전자 상해정도,피해운전자 차종,피해운전자 성별,피해운전자 연령,피해운전자 상해정도
2013110500100127,2013년 11월 5일 08시,화요일,부산광역시 서구 동대신동1가,중상사고,0,1,0,0,차대차 - 측면직각충돌,차로위반,기타,맑음,단일로 - 기타,승용,여,29세,중상,특수,남,40세,상해없음
2013110500100128,2013년 11월 5일 08시,화요일,부산광역시 해운대구 좌동,경상사고,0,0,1,0,차대차 - 측면직각충돌,안전운전불이행,건조,맑음,단일로 - 기타,승용,남,41세,상해없음,승용,남,31세,경상
2013110500100129,2013년 11월 5일 08시,화요일,부산광역시 금정구 남산동,경상사고,0,0,1,0,차대사람 - 횡단중,보행자보호의무위반,건조,맑음,교차로 - 교차로안,화물,남,40세,상해없음,보행자,여,14세,경상
2013110500100130,2013년 11월 5일 08시,화요일,부산광역시 금정구 장전동,중상사고,0,1,0,0,차대차 - 측면직각충돌,신호위반,건조,맑음,교차로 - 교차로안,승용,남,29세,상해없음,승용,남,55세,중상
2013110500100168,2013년 11월 5일 09시,화요일,부산광역시 중구 보수동1가,중상사고,0,1,0,0,차대차 - 추돌 - 진행중,안전거리미확보,건조,맑음,단일로 - 기타,승용,여,68세,상해없음,이륜,남,72세,중상
2013110500100169,2013년 11월 5일 09시,화요일,부산광역시 남구 용당동,중상사고,0,1,4,0,차대차 - 추돌 - 진행중,안전운전불이행,건조,맑음,단일로 - 기타,특수,남,48세,상해없음,승합,남,72세,중상
2013110500100170,2013년 11월 5일 09시,화요일,부산광역시 사상구 덕포동,경상사고,0,0,2,0,차대차 - 추돌 - 진행중,안전거리미확보,건조,맑음,단일로 - 기타,화물,남,43세,상해없음,승용,남,50세,경상
2013110500100171,2013년 11월 5일 09시,화요일,부산광역시 사상구 학장동,중상사고,0,1,0,0,차대차 - 추돌 - 진행중,안전거리미확보,건조,맑음,교차로 - 교차로부근,승용,남,42세,상해없음,승용,여,48세,중상
2013110500100172,2013년 11월 5일 09시,화요일,부산광역시 기장군 기장읍,중상사고,0,1,0,0,차대사람 - 횡단중,신호위반,건조,맑음,단일로 - 횡단보도상,승용,여,51세,상해없음,보행자,여,19세,중상
2013110500100189,2013년 11월 5일 10시,화요일,부산광역시 서구 충무동1가,중상사고,0,1,0,0,차대사람 - 기타,안전운전불이행,건조,맑음,교차로 - 교차로안,화물,남,33세,상해없음,보행자,여,78세,중상
2013110500100190,2013년 11월 5일 10시,화요일,부산광역시 사상구 감전동,중상사고,0,1,1,0,차대차 - 측면직각충돌,안전거리미확보,건조,맑음,단일로 - 기타,건설기계,남,55세,중상,승용,여,51세,경상
2013110500100219,2013년 11월 5일 11시,화요일,부산광역시 동구 초량동,중상사고,0,1,0,0,차량단독 - 기타,기타,건조,맑음,단일로 - 기타,승합,남,57세,상해없음,,,,
2013110500100220,2013년 11월 5일 11시,화요일,부산광역시 북구 만덕동,중상사고,0,1,2,0,차대차 - 정면충돌,중앙선침범,건조,맑음,단일로 - 기타,승용,여,49세,상해없음,승용,남,46세,경상
2013110500100274,2013년 11월 5일 13시,화요일,부산광역시 금정구 부곡동,부상신고사고,0,0,0,1,차대사람 - 횡단중,안전운전불이행,건조,맑음,단일로 - 기타,승용,여,38세,상해없음,보행자,남,8세,부상신고
2013110500100275,2013년 11월 5일 13시,화요일,부산광역시 사상구 덕포동,경상사고,0,0,1,0,차대사람 - 횡단중,안전운전불이행,건조,맑음,교차로 - 교차로부근,화물,남,63세,상해없음,보행자,여,73세,경상
2013110500100302,2013년 11월 5일 14시,화요일,부산광역시 강서구 대저1동,부상신고사고,0,0,0,1,차대차 - 측면직각충돌,안전운전불이행,건조,맑음,단일로 - 횡단보도상,승용,남,39세,상해없음,자전거,남,59세,부상신고
2013110500100333,2013년 11월 5일 15시,화요일,부산광역시 남구 대연동,경상사고,0,0,2,0,차대차 - 기타,안전운전불이행,건조,맑음,교차로 - 교차로안,화물,남,65세,상해없음,승합,남,32세,경상
2013110500100366,2013년 11월 5일 16시,화요일,부산광역시 북구 금곡동,중상사고,0,1,0,0,차대사람 - 기타,안전운전불이행,건조,맑음,단일로 - 기타,화물,남,45세,상해없음,보행자,남,81세,중상
2013110500100367,2013년 11월 5일 16시,화요일,부산광역시 해운대구 석대동,경상사고,0,0,5,0,차대차 - 측면직각충돌,안전운전불이행,건조,맑음,단일로 - 기타,승용,남,26세,상해없음,승용,남,34세,경상
2013110500100368,2013년 11월 5일 16시,화요일,부산광역시 부산진구 연지동,중상사고,0,1,0,0,차대사람 - 횡단중,신호위반,건조,맑음,교차로 - 교차로부근,승용,여,35세,상해없음,보행자,남,5세,중상
2013110500100369,2013년 11월 5일 16시,화요일,부산광역시 사하구 감천동,중상사고,0,1,0,0,차대사람 - 기타,안전운전불이행,건조,맑음,단일로 - 횡단보도상,원동기,남,17세,상해없음,보행자,남,54세,중상
2013110500100408,2013년 11월 5일 17시,화요일,부산광역시 해운대구 송정동,중상사고,0,1,0,0,차대차 - 측면직각충돌,신호위반,건조,맑음,교차로 - 교차로안,승용,남,61세,상해없음,승용,남,35세,중상
2013110500100448,2013년 11월 5일 18시,화요일,부산광역시 금정구 부곡동,경상사고,0,0,1,0,차대사람 - 횡단중,안전운전불이행,건조,맑음,교차로 - 교차로안,승용,여,40세,상해없음,보행자,여,39세,경상
2013110500100449,2013년 11월 5일 18시,화요일,부산광역시 사상구 학장동,부상신고사고,0,0,0,1,차대차 - 측면직각충돌,안전운전불이행,건조,맑음,단일로 - 기타,원동기,남,17세,부상신고,승용,남,28세,상해없음
2013110500100506,2013년 11월 5일 19시,화요일,부산광역시 해운대구 중동,부상신고사고,0,0,0,1,차대차 - 측면직각충돌,신호위반,건조,맑음,교차로 - 교차로안,이륜,남,22세,부상신고,승용,남,47세,상해없음
2013110500100536,2013년 11월 5일 20시,화요일,부산광역시 동래구 명장동,경상사고,0,0,1,0,차대차 - 추돌 - 진행중,안전거리미확보,건조,맑음,단일로 - 기타,승용,남,60세,상해없음,승용,남,62세,경상
2013110500100570,2013년 11월 5일 21시,화요일,부산광역시 부산진구 부전동,경상사고,0,0,1,0,차대사람 - 기타,안전운전불이행,건조,맑음,단일로 - 기타,승용,남,38세,상해없음,보행자,남,31세,경상
2013110500100571,2013년 11월 5일 21시,화요일,부산광역시 사하구 신평동,경상사고,0,0,1,0,차대차 - 기타,안전운전불이행,건조,맑음,단일로 - 기타,승용,여,56세,기타불명,승용,남,31세,경상
2013110500100572,2013년 11월 5일 21시,화요일,부산광역시 연제구 연산동,경상사고,0,0,1,0,차대차 - 측면직각충돌,차로위반,건조,맑음,단일로 - 기타,화물,남,36세,상해없음,승용,남,70세,경상
2013110500100608,2013년 11월 5일 22시,화요일,부산광역시 남구 용호동,경상사고,0,0,1,0,차대차 - 추돌 - 진행중,안전운전불이행,건조,맑음,단일로 - 기타,승합,남,38세,상해없음,이륜,남,46세,경상
2013110500100609,2013년 11월 5일 22시,화요일,부산광역시 해운대구 우동,경상사고,0,0,1,0,차대차 - 측면직각충돌,안전거리미확보,건조,맑음,단일로 - 기타,화물,남,48세,상해없음,승용,남,52세,경상
2013110500100610,2013년 11월 5일 22시,화요일,부산광역시 사하구 하단동,경상사고,0,0,2,0,차대차 - 추돌 - 주정차중,안전운전불이행,건조,맑음,단일로 - 기타,승용,남,33세,상해없음,승합,남,46세,상해없음
2013110600100023,2013년 11월 6일 01시,수요일,부산광역시 동구 범일동,중상사고,0,1,1,0,차대차 - 추돌 - 진행중,안전거리미확보,건조,맑음,교차로 - 교차로부근,승용,남,28세,상해없음,승용,남,54세,경상
2013110600100024,2013년 11월 6일 01시,수요일,부산광역시 동구 수정동,경상사고,0,0,1,0,차대사람 - 기타,안전운전불이행,건조,맑음,단일로 - 기타,승용,남,48세,상해없음,보행자,남,60세,경상
2013110600100025,2013년 11월 6일 01시,수요일,부산광역시 기장군 일광면,경상사고,0,0,3,0,차대차 - 측면직각충돌,교차로운행방법위반,건조,맑음,교차로 - 교차로안,승용,여,51세,상해없음,승용,남,37세,경상
2013110600100036,2013년 11월 6일 02시,수요일,부산광역시 부산진구 부전동,부상신고사고,0,0,0,1,차대사람 - 기타,안전운전불이행,건조,맑음,단일로 - 기타,승용,남,54세,상해없음,보행자,남,20세,부상신고
2013110600100049,2013년 11월 6일 04시,수요일,부산광역시 수영구 광안동,경상사고,0,0,1,0,차대차 - 기타,안전운전불이행,기타,기타,교차로 - 교차로부근,승용,남,61세,상해없음,승용,남,67세,상해없음
2013110600100050,2013년 11월 6일 04시,수요일,부산광역시 영도구 동삼동,경상사고,0,0,1,0,차대차 - 측면직각충돌,중앙선침범,건조,맑음,단일로 - 기타,승용,남,42세,상해없음,승용,남,43세,경상
2013110600100060,2013년 11월 6일 05시,수요일,부산광역시 동래구 명륜동,중상사고,0,2,0,0,차대차 - 추돌 - 진행중,안전거리미확보,건조,맑음,단일로 - 기타,승용,여,25세,상해없음,승용,남,71세,중상
2013110600100071,2013년 11월 6일 06시,수요일,부산광역시 사상구 삼락동,경상사고,0,0,1,0,차대차 - 기타,교차로운행방법위반,건조,맑음,교차로 - 교차로안,승용,여,43세,경상,화물,남,33세,상해없음
2013110600100072,2013년 11월 6일 06시,수요일,부산광역시 사상구 엄궁동,경상사고,0,0,2,0,차대차 - 기타,안전운전불이행,건조,맑음,교차로 - 교차로부근,화물,남,63세,상해없음,승용,남,38세,경상
2013110600100115,2013년 11월 6일 08시,수요일,부산광역시 동래구 안락동,경상사고,0,0,1,0,차대사람 - 기타,안전운전불이행,건조,맑음,교차로 - 교차로안,승용,남,52세,상해없음,보행자,여,8세,경상
2013110600100144,2013년 11월 6일 09시,수요일,부산광역시 해운대구 중동,중상사고,0,1,0,0,차대차 - 추돌 - 진행중,안전운전불이행,건조,맑음,단일로 - 기타,승용,남,63세,상해없음,이륜,남,32세,중상
2013110600100145,2013년 11월 6일 09시,수요일,부산광역시 강서구 대저1동,중상사고,0,1,0,0,차대차 - 측면직각충돌,차로위반,건조,맑음,단일로 - 횡단보도부근,이륜,남,18세,상해없음,승합,남,62세,상해없음
2013110600100169,2013년 11월 6일 10시,수요일,부산광역시 동래구 사직동,경상사고,0,0,1,0,차대차 - 기타,안전운전불이행,건조,맑음,단일로 - 기타,승용,남,74세,상해없음,승용,여,52세,경상
2013110600100193,2013년 11월 6일 11시,수요일,부산광역시 북구 금곡동,부상신고사고,0,0,0,1,차대사람 - 횡단중,안전운전불이행,건조,맑음,단일로 - 기타,승합,남,39세,상해없음,보행자,남,57세,부상신고
2013110600100194,2013년 11월 6일 11시,수요일,부산광역시 사하구 하단동,중상사고,0,1,0,0,차대차 - 기타,안전운전불이행,건조,맑음,단일로 - 기타,승용,여,55세,상해없음,자전거,남,81세,중상
2013110600100195,2013년 11월 6일 11시,수요일,부산광역시 연제구 연산동,중상사고,0,1,0,0,차대차 - 측면직각충돌,신호위반,건조,맑음,교차로 - 교차로안,승용,여,59세,상해없음,승용,남,29세,중상
2013110600100196,2013년 11월 6일 11시,수요일,부산광역시 강서구 대저2동,사망사고,1,0,0,0,차량단독 - 공작물충돌,안전운전불이행,건조,맑음,단일로 - 기타,화물,남,61세,사망,,,,
2013110600100218,2013년 11월 6일 12시,수요일,부산광역시 해운대구 반송동,중상사고,0,1,0,0,차대차 - 측면직각충돌,차로위반,건조,맑음,기타 - 기타,이륜,남,54세,상해없음,이륜,남,65세,중상
2013110600100219,2013년 11월 6일 12시,수요일,부산광역시 해운대구 반송동,경상사고,0,0,1,0,차대차 - 추돌 - 진행중,안전거리미확보,건조,맑음,교차로 - 교차로부근,화물,남,39세,상해없음,승용,남,39세,상해없음
2013110600100220,2013년 11월 6일 12시,수요일,부산광역시 부산진구 양정동,중상사고,0,1,0,0,차대사람 - 기타,불법유턴,건조,맑음,단일로 - 기타,화물,남,47세,상해없음,보행자,여,75세,중상
2013110600100221,2013년 11월 6일 12시,수요일,부산광역시 부산진구 전포동,경상사고,0,0,2,0,차대차 - 기타,안전운전불이행,건조,맑음,단일로 - 기타,승합,남,50세,상해없음,승용,남,40세,상해없음
2013110600100292,2013년 11월 6일 15시,수요일,부산광역시 동래구 온천동,경상사고,0,0,1,0,차대사람 - 길가장자리구역통행중,안전운전불이행,습기,흐림,단일로 - 기타,화물,남,47세,상해없음,보행자,남,81세,경상
2013110600100326,2013년 11월 6일 16시,수요일,부산광역시 연제구 거제동,경상사고,0,0,1,0,차대사람 - 횡단중,안전운전불이행,건조,맑음,단일로 - 기타,승용,기타불명,기타불명,기타불명,보행자,남,8세,경상
2013110600100355,2013년 11월 6일 17시,수요일,부산광역시 남구 용호동,부상신고사고,0,0,0,1,차대사람 - 기타,보행자보호의무위반,건조,맑음,단일로 - 기타,승용,남,52세,상해없음,보행자,남,9세,부상신고
2013110600100410,2013년 11월 6일 18시,수요일,부산광역시 수영구 민락동,경상사고,0,0,1,0,차대차 - 기타,안전운전불이행,습기,흐림,단일로 - 기타,이륜,남,34세,경상,승용,남,51세,상해없음
2013110600100411,2013년 11월 6일 18시,수요일,부산광역시 해운대구 반여동,경상사고,0,0,1,0,차대차 - 추돌 - 진행중,불법유턴,건조,맑음,단일로 - 기타,화물,남,46세,상해없음,승용,남,34세,경상
2013110600100530,2013년 11월 6일 20시,수요일,부산광역시 수영구 남천동,부상신고사고,0,0,0,1,차대차 - 기타,신호위반,건조,맑음,교차로 - 교차로안,자전거,남,14세,부상신고,승용,남,43세,상해없음
2013110600100572,2013년 11월 6일 21시,수요일,부산광역시 금정구 장전동,중상사고,0,1,0,0,차대차 - 추돌 - 진행중,중앙선침범,건조,맑음,단일로 - 기타,승용,남,63세,상해없음,이륜,남,23세,중상
2013110600100620,2013년 11월 6일 23시,수요일,부산광역시 동래구 안락동,부상신고사고,0,0,0,1,차대사람 - 기타,안전운전불이행,건조,맑음,단일로 - 기타,승용,남,43세,상해없음,보행자,남,47세,부상신고
2013110600100621,2013년 11월 6일 23시,수요일,부산광역시 사하구 하단동,경상사고,0,0,1,0,차대사람 - 기타,안전운전불이행,건조,맑음,단일로 - 기타,승용,남,30세,상해없음,보행자,남,26세,경상
2013110700100007,2013년 11월 7일 00시,목요일,부산광역시 동래구 안락동,경상사고,0,0,1,0,차대사람 - 기타,안전운전불이행,건조,맑음,단일로 - 기타,승용,남,35세,기타불명,보행자,남,24세,경상
2013110700100049,2013년 11월 7일 03시,목요일,부산광역시 북구 덕천동,경상사고,0,0,1,0,차대사람 - 기타,신호위반,건조,맑음,기타 - 기타,승용,남,42세,상해없음,보행자,남,53세,경상
2013110700100070,2013년 11월 7일 05시,목요일,부산광역시 부산진구 부암동,경상사고,0,0,1,0,차대차 - 기타,안전운전불이행,건조,맑음,단일로 - 기타,승용,남,64세,상해없음,승용,여,66세,경상
2013110700100077,2013년 11월 7일 06시,목요일,부산광역시 부산진구 개금동,경상사고,0,0,1,0,차대차 - 측면직각충돌,안전운전불이행,건조,맑음,기타 - 기타,승용,남,27세,상해없음,승용,여,45세,경상
2013110700100078,2013년 11월 7일 06시,목요일,부산광역시 사하구 괴정동,중상사고,0,1,0,0,차대사람 - 기타,안전운전불이행,건조,맑음,단일로 - 기타,승용,남,42세,상해없음,보행자,여,70세,중상
2013110700100079,2013년 11월 7일 06시,목요일,부산광역시 기장군 일광면,중상사고,0,2,0,0,차대차 - 추돌 - 진행중,안전거리미확보,건조,맑음,단일로 - 기타,승용,남,47세,중상,승용,남,54세,상해없음
2013110700100137,2013년 11월 7일 08시,목요일,부산광역시 서구 암남동,경상사고,0,0,1,0,차대차 - 측면직각충돌,안전운전불이행,건조,맑음,단일로 - 횡단보도부근,승용,남,39세,상해없음,승용,남,58세,경상
2013110700100138,2013년 11월 7일 08시,목요일,부산광역시 부산진구 전포동,경상사고,0,0,1,0,차대차 - 측면직각충돌,안전운전불이행,건조,맑음,단일로 - 기타,승용,남,40세,상해없음,승용,여,53세,경상
2013110700100139,2013년 11월 7일 08시,목요일,부산광역시 수영구 수영동,중상사고,0,1,0,0,차대차 - 추돌 - 주정차중,안전거리미확보,건조,맑음,단일로 - 기타,승용,남,24세,상해없음,승용,여,41세,중상
2013110700100140,2013년 11월 7일 08시,목요일,부산광역시 강서구 송정동,중상사고,0,1,0,0,차대차 - 기타,안전운전불이행,건조,맑음,교차로 - 교차로안,승합,남,66세,상해없음,승용,여,33세,중상
2013110700100167,2013년 11월 7일 09시,목요일,부산광역시 동래구 복천동,경상사고,0,0,1,0,차대차 - 측면직각충돌,안전운전불이행,건조,맑음,단일로 - 횡단보도상,승용,남,54세,상해없음,자전거,남,33세,경상
2013110700100168,2013년 11월 7일 09시,목요일,부산광역시 금정구 부곡동,중상사고,0,1,0,0,차대차 - 측면직각충돌,안전운전불이행,건조,맑음,교차로 - 교차로안,승용,남,40세,상해없음,승용,여,52세,중상
2013110700100169,2013년 11월 7일 09시,목요일,부산광역시 강서구 대저1동,경상사고,0,0,1,0,차대차 - 기타,교차로운행방법위반,건조,맑음,교차로 - 교차로안,화물,남,56세,상해없음,화물,남,44세,경상
2013110700100205,2013년 11월 7일 10시,목요일,부산광역시 부산진구 개금동,경상사고,0,0,1,0,차대차 - 측면직각충돌,교차로운행방법위반,건조,맑음,교차로 - 교차로안,승용,여,37세,상해없음,승용,여,37세,경상
2013110700100249,2013년 11월 7일 12시,목요일,부산광역시 동래구 온천동,중상사고,0,1,0,0,차대사람 - 차도통행중,안전운전불이행,건조,맑음,교차로 - 교차로안,승용,여,45세,상해없음,보행자,여,70세,중상
2013110700100273,2013년 11월 7일 13시,목요일,부산광역시 해운대구 반여동,경상사고,0,0,1,0,차대사람 - 횡단중,보행자보호의무위반,건조,맑음,교차로 - 교차로부근,승용,여,51세,상해없음,보행자,남,58세,경상
2013110700100304,2013년 11월 7일 14시,목요일,부산광역시 해운대구 반송동,중상사고,0,1,1,0,차대차 - 측면직각충돌,교차로운행방법위반,건조,맑음,교차로 - 교차로부근,화물,남,63세,상해없음,승용,여,53세,중상
2013110700100305,2013년 11월 7일 14시,목요일,부산광역시 강서구 명지동,경상사고,0,0,2,0,차대차 - 기타,신호위반,건조,맑음,교차로 - 교차로안,승용,여,39세,상해없음,승용,여,56세,경상
2013110700100306,2013년 11월 7일 14시,목요일,부산광역시 강서구 명지동,중상사고,0,1,1,0,차대차 - 측면직각충돌,교차로운행방법위반,건조,맑음,교차로 - 교차로안,승용,남,31세,경상,승용,여,49세,중상
2013110700100341,2013년 11월 7일 15시,목요일,부산광역시 북구 화명동,중상사고,0,1,0,0,차대사람 - 횡단중,보행자보호의무위반,건조,맑음,단일로 - 횡단보도상,승용,남,56세,상해없음,보행자,여,6세,중상
2013110700100342,2013년 11월 7일 15시,목요일,부산광역시 해운대구 우동,중상사고,0,1,0,0,차대사람 - 횡단중,보행자보호의무위반,건조,맑음,단일로 - 횡단보도상,화물,남,41세,상해없음,보행자,남,7세,중상
2013110700100343,2013년 11월 7일 15시,목요일,부산광역시 사상구 감전동,경상사고,0,0,2,0,차대차 - 측면직각충돌,교차로운행방법위반,건조,맑음,교차로 - 교차로안,화물,남,23세,상해없음,승용,여,47세,경상
2013110700100380,2013년 11월 7일 16시,목요일,부산광역시 사상구 덕포동,사망사고,1,0,0,0,차대사람 - 횡단중,안전운전불이행,건조,맑음,단일로 - 기타,건설기계,남,45세,상해없음,보행자,여,86세,사망
2013110700100497,2013년 11월 7일 19시,목요일,부산광역시 부산진구 부전동,중상사고,0,1,0,0,차대차 - 기타,신호위반,건조,맑음,교차로 - 교차로안,승용,남,31세,상해없음,이륜,남,42세,중상
2013110700100498,2013년 11월 7일 19시,목요일,부산광역시 금정구 부곡동,중상사고,0,1,0,0,차대사람 - 횡단중,안전운전불이행,건조,맑음,단일로 - 횡단보도상,화물,남,51세,상해없음,보행자,남,41세,중상
2013110700100499,2013년 11월 7일 19시,목요일,부산광역시 금정구 구서동,중상사고,0,1,0,0,차대사람 - 횡단중,안전운전불이행,건조,맑음,교차로 - 교차로안,이륜,남,17세,상해없음,보행자,여,64세,중상
2013110700100534,2013년 11월 7일 20시,목요일,부산광역시 북구 금곡동,경상사고,0,0,1,0,차대차 - 기타,안전운전불이행,건조,맑음,단일로 - 기타,승용,남,33세,상해없음,이륜,남,49세,경상
2013110700100564,2013년 11월 7일 21시,목요일,부산광역시 사하구 감천동,중상사고,0,1,0,0,차대차 - 기타,불법유턴,건조,맑음,단일로 - 기타,승용,남,66세,상해없음,이륜,남,18세,중상
2013110700100565,2013년 11월 7일 21시,목요일,부산광역시 수영구 망미동,중상사고,0,1,0,0,차대차 - 측면직각충돌,안전거리미확보,건조,맑음,단일로 - 기타,승용,남,28세,상해없음,원동기,남,21세,중상
2013110700100590,2013년 11월 7일 22시,목요일,부산광역시 부산진구 초읍동,경상사고,0,0,1,0,차대사람 - 횡단중,안전운전불이행,건조,맑음,단일로 - 기타,승용,여,54세,상해없음,보행자,남,16세,경상
2013110700100591,2013년 11월 7일 22시,목요일,부산광역시 금정구 장전동,경상사고,0,0,1,0,차대사람 - 횡단중,안전운전불이행,건조,맑음,교차로 - 교차로안,승용,남,21세,상해없음,보행자,남,42세,경상
2013110700100611,2013년 11월 7일 23시,목요일,부산광역시 동래구 온천동,경상사고,0,0,1,0,차대차 - 추돌 - 진행중,안전거리미확보,건조,맑음,교차로 - 교차로부근,승용,기타불명,기타불명,기타불명,승용,남,52세,경상
2013110700100612,2013년 11월 7일 23시,목요일,부산광역시 동래구 낙민동,경상사고,0,0,3,0,차대차 - 추돌 - 진행중,안전운전불이행,건조,맑음,단일로 - 기타,승용,남,32세,상해없음,승용,남,59세,경상
2013110700100613,2013년 11월 7일 23시,목요일,부산광역시 동래구 온천동,중상사고,0,1,0,0,차대차 - 추돌 - 진행중,차로위반,건조,맑음,단일로 - 기타,승용,남,45세,상해없음,이륜,남,68세,중상
2013110800100019,2013년 11월 8일 01시,금요일,부산광역시 수영구 망미동,경상사고,0,0,3,0,차대차 - 추돌 - 주정차중,안전운전불이행,건조,맑음,단일로 - 기타,화물,남,61세,상해없음,승용,여,25세,경상
2013110800100020,2013년 11월 8일 01시,금요일,부산광역시 사상구 모라동,경상사고,0,0,2,0,차대차 - 추돌 - 진행중,안전거리미확보,건조,맑음,단일로 - 기타,승용,남,59세,상해없음,승용,남,62세,경상
2013110800100030,2013년 11월 8일 02시,금요일,부산광역시 금정구 청룡동,중상사고,0,1,0,0,차대차 - 측면직각충돌,불법유턴,건조,맑음,단일로 - 기타,승합,남,42세,상해없음,원동기,남,31세,중상
2013110800100044,2013년 11월 8일 04시,금요일,부산광역시 사상구 감전동,경상사고,0,0,1,1,차대차 - 추돌 - 진행중,안전거리미확보,건조,맑음,단일로 - 기타,승용,남,34세,부상신고,건설기계,남,41세,경상
2013110800100056,2013년 11월 8일 05시,금요일,부산광역시 동구 범일동,경상사고,0,0,1,0,차대차 - 추돌 - 주정차중,안전운전불이행,건조,맑음,단일로 - 횡단보도부근,승용,남,51세,상해없음,승합,남,36세,경상
2013110800100067,2013년 11월 8일 06시,금요일,부산광역시 금정구 장전동,경상사고,0,0,1,0,차대사람 - 횡단중,신호위반,건조,맑음,단일로 - 횡단보도상,승용,남,57세,상해없음,보행자,남,60세,경상
2013110800100068,2013년 11월 8일 06시,금요일,부산광역시 연제구 거제동,중상사고,0,1,0,0,차대차 - 추돌 - 주정차중,안전운전불이행,건조,맑음,교차로 - 교차로부근,승용,여,27세,상해없음,승용,여,43세,중상
2013110800100113,2013년 11월 8일 08시,금요일,부산광역시 중구 중앙동4가,경상사고,0,0,2,0,차대차 - 기타,신호위반,건조,맑음,교차로 - 교차로안,승용,여,54세,상해없음,승용,남,53세,경상
2013110800100114,2013년 11월 8일 08시,금요일,부산광역시 부산진구 전포동,부상신고사고,0,0,0,1,차대차 - 기타,안전운전불이행,건조,맑음,단일로 - 기타,원동기,남,21세,부상신고,승용,남,47세,상해없음
2013110800100182,2013년 11월 8일 10시,금요일,부산광역시 해운대구 반여동,중상사고,0,3,2,0,차대차 - 추돌 - 주정차중,안전운전불이행,건조,맑음,단일로 - 기타,승용,남,20세,중상,승용,여,56세,경상
2013110800100249,2013년 11월 8일 12시,금요일,부산광역시 부산진구 부전동,중상사고,0,1,0,0,차량단독 - 기타,안전운전불이행,건조,맑음,교차로 - 교차로부근,승합,남,55세,상해없음,,,,
2013110800100250,2013년 11월 8일 12시,금요일,부산광역시 사하구 당리동,경상사고,0,0,1,0,차대차 - 기타,안전운전불이행,건조,맑음,단일로 - 기타,화물,남,58세,기타불명,화물,남,22세,경상
2013110800100275,2013년 11월 8일 13시,금요일,부산광역시 해운대구 좌동,중상사고,0,1,0,0,차대사람 - 횡단중,신호위반,기타,맑음,교차로 - 교차로부근,승용,남,81세,상해없음,보행자,여,48세,중상
2013110800100276,2013년 11월 8일 13시,금요일,부산광역시 사상구 괘법동,경상사고,0,0,1,1,차대차 - 추돌 - 진행중,안전거리미확보,건조,맑음,단일로 - 기타,승용,남,47세,상해없음,화물,남,36세,부상신고
2013110800100340,2013년 11월 8일 15시,금요일,부산광역시 중구 보수동1가,중상사고,0,1,0,0,차대차 - 기타,안전운전불이행,건조,맑음,단일로 - 기타,승용,여,46세,상해없음,자전거,남,49세,중상
2013110800100341,2013년 11월 8일 15시,금요일,부산광역시 사상구 주례동,경상사고,0,0,1,0,차대사람 - 기타,안전운전불이행,건조,맑음,단일로 - 기타,승용,남,49세,상해없음,보행자,남,14세,경상
2013110800100342,2013년 11월 8일 15시,금요일,부산광역시 기장군 정관면,부상신고사고,0,0,0,1,차대차 - 기타,안전운전불이행,건조,맑음,교차로 - 교차로부근,승용,남,38세,상해없음,건설기계,남,46세,부상신고
2013110800100387,2013년 11월 8일 16시,금요일,부산광역시 사상구 모라동,중상사고,0,1,2,0,차대차 - 추돌 - 진행중,안전거리미확보,건조,맑음,단일로 - 터널,승용,남,46세,상해없음,승용,남,34세,중상
2013110800100419,2013년 11월 8일 17시,금요일,부산광역시 동구 수정동,부상신고사고,0,0,0,1,차대차 - 추돌 - 진행중,교차로운행방법위반,건조,맑음,교차로 - 교차로안,승용,남,31세,상해없음,원동기,남,54세,부상신고
2013110800100420,2013년 11월 8일 17시,금요일,부산광역시 사하구 괴정동,중상사고,0,1,0,0,차대사람 - 기타,안전운전불이행,건조,맑음,단일로 - 기타,승용,남,70세,상해없음,보행자,여,65세,중상
2013110800100421,2013년 11월 8일 17시,금요일,부산광역시 강서구 송정동,경상사고,0,0,1,0,차대사람 - 기타,안전운전불이행,건조,맑음,단일로 - 기타,승합,남,39세,상해없음,보행자,남,31세,경상
2013110800100422,2013년 11월 8일 17시,금요일,부산광역시 사상구 감전동,부상신고사고,0,0,0,1,차대차 - 기타,안전운전불이행,건조,맑음,단일로 - 기타,이륜,남,68세,부상신고,승용,남,53세,상해없음
2013110800100423,2013년 11월 8일 17시,금요일,부산광역시 사상구 괘법동,경상사고,0,0,1,0,차대차 - 측면직각충돌,안전운전불이행,건조,맑음,교차로 - 교차로부근,승용,여,56세,상해없음,승용,여,61세,경상
2013110800100463,2013년 11월 8일 18시,금요일,부산광역시 금정구 회동동,중상사고,0,1,0,1,차대차 - 추돌 - 진행중,안전운전불이행,건조,맑음,단일로 - 기타,승용,남,41세,상해없음,승용,남,28세,부상신고
2013110800100464,2013년 11월 8일 18시,금요일,부산광역시 금정구 회동동,경상사고,0,0,1,0,차대차 - 추돌 - 진행중,안전거리미확보,건조,맑음,단일로 - 기타,승용,여,63세,상해없음,승용,남,38세,경상