사고번호,사고일시,요일,시군구,사고내용,사망자수,중상자수,경상자수,부상신고자수,사고유형,법규위반,노면상태,기상상태,도로형태,가해운전자 차종,가해운전자 성별,가해운전자 연령,가해운전자 상해정도,피해운전자 차종,피해운전자 성별,피해운전자 연령,피해운전자 상해정도
2013111700100471,2013년 11월 17일 20시,일요일,부산광역시 동래구 온천동,중상사고,0,1,0,0,차대차 - 측면직각충돌,교차로운행방법위반,건조,맑음,교차로 - 교차로안,승용,남,32세,상해없음,이륜,남,63세,중상
2013111700100472,2013년 11월 17일 20시,일요일,부산광역시 기장군 기장읍,중상사고,0,1,0,0,차대사람 - 기타,안전운전불이행,습기,흐림,단일로 - 기타,승용,남,55세,상해없음,보행자,남,61세,중상
2013111700100497,2013년 11월 17일 21시,일요일,부산광역시 사하구 괴정동,중상사고,0,2,1,0,차대차 - 추돌 - 진행중,안전운전불이행,건조,맑음,단일로 - 기타,승용,남,26세,상해없음,승용,남,32세,경상
2013111700100522,2013년 11월 17일 22시,일요일,부산광역시 연제구 연산동,경상사고,0,0,2,0,차대차 - 정면충돌,중앙선침범,건조,맑음,교차로 - 교차로부근,승용,남,25세,상해없음,승용,남,25세,경상
2013111700100536,2013년 11월 17일 23시,일요일,부산광역시 부산진구 부전동,중상사고,0,1,3,0,차대차 - 기타,교차로운행방법위반,건조,맑음,교차로 - 교차로안,승용,남,26세,상해없음,승용,남,57세,경상
2013111800100035,2013년 11월 18일 05시,월요일,부산광역시 부산진구 범천동,경상사고,0,0,1,0,차대차 - 추돌 - 진행중,안전운전불이행,건조,맑음,교차로 - 교차로안,기타불명,기타불명,기타불명,기타불명,승용,남,42세,경상
2013111800100064,2013년 11월 18일 07시,월요일,부산광역시 북구 만덕동,중상사고,0,1,0,0,차대사람 - 기타,안전운전불이행,건조,맑음,교차로 - 교차로부근,승용,남,48세,상해없음,보행자,여,18세,중상
2013111800100065,2013년 11월 18일 07시,월요일,부산광역시 해운대구 반여동,중상사고,0,1,0,0,차대사람 - 횡단중,보행자보호의무위반,건조,맑음,교차로 - 교차로부근,승용,남,33세,상해없음,보행자,남,51세,중상
2013111800100102,2013년 11월 18일 08시,월요일,부산광역시 북구 화명동,경상사고,0,0,1,0,차대차 - 기타,중앙선침범,건조,맑음,단일로 - 기타,승용,여,54세,상해없음,이륜,남,52세,경상
2013111800100103,2013년 11월 18일 08시,월요일,부산광역시 사하구 당리동,중상사고,0,1,0,0,차대사람 - 횡단중,안전운전불이행,건조,맑음,단일로 - 기타,화물,남,38세,상해없음,보행자,여,62세,중상
2013111800100104,2013년 11월 18일 08시,월요일,부산광역시 연제구 연산동,중상사고,0,1,0,0,차대사람 - 기타,안전운전불이행,건조,맑음,단일로 - 기타,화물,남,28세,상해없음,보행자,여,70세,중상
2013111800100152,2013년 11월 18일 09시,월요일,부산광역시 중구 영주동,경상사고,0,0,1,0,차대차 - 기타,안전운전불이행,건조,맑음,단일로 - 기타,화물,남,34세,상해없음,승용,남,52세,경상
2013111800100153,2013년 11월 18일 09시,월요일,부산광역시 남구 용호동,경상사고,0,0,1,0,차대차 - 기타,안전운전불이행,건조,맑음,단일로 - 기타,승용,남,52세,상해없음,원동기,남,53세,경상
2013111800100154,2013년 11월 18일 09시,월요일,부산광역시 사상구 학장동,경상사고,0,0,1,0,차대사람 - 횡단중,보행자보호의무위반,건조,맑음,단일로 - 기타,승용,기타불명,기타불명,기타불명,보행자,여,85세,경상
2013111800100247,2013년 11월 18일 12시,월요일,부산광역시 중구 중앙동1가,부상신고사고,0,0,0,1,차대차 - 기타,안전운전불이행,건조,맑음,단일로 - 기타,승용,여,42세,상해없음,승합,남,47세,상해없음
2013111800100248,2013년 11월 18일 12시,월요일,부산광역시 금정구 서동,경상사고,0,0,1,0,차대사람 - 차도통행중,안전운전불이행,건조,맑음,단일로 - 기타,승용,여,70세,상해없음,보행자,여,60세,경상
2013111800100249,2013년 11월 18일 12시,월요일,부산광역시 기장군 기장읍,경상사고,0,0,1,0,차대차 - 추돌 - 주정차중,안전거리미확보,건조,맑음,교차로 - 교차로부근,이륜,남,29세,경상,승용,남,23세,상해없음
2013111800100277,2013년 11월 18일 13시,월요일,부산광역시 금정구 부곡동,경상사고,0,0,1,3,차대차 - 추돌 - 주정차중,안전운전불이행,건조,맑음,교차로 - 교차로부근,승용,남,31세,상해없음,승용,남,48세,부상신고
2013111800100341,2013년 11월 18일 15시,월요일,부산광역시 부산진구 양정동,중상사고,0,1,0,0,차대차 - 기타,안전운전불이행,건조,맑음,단일로 - 기타,원동기,남,56세,상해없음,승합,남,58세,상해없음
2013111800100371,2013년 11월 18일 16시,월요일,부산광역시 부산진구 범천동,부상신고사고,0,0,0,1,차대차 - 기타,안전운전불이행,건조,맑음,교차로 - 교차로부근,자전거,여,57세,부상신고,승용,여,38세,상해없음
2013111800100452,2013년 11월 18일 18시,월요일,부산광역시 서구 암남동,중상사고,0,1,0,0,차대차 - 기타,안전거리미확보,건조,맑음,단일로 - 기타,승용,남,31세,상해없음,이륜,남,24세,중상
2013111800100453,2013년 11월 18일 18시,월요일,부산광역시 부산진구 개금동,중상사고,0,1,0,0,차대사람 - 기타,보행자보호의무위반,건조,맑음,단일로 - 횡단보도상,승용,여,56세,상해없음,보행자,여,51세,중상
2013111800100454,2013년 11월 18일 18시,월요일,부산광역시 사상구 모라동,부상신고사고,0,0,0,1,차량단독 - 공작물충돌,안전운전불이행,건조,맑음,단일로 - 기타,승용,남,45세,부상신고,,,,
2013111800100498,2013년 11월 18일 19시,월요일,부산광역시 해운대구 송정동,중상사고,0,1,0,0,차대사람 - 횡단중,안전운전불이행,건조,맑음,교차로 - 교차로안,승용,남,55세,상해없음,보행자,여,33세,중상
2013111800100499,2013년 11월 18일 19시,월요일,부산광역시 부산진구 양정동,중상사고,0,1,0,0,차대사람 - 횡단중,신호위반,건조,맑음,단일로 - 횡단보도상,화물,남,57세,상해없음,보행자,남,65세,중상
2013111800100500,2013년 11월 18일 19시,월요일,부산광역시 부산진구 가야동,중상사고,0,1,0,0,차량단독 - 기타,안전운전불이행,건조,맑음,단일로 - 기타,승합,남,46세,상해없음,,,,
2013111800100562,2013년 11월 18일 21시,월요일,부산광역시 동구 범일동,경상사고,0,0,1,0,차대사람 - 기타,안전운전불이행,건조,맑음,단일로 - 횡단보도부근,승용,여,21세,상해없음,보행자,남,31세,경상
2013111800100563,2013년 11월 18일 21시,월요일,부산광역시 영도구 동삼동,중상사고,0,1,0,0,차대사람 - 기타,안전운전불이행,건조,맑음,교차로 - 교차로안,승용,남,40세,상해없음,보행자,남,14세,중상
2013111800100587,2013년 11월 18일 22시,월요일,부산광역시 중구 남포동1가,중상사고,0,1,0,0,차대사람 - 기타,안전운전불이행,건조,맑음,단일로 - 기타,화물,남,53세,상해없음,보행자,남,50세,중상
2013111800100588,2013년 11월 18일 22시,월요일,부산광역시 금정구 부곡동,사망사고,1,0,0,0,차대사람 - 기타,안전운전불이행,건조,맑음,교차로 - 교차로안,승용,남,49세,상해없음,보행자,여,57세,사망
2013111800100589,2013년 11월 18일 22시,월요일,부산광역시 사상구 덕포동,경상사고,0,0,1,0,차대차 - 측면직각충돌,신호위반,건조,맑음,교차로 - 교차로부근,승용,여,22세,상해없음,자전거,여,56세,경상
2013111900100021,2013년 11월 19일 01시,화요일,부산광역시 금정구 구서동,경상사고,0,0,1,0,차대차 - 기타,안전운전불이행,건조,맑음,교차로 - 교차로안,기타불명,기타불명,기타불명,기타불명,승용,남,46세,경상
2013111900100030,2013년 11월 19일 02시,화요일,부산광역시 금정구 구서동,경상사고,0,0,1,0,차대차 - 추돌 - 주정차중,안전운전불이행,건조,맑음,교차로 - 교차로부근,승용,남,32세,상해없음,승용,남,29세,경상
2013111900100049,2013년 11월 19일 04시,화요일,부산광역시 중구 영주동,경상사고,0,0,1,0,차대차 - 정면충돌,안전운전불이행,건조,맑음,단일로 - 기타,승용,남,54세,상해없음,승용,남,37세,경상
2013111900100050,2013년 11월 19일 04시,화요일,부산광역시 부산진구 부암동,경상사고,0,0,1,0,차대차 - 측면직각충돌,신호위반,건조,맑음,교차로 - 교차로부근,화물,남,45세,상해없음,승용,남,59세,상해없음
2013111900100060,2013년 11월 19일 05시,화요일,부산광역시 사상구 덕포동,중상사고,0,1,0,0,차대사람 - 기타,안전운전불이행,건조,맑음,단일로 - 기타,원동기,남,63세,상해없음,보행자,여,77세,중상
2013111900100088,2013년 11월 19일 07시,화요일,부산광역시 사하구 하단동,중상사고,0,1,0,0,차대사람 - 횡단중,안전운전불이행,건조,맑음,단일로 - 기타,승용,여,59세,상해없음,보행자,여,65세,중상
2013111900100108,2013년 11월 19일 08시,화요일,부산광역시 부산진구 초읍동,경상사고,0,0,1,0,차대사람 - 기타,보행자보호의무위반,건조,맑음,단일로 - 기타,화물,남,44세,상해없음,보행자,여,35세,경상
2013111900100109,2013년 11월 19일 08시,화요일,부산광역시 금정구 구서동,중상사고,0,1,0,0,차대차 - 측면직각충돌,안전거리미확보,건조,맑음,단일로 - 기타,승용,남,59세,상해없음,이륜,남,59세,중상
2013111900100150,2013년 11월 19일 09시,화요일,부산광역시 부산진구 부전동,중상사고,0,1,0,0,차대사람 - 기타,안전운전불이행,건조,맑음,단일로 - 기타,승용,남,50세,상해없음,보행자,여,74세,중상
2013111900100151,2013년 11월 19일 09시,화요일,부산광역시 사상구 감전동,경상사고,0,0,1,0,차대사람 - 길가장자리구역통행중,안전운전불이행,건조,맑음,단일로 - 기타,화물,남,31세,상해없음,보행자,남,23세,경상
2013111900100152,2013년 11월 19일 09시,화요일,부산광역시 기장군 기장읍,중상사고,0,1,0,0,차대사람 - 횡단중,안전운전불이행,건조,맑음,교차로 - 교차로부근,승합,남,64세,상해없음,보행자,남,59세,중상
2013111900100201,2013년 11월 19일 11시,화요일,부산광역시 사상구 감전동,경상사고,0,0,1,0,차대사람 - 차도통행중,안전운전불이행,건조,맑음,교차로 - 교차로안,화물,남,38세,상해없음,보행자,여,52세,경상
2013111900100226,2013년 11월 19일 12시,화요일,부산광역시 중구 중앙동4가,경상사고,0,0,1,0,차대차 - 추돌 - 진행중,안전운전불이행,건조,맑음,단일로 - 기타,승용,남,24세,상해없음,화물,남,55세,경상
2013111900100227,2013년 11월 19일 12시,화요일,부산광역시 중구 중앙동4가,경상사고,0,0,2,0,차대차 - 추돌 - 주정차중,안전거리미확보,건조,맑음,단일로 - 기타,화물,남,50세,상해없음,승용,여,52세,경상
2013111900100228,2013년 11월 19일 12시,화요일,부산광역시 영도구 남항동1가,중상사고,0,1,0,0,차대사람 - 기타,안전운전불이행,건조,맑음,단일로 - 기타,승용,남,45세,상해없음,보행자,여,48세,중상
2013111900100229,2013년 11월 19일 12시,화요일,부산광역시 기장군 기장읍,중상사고,0,1,1,3,차대차 - 추돌 - 진행중,안전운전불이행,건조,맑음,단일로 - 기타,화물,남,43세,상해없음,승용,남,40세,경상
2013111900100249,2013년 11월 19일 13시,화요일,부산광역시 강서구 범방동,경상사고,0,0,1,1,차대차 - 측면직각충돌,안전운전불이행,건조,맑음,단일로 - 기타,특수,남,29세,상해없음,승용,남,27세,경상
2013111900100280,2013년 11월 19일 14시,화요일,부산광역시 동구 범일동,부상신고사고,0,0,0,1,차대사람 - 기타,안전운전불이행,건조,맑음,단일로 - 기타,승용,남,60세,상해없음,보행자,남,40세,부상신고
2013111900100281,2013년 11월 19일 14시,화요일,부산광역시 남구 용호동,중상사고,0,1,1,0,차대차 - 정면충돌,중앙선침범,건조,맑음,단일로 - 기타,승용,여,54세,중상,승용,남,24세,경상
2013111900100315,2013년 11월 19일 15시,화요일,부산광역시 동래구 온천동,중상사고,0,1,0,0,차대사람 - 횡단중,안전운전불이행,건조,맑음,단일로 - 횡단보도상,승용,남,63세,상해없음,보행자,남,80세,중상
2013111900100316,2013년 11월 19일 15시,화요일,부산광역시 해운대구 좌동,경상사고,0,0,5,0,차대차 - 측면직각충돌,신호위반,건조,기타,교차로 - 교차로부근,승용,여,50세,상해없음,승용,남,33세,경상
2013111900100317,2013년 11월 19일 15시,화요일,부산광역시 부산진구 부전동,경상사고,0,0,1,0,차대사람 - 기타,안전운전불이행,기타,맑음,단일로 - 기타,원동기,남,43세,상해없음,보행자,여,27세,경상
2013111900100369,2013년 11월 19일 17시,화요일,부산광역시 남구 대연동,경상사고,0,0,1,0,차대사람 - 기타,안전운전불이행,건조,맑음,기타 - 기타,승용,여,49세,기타불명,보행자,여,58세,경상
2013111900100370,2013년 11월 19일 17시,화요일,부산광역시 강서구 대저2동,중상사고,0,1,2,0,차대차 - 기타,안전운전불이행,건조,맑음,기타 - 기타,화물,남,61세,중상,특수,남,59세,상해없음
2013111900100418,2013년 11월 19일 18시,화요일,부산광역시 해운대구 우동,중상사고,0,1,0,0,차대차 - 기타,교차로운행방법위반,건조,맑음,기타 - 기타,자전거,남,6세,중상,승합,남,58세,상해없음
2013111900100419,2013년 11월 19일 18시,화요일,부산광역시 강서구 녹산동,사망사고,1,0,0,0,차대사람 - 기타,안전운전불이행,건조,맑음,단일로 - 기타,승용,남,33세,상해없음,보행자,여,63세,사망
2013111900100420,2013년 11월 19일 18시,화요일,부산광역시 사상구 감전동,부상신고사고,0,0,0,1,차대차 - 기타,교차로운행방법위반,건조,맑음,교차로 - 교차로안,자전거,남,51세,부상신고,승용,남,24세,상해없음
2013111900100471,2013년 11월 19일 19시,화요일,부산광역시 북구 구포동,경상사고,0,0,1,0,차대차 - 측면직각충돌,중앙선침범,건조,맑음,단일로 - 기타,승용,여,26세,상해없음,화물,남,45세,경상
2013111900100529,2013년 11월 19일 21시,화요일,부산광역시 사하구 당리동,경상사고,0,0,1,0,차대사람 - 횡단중,보행자보호의무위반,건조,맑음,단일로 - 횡단보도상,승용,남,50세,상해없음,보행자,여,26세,경상
2013111900100561,2013년 11월 19일 22시,화요일,부산광역시 해운대구 우동,중상사고,0,1,0,0,차대차 - 기타,안전운전불이행,기타,맑음,단일로 - 기타,승용,남,54세,상해없음,승용,여,33세,중상
2013111900100562,2013년 11월 19일 22시,화요일,부산광역시 사하구 장림동,경상사고,0,0,2,0,차대차 - 추돌 - 진행중,중앙선침범,건조,맑음,단일로 - 기타,승용,남,23세,상해없음,승합,여,58세,경상
2013111900100589,2013년 11월 19일 23시,화요일,부산광역시 남구 용호동,부상신고사고,0,0,0,1,차대사람 - 기타,안전운전불이행,건조,맑음,단일로 - 기타,원동기,남,56세,상해없음,보행자,남,22세,부상신고
2013111900100590,2013년 11월 19일 23시,화요일,부산광역시 수영구 광안동,경상사고,0,0,1,0,차대사람 - 횡단중,신호위반,건조,맑음,단일로 - 기타,이륜,남,25세,상해없음,보행자,여,43세,경상
2013112000100004,2013년 11월 20일 00시,수요일,부산광역시 부산진구 개금동,중상사고,0,1,1,0,차대사람 - 횡단중,안전운전불이행,건조,맑음,단일로 - 기타,승합,남,36세,상해없음,보행자,남,52세,중상
2013112000100025,2013년 11월 20일 01시,수요일,부산광역시 강서구 대저2동,중상사고,0,1,1,0,차대차 - 추돌 - 주정차중,안전운전불이행,건조,맑음,단일로 - 기타,특수,남,39세,상해없음,승용,남,30세,경상
2013112000100057,2013년 11월 20일 05시,수요일,부산광역시 부산진구 전포동,경상사고,0,0,2,0,차대차 - 추돌 - 주정차중,안전운전불이행,건조,맑음,단일로 - 기타,승합,남,52세,상해없음,승용,남,67세,상해없음
2013112000100137,2013년 11월 20일 09시,수요일,부산광역시 금정구 구서동,중상사고,0,1,0,0,차대사람 - 길가장자리구역통행중,안전운전불이행,건조,맑음,교차로 - 교차로안,승용,남,42세,상해없음,보행자,여,45세,중상
2013112000100138,2013년 11월 20일 09시,수요일,부산광역시 금정구 구서동,중상사고,0,1,0,0,차대차 - 측면직각충돌,안전거리미확보,건조,맑음,단일로 - 기타,승용,여,45세,상해없음,승용,남,42세,중상
2013112000100139,2013년 11월 20일 09시,수요일,부산광역시 수영구 망미동,중상사고,0,1,1,0,차대차 - 측면직각충돌,교차로운행방법위반,건조,맑음,교차로 - 교차로안,승용,남,34세,상해없음,승용,남,63세,경상
2013112000100192,2013년 11월 20일 11시,수요일,부산광역시 강서구 명지동,중상사고,0,1,0,0,차대차 - 측면직각충돌,신호위반,건조,맑음,교차로 - 교차로안,승용,여,45세,상해없음,승용,여,41세,중상
2013112000100212,2013년 11월 20일 12시,수요일,부산광역시 기장군 기장읍,부상신고사고,0,0,0,3,차대차 - 기타,안전운전불이행,건조,맑음,단일로 - 기타,승용,남,66세,상해없음,승용,남,44세,부상신고
2013112000100242,2013년 11월 20일 13시,수요일,부산광역시 부산진구 가야동,중상사고,0,1,0,0,차대차 - 기타,교차로운행방법위반,건조,맑음,교차로 - 교차로안,승용,여,46세,상해없음,승용,남,42세,중상
2013112000100270,2013년 11월 20일 14시,수요일,부산광역시 동래구 온천동,중상사고,0,1,0,0,차대차 - 기타,신호위반,건조,맑음,단일로 - 횡단보도상,승용,기타불명,기타불명,기타불명,이륜,남,49세,중상
2013112000100271,2013년 11월 20일 14시,수요일,부산광역시 연제구 거제동,경상사고,0,0,1,0,차대차 - 측면직각충돌,신호위반,건조,맑음,단일로 - 횡단보도상,승용,남,71세,상해없음,이륜,남,59세,경상
2013112000100298,2013년 11월 20일 15시,수요일,부산광역시 금정구 부곡동,중상사고,0,1,0,0,차대사람 - 횡단중,안전운전불이행,건조,맑음,교차로 - 교차로안,승용,여,47세,상해없음,보행자,여,67세,중상
2013112000100299,2013년 11월 20일 15시,수요일,부산광역시 사상구 모라동,경상사고,0,0,2,0,차대차 - 추돌 - 주정차중,안전운전불이행,건조,맑음,교차로 - 교차로부근,승용,여,67세,상해없음,승용,남,50세,경상
2013112000100362,2013년 11월 20일 17시,수요일,부산광역시 남구 대연동,중상사고,0,1,0,0,차대사람 - 기타,안전운전불이행,건조,맑음,단일로 - 기타,화물,남,27세,상해없음,보행자,여,86세,중상
2013112000100363,2013년 11월 20일 17시,수요일,부산광역시 해운대구 반여동,중상사고,0,1,0,0,차대차 - 추돌 - 주정차중,안전운전불이행,건조,맑음,단일로 - 기타,승용,남,45세,상해없음,승용,남,38세,상해없음
2013112000100364,2013년 11월 20일 17시,수요일,부산광역시 부산진구 전포동,중상사고,0,1,0,0,차대사람 - 횡단중,안전운전불이행,건조,맑음,단일로 - 횡단보도상,승용,남,29세,상해없음,보행자,남,64세,중상
2013112000100365,2013년 11월 20일 17시,수요일,부산광역시 부산진구 부암동,경상사고,0,0,1,0,차대사람 - 기타,안전운전불이행,건조,맑음,단일로 - 기타,승합,남,47세,상해없음,보행자,여,78세,경상
2013112000100366,2013년 11월 20일 17시,수요일,부산광역시 사하구 장림동,중상사고,0,1,0,0,차대사람 - 기타,안전운전불이행,건조,맑음,단일로 - 기타,승용,남,59세,상해없음,보행자,여,18세,중상
2013112000100367,2013년 11월 20일 17시,수요일,부산광역시 사상구 주례동,경상사고,0,0,1,0,차대사람 - 기타,안전운전불이행,건조,맑음,단일로 - 기타,승합,남,51세,기타불명,보행자,남,47세,경상
2013112000100413,2013년 11월 20일 18시,수요일,부산광역시 북구 만덕동,경상사고,0,0,2,0,차대차 - 추돌 - 진행중,안전거리미확보,건조,맑음,단일로 - 기타,승용,여,56세,상해없음,화물,남,58세,상해없음
2013112000100414,2013년 11월 20일 18시,수요일,부산광역시 부산진구 부전동,경상사고,0,0,1,0,차대차 - 기타,기타,건조,맑음,단일로 - 기타,승용,남,26세,상해없음,원동기,기타불명,기타불명,기타불명
2013112000100471,2013년 11월 20일 19시,수요일,부산광역시 중구 중앙동5가,경상사고,0,0,2,0,차대차 - 측면직각충돌,교차로운행방법위반,건조,맑음,교차로 - 교차로안,승용,남,29세,상해없음,승용,남,52세,상해없음
2013112000100472,2013년 11월 20일 19시,수요일,부산광역시 동구 수정동,경상사고,0,0,1,0,차대사람 - 기타,안전운전불이행,건조,맑음,단일로 - 기타,화물,여,39세,상해없음,보행자,남,36세,경상
2013112000100473,2013년 11월 20일 19시,수요일,부산광역시 해운대구 좌동,중상사고,0,1,1,0,차대차 - 측면직각충돌,교차로운행방법위반,건조,맑음,교차로 - 교차로안,승용,남,37세,상해없음,승용,남,55세,경상
2013112000100474,2013년 11월 20일 19시,수요일,부산광역시 해운대구 재송동,중상사고,0,1,0,0,차량단독 - 기타,안전운전불이행,건조,맑음,단일로 - 기타,승합,남,55세,상해없음,,,,
2013112000100475,2013년 11월 20일 19시,수요일,부산광역시 부산진구 부암동,중상사고,0,1,0,0,차대사람 - 기타,안전운전불이행,건조,맑음,단일로 - 기타,화물,남,58세,상해없음,보행자,남,60세,중상
2013112000100476,2013년 11월 20일 19시,수요일,부산광역시 사상구 학장동,중상사고,0,1,0,0,차대사람 - 보도통행중,보행자보호의무위반,건조,맑음,단일로 - 횡단보도상,화물,남,33세,상해없음,보행자,남,81세,중상
2013112000100527,2013년 11월 20일 20시,수요일,부산광역시 수영구 남천동,경상사고,0,0,1,0,차대차 - 추돌 - 진행중,안전운전불이행,건조,맑음,단일로 - 기타,승용,여,53세,상해없음,승용,남,33세,경상
2013112000100528,2013년 11월 20일 20시,수요일,부산광역시 해운대구 중동,경상사고,0,0,5,1,차대차 - 추돌 - 진행중,안전거리미확보,건조,맑음,단일로 - 기타,승용,남,43세,상해없음,승용,남,71세,부상신고
2013112000100529,2013년 11월 20일 20시,수요일,부산광역시 강서구 강동동,중상사고,0,1,0,0,차대사람 - 기타,안전운전불이행,건조,맑음,단일로 - 기타,승용,남,42세,상해없음,보행자,여,40세,중상
2013112000100555,2013년 11월 20일 21시,수요일,부산광역시 금정구 서동,중상사고,0,1,0,0,차대사람 - 기타,기타,건조,맑음,단일로 - 기타,승용,남,61세,기타불명,보행자,여,29세,중상
2013112000100587,2013년 11월 20일 22시,수요일,부산광역시 부산진구 부전동,중상사고,0,1,0,0,차대사람 - 기타,안전운전불이행,건조,맑음,교차로 - 교차로안,기타불명,기타불명,기타불명,기타불명,보행자,남,48세,중상
2013112000100617,2013년 11월 20일 23시,수요일,부산광역시 중구 영주동,중상사고,0,2,0,0,차대차 - 측면직각충돌,중앙선침범,건조,맑음,단일로 - 횡단보도상,이륜,남,27세,중상,이륜,남,16세,중상
2013112000100618,2013년 11월 20일 23시,수요일,부산광역시 해운대구 반여동,부상신고사고,0,0,0,1,차대차 - 기타,교차로운행방법위반,건조,맑음,교차로 - 교차로안,승용,남,63세,상해없음,승용,남,64세,부상신고
2013112000100619,2013년 11월 20일 23시,수요일,부산광역시 부산진구 부전동,중상사고,0,1,0,0,차대차 - 측면직각충돌,안전운전불이행,건조,맑음,교차로 - 교차로부근,원동기,남,26세,중상,승용,남,50세,상해없음
2013112000100620,2013년 11월 20일 23시,수요일,부산광역시 사상구 학장동,사망사고,1,0,0,0,차량단독 - 공작물충돌,안전운전불이행,건조,맑음,단일로 - 기타,승용,남,29세,사망,,,,
2013112100100004,2013년 11월 21일 00시,목요일,부산광역시 부산진구 가야동,중상사고,0,1,0,0,차대사람 - 기타,안전운전불이행,건조,맑음,단일로 - 기타,승용,남,33세,상해없음,보행자,남,14세,중상
2013112100100050,2013년 11월 21일 04시,목요일,부산광역시 해운대구 석대동,중상사고,0,1,0,0,차대차 - 측면직각충돌,교차로운행방법위반,건조,맑음,교차로 - 교차로안,승용,여,39세,중상,특수,남,53세,상해없음
2013112100100051,2013년 11월 21일 04시,목요일,부산광역시 부산진구 부암동,중상사고,0,1,0,0,차대차 - 기타,신호위반,기타,맑음,교차로 - 교차로안,승용,남,50세,상해없음,승용,남,72세,중상
2013112100100058,2013년 11월 21일 05시,목요일,부산광역시 남구 대연동,경상사고,0,0,2,0,차대차 - 기타,안전운전불이행,건조,맑음,단일로 - 기타,승용,남,30세,상해없음,화물,남,46세,경상
2013112100100071,2013년 11월 21일 06시,목요일,부산광역시 사상구 학장동,경상사고,0,0,1,0,차대차 - 기타,안전거리미확보,건조,맑음,교차로 - 교차로안,승용,남,65세,상해없음,승용,남,41세,경상
2013112100100114,2013년 11월 21일 08시,목요일,부산광역시 남구 우암동,경상사고,0,0,1,0,차대사람 - 기타,안전운전불이행,건조,맑음,단일로 - 기타,승용,남,30세,상해없음,보행자,여,28세,경상
2013112100100115,2013년 11월 21일 08시,목요일,부산광역시 동래구 온천동,경상사고,0,0,1,0,차대사람 - 횡단중,안전운전불이행,건조,맑음,단일로 - 기타,승용,기타불명,기타불명,기타불명,보행자,남,17세,경상
2013112100100116,2013년 11월 21일 08시,목요일,부산광역시 동래구 수안동,경상사고,0,0,1,0,차대차 - 추돌 - 진행중,안전운전불이행,건조,맑음,단일로 - 기타,승용,남,25세,상해없음,승용,남,72세,경상
2013112100100117,2013년 11월 21일 08시,목요일,부산광역시 해운대구 반여동,경상사고,0,0,1,0,차대사람 - 기타,안전운전불이행,건조,맑음,단일로 - 기타,화물,남,65세,상해없음,보행자,여,40세,경상
2013112100100118,2013년 11월 21일 08시,목요일,부산광역시 해운대구 중동,경상사고,0,0,1,0,차대사람 - 횡단중,안전운전불이행,건조,맑음,교차로 - 교차로안,승용,남,56세,상해없음,보행자,남,73세,경상
2013112100100119,2013년 11월 21일 08시,목요일,부산광역시 강서구 송정동,중상사고,0,3,0,0,차대차 - 측면직각충돌,교차로운행방법위반,건조,맑음,교차로 - 교차로안,승용,남,65세,상해없음,승용,남,34세,중상
2013112100100183,2013년 11월 21일 10시,목요일,부산광역시 동구 수정동,경상사고,0,0,1,0,차대차 - 기타,안전운전불이행,건조,맑음,교차로 - 교차로안,이륜,남,79세,경상,승용,남,72세,상해없음
2013112100100184,2013년 11월 21일 10시,목요일,부산광역시 동구 수정동,중상사고,0,1,0,0,차대사람 - 기타,안전운전불이행,건조,맑음,단일로 - 기타,승합,남,38세,상해없음,보행자,여,74세,중상
2013112100100185,2013년 11월 21일 10시,목요일,부산광역시 부산진구 당감동,경상사고,0,0,2,0,차대차 - 정면충돌,교차로운행방법위반,건조,맑음,교차로 - 교차로안,승용,여,31세,상해없음,화물,남,59세,경상
2013112100100204,2013년 11월 21일 11시,목요일,부산광역시 북구 덕천동,중상사고,0,1,0,0,차대사람 - 횡단중,안전운전불이행,건조,맑음,단일로 - 기타,승용,남,61세,상해없음,보행자,남,75세,중상
2013112100100205,2013년 11월 21일 11시,목요일,부산광역시 사상구 삼락동,경상사고,0,0,1,0,차대차 - 측면직각충돌,안전운전불이행,건조,맑음,단일로 - 기타,승용,남,49세,상해없음,자전거,남,63세,경상
2013112100100236,2013년 11월 21일 12시,목요일,부산광역시 동구 범일동,경상사고,0,0,1,0,차대차 - 기타,신호위반,건조,맑음,교차로 - 교차로안,승용,여,53세,상해없음,원동기,남,41세,경상
2013112100100237,2013년 11월 21일 12시,목요일,부산광역시 부산진구 부전동,경상사고,0,0,1,0,차대사람 - 기타,안전운전불이행,건조,맑음,단일로 - 기타,승용,여,21세,상해없음,보행자,여,70세,경상
2013112100100238,2013년 11월 21일 12시,목요일,부산광역시 기장군 기장읍,중상사고,0,1,0,0,차대사람 - 횡단중,안전운전불이행,건조,맑음,교차로 - 교차로부근,승용,여,33세,상해없음,보행자,남,81세,중상
2013112100100239,2013년 11월 21일 12시,목요일,부산광역시 기장군 정관면,경상사고,0,0,3,0,차대차 - 측면직각충돌,안전운전불이행,건조,맑음,단일로 - 기타,화물,남,54세,상해없음,승용,남,48세,경상