사고번호,사고일시,요일,시군구,사고내용,사망자수,중상자수,경상자수,부상신고자수,사고유형,법규위반,노면상태,기상상태,도로형태,가해운전자 차종,가해운전자 성별,가해운전자 연령,가해운전자 상해정도,피해운전자 차종,피해운전자 성별,피해운전자 연령,피해운전자 상해정도
2013112400100253,2013년 11월 24일 15시,일요일,부산광역시 해운대구 우동,중상사고,0,1,2,0,차량단독 - 공작물충돌,안전운전불이행,건조,맑음,교차로 - 교차로부근,승용,남,62세,상해없음,,,,
2013112400100276,2013년 11월 24일 16시,일요일,부산광역시 해운대구 우동,경상사고,0,0,1,0,차대차 - 기타,안전운전불이행,건조,맑음,단일로 - 기타,승용,남,53세,상해없음,승용,남,41세,경상
2013112400100313,2013년 11월 24일 17시,일요일,부산광역시 북구 구포동,중상사고,0,1,0,0,차대사람 - 횡단중,보행자보호의무위반,건조,맑음,단일로 - 횡단보도상,화물,남,23세,상해없음,보행자,여,77세,중상
2013112400100359,2013년 11월 24일 18시,일요일,부산광역시 부산진구 범천동,사망사고,1,0,0,0,차대차 - 기타,중앙선침범,기타,맑음,단일로 - 기타,원동기,남,46세,사망,승용,남,27세,상해없음
2013112400100415,2013년 11월 24일 19시,일요일,부산광역시 남구 문현동,중상사고,0,1,0,0,차대사람 - 횡단중,안전운전불이행,건조,맑음,교차로 - 교차로부근,승용,여,28세,상해없음,보행자,여,72세,중상
2013112400100416,2013년 11월 24일 19시,일요일,부산광역시 남구 용호동,중상사고,0,1,0,0,차대사람 - 횡단중,보행자보호의무위반,습기,비,교차로 - 교차로안,승용,남,50세,상해없음,보행자,남,77세,중상
2013112400100417,2013년 11월 24일 19시,일요일,부산광역시 해운대구 반여동,중상사고,0,1,0,0,차대사람 - 기타,보행자보호의무위반,건조,맑음,단일로 - 횡단보도상,승용,남,62세,기타불명,보행자,여,17세,중상
2013112400100418,2013년 11월 24일 19시,일요일,부산광역시 금정구 부곡동,경상사고,0,0,1,0,차대사람 - 차도통행중,안전운전불이행,건조,맑음,단일로 - 기타,승용,남,39세,상해없음,보행자,남,40세,경상
2013112400100419,2013년 11월 24일 19시,일요일,부산광역시 사상구 주례동,중상사고,0,1,0,0,차대사람 - 횡단중,보행자보호의무위반,건조,맑음,교차로 - 교차로안,화물,남,58세,상해없음,보행자,남,59세,중상
2013112400100474,2013년 11월 24일 20시,일요일,부산광역시 금정구 회동동,경상사고,0,0,5,0,차대차 - 추돌 - 진행중,안전운전불이행,습기,비,단일로 - 기타,승용,남,59세,상해없음,승합,남,36세,경상
2013112400100518,2013년 11월 24일 21시,일요일,부산광역시 금정구 구서동,중상사고,0,1,0,0,차대사람 - 횡단중,신호위반,습기,비,단일로 - 기타,이륜,남,17세,상해없음,보행자,여,43세,중상
2013112400100519,2013년 11월 24일 21시,일요일,부산광역시 사상구 엄궁동,중상사고,0,1,0,0,차대사람 - 횡단중,신호위반,습기,비,단일로 - 횡단보도상,승용,남,43세,상해없음,보행자,남,53세,중상
2013112400100568,2013년 11월 24일 22시,일요일,부산광역시 남구 문현동,중상사고,0,1,0,0,차대사람 - 횡단중,신호위반,습기,비,단일로 - 횡단보도상,원동기,남,52세,상해없음,보행자,여,20세,중상
2013112400100569,2013년 11월 24일 22시,일요일,부산광역시 남구 감만동,경상사고,0,0,2,0,차대사람 - 횡단중,신호위반,습기,비,단일로 - 기타,승용,남,46세,상해없음,보행자,남,18세,경상
2013112400100570,2013년 11월 24일 22시,일요일,부산광역시 남구 감만동,부상신고사고,0,0,0,3,차대차 - 측면직각충돌,신호위반,습기,비,교차로 - 교차로안,화물,남,29세,상해없음,승합,남,64세,부상신고
2013112400100571,2013년 11월 24일 22시,일요일,부산광역시 사하구 장림동,경상사고,0,0,1,0,차대차 - 추돌 - 주정차중,안전운전불이행,습기,비,교차로 - 교차로부근,승합,남,41세,상해없음,승용,남,61세,경상
2013112400100612,2013년 11월 24일 23시,일요일,부산광역시 서구 서대신동3가,중상사고,0,1,3,0,차대차 - 기타,과속,습기,비,단일로 - 기타,승용,남,54세,기타불명,승용,남,48세,기타불명
2013112400100613,2013년 11월 24일 23시,일요일,부산광역시 강서구 대저2동,중상사고,0,1,1,0,차대차 - 기타,안전운전불이행,습기,비,기타 - 기타,화물,남,59세,상해없음,승용,남,37세,중상
2013112400100614,2013년 11월 24일 23시,일요일,부산광역시 기장군 기장읍,사망사고,1,1,1,0,차대차 - 정면충돌,중앙선침범,습기,비,교차로 - 교차로부근,승용,남,67세,경상,승용,남,31세,중상
2013112500100002,2013년 11월 25일 00시,월요일,부산광역시 중구 부평동1가,사망사고,1,2,0,0,차대사람 - 횡단중,보행자보호의무위반,습기,비,단일로 - 기타,승용,남,27세,상해없음,보행자,남,64세,중상
2013112500100003,2013년 11월 25일 00시,월요일,부산광역시 수영구 민락동,경상사고,0,0,1,2,차대차 - 측면직각충돌,중앙선침범,습기,비,교차로 - 교차로부근,승용,남,33세,상해없음,승용,남,34세,부상신고
2013112500100004,2013년 11월 25일 00시,월요일,부산광역시 부산진구 개금동,중상사고,0,1,0,0,차량단독 - 공작물충돌,안전운전불이행,습기,비,단일로 - 기타,승용,남,29세,중상,,,,
2013112500100005,2013년 11월 25일 00시,월요일,부산광역시 사상구 괘법동,경상사고,0,0,1,0,차대사람 - 차도통행중,안전운전불이행,습기,비,단일로 - 기타,이륜,남,27세,상해없음,보행자,남,61세,경상
2013112500100028,2013년 11월 25일 01시,월요일,부산광역시 수영구 광안동,중상사고,0,1,1,0,차대차 - 측면직각충돌,신호위반,습기,비,교차로 - 교차로안,승용,남,48세,상해없음,승용,남,62세,경상
2013112500100060,2013년 11월 25일 03시,월요일,부산광역시 중구 남포동1가,중상사고,0,1,0,0,차대사람 - 기타,안전운전불이행,습기,비,단일로 - 횡단보도부근,승용,남,45세,상해없음,보행자,남,24세,중상
2013112500100070,2013년 11월 25일 05시,월요일,부산광역시 금정구 금사동,중상사고,0,1,0,0,차대차 - 측면직각충돌,신호위반,습기,맑음,교차로 - 교차로안,승용,여,26세,상해없음,승용,남,51세,중상
2013112500100082,2013년 11월 25일 06시,월요일,부산광역시 기장군 기장읍,경상사고,0,0,1,0,차대차 - 정면충돌,안전운전불이행,습기,비,단일로 - 기타,승용,남,44세,상해없음,자전거,남,38세,경상
2013112500100101,2013년 11월 25일 07시,월요일,부산광역시 수영구 남천동,부상신고사고,0,0,0,1,차대사람 - 기타,안전운전불이행,건조,맑음,교차로 - 교차로부근,기타불명,기타불명,기타불명,기타불명,보행자,여,16세,부상신고
2013112500100130,2013년 11월 25일 08시,월요일,부산광역시 서구 초장동,중상사고,0,2,0,0,차대차 - 기타,신호위반,건조,맑음,교차로 - 교차로안,승용,남,43세,상해없음,원동기,남,63세,중상
2013112500100131,2013년 11월 25일 08시,월요일,부산광역시 동래구 명륜동,경상사고,0,0,1,0,차대사람 - 횡단중,안전운전불이행,건조,맑음,단일로 - 기타,승용,남,52세,상해없음,보행자,여,83세,경상
2013112500100132,2013년 11월 25일 08시,월요일,부산광역시 연제구 거제동,부상신고사고,0,0,0,1,차대차 - 기타,신호위반,건조,맑음,교차로 - 교차로안,원동기,남,42세,부상신고,승용,남,45세,상해없음
2013112500100182,2013년 11월 25일 09시,월요일,부산광역시 금정구 부곡동,경상사고,0,0,1,0,차대차 - 측면직각충돌,기타,건조,맑음,교차로 - 교차로안,승합,남,37세,상해없음,이륜,남,55세,경상
2013112500100183,2013년 11월 25일 09시,월요일,부산광역시 사하구 신평동,중상사고,0,1,0,0,차대사람 - 차도통행중,안전운전불이행,건조,맑음,단일로 - 기타,건설기계,남,49세,상해없음,보행자,남,57세,중상
2013112500100184,2013년 11월 25일 09시,월요일,부산광역시 강서구 대저1동,경상사고,0,0,1,1,차대차 - 추돌 - 주정차중,안전운전불이행,건조,흐림,교차로 - 교차로부근,화물,남,42세,상해없음,화물,남,29세,경상
2013112500100185,2013년 11월 25일 09시,월요일,부산광역시 사상구 감전동,경상사고,0,0,1,0,차량단독 - 기타,안전운전불이행,건조,맑음,단일로 - 기타,이륜,여,65세,경상,,,,
2013112500100298,2013년 11월 25일 13시,월요일,부산광역시 남구 대연동,경상사고,0,0,1,0,차대차 - 추돌 - 진행중,안전운전불이행,건조,맑음,단일로 - 기타,화물,남,68세,상해없음,이륜,남,37세,경상
2013112500100326,2013년 11월 25일 14시,월요일,부산광역시 남구 문현동,중상사고,0,1,0,0,차대사람 - 차도통행중,안전운전불이행,건조,맑음,교차로 - 교차로부근,승용,남,41세,상해없음,보행자,여,4세,중상
2013112500100327,2013년 11월 25일 14시,월요일,부산광역시 부산진구 부암동,중상사고,0,1,0,0,차대사람 - 횡단중,안전운전불이행,건조,맑음,단일로 - 기타,화물,남,68세,상해없음,보행자,여,46세,중상
2013112500100357,2013년 11월 25일 15시,월요일,부산광역시 중구 중앙동1가,경상사고,0,0,1,0,차대차 - 측면직각충돌,신호위반,건조,맑음,교차로 - 교차로안,화물,남,24세,상해없음,승용,남,23세,상해없음
2013112500100358,2013년 11월 25일 15시,월요일,부산광역시 해운대구 반송동,경상사고,0,0,2,0,차대차 - 기타,안전거리미확보,건조,맑음,단일로 - 기타,승용,남,57세,상해없음,승용,남,59세,경상
2013112500100380,2013년 11월 25일 16시,월요일,부산광역시 남구 문현동,중상사고,0,1,0,0,차대사람 - 길가장자리구역통행중,안전운전불이행,건조,맑음,단일로 - 기타,승용,남,71세,상해없음,보행자,여,78세,중상
2013112500100381,2013년 11월 25일 16시,월요일,부산광역시 북구 금곡동,중상사고,0,1,0,0,차대사람 - 횡단중,안전운전불이행,건조,맑음,단일로 - 기타,승용,여,46세,상해없음,보행자,여,70세,중상
2013112500100449,2013년 11월 25일 18시,월요일,부산광역시 사하구 신평동,중상사고,0,1,5,1,차대차 - 기타,안전운전불이행,건조,맑음,교차로 - 교차로안,화물,남,21세,부상신고,승용,남,36세,경상
2013112500100450,2013년 11월 25일 18시,월요일,부산광역시 사하구 구평동,부상신고사고,0,0,0,1,차대차 - 추돌 - 주정차중,안전운전불이행,건조,맑음,단일로 - 기타,승용,남,58세,상해없음,화물,남,36세,기타불명
2013112500100451,2013년 11월 25일 18시,월요일,부산광역시 연제구 연산동,중상사고,0,1,0,0,차대차 - 추돌 - 진행중,차로위반,건조,맑음,단일로 - 기타,승용,남,55세,상해없음,원동기,남,23세,중상
2013112500100511,2013년 11월 25일 19시,월요일,부산광역시 수영구 민락동,경상사고,0,0,1,0,차대차 - 정면충돌,안전운전불이행,건조,맑음,교차로 - 교차로안,승용,여,46세,상해없음,승용,남,73세,경상
2013112500100512,2013년 11월 25일 19시,월요일,부산광역시 금정구 회동동,경상사고,0,0,1,0,차대사람 - 기타,안전운전불이행,건조,맑음,교차로 - 교차로부근,화물,남,51세,상해없음,보행자,남,58세,경상
2013112500100513,2013년 11월 25일 19시,월요일,부산광역시 사상구 주례동,중상사고,0,1,0,0,차대사람 - 기타,중앙선침범,건조,맑음,단일로 - 기타,승용,남,50세,상해없음,보행자,여,38세,중상
2013112500100551,2013년 11월 25일 20시,월요일,부산광역시 영도구 대교동1가,중상사고,0,1,0,0,차대사람 - 횡단중,안전운전불이행,건조,맑음,기타 - 기타,화물,남,59세,상해없음,보행자,남,70세,중상
2013112500100552,2013년 11월 25일 20시,월요일,부산광역시 해운대구 우동,중상사고,0,2,2,0,차대사람 - 차도통행중,안전운전불이행,건조,기타,단일로 - 기타,승용,여,44세,상해없음,보행자,남,54세,중상
2013112500100553,2013년 11월 25일 20시,월요일,부산광역시 사하구 감천동,중상사고,0,1,0,1,차대차 - 기타,안전운전불이행,건조,맑음,교차로 - 교차로안,화물,남,57세,상해없음,원동기,남,19세,중상
2013112500100588,2013년 11월 25일 22시,월요일,부산광역시 연제구 연산동,경상사고,0,0,1,0,차대차 - 측면직각충돌,신호위반,건조,맑음,교차로 - 교차로안,승용,남,20세,상해없음,승용,남,46세,경상
2013112500100612,2013년 11월 25일 23시,월요일,부산광역시 부산진구 전포동,경상사고,0,0,1,0,차대사람 - 기타,안전운전불이행,건조,맑음,단일로 - 기타,승합,남,67세,상해없음,보행자,여,49세,경상
2013112600100018,2013년 11월 26일 01시,화요일,부산광역시 동구 초량동,경상사고,0,0,2,0,차대차 - 기타,안전운전불이행,건조,맑음,단일로 - 기타,승용,여,31세,상해없음,승용,남,67세,경상
2013112600100019,2013년 11월 26일 01시,화요일,부산광역시 금정구 부곡동,중상사고,0,1,0,0,차대사람 - 횡단중,안전운전불이행,건조,맑음,단일로 - 기타,승용,남,52세,상해없음,보행자,여,55세,중상
2013112600100020,2013년 11월 26일 01시,화요일,부산광역시 강서구 명지동,중상사고,0,1,0,0,차대차 - 측면직각충돌,신호위반,건조,맑음,교차로 - 교차로안,화물,남,45세,상해없음,승용,남,48세,중상
2013112600100036,2013년 11월 26일 02시,화요일,부산광역시 영도구 봉래동1가,경상사고,0,0,3,0,차대차 - 추돌 - 진행중,교차로운행방법위반,건조,맑음,교차로 - 교차로부근,승용,남,42세,상해없음,승용,남,56세,상해없음
2013112600100041,2013년 11월 26일 03시,화요일,부산광역시 부산진구 당감동,경상사고,0,0,2,0,차대차 - 추돌 - 진행중,안전거리미확보,건조,맑음,단일로 - 기타,승용,남,45세,상해없음,화물,남,46세,경상
2013112600100061,2013년 11월 26일 05시,화요일,부산광역시 사상구 주례동,중상사고,0,1,0,0,차대사람 - 기타,안전운전불이행,건조,맑음,교차로 - 교차로부근,승용,여,54세,상해없음,보행자,남,27세,중상
2013112600100068,2013년 11월 26일 06시,화요일,부산광역시 부산진구 연지동,중상사고,0,1,0,0,차대차 - 기타,안전거리미확보,기타,맑음,단일로 - 기타,화물,여,42세,상해없음,원동기,남,59세,중상
2013112600100069,2013년 11월 26일 06시,화요일,부산광역시 사상구 주례동,경상사고,0,0,1,0,차대차 - 추돌 - 진행중,직진우회전진행방해,건조,맑음,교차로 - 교차로부근,승용,남,53세,상해없음,승용,남,33세,경상
2013112600100089,2013년 11월 26일 07시,화요일,부산광역시 중구 부평동4가,경상사고,0,0,1,0,차대차 - 측면직각충돌,교차로운행방법위반,건조,맑음,교차로 - 교차로안,이륜,남,54세,경상,승용,여,31세,상해없음
2013112600100090,2013년 11월 26일 07시,화요일,부산광역시 남구 대연동,경상사고,0,0,1,0,차대사람 - 기타,안전운전불이행,건조,맑음,단일로 - 기타,승합,여,39세,상해없음,보행자,여,22세,경상
2013112600100091,2013년 11월 26일 07시,화요일,부산광역시 기장군 기장읍,경상사고,0,0,1,0,차대사람 - 기타,기타,건조,맑음,단일로 - 기타,승용,남,48세,상해없음,보행자,남,39세,경상
2013112600100118,2013년 11월 26일 08시,화요일,부산광역시 수영구 광안동,경상사고,0,0,1,0,차대차 - 기타,안전운전불이행,건조,맑음,교차로 - 교차로안,승용,남,30세,상해없음,승용,남,67세,상해없음
2013112600100119,2013년 11월 26일 08시,화요일,부산광역시 북구 만덕동,경상사고,0,0,1,0,차대차 - 추돌 - 진행중,안전거리미확보,건조,맑음,단일로 - 기타,승용,남,47세,상해없음,승합,남,53세,상해없음
2013112600100120,2013년 11월 26일 08시,화요일,부산광역시 해운대구 반여동,경상사고,0,0,1,0,차대차 - 추돌 - 진행중,안전운전불이행,건조,맑음,교차로 - 교차로부근,승용,여,33세,상해없음,승용,여,42세,경상
2013112600100121,2013년 11월 26일 08시,화요일,부산광역시 해운대구 우동,경상사고,0,0,1,0,차대사람 - 길가장자리구역통행중,안전운전불이행,건조,맑음,단일로 - 기타,화물,남,62세,상해없음,보행자,여,13세,경상
2013112600100122,2013년 11월 26일 08시,화요일,부산광역시 사하구 다대동,경상사고,0,0,1,0,차대사람 - 차도통행중,안전운전불이행,건조,맑음,교차로 - 교차로부근,승합,남,49세,상해없음,보행자,여,34세,경상
2013112600100123,2013년 11월 26일 08시,화요일,부산광역시 사상구 괘법동,중상사고,0,1,0,0,차대차 - 기타,중앙선침범,건조,맑음,단일로 - 기타,화물,남,61세,상해없음,이륜,남,46세,중상
2013112600100185,2013년 11월 26일 09시,화요일,부산광역시 중구 영주동,중상사고,0,1,0,0,차대사람 - 횡단중,안전운전불이행,건조,맑음,단일로 - 기타,승용,남,80세,상해없음,보행자,여,73세,중상
2013112600100186,2013년 11월 26일 09시,화요일,부산광역시 기장군 기장읍,중상사고,0,1,0,0,차대사람 - 횡단중,안전운전불이행,건조,맑음,교차로 - 교차로부근,화물,여,65세,상해없음,보행자,여,63세,중상
2013112600100220,2013년 11월 26일 10시,화요일,부산광역시 동래구 명장동,중상사고,0,1,0,1,차대차 - 기타,안전운전불이행,건조,맑음,교차로 - 교차로안,승용,남,28세,부상신고,승용,남,58세,중상
2013112600100243,2013년 11월 26일 11시,화요일,부산광역시 금정구 부곡동,부상신고사고,0,0,0,1,차대차 - 추돌 - 진행중,안전거리미확보,건조,맑음,단일로 - 기타,승용,여,25세,상해없음,승용,남,49세,부상신고
2013112600100244,2013년 11월 26일 11시,화요일,부산광역시 기장군 기장읍,경상사고,0,0,1,0,차대사람 - 횡단중,안전운전불이행,건조,맑음,단일로 - 기타,화물,남,40세,상해없음,보행자,남,33세,경상
2013112600100265,2013년 11월 26일 12시,화요일,부산광역시 기장군 기장읍,경상사고,0,0,2,0,차대차 - 추돌 - 주정차중,안전운전불이행,건조,맑음,교차로 - 교차로부근,화물,남,28세,상해없음,승용,여,42세,경상
2013112600100326,2013년 11월 26일 14시,화요일,부산광역시 금정구 구서동,경상사고,0,0,2,0,차대차 - 측면직각충돌,안전운전불이행,건조,맑음,교차로 - 교차로부근,건설기계,남,46세,상해없음,승용,남,57세,경상
2013112600100357,2013년 11월 26일 15시,화요일,부산광역시 서구 부민동3가,중상사고,0,1,0,0,차대사람 - 길가장자리구역통행중,안전운전불이행,건조,맑음,단일로 - 기타,승용,여,55세,상해없음,보행자,여,59세,중상
2013112600100388,2013년 11월 26일 16시,화요일,부산광역시 수영구 남천동,중상사고,0,1,0,0,차대차 - 측면직각충돌,안전운전불이행,건조,맑음,단일로 - 기타,화물,남,27세,상해없음,이륜,남,53세,중상
2013112600100389,2013년 11월 26일 16시,화요일,부산광역시 해운대구 송정동,중상사고,0,1,1,0,차대차 - 측면직각충돌,교차로운행방법위반,건조,맑음,교차로 - 교차로안,승용,남,23세,상해없음,승용,남,65세,경상
2013112600100390,2013년 11월 26일 16시,화요일,부산광역시 사상구 괘법동,경상사고,0,0,1,0,차대차 - 기타,직진우회전진행방해,건조,맑음,교차로 - 교차로안,승용,남,48세,상해없음,이륜,남,59세,경상
2013112600100420,2013년 11월 26일 17시,화요일,부산광역시 사하구 하단동,중상사고,0,1,0,0,차대차 - 측면직각충돌,기타,건조,맑음,단일로 - 기타,승합,남,64세,상해없음,이륜,남,29세,중상
2013112600100421,2013년 11월 26일 17시,화요일,부산광역시 연제구 연산동,경상사고,0,0,2,0,차대차 - 측면직각충돌,안전운전불이행,건조,맑음,단일로 - 기타,승용,남,62세,상해없음,승용,남,29세,경상
2013112600100477,2013년 11월 26일 18시,화요일,부산광역시 금정구 부곡동,경상사고,0,0,2,0,차대차 - 추돌 - 진행중,기타,건조,맑음,단일로 - 기타,승용,남,62세,상해없음,이륜,남,16세,경상
2013112600100555,2013년 11월 26일 20시,화요일,부산광역시 사하구 신평동,중상사고,0,1,0,0,차대사람 - 기타,안전운전불이행,건조,맑음,교차로 - 교차로안,화물,남,42세,상해없음,보행자,여,62세,중상
2013112600100580,2013년 11월 26일 21시,화요일,부산광역시 해운대구 재송동,경상사고,0,0,4,0,차대차 - 기타,안전운전불이행,건조,맑음,교차로 - 교차로부근,승용,남,32세,상해없음,승용,남,64세,경상
2013112600100618,2013년 11월 26일 22시,화요일,부산광역시 수영구 광안동,중상사고,0,1,1,0,차대차 - 정면충돌,기타,건조,맑음,교차로 - 교차로안,승용,남,68세,중상,승용,남,26세,경상
2013112600100647,2013년 11월 26일 23시,화요일,부산광역시 동구 초량동,경상사고,0,0,1,0,차대차 - 기타,안전운전불이행,건조,맑음,교차로 - 교차로부근,승용,남,51세,상해없음,승용,여,33세,경상
2013112600100648,2013년 11월 26일 23시,화요일,부산광역시 수영구 남천동,중상사고,0,1,0,0,차대차 - 기타,안전운전불이행,건조,맑음,교차로 - 교차로안,기타불명,기타불명,기타불명,기타불명,이륜,남,45세,중상
2013112600100649,2013년 11월 26일 23시,화요일,부산광역시 해운대구 우동,중상사고,0,2,1,0,차대차 - 정면충돌,신호위반,건조,맑음,교차로 - 교차로안,승용,남,32세,상해없음,승용,남,47세,중상
2013112600100650,2013년 11월 26일 23시,화요일,부산광역시 금정구 부곡동,경상사고,0,0,1,0,차대차 - 기타,직진우회전진행방해,건조,맑음,교차로 - 교차로안,승용,남,54세,상해없음,원동기,남,25세,경상
2013112700100068,2013년 11월 27일 05시,수요일,부산광역시 동구 범일동,중상사고,0,1,0,0,차대차 - 기타,신호위반,건조,맑음,교차로 - 교차로안,승합,남,44세,상해없음,승합,남,36세,중상
2013112700100098,2013년 11월 27일 07시,수요일,부산광역시 기장군 장안읍,중상사고,0,1,0,0,차대사람 - 길가장자리구역통행중,안전운전불이행,건조,맑음,단일로 - 기타,승용,여,56세,상해없음,보행자,여,80세,중상
2013112700100156,2013년 11월 27일 09시,수요일,부산광역시 북구 금곡동,경상사고,0,0,1,0,차대차 - 측면직각충돌,신호위반,건조,맑음,교차로 - 교차로안,승용,여,44세,상해없음,승용,여,65세,경상
2013112700100178,2013년 11월 27일 10시,수요일,부산광역시 해운대구 우동,부상신고사고,0,0,0,1,차대사람 - 기타,기타,건조,맑음,단일로 - 기타,승용,남,47세,상해없음,보행자,여,4세,부상신고
2013112700100188,2013년 11월 27일 11시,수요일,부산광역시 부산진구 전포동,중상사고,0,1,0,0,차대사람 - 횡단중,안전운전불이행,건조,맑음,단일로 - 횡단보도상,화물,남,26세,상해없음,보행자,여,76세,중상
2013112700100189,2013년 11월 27일 11시,수요일,부산광역시 사상구 감전동,중상사고,0,1,0,0,차대사람 - 기타,안전운전불이행,건조,맑음,단일로 - 기타,원동기,남,18세,상해없음,보행자,남,63세,중상
2013112700100216,2013년 11월 27일 12시,수요일,부산광역시 동구 범일동,중상사고,0,1,0,0,차대차 - 기타,중앙선침범,습기,비,단일로 - 기타,승용,남,33세,상해없음,원동기,남,47세,중상
2013112700100217,2013년 11월 27일 12시,수요일,부산광역시 수영구 남천동,경상사고,0,0,1,0,차대차 - 추돌 - 진행중,안전운전불이행,건조,맑음,단일로 - 기타,승용,여,43세,상해없음,승용,여,28세,경상
2013112700100218,2013년 11월 27일 12시,수요일,부산광역시 연제구 거제동,경상사고,0,0,1,0,차대차 - 기타,안전운전불이행,건조,맑음,교차로 - 교차로부근,승용,기타불명,기타불명,기타불명,원동기,남,57세,경상
2013112700100219,2013년 11월 27일 12시,수요일,부산광역시 사상구 삼락동,경상사고,0,0,2,0,차대차 - 기타,안전운전불이행,건조,맑음,단일로 - 기타,화물,남,45세,상해없음,자전거,여,52세,경상
2013112700100240,2013년 11월 27일 13시,수요일,부산광역시 북구 덕천동,중상사고,0,1,0,0,차대차 - 추돌 - 진행중,안전운전불이행,습기,맑음,단일로 - 기타,승용,여,42세,상해없음,승용,남,42세,중상
2013112700100241,2013년 11월 27일 13시,수요일,부산광역시 동래구 온천동,경상사고,0,0,1,0,차대사람 - 길가장자리구역통행중,안전운전불이행,건조,맑음,교차로 - 교차로부근,승용,남,60세,상해없음,보행자,여,58세,경상
2013112700100242,2013년 11월 27일 13시,수요일,부산광역시 부산진구 당감동,경상사고,0,0,1,0,차대차 - 기타,교차로운행방법위반,건조,맑음,교차로 - 교차로안,승합,남,56세,상해없음,승용,여,45세,상해없음
2013112700100270,2013년 11월 27일 14시,수요일,부산광역시 동구 범일동,경상사고,0,0,1,0,차대차 - 측면직각충돌,안전거리미확보,건조,맑음,단일로 - 기타,건설기계,남,60세,상해없음,승용,남,41세,경상
2013112700100271,2013년 11월 27일 14시,수요일,부산광역시 해운대구 중동,경상사고,0,0,1,0,차대차 - 측면직각충돌,신호위반,건조,맑음,교차로 - 교차로안,화물,여,39세,상해없음,승합,남,60세,경상
2013112700100272,2013년 11월 27일 14시,수요일,부산광역시 해운대구 중동,중상사고,0,2,1,0,차대차 - 기타,안전거리미확보,기타,맑음,교차로 - 교차로안,승용,남,28세,경상,승용,여,50세,중상
2013112700100273,2013년 11월 27일 14시,수요일,부산광역시 금정구 회동동,중상사고,0,1,0,0,차대차 - 측면직각충돌,안전거리미확보,건조,맑음,단일로 - 기타,승용,여,34세,상해없음,승용,여,53세,중상
2013112700100305,2013년 11월 27일 15시,수요일,부산광역시 남구 용호동,경상사고,0,0,1,0,차량단독 - 기타,안전운전불이행,건조,맑음,단일로 - 기타,승합,남,29세,상해없음,,,,
2013112700100342,2013년 11월 27일 16시,수요일,부산광역시 동래구 명륜동,중상사고,0,1,0,0,차대사람 - 횡단중,중앙선침범,건조,맑음,단일로 - 기타,이륜,기타불명,기타불명,기타불명,보행자,여,54세,중상
2013112700100343,2013년 11월 27일 16시,수요일,부산광역시 기장군 정관면,중상사고,0,1,0,0,차대사람 - 횡단중,안전운전불이행,건조,맑음,단일로 - 기타,승용,남,39세,상해없음,보행자,남,7세,중상
2013112700100425,2013년 11월 27일 18시,수요일,부산광역시 동래구 온천동,경상사고,0,0,1,0,차대차 - 기타,안전거리미확보,건조,맑음,단일로 - 기타,승용,여,47세,상해없음,승용,남,53세,경상
2013112700100484,2013년 11월 27일 19시,수요일,부산광역시 남구 대연동,경상사고,0,0,1,0,차대차 - 추돌 - 진행중,안전운전불이행,건조,맑음,단일로 - 기타,승용,남,54세,상해없음,승용,남,49세,경상
2013112700100485,2013년 11월 27일 19시,수요일,부산광역시 금정구 구서동,경상사고,0,0,1,0,차대차 - 추돌 - 진행중,안전거리미확보,건조,맑음,교차로 - 교차로부근,화물,남,59세,상해없음,승용,남,48세,상해없음
2013112700100486,2013년 11월 27일 19시,수요일,부산광역시 사하구 다대동,경상사고,0,0,1,0,차대사람 - 기타,보행자보호의무위반,건조,맑음,단일로 - 기타,승용,남,54세,상해없음,보행자,여,66세,경상
2013112700100487,2013년 11월 27일 19시,수요일,부산광역시 연제구 거제동,중상사고,0,1,0,0,차대차 - 기타,안전거리미확보,건조,맑음,단일로 - 기타,승용,남,50세,상해없음,원동기,남,23세,중상
2013112700100523,2013년 11월 27일 20시,수요일,부산광역시 수영구 수영동,부상신고사고,0,0,0,1,차대차 - 기타,안전운전불이행,건조,맑음,단일로 - 기타,자전거,남,12세,부상신고,승용,남,44세,상해없음
2013112700100563,2013년 11월 27일 21시,수요일,부산광역시 금정구 부곡동,경상사고,0,0,1,0,차대차 - 추돌 - 진행중,안전운전불이행,건조,맑음,교차로 - 교차로안,승용,여,49세,상해없음,원동기,남,37세,경상
2013112700100564,2013년 11월 27일 21시,수요일,부산광역시 연제구 연산동,중상사고,0,1,0,0,차대사람 - 기타,안전운전불이행,건조,맑음,교차로 - 교차로부근,승용,남,32세,상해없음,보행자,여,54세,중상
2013112700100565,2013년 11월 27일 21시,수요일,부산광역시 연제구 연산동,중상사고,0,1,0,0,차량단독 - 기타,안전운전불이행,건조,맑음,단일로 - 기타,승합,남,53세,상해없음,,,,