사고번호,사고일시,요일,시군구,사고내용,사망자수,중상자수,경상자수,부상신고자수,사고유형,법규위반,노면상태,기상상태,도로형태,가해운전자 차종,가해운전자 성별,가해운전자 연령,가해운전자 상해정도,피해운전자 차종,피해운전자 성별,피해운전자 연령,피해운전자 상해정도
2013120100100009,2013년 12월 1일 00시,일요일,부산광역시 사하구 괴정동,중상사고,0,1,0,0,차대사람 - 횡단중,안전운전불이행,건조,맑음,단일로 - 기타,승용,남,66세,상해없음,보행자,남,46세,중상
2013120100100027,2013년 12월 1일 01시,일요일,부산광역시 수영구 남천동,경상사고,0,0,3,0,차대차 - 측면직각충돌,신호위반,건조,맑음,교차로 - 교차로안,승용,남,57세,상해없음,승용,남,53세,경상
2013120100100078,2013년 12월 1일 04시,일요일,부산광역시 동래구 온천동,경상사고,0,0,2,0,차대차 - 정면충돌,중앙선침범,건조,맑음,교차로 - 교차로부근,승용,남,43세,상해없음,승용,남,51세,경상
2013120100100104,2013년 12월 1일 06시,일요일,부산광역시 강서구 범방동,중상사고,0,4,0,1,차대차 - 정면충돌,중앙선침범,건조,맑음,단일로 - 기타,승용,남,33세,부상신고,승용,남,65세,중상
2013120100100116,2013년 12월 1일 07시,일요일,부산광역시 동구 수정동,경상사고,0,0,1,0,차대차 - 기타,안전운전불이행,건조,맑음,단일로 - 기타,승용,남,25세,상해없음,승용,남,59세,경상
2013120100100123,2013년 12월 1일 08시,일요일,부산광역시 금정구 부곡동,경상사고,0,0,2,0,차대차 - 측면직각충돌,신호위반,건조,맑음,교차로 - 교차로안,승용,남,34세,상해없음,승용,남,73세,경상
2013120100100132,2013년 12월 1일 09시,일요일,부산광역시 남구 문현동,중상사고,0,1,0,0,차대차 - 추돌 - 진행중,신호위반,건조,맑음,교차로 - 교차로안,승용,남,69세,상해없음,승용,남,33세,중상
2013120100100153,2013년 12월 1일 10시,일요일,부산광역시 동구 초량동,사망사고,1,0,0,0,차대사람 - 기타,안전운전불이행,건조,맑음,교차로 - 교차로안,승용,남,50세,상해없음,보행자,남,49세,사망
2013120100100154,2013년 12월 1일 10시,일요일,부산광역시 금정구 청룡동,경상사고,0,0,1,0,차대사람 - 기타,안전운전불이행,건조,맑음,단일로 - 기타,승용,남,70세,상해없음,보행자,여,26세,경상
2013120100100194,2013년 12월 1일 12시,일요일,부산광역시 동구 초량동,경상사고,0,0,2,0,차대차 - 추돌 - 진행중,교차로운행방법위반,건조,맑음,교차로 - 교차로안,승용,남,35세,경상,승용,남,40세,경상
2013120100100195,2013년 12월 1일 12시,일요일,부산광역시 남구 대연동,중상사고,0,1,0,0,차대차 - 기타,안전운전불이행,건조,맑음,교차로 - 교차로안,승용,남,27세,상해없음,이륜,남,19세,중상
2013120100100225,2013년 12월 1일 13시,일요일,부산광역시 중구 부평동1가,경상사고,0,0,2,0,차대차 - 측면직각충돌,교차로운행방법위반,건조,맑음,교차로 - 교차로안,승용,남,58세,상해없음,승용,남,51세,경상
2013120100100226,2013년 12월 1일 13시,일요일,부산광역시 영도구 영선동3가,경상사고,0,0,1,0,차대차 - 측면직각충돌,교차로운행방법위반,건조,맑음,교차로 - 교차로안,승용,남,71세,상해없음,승용,여,54세,경상
2013120100100266,2013년 12월 1일 15시,일요일,부산광역시 해운대구 우동,경상사고,0,0,1,0,차대차 - 측면직각충돌,안전운전불이행,건조,맑음,단일로 - 기타,승용,남,43세,상해없음,승용,남,46세,상해없음
2013120100100268,2013년 12월 1일 15시,일요일,부산광역시 강서구 봉림동,중상사고,0,1,1,0,차대차 - 추돌 - 주정차중,안전운전불이행,건조,맑음,단일로 - 기타,승용,남,23세,상해없음,승합,남,49세,중상
2013120100100290,2013년 12월 1일 16시,일요일,부산광역시 서구 충무동1가,경상사고,0,0,1,0,차대차 - 기타,안전거리미확보,건조,맑음,단일로 - 기타,승용,남,36세,상해없음,승용,남,50세,경상
2013120100100291,2013년 12월 1일 16시,일요일,부산광역시 수영구 남천동,경상사고,0,0,1,0,차대차 - 추돌 - 진행중,안전운전불이행,건조,맑음,단일로 - 기타,승용,남,53세,상해없음,승용,남,27세,경상
2013120100100292,2013년 12월 1일 16시,일요일,부산광역시 동래구 온천동,경상사고,0,0,1,0,차대사람 - 길가장자리구역통행중,안전운전불이행,건조,맑음,단일로 - 기타,승용,남,79세,기타불명,보행자,여,59세,경상
2013120100100319,2013년 12월 1일 17시,일요일,부산광역시 해운대구 우동,경상사고,0,0,2,0,차대차 - 측면직각충돌,안전거리미확보,건조,맑음,단일로 - 기타,승용,남,54세,상해없음,승용,남,33세,상해없음
2013120100100320,2013년 12월 1일 17시,일요일,부산광역시 사상구 주례동,중상사고,0,1,0,0,차대사람 - 횡단중,안전운전불이행,건조,맑음,단일로 - 기타,승합,남,57세,상해없음,보행자,여,42세,중상
2013120100100321,2013년 12월 1일 17시,일요일,부산광역시 사상구 학장동,경상사고,0,0,1,0,차대차 - 측면직각충돌,교차로운행방법위반,건조,맑음,교차로 - 교차로안,승용,남,33세,상해없음,이륜,남,61세,경상
2013120100100347,2013년 12월 1일 18시,일요일,부산광역시 금정구 남산동,중상사고,0,1,0,0,차대사람 - 기타,보행자보호의무위반,건조,맑음,단일로 - 횡단보도상,이륜,남,80세,상해없음,보행자,여,75세,중상
2013120100100348,2013년 12월 1일 18시,일요일,부산광역시 강서구 대저1동,경상사고,0,0,2,0,차대차 - 기타,안전운전불이행,건조,맑음,기타 - 기타,화물,남,34세,경상,승용,여,28세,경상
2013120100100349,2013년 12월 1일 18시,일요일,부산광역시 사상구 덕포동,사망사고,1,0,0,0,차대사람 - 기타,안전운전불이행,건조,맑음,단일로 - 횡단보도부근,승합,남,56세,상해없음,보행자,남,58세,사망
2013120100100383,2013년 12월 1일 19시,일요일,부산광역시 해운대구 송정동,부상신고사고,0,0,0,1,차대차 - 추돌 - 진행중,안전운전불이행,건조,맑음,단일로 - 횡단보도부근,이륜,남,50세,부상신고,승용,남,50세,상해없음
2013120100100384,2013년 12월 1일 19시,일요일,부산광역시 해운대구 반여동,경상사고,0,0,1,0,차대차 - 측면직각충돌,신호위반,건조,맑음,교차로 - 교차로안,원동기,기타불명,기타불명,기타불명,승용,남,34세,경상
2013120100100412,2013년 12월 1일 20시,일요일,부산광역시 서구 부민동1가,부상신고사고,0,0,0,1,차대차 - 기타,안전거리미확보,건조,맑음,단일로 - 기타,이륜,남,15세,부상신고,승용,여,43세,상해없음
2013120100100413,2013년 12월 1일 20시,일요일,부산광역시 북구 구포동,경상사고,0,0,1,0,차대차 - 추돌 - 진행중,안전운전불이행,건조,맑음,기타 - 기타,기타불명,기타불명,기타불명,기타불명,이륜,여,35세,경상
2013120100100414,2013년 12월 1일 20시,일요일,부산광역시 금정구 부곡동,중상사고,0,1,0,1,차대차 - 정면충돌,중앙선침범,건조,맑음,단일로 - 기타,이륜,남,49세,부상신고,이륜,남,27세,중상
2013120100100415,2013년 12월 1일 20시,일요일,부산광역시 사상구 주례동,중상사고,0,7,0,1,차대차 - 정면충돌,중앙선침범,건조,맑음,단일로 - 기타,승용,남,27세,부상신고,승용,남,33세,중상
2013120100100442,2013년 12월 1일 21시,일요일,부산광역시 남구 대연동,부상신고사고,0,0,0,1,차대차 - 기타,안전거리미확보,건조,맑음,단일로 - 기타,승용,남,31세,상해없음,승합,남,54세,상해없음
2013120100100443,2013년 12월 1일 21시,일요일,부산광역시 해운대구 우동,중상사고,0,1,4,0,차량단독 - 공작물충돌,안전운전불이행,건조,맑음,단일로 - 기타,승용,남,18세,경상,,,,
2013120100100444,2013년 12월 1일 21시,일요일,부산광역시 연제구 거제동,경상사고,0,0,1,0,차대차 - 측면직각충돌,신호위반,건조,맑음,교차로 - 교차로안,이륜,남,27세,경상,승용,남,54세,상해없음
2013120100100445,2013년 12월 1일 21시,일요일,부산광역시 사상구 덕포동,경상사고,0,0,1,0,차대차 - 측면직각충돌,신호위반,건조,맑음,교차로 - 교차로안,승용,남,56세,상해없음,이륜,남,28세,경상
2013120100100461,2013년 12월 1일 22시,일요일,부산광역시 남구 용호동,경상사고,0,0,2,0,차대차 - 추돌 - 주정차중,안전운전불이행,건조,맑음,단일로 - 기타,이륜,남,53세,경상,승용,남,50세,경상
2013120100100462,2013년 12월 1일 22시,일요일,부산광역시 동래구 수안동,중상사고,0,1,0,0,차대차 - 기타,안전운전불이행,건조,맑음,단일로 - 기타,승용,여,41세,상해없음,원동기,남,25세,중상
2013120100100482,2013년 12월 1일 23시,일요일,부산광역시 서구 부용동1가,경상사고,0,0,3,0,차대차 - 기타,신호위반,건조,맑음,교차로 - 교차로안,승용,남,59세,상해없음,승용,남,55세,상해없음
2013120200100026,2013년 12월 2일 03시,월요일,부산광역시 해운대구 재송동,경상사고,0,0,2,0,차대사람 - 기타,안전운전불이행,건조,맑음,단일로 - 기타,승용,남,63세,상해없음,보행자,여,27세,경상
2013120200100037,2013년 12월 2일 05시,월요일,부산광역시 부산진구 양정동,경상사고,0,0,1,0,차대사람 - 횡단중,신호위반,건조,맑음,단일로 - 횡단보도상,승합,기타불명,기타불명,기타불명,보행자,남,76세,경상
2013120200100047,2013년 12월 2일 06시,월요일,부산광역시 서구 남부민동,중상사고,0,1,0,0,차대사람 - 기타,신호위반,건조,맑음,단일로 - 기타,승용,여,67세,상해없음,보행자,남,53세,중상
2013120200100048,2013년 12월 2일 06시,월요일,부산광역시 동래구 안락동,중상사고,0,1,0,0,차대사람 - 길가장자리구역통행중,안전운전불이행,건조,맑음,단일로 - 기타,이륜,기타불명,기타불명,기타불명,보행자,여,53세,중상
2013120200100139,2013년 12월 2일 09시,월요일,부산광역시 동구 초량동,중상사고,0,1,0,0,차대사람 - 횡단중,안전운전불이행,건조,맑음,단일로 - 기타,승용,남,49세,상해없음,보행자,여,53세,중상
2013120200100140,2013년 12월 2일 09시,월요일,부산광역시 동구 범일동,중상사고,0,1,0,0,차대차 - 추돌 - 진행중,안전거리미확보,건조,맑음,미분류 - 미분류,화물,남,55세,상해없음,화물,남,63세,중상
2013120200100141,2013년 12월 2일 09시,월요일,부산광역시 영도구 영선동3가,경상사고,0,0,1,0,차대차 - 기타,안전운전불이행,건조,맑음,교차로 - 교차로안,화물,남,53세,상해없음,이륜,남,76세,경상
2013120200100167,2013년 12월 2일 10시,월요일,부산광역시 동구 수정동,경상사고,0,0,1,1,차대차 - 기타,안전거리미확보,건조,맑음,단일로 - 기타,승용,남,52세,상해없음,승합,남,48세,상해없음
2013120200100194,2013년 12월 2일 11시,월요일,부산광역시 동래구 사직동,중상사고,0,1,0,0,차대사람 - 길가장자리구역통행중,안전운전불이행,건조,맑음,단일로 - 기타,화물,남,33세,상해없음,보행자,여,78세,중상
2013120200100195,2013년 12월 2일 11시,월요일,부산광역시 금정구 부곡동,경상사고,0,0,1,0,차대차 - 기타,교차로운행방법위반,건조,맑음,교차로 - 교차로안,기타불명,기타불명,기타불명,기타불명,승용,여,33세,경상
2013120200100215,2013년 12월 2일 12시,월요일,부산광역시 영도구 봉래동3가,경상사고,0,0,1,0,차대차 - 기타,안전운전불이행,건조,맑음,단일로 - 기타,승용,남,66세,상해없음,승합,남,39세,상해없음
2013120200100216,2013년 12월 2일 12시,월요일,부산광역시 해운대구 재송동,중상사고,0,1,0,0,차대차 - 추돌 - 진행중,안전거리미확보,건조,맑음,단일로 - 기타,승용,여,42세,상해없음,이륜,남,27세,중상
2013120200100217,2013년 12월 2일 12시,월요일,부산광역시 기장군 기장읍,부상신고사고,0,0,0,1,차대사람 - 길가장자리구역통행중,안전운전불이행,건조,맑음,교차로 - 교차로부근,승용,남,49세,상해없음,보행자,여,51세,부상신고
2013120200100247,2013년 12월 2일 13시,월요일,부산광역시 수영구 망미동,중상사고,0,1,0,0,차대차 - 측면직각충돌,교차로운행방법위반,건조,맑음,교차로 - 교차로안,승용,남,44세,상해없음,이륜,남,44세,중상
2013120200100273,2013년 12월 2일 14시,월요일,부산광역시 동래구 온천동,경상사고,0,0,2,0,차대차 - 정면충돌,차로위반,건조,맑음,단일로 - 기타,승용,여,55세,상해없음,승용,남,56세,경상
2013120200100274,2013년 12월 2일 14시,월요일,부산광역시 사하구 하단동,경상사고,0,0,1,0,차대차 - 추돌 - 주정차중,안전거리미확보,건조,맑음,단일로 - 기타,승용,남,37세,상해없음,승합,남,49세,상해없음
2013120200100296,2013년 12월 2일 15시,월요일,부산광역시 남구 문현동,경상사고,0,0,1,0,차대차 - 측면직각충돌,기타,건조,맑음,교차로 - 교차로안,승용,남,35세,상해없음,승용,여,35세,경상
2013120200100297,2013년 12월 2일 15시,월요일,부산광역시 동래구 낙민동,경상사고,0,0,1,0,차대차 - 추돌 - 진행중,안전거리미확보,건조,맑음,단일로 - 기타,승용,남,47세,상해없음,승용,남,63세,경상
2013120200100298,2013년 12월 2일 15시,월요일,부산광역시 강서구 미음동,경상사고,0,0,1,0,차대차 - 기타,중앙선침범,건조,맑음,단일로 - 기타,화물,남,58세,상해없음,승용,남,55세,경상
2013120200100324,2013년 12월 2일 16시,월요일,부산광역시 강서구 강동동,경상사고,0,0,1,0,차대차 - 추돌 - 진행중,안전거리미확보,건조,맑음,단일로 - 기타,승용,여,44세,상해없음,화물,남,34세,경상
2013120200100353,2013년 12월 2일 17시,월요일,부산광역시 사상구 학장동,경상사고,0,0,1,1,차대차 - 측면직각충돌,안전거리미확보,건조,맑음,단일로 - 기타,승용,남,30세,부상신고,화물,남,66세,상해없음
2013120200100394,2013년 12월 2일 18시,월요일,부산광역시 북구 구포동,경상사고,0,0,2,0,차대차 - 추돌 - 진행중,안전거리미확보,건조,맑음,단일로 - 기타,승용,여,43세,상해없음,승용,남,45세,경상
2013120200100395,2013년 12월 2일 18시,월요일,부산광역시 영도구 청학동,중상사고,0,1,0,0,차대사람 - 기타,중앙선침범,건조,맑음,단일로 - 기타,화물,남,63세,상해없음,보행자,여,69세,중상
2013120200100396,2013년 12월 2일 18시,월요일,부산광역시 금정구 서동,중상사고,0,1,0,0,차대사람 - 기타,안전운전불이행,건조,맑음,단일로 - 기타,승용,남,73세,상해없음,보행자,여,59세,중상
2013120200100397,2013년 12월 2일 18시,월요일,부산광역시 금정구 금사동,중상사고,0,2,0,0,차대차 - 추돌 - 진행중,안전운전불이행,건조,맑음,단일로 - 기타,화물,남,63세,상해없음,승용,여,26세,중상
2013120200100398,2013년 12월 2일 18시,월요일,부산광역시 강서구 송정동,경상사고,0,0,1,0,차대차 - 측면직각충돌,안전운전불이행,건조,맑음,단일로 - 기타,건설기계,남,33세,상해없음,화물,남,65세,경상
2013120200100453,2013년 12월 2일 19시,월요일,부산광역시 중구 대창동1가,중상사고,0,1,0,0,차대사람 - 기타,안전운전불이행,건조,맑음,교차로 - 교차로부근,화물,남,44세,상해없음,보행자,여,15세,중상
2013120200100485,2013년 12월 2일 20시,월요일,부산광역시 연제구 연산동,경상사고,0,0,1,0,차대차 - 측면직각충돌,안전거리미확보,건조,맑음,단일로 - 기타,승용,남,42세,상해없음,승용,남,41세,경상
2013120200100506,2013년 12월 2일 21시,월요일,부산광역시 금정구 남산동,경상사고,0,0,2,0,차대차 - 추돌 - 진행중,안전운전불이행,건조,맑음,교차로 - 교차로부근,승용,여,32세,상해없음,승용,남,31세,경상
2013120200100507,2013년 12월 2일 21시,월요일,부산광역시 금정구 구서동,경상사고,0,0,1,0,차량단독 - 기타,교차로운행방법위반,건조,맑음,교차로 - 교차로안,승용,남,65세,상해없음,,,,
2013120200100531,2013년 12월 2일 22시,월요일,부산광역시 수영구 민락동,중상사고,0,1,0,0,차량단독 - 기타,안전운전불이행,건조,맑음,단일로 - 기타,승합,남,52세,상해없음,,,,
2013120200100532,2013년 12월 2일 22시,월요일,부산광역시 사상구 모라동,경상사고,0,0,1,0,차대차 - 추돌 - 진행중,안전운전불이행,건조,맑음,교차로 - 교차로부근,승용,남,36세,상해없음,승용,남,43세,경상
2013120200100554,2013년 12월 2일 23시,월요일,부산광역시 남구 대연동,경상사고,0,0,1,0,차대차 - 추돌 - 진행중,안전거리미확보,건조,맑음,교차로 - 교차로부근,승용,남,52세,상해없음,승용,남,38세,경상
2013120200100555,2013년 12월 2일 23시,월요일,부산광역시 북구 구포동,경상사고,0,0,1,0,차대사람 - 기타,안전운전불이행,건조,맑음,단일로 - 기타,승용,여,54세,상해없음,보행자,여,48세,경상
2013120300100001,2013년 12월 3일 00시,화요일,부산광역시 중구 남포동1가,경상사고,0,0,1,0,차대사람 - 횡단중,안전운전불이행,건조,맑음,단일로 - 기타,승용,남,63세,상해없음,보행자,남,52세,경상
2013120300100015,2013년 12월 3일 01시,화요일,부산광역시 금정구 부곡동,경상사고,0,0,1,0,차대차 - 추돌 - 주정차중,안전운전불이행,건조,맑음,단일로 - 기타,기타불명,기타불명,기타불명,기타불명,승용,남,54세,경상
2013120300100049,2013년 12월 3일 06시,화요일,부산광역시 강서구 대저1동,중상사고,0,1,0,0,차대차 - 측면직각충돌,안전운전불이행,건조,맑음,단일로 - 기타,화물,남,63세,상해없음,자전거,남,71세,중상
2013120300100067,2013년 12월 3일 07시,화요일,부산광역시 서구 암남동,사망사고,1,0,0,0,차대차 - 기타,안전운전불이행,건조,맑음,교차로 - 교차로부근,승용,남,40세,상해없음,자전거,남,79세,사망
2013120300100068,2013년 12월 3일 07시,화요일,부산광역시 북구 만덕동,중상사고,0,1,0,0,차대차 - 추돌 - 진행중,안전운전불이행,건조,맑음,단일로 - 기타,건설기계,남,47세,상해없음,승용,남,35세,중상
2013120300100069,2013년 12월 3일 07시,화요일,부산광역시 영도구 청학동,중상사고,0,1,0,0,차대차 - 기타,안전운전불이행,건조,맑음,단일로 - 기타,승용,여,59세,상해없음,자전거,남,69세,중상
2013120300100070,2013년 12월 3일 07시,화요일,부산광역시 부산진구 전포동,경상사고,0,0,1,0,차대차 - 추돌 - 진행중,안전운전불이행,건조,맑음,교차로 - 교차로부근,승용,여,53세,상해없음,승용,남,30세,경상
2013120300100096,2013년 12월 3일 08시,화요일,부산광역시 영도구 남항동1가,중상사고,0,1,0,0,차대사람 - 횡단중,안전운전불이행,건조,맑음,단일로 - 횡단보도부근,이륜,남,46세,상해없음,보행자,여,66세,중상
2013120300100128,2013년 12월 3일 09시,화요일,부산광역시 남구 용당동,경상사고,0,0,1,0,차대사람 - 기타,안전운전불이행,건조,맑음,기타 - 기타,승합,여,47세,상해없음,보행자,여,34세,경상
2013120300100129,2013년 12월 3일 09시,화요일,부산광역시 동래구 명륜동,경상사고,0,0,1,0,차대사람 - 보도통행중,보행자보호의무위반,건조,맑음,단일로 - 횡단보도상,승용,남,56세,상해없음,보행자,여,36세,경상
2013120300100130,2013년 12월 3일 09시,화요일,부산광역시 사상구 학장동,중상사고,0,1,0,0,차대사람 - 횡단중,신호위반,건조,맑음,교차로 - 교차로안,승용,여,57세,상해없음,보행자,여,42세,중상
2013120300100184,2013년 12월 3일 11시,화요일,부산광역시 연제구 연산동,경상사고,0,0,2,0,차대차 - 측면직각충돌,직진우회전진행방해,건조,맑음,교차로 - 교차로안,승용,남,30세,상해없음,승용,남,39세,상해없음
2013120300100232,2013년 12월 3일 13시,화요일,부산광역시 부산진구 당감동,중상사고,0,1,0,0,차대사람 - 횡단중,안전운전불이행,건조,맑음,단일로 - 기타,승용,남,34세,상해없음,보행자,여,78세,중상
2013120300100233,2013년 12월 3일 13시,화요일,부산광역시 금정구 두구동,경상사고,0,0,1,0,차대차 - 추돌 - 진행중,안전운전불이행,건조,맑음,단일로 - 교량,승용,여,24세,경상,승용,남,54세,상해없음
2013120300100234,2013년 12월 3일 13시,화요일,부산광역시 강서구 천성동,부상신고사고,0,0,0,1,차대차 - 측면직각충돌,안전운전불이행,건조,맑음,단일로 - 기타,원동기,남,51세,부상신고,승용,남,40세,상해없음
2013120300100254,2013년 12월 3일 14시,화요일,부산광역시 강서구 봉림동,경상사고,0,0,1,0,차대차 - 추돌 - 진행중,안전운전불이행,건조,맑음,단일로 - 기타,승용,남,49세,경상,화물,남,48세,상해없음
2013120300100282,2013년 12월 3일 15시,화요일,부산광역시 해운대구 재송동,중상사고,0,2,1,0,차대차 - 측면직각충돌,중앙선침범,건조,맑음,단일로 - 기타,승용,여,55세,상해없음,승용,남,54세,경상
2013120300100307,2013년 12월 3일 16시,화요일,부산광역시 사하구 하단동,중상사고,0,1,1,0,차대차 - 측면직각충돌,신호위반,건조,맑음,교차로 - 교차로부근,승용,여,61세,경상,승용,남,29세,중상
2013120300100367,2013년 12월 3일 18시,화요일,부산광역시 남구 대연동,중상사고,0,1,0,0,차대사람 - 횡단중,신호위반,건조,맑음,단일로 - 기타,이륜,남,22세,상해없음,보행자,남,66세,중상
2013120300100368,2013년 12월 3일 18시,화요일,부산광역시 수영구 광안동,경상사고,0,0,1,0,차대차 - 추돌 - 주정차중,안전운전불이행,건조,맑음,교차로 - 교차로부근,승용,여,46세,상해없음,승용,여,35세,경상
2013120300100369,2013년 12월 3일 18시,화요일,부산광역시 동래구 명장동,경상사고,0,0,3,0,차대차 - 추돌 - 주정차중,안전운전불이행,건조,맑음,단일로 - 기타,승용,남,42세,상해없음,승용,남,64세,경상
2013120300100370,2013년 12월 3일 18시,화요일,부산광역시 부산진구 부암동,중상사고,0,1,0,0,차대차 - 기타,안전거리미확보,건조,맑음,단일로 - 기타,승용,남,54세,상해없음,이륜,남,41세,중상
2013120300100371,2013년 12월 3일 18시,화요일,부산광역시 강서구 송정동,중상사고,0,1,0,0,차대사람 - 횡단중,신호위반,건조,맑음,교차로 - 교차로부근,승용,여,31세,상해없음,보행자,여,17세,중상
2013120300100425,2013년 12월 3일 19시,화요일,부산광역시 중구 보수동3가,경상사고,0,0,2,0,차대차 - 추돌 - 진행중,안전거리미확보,건조,맑음,단일로 - 기타,승용,남,33세,상해없음,승용,여,54세,경상
2013120300100460,2013년 12월 3일 20시,화요일,부산광역시 강서구 범방동,중상사고,0,7,1,1,차대차 - 추돌 - 주정차중,안전운전불이행,건조,맑음,교차로 - 교차로부근,화물,남,57세,부상신고,승용,남,34세,상해없음
2013120300100489,2013년 12월 3일 21시,화요일,부산광역시 해운대구 좌동,부상신고사고,0,0,0,1,차대차 - 기타,안전운전불이행,건조,맑음,단일로 - 기타,승용,남,29세,상해없음,승합,남,50세,상해없음
2013120300100490,2013년 12월 3일 21시,화요일,부산광역시 사상구 주례동,중상사고,0,2,0,0,차대차 - 추돌 - 주정차중,안전거리미확보,건조,맑음,단일로 - 기타,승용,남,65세,상해없음,승용,남,27세,중상
2013120300100491,2013년 12월 3일 21시,화요일,부산광역시 사상구 학장동,중상사고,0,1,0,0,차대사람 - 보도통행중,보행자보호의무위반,건조,맑음,교차로 - 교차로부근,승용,남,59세,상해없음,보행자,여,68세,중상
2013120300100492,2013년 12월 3일 21시,화요일,부산광역시 기장군 정관면,경상사고,0,0,1,0,차대차 - 측면직각충돌,신호위반,건조,맑음,교차로 - 교차로안,승용,남,34세,상해없음,승용,남,49세,경상
2013120300100549,2013년 12월 3일 23시,화요일,부산광역시 남구 대연동,중상사고,0,4,1,0,차대차 - 추돌 - 진행중,안전거리미확보,건조,맑음,단일로 - 터널,승용,남,33세,상해없음,승용,여,42세,중상
2013120300100550,2013년 12월 3일 23시,화요일,부산광역시 해운대구 재송동,경상사고,0,0,1,0,차대차 - 기타,안전운전불이행,건조,맑음,단일로 - 기타,승용,남,40세,상해없음,승용,여,38세,상해없음
2013120300100551,2013년 12월 3일 23시,화요일,부산광역시 기장군 기장읍,경상사고,0,0,2,0,차대차 - 추돌 - 진행중,안전운전불이행,건조,맑음,단일로 - 기타,승합,남,45세,상해없음,승용,남,22세,경상
2013120400100001,2013년 12월 4일 00시,수요일,부산광역시 부산진구 부전동,경상사고,0,0,1,0,차대차 - 측면직각충돌,안전운전불이행,건조,맑음,단일로 - 기타,승용,남,52세,상해없음,화물,남,24세,경상
2013120400100049,2013년 12월 4일 03시,수요일,부산광역시 영도구 대교동1가,중상사고,0,1,1,0,차대차 - 정면충돌,신호위반,건조,맑음,교차로 - 교차로안,승용,남,38세,상해없음,승용,남,54세,경상
2013120400100050,2013년 12월 4일 03시,수요일,부산광역시 사상구 학장동,경상사고,0,0,2,0,차대차 - 측면직각충돌,안전운전불이행,건조,맑음,교차로 - 교차로부근,승용,남,66세,상해없음,승용,남,61세,경상
2013120400100067,2013년 12월 4일 05시,수요일,부산광역시 사하구 신평동,경상사고,0,0,1,0,차대차 - 기타,신호위반,건조,맑음,교차로 - 교차로안,승용,여,42세,경상,승용,남,62세,상해없음
2013120400100091,2013년 12월 4일 07시,수요일,부산광역시 북구 금곡동,경상사고,0,0,2,0,차대차 - 추돌 - 진행중,안전거리미확보,건조,맑음,단일로 - 기타,승용,남,35세,상해없음,화물,남,57세,상해없음
2013120400100092,2013년 12월 4일 07시,수요일,부산광역시 사상구 엄궁동,중상사고,0,1,0,0,차대사람 - 기타,안전운전불이행,건조,맑음,단일로 - 기타,승용,남,39세,상해없음,보행자,여,23세,중상
2013120400100119,2013년 12월 4일 08시,수요일,부산광역시 북구 구포동,사망사고,1,0,0,0,차대차 - 기타,안전운전불이행,건조,맑음,단일로 - 기타,화물,남,32세,상해없음,자전거,남,49세,사망
2013120400100120,2013년 12월 4일 08시,수요일,부산광역시 동래구 안락동,중상사고,0,1,0,0,차대사람 - 기타,안전운전불이행,건조,맑음,단일로 - 기타,화물,남,51세,상해없음,보행자,여,13세,중상
2013120400100121,2013년 12월 4일 08시,수요일,부산광역시 사하구 하단동,경상사고,0,0,3,0,차대차 - 측면직각충돌,안전운전불이행,건조,맑음,단일로 - 기타,승용,남,28세,경상,승용,여,56세,경상
2013120400100171,2013년 12월 4일 09시,수요일,부산광역시 남구 대연동,경상사고,0,0,1,0,차대차 - 기타,안전거리미확보,건조,맑음,단일로 - 기타,승용,여,40세,상해없음,승용,남,72세,경상
2013120400100172,2013년 12월 4일 09시,수요일,부산광역시 금정구 남산동,경상사고,0,0,2,0,차대차 - 측면직각충돌,안전거리미확보,건조,맑음,교차로 - 교차로부근,승용,여,55세,경상,승용,여,54세,경상
2013120400100214,2013년 12월 4일 11시,수요일,부산광역시 사하구 신평동,경상사고,0,0,1,0,차대차 - 추돌 - 진행중,안전거리미확보,건조,맑음,교차로 - 교차로부근,승용,남,52세,상해없음,화물,남,25세,경상
2013120400100215,2013년 12월 4일 11시,수요일,부산광역시 기장군 정관면,경상사고,0,0,1,0,차대차 - 측면직각충돌,안전운전불이행,건조,맑음,단일로 - 기타,화물,남,38세,상해없음,건설기계,남,44세,경상
2013120400100258,2013년 12월 4일 13시,수요일,부산광역시 금정구 부곡동,경상사고,0,0,1,0,차대차 - 기타,안전운전불이행,건조,맑음,교차로 - 교차로부근,화물,남,53세,상해없음,자전거,남,21세,경상
2013120400100305,2013년 12월 4일 15시,수요일,부산광역시 중구 남포동1가,중상사고,0,1,0,0,차대차 - 측면직각충돌,신호위반,건조,맑음,교차로 - 교차로안,승용,남,54세,상해없음,이륜,남,44세,중상
2013120400100306,2013년 12월 4일 15시,수요일,부산광역시 동래구 안락동,경상사고,0,0,1,0,차대차 - 측면직각충돌,차로위반,건조,맑음,단일로 - 기타,승합,남,50세,상해없음,승용,여,39세,경상
2013120400100331,2013년 12월 4일 16시,수요일,부산광역시 강서구 대저1동,중상사고,0,1,0,0,차대차 - 측면직각충돌,신호위반,건조,맑음,교차로 - 교차로안,화물,남,61세,상해없음,승용,여,52세,중상
2013120400100350,2013년 12월 4일 17시,수요일,부산광역시 동구 초량동,경상사고,0,0,1,0,차대차 - 측면직각충돌,안전운전불이행,건조,맑음,단일로 - 기타,화물,남,55세,상해없음,승용,남,49세,경상