사고번호,사고일시,요일,시군구,사고내용,사망자수,중상자수,경상자수,부상신고자수,사고유형,법규위반,노면상태,기상상태,도로형태,가해운전자 차종,가해운전자 성별,가해운전자 연령,가해운전자 상해정도,피해운전자 차종,피해운전자 성별,피해운전자 연령,피해운전자 상해정도
2013120700100422,2013년 12월 7일 18시,토요일,부산광역시 기장군 기장읍,부상신고사고,0,0,0,1,차대사람 - 차도통행중,안전운전불이행,건조,맑음,교차로 - 교차로안,승용,남,60세,상해없음,보행자,남,38세,부상신고
2013120700100461,2013년 12월 7일 19시,토요일,부산광역시 부산진구 부암동,중상사고,0,1,0,0,차대차 - 측면직각충돌,안전운전불이행,건조,맑음,단일로 - 기타,승용,남,27세,상해없음,이륜,남,40세,중상
2013120700100462,2013년 12월 7일 19시,토요일,부산광역시 사하구 하단동,사망사고,1,1,0,0,차량단독 - 기타,안전운전불이행,건조,맑음,단일로 - 기타,이륜,기타불명,기타불명,기타불명,,,,
2013120700100494,2013년 12월 7일 20시,토요일,부산광역시 동래구 사직동,중상사고,0,1,1,0,차대차 - 측면직각충돌,안전운전불이행,건조,맑음,교차로 - 교차로안,승용,여,25세,상해없음,원동기,남,16세,중상
2013120700100495,2013년 12월 7일 20시,토요일,부산광역시 부산진구 개금동,경상사고,0,0,4,0,차대차 - 기타,안전운전불이행,건조,맑음,교차로 - 교차로안,승용,남,39세,상해없음,승용,남,28세,경상
2013120700100496,2013년 12월 7일 20시,토요일,부산광역시 사하구 장림동,경상사고,0,0,1,0,차대차 - 추돌 - 주정차중,안전운전불이행,건조,맑음,교차로 - 교차로부근,이륜,남,45세,상해없음,승용,남,24세,경상
2013120700100497,2013년 12월 7일 20시,토요일,부산광역시 사하구 신평동,경상사고,0,0,1,0,차대차 - 측면직각충돌,안전운전불이행,건조,맑음,단일로 - 기타,승합,남,50세,상해없음,이륜,남,41세,경상
2013120700100579,2013년 12월 7일 23시,토요일,부산광역시 북구 구포동,중상사고,0,1,0,0,차대사람 - 횡단중,신호위반,건조,맑음,단일로 - 횡단보도상,승용,여,52세,상해없음,보행자,남,48세,중상
2013120800100007,2013년 12월 8일 00시,일요일,부산광역시 남구 문현동,중상사고,0,1,1,1,차대차 - 추돌 - 진행중,안전운전불이행,건조,맑음,단일로 - 기타,이륜,남,41세,부상신고,승용,남,41세,경상
2013120800100031,2013년 12월 8일 01시,일요일,부산광역시 부산진구 전포동,경상사고,0,0,3,0,차대차 - 추돌 - 진행중,안전운전불이행,건조,맑음,단일로 - 기타,승용,남,36세,상해없음,승용,남,33세,경상
2013120800100050,2013년 12월 8일 02시,일요일,부산광역시 북구 구포동,경상사고,0,0,2,0,차대차 - 추돌 - 진행중,안전운전불이행,건조,맑음,기타 - 기타,기타불명,기타불명,기타불명,기타불명,승용,남,46세,경상
2013120800100071,2013년 12월 8일 03시,일요일,부산광역시 중구 부평동1가,중상사고,0,1,0,0,차대차 - 측면직각충돌,교차로운행방법위반,건조,맑음,교차로 - 교차로안,승용,남,36세,상해없음,이륜,남,14세,중상
2013120800100072,2013년 12월 8일 03시,일요일,부산광역시 부산진구 부암동,경상사고,0,0,1,0,차대사람 - 기타,안전운전불이행,건조,맑음,단일로 - 기타,승용,남,48세,상해없음,보행자,남,24세,경상
2013120800100095,2013년 12월 8일 05시,일요일,부산광역시 동구 초량동,경상사고,0,0,1,0,차대사람 - 보도통행중,안전운전불이행,건조,맑음,단일로 - 기타,승합,남,43세,상해없음,보행자,남,45세,경상
2013120800100110,2013년 12월 8일 06시,일요일,부산광역시 금정구 두구동,경상사고,0,0,1,0,차량단독 - 공작물충돌,안전운전불이행,건조,맑음,단일로 - 기타,승용,남,48세,상해없음,,,,
2013120800100125,2013년 12월 8일 07시,일요일,부산광역시 수영구 남천동,중상사고,0,1,1,0,차대차 - 기타,안전운전불이행,건조,맑음,교차로 - 교차로안,승용,남,32세,상해없음,원동기,남,39세,중상
2013120800100126,2013년 12월 8일 07시,일요일,부산광역시 북구 금곡동,경상사고,0,0,1,0,차대차 - 추돌 - 진행중,안전거리미확보,건조,맑음,단일로 - 기타,승용,남,30세,상해없음,승용,남,48세,상해없음
2013120800100137,2013년 12월 8일 08시,일요일,부산광역시 금정구 구서동,부상신고사고,0,0,0,2,차대차 - 추돌 - 주정차중,안전운전불이행,건조,맑음,단일로 - 기타,승용,여,55세,상해없음,화물,남,47세,상해없음
2013120800100138,2013년 12월 8일 08시,일요일,부산광역시 수영구 수영동,중상사고,0,1,0,0,차대사람 - 횡단중,신호위반,건조,맑음,교차로 - 교차로부근,승용,남,47세,상해없음,보행자,여,50세,중상
2013120800100192,2013년 12월 8일 12시,일요일,부산광역시 서구 암남동,경상사고,0,0,1,0,차대사람 - 기타,안전운전불이행,건조,맑음,단일로 - 기타,승용,남,42세,상해없음,보행자,여,69세,경상
2013120800100216,2013년 12월 8일 13시,일요일,부산광역시 수영구 광안동,경상사고,0,0,1,1,차대차 - 기타,중앙선침범,건조,맑음,교차로 - 교차로부근,승용,남,46세,상해없음,승용,여,57세,부상신고
2013120800100236,2013년 12월 8일 14시,일요일,부산광역시 수영구 광안동,사망사고,1,0,0,0,차량단독 - 기타,안전운전불이행,건조,맑음,단일로 - 기타,원동기,남,75세,사망,,,,
2013120800100237,2013년 12월 8일 14시,일요일,부산광역시 금정구 두구동,경상사고,0,0,2,0,차대차 - 추돌 - 주정차중,안전운전불이행,건조,맑음,교차로 - 교차로부근,승용,여,49세,상해없음,승용,여,37세,경상
2013120800100273,2013년 12월 8일 15시,일요일,부산광역시 북구 만덕동,중상사고,0,4,0,0,차대차 - 정면충돌,중앙선침범,건조,맑음,단일로 - 기타,승용,남,60세,상해없음,승용,남,36세,중상
2013120800100274,2013년 12월 8일 15시,일요일,부산광역시 해운대구 반여동,중상사고,0,1,0,0,차대차 - 정면충돌,중앙선침범,건조,맑음,단일로 - 기타,승용,남,69세,상해없음,승용,남,69세,중상
2013120800100275,2013년 12월 8일 15시,일요일,부산광역시 해운대구 석대동,경상사고,0,0,1,0,차대차 - 측면직각충돌,안전운전불이행,건조,맑음,단일로 - 기타,건설기계,남,54세,상해없음,승용,남,54세,경상
2013120800100276,2013년 12월 8일 15시,일요일,부산광역시 사하구 신평동,경상사고,0,0,1,0,차대차 - 기타,안전운전불이행,건조,맑음,단일로 - 기타,자전거,남,71세,경상,화물,기타불명,기타불명,기타불명
2013120800100296,2013년 12월 8일 16시,일요일,부산광역시 남구 대연동,중상사고,0,1,0,0,차대사람 - 횡단중,안전운전불이행,건조,맑음,단일로 - 횡단보도부근,승용,남,52세,상해없음,보행자,여,80세,중상
2013120800100297,2013년 12월 8일 16시,일요일,부산광역시 남구 대연동,경상사고,0,0,2,0,차대차 - 기타,안전운전불이행,건조,맑음,단일로 - 기타,승용,남,31세,상해없음,승용,남,29세,경상
2013120800100298,2013년 12월 8일 16시,일요일,부산광역시 부산진구 당감동,경상사고,0,0,1,0,차대사람 - 기타,안전운전불이행,건조,맑음,단일로 - 기타,승용,남,36세,상해없음,보행자,여,72세,경상
2013120800100299,2013년 12월 8일 16시,일요일,부산광역시 강서구 범방동,중상사고,0,1,3,0,차대차 - 추돌 - 진행중,안전거리미확보,건조,맑음,교차로 - 교차로부근,화물,남,49세,상해없음,승용,남,42세,경상
2013120800100300,2013년 12월 8일 16시,일요일,부산광역시 강서구 신호동,경상사고,0,0,1,0,차대차 - 기타,안전운전불이행,건조,맑음,교차로 - 교차로부근,승용,남,43세,상해없음,특수,남,40세,경상
2013120800100301,2013년 12월 8일 16시,일요일,부산광역시 사상구 주례동,부상신고사고,0,0,0,1,차대차 - 기타,안전거리미확보,건조,맑음,단일로 - 기타,승용,남,28세,상해없음,승용,남,32세,부상신고
2013120800100328,2013년 12월 8일 17시,일요일,부산광역시 북구 구포동,경상사고,0,0,5,0,차대차 - 기타,안전운전불이행,건조,맑음,단일로 - 기타,승합,남,43세,상해없음,승용,남,33세,경상
2013120800100329,2013년 12월 8일 17시,일요일,부산광역시 강서구 명지동,경상사고,0,0,1,0,차대차 - 측면직각충돌,차로위반,건조,맑음,단일로 - 기타,승용,여,49세,상해없음,승용,남,28세,경상
2013120800100369,2013년 12월 8일 18시,일요일,부산광역시 남구 대연동,중상사고,0,1,0,0,차대사람 - 기타,안전운전불이행,건조,맑음,단일로 - 기타,원동기,남,17세,상해없음,보행자,여,63세,중상
2013120800100370,2013년 12월 8일 18시,일요일,부산광역시 북구 덕천동,중상사고,0,1,1,0,차대차 - 측면직각충돌,교차로운행방법위반,건조,맑음,교차로 - 교차로부근,승용,남,56세,상해없음,승용,남,55세,중상
2013120800100371,2013년 12월 8일 18시,일요일,부산광역시 부산진구 개금동,중상사고,0,1,0,0,차대차 - 측면직각충돌,안전운전불이행,건조,맑음,단일로 - 기타,이륜,남,46세,중상,이륜,남,19세,상해없음
2013120800100410,2013년 12월 8일 19시,일요일,부산광역시 동래구 사직동,경상사고,0,0,1,0,차대사람 - 횡단중,안전운전불이행,건조,맑음,단일로 - 기타,기타불명,기타불명,기타불명,기타불명,보행자,남,41세,경상
2013120800100447,2013년 12월 8일 20시,일요일,부산광역시 중구 영주동,경상사고,0,0,1,0,차대사람 - 기타,안전운전불이행,건조,맑음,단일로 - 기타,승용,기타불명,기타불명,기타불명,보행자,남,31세,경상
2013120800100471,2013년 12월 8일 21시,일요일,부산광역시 강서구 명지동,경상사고,0,0,2,0,차대차 - 기타,안전운전불이행,건조,맑음,단일로 - 기타,승용,남,24세,상해없음,승용,남,35세,경상
2013120800100510,2013년 12월 8일 23시,일요일,부산광역시 북구 만덕동,중상사고,0,1,0,0,차대사람 - 기타,신호위반,건조,맑음,교차로 - 교차로안,화물,남,57세,상해없음,보행자,남,20세,중상
2013120900100006,2013년 12월 9일 00시,월요일,부산광역시 부산진구 양정동,부상신고사고,0,0,0,1,차대사람 - 기타,안전운전불이행,건조,맑음,교차로 - 교차로부근,승용,남,52세,상해없음,보행자,남,62세,부상신고
2013120900100015,2013년 12월 9일 01시,월요일,부산광역시 북구 금곡동,경상사고,0,0,3,0,차대차 - 측면직각충돌,신호위반,건조,맑음,교차로 - 교차로안,승용,여,30세,상해없음,승용,남,60세,경상
2013120900100054,2013년 12월 9일 06시,월요일,부산광역시 강서구 명지동,중상사고,0,2,2,0,차대차 - 추돌 - 주정차중,안전운전불이행,건조,맑음,단일로 - 기타,승용,남,42세,경상,승용,남,31세,중상
2013120900100074,2013년 12월 9일 07시,월요일,부산광역시 동구 초량동,중상사고,0,1,0,0,차대사람 - 기타,안전운전불이행,건조,맑음,단일로 - 기타,승용,남,31세,상해없음,보행자,남,71세,중상
2013120900100075,2013년 12월 9일 07시,월요일,부산광역시 사상구 감전동,경상사고,0,0,1,0,차대차 - 측면직각충돌,안전거리미확보,건조,맑음,단일로 - 기타,승용,남,59세,상해없음,승용,남,50세,상해없음
2013120900100108,2013년 12월 9일 08시,월요일,부산광역시 서구 서대신동3가,중상사고,0,1,0,0,차량단독 - 기타,안전운전불이행,건조,맑음,단일로 - 기타,승합,남,50세,상해없음,,,,
2013120900100146,2013년 12월 9일 09시,월요일,부산광역시 해운대구 우동,부상신고사고,0,0,0,1,차대차 - 측면직각충돌,안전거리미확보,건조,맑음,단일로 - 기타,승용,남,73세,상해없음,승용,남,39세,부상신고
2013120900100166,2013년 12월 9일 10시,월요일,부산광역시 연제구 거제동,중상사고,0,1,0,0,차대사람 - 횡단중,보행자보호의무위반,건조,맑음,단일로 - 횡단보도상,승용,기타불명,기타불명,기타불명,보행자,여,70세,중상
2013120900100193,2013년 12월 9일 11시,월요일,부산광역시 남구 감만동,중상사고,0,2,0,0,차대차 - 기타,안전운전불이행,건조,맑음,단일로 - 기타,화물,남,47세,상해없음,화물,남,42세,상해없음
2013120900100194,2013년 12월 9일 11시,월요일,부산광역시 사하구 괴정동,중상사고,0,1,0,0,차대차 - 기타,안전거리미확보,건조,맑음,단일로 - 기타,화물,남,66세,상해없음,원동기,남,30세,중상
2013120900100222,2013년 12월 9일 12시,월요일,부산광역시 해운대구 좌동,경상사고,0,0,1,0,차대차 - 추돌 - 진행중,차로위반,건조,기타,교차로 - 교차로부근,원동기,남,21세,경상,승용,남,60세,상해없음
2013120900100249,2013년 12월 9일 13시,월요일,부산광역시 부산진구 부전동,중상사고,0,1,0,0,차대차 - 측면직각충돌,신호위반,습기,비,교차로 - 교차로안,승합,남,41세,상해없음,원동기,남,54세,중상
2013120900100275,2013년 12월 9일 14시,월요일,부산광역시 동래구 사직동,중상사고,0,1,0,0,차대사람 - 길가장자리구역통행중,안전운전불이행,습기,비,교차로 - 교차로부근,승용,여,48세,상해없음,보행자,여,45세,중상
2013120900100325,2013년 12월 9일 16시,월요일,부산광역시 남구 감만동,경상사고,0,0,1,0,차대차 - 기타,안전운전불이행,건조,맑음,교차로 - 교차로부근,화물,남,42세,상해없음,승용,남,18세,경상
2013120900100354,2013년 12월 9일 17시,월요일,부산광역시 해운대구 우동,부상신고사고,0,0,0,1,차대차 - 기타,안전운전불이행,습기,비,교차로 - 교차로부근,승용,남,52세,상해없음,승용,여,42세,부상신고
2013120900100355,2013년 12월 9일 17시,월요일,부산광역시 해운대구 우동,중상사고,0,1,0,0,차대차 - 기타,안전운전불이행,습기,비,교차로 - 교차로부근,승용,남,45세,상해없음,승용,남,52세,중상
2013120900100424,2013년 12월 9일 18시,월요일,부산광역시 해운대구 좌동,중상사고,0,1,0,0,차대사람 - 횡단중,신호위반,습기,맑음,단일로 - 기타,승용,여,42세,상해없음,보행자,남,73세,중상
2013120900100425,2013년 12월 9일 18시,월요일,부산광역시 부산진구 부전동,경상사고,0,0,2,0,차대차 - 측면직각충돌,안전거리미확보,습기,비,단일로 - 기타,승용,남,51세,상해없음,승용,남,62세,상해없음
2013120900100483,2013년 12월 9일 19시,월요일,부산광역시 서구 서대신동3가,경상사고,0,0,1,0,차대사람 - 횡단중,보행자보호의무위반,기타,기타,단일로 - 횡단보도상,화물,기타불명,기타불명,기타불명,보행자,남,16세,경상
2013120900100484,2013년 12월 9일 19시,월요일,부산광역시 남구 대연동,경상사고,0,0,1,0,차대차 - 기타,안전거리미확보,습기,비,단일로 - 기타,승용,기타불명,기타불명,기타불명,원동기,남,25세,경상
2013120900100485,2013년 12월 9일 19시,월요일,부산광역시 수영구 수영동,경상사고,0,0,1,0,차대차 - 추돌 - 주정차중,안전거리미확보,건조,맑음,교차로 - 교차로부근,승용,여,39세,상해없음,승용,남,40세,경상
2013120900100486,2013년 12월 9일 19시,월요일,부산광역시 사하구 하단동,부상신고사고,0,0,0,1,차대차 - 기타,안전거리미확보,습기,맑음,단일로 - 기타,화물,남,44세,상해없음,승용,남,28세,부상신고
2013120900100535,2013년 12월 9일 20시,월요일,부산광역시 수영구 남천동,경상사고,0,0,1,0,차대차 - 기타,안전거리미확보,건조,맑음,단일로 - 기타,승용,남,50세,상해없음,승용,남,56세,경상
2013120900100536,2013년 12월 9일 20시,월요일,부산광역시 부산진구 가야동,경상사고,0,0,1,0,차대차 - 측면직각충돌,안전운전불이행,습기,비,단일로 - 기타,승용,남,52세,상해없음,이륜,남,54세,경상
2013120900100537,2013년 12월 9일 20시,월요일,부산광역시 사하구 당리동,중상사고,0,1,0,0,차대사람 - 기타,안전운전불이행,건조,맑음,단일로 - 횡단보도상,승용,남,66세,상해없음,보행자,여,45세,중상
2013120900100538,2013년 12월 9일 20시,월요일,부산광역시 사상구 모라동,경상사고,0,0,2,0,차대차 - 추돌 - 진행중,신호위반,건조,맑음,교차로 - 교차로안,승합,남,68세,상해없음,승용,남,57세,경상
2013120900100565,2013년 12월 9일 21시,월요일,부산광역시 북구 만덕동,경상사고,0,0,1,0,차대사람 - 기타,안전운전불이행,습기,비,교차로 - 교차로안,승합,남,58세,상해없음,보행자,남,36세,경상
2013120900100596,2013년 12월 9일 22시,월요일,부산광역시 동구 좌천동,중상사고,0,1,3,0,차대차 - 측면직각충돌,신호위반,건조,맑음,교차로 - 교차로안,특수,남,60세,상해없음,승용,남,59세,경상
2013120900100597,2013년 12월 9일 22시,월요일,부산광역시 동래구 안락동,중상사고,0,1,0,0,차대사람 - 횡단중,안전운전불이행,건조,맑음,단일로 - 기타,승용,남,42세,상해없음,보행자,남,54세,중상
2013120900100598,2013년 12월 9일 22시,월요일,부산광역시 동래구 온천동,중상사고,0,1,0,0,차대사람 - 횡단중,안전운전불이행,건조,맑음,교차로 - 교차로부근,승합,남,55세,상해없음,보행자,여,78세,중상
2013120900100599,2013년 12월 9일 22시,월요일,부산광역시 사하구 신평동,경상사고,0,0,1,0,차대사람 - 기타,신호위반,건조,맑음,단일로 - 횡단보도상,승용,남,41세,상해없음,보행자,여,43세,경상
2013120900100600,2013년 12월 9일 22시,월요일,부산광역시 연제구 연산동,중상사고,0,1,0,0,차대사람 - 기타,안전운전불이행,건조,맑음,단일로 - 기타,승용,여,36세,상해없음,보행자,남,48세,중상
2013121000100008,2013년 12월 10일 00시,화요일,부산광역시 금정구 구서동,중상사고,0,1,0,0,차대차 - 기타,신호위반,건조,맑음,교차로 - 교차로안,승용,남,58세,상해없음,자전거,남,26세,중상
2013121000100043,2013년 12월 10일 05시,화요일,부산광역시 연제구 연산동,경상사고,0,0,2,0,차대차 - 추돌 - 주정차중,안전운전불이행,습기,비,단일로 - 기타,화물,남,44세,상해없음,승용,남,26세,경상
2013121000100051,2013년 12월 10일 06시,화요일,부산광역시 서구 암남동,경상사고,0,0,1,0,차대차 - 기타,신호위반,건조,맑음,교차로 - 교차로안,화물,남,56세,상해없음,승용,남,48세,경상
2013121000100112,2013년 12월 10일 09시,화요일,부산광역시 동래구 안락동,경상사고,0,0,1,0,차대차 - 측면직각충돌,안전운전불이행,건조,맑음,단일로 - 기타,승용,남,53세,기타불명,승용,남,51세,경상
2013121000100113,2013년 12월 10일 09시,화요일,부산광역시 사하구 장림동,경상사고,0,0,1,0,차대사람 - 기타,안전운전불이행,건조,맑음,단일로 - 기타,승용,기타불명,기타불명,기타불명,보행자,남,15세,경상
2013121000100114,2013년 12월 10일 09시,화요일,부산광역시 사하구 하단동,중상사고,0,1,2,0,차대차 - 측면직각충돌,신호위반,건조,맑음,교차로 - 교차로안,승용,남,43세,상해없음,화물,남,56세,경상
2013121000100115,2013년 12월 10일 09시,화요일,부산광역시 연제구 연산동,중상사고,0,1,0,0,차대차 - 측면직각충돌,기타,건조,맑음,단일로 - 기타,승용,남,61세,상해없음,이륜,남,72세,중상
2013121000100116,2013년 12월 10일 09시,화요일,부산광역시 강서구 눌차동,중상사고,0,2,0,0,차대사람 - 길가장자리구역통행중,안전운전불이행,건조,맑음,단일로 - 기타,화물,남,53세,상해없음,보행자,여,60세,중상
2013121000100129,2013년 12월 10일 10시,화요일,부산광역시 동구 초량동,경상사고,0,0,2,0,차대차 - 추돌 - 진행중,안전운전불이행,건조,맑음,교차로 - 교차로안,건설기계,남,45세,상해없음,승용,여,34세,경상
2013121000100130,2013년 12월 10일 10시,화요일,부산광역시 부산진구 부암동,경상사고,0,0,1,0,차대차 - 추돌 - 주정차중,안전운전불이행,건조,맑음,교차로 - 교차로부근,승용,남,71세,상해없음,승용,남,41세,경상
2013121000100131,2013년 12월 10일 10시,화요일,부산광역시 연제구 거제동,경상사고,0,0,1,0,차대차 - 측면직각충돌,기타,건조,맑음,단일로 - 기타,승합,남,40세,상해없음,자전거,여,64세,경상
2013121000100144,2013년 12월 10일 11시,화요일,부산광역시 북구 구포동,중상사고,0,2,4,0,차대차 - 기타,안전운전불이행,건조,맑음,단일로 - 기타,승용,여,36세,상해없음,승용,여,22세,중상
2013121000100170,2013년 12월 10일 12시,화요일,부산광역시 동래구 명장동,중상사고,0,1,0,0,차대차 - 기타,중앙선침범,건조,맑음,단일로 - 기타,원동기,남,22세,중상,화물,남,53세,상해없음
2013121000100171,2013년 12월 10일 12시,화요일,부산광역시 강서구 대저2동,경상사고,0,0,1,0,차대차 - 측면직각충돌,직진우회전진행방해,건조,맑음,교차로 - 교차로안,승합,여,28세,상해없음,화물,남,52세,경상
2013121000100192,2013년 12월 10일 13시,화요일,부산광역시 해운대구 좌동,중상사고,0,1,0,0,차대차 - 측면직각충돌,신호위반,건조,맑음,단일로 - 횡단보도부근,승용,여,48세,상해없음,자전거,남,66세,중상
2013121000100210,2013년 12월 10일 14시,화요일,부산광역시 동구 범일동,경상사고,0,0,1,0,차대차 - 추돌 - 진행중,교차로운행방법위반,건조,맑음,교차로 - 교차로안,자전거,남,76세,경상,승합,남,52세,상해없음
2013121000100211,2013년 12월 10일 14시,화요일,부산광역시 남구 대연동,경상사고,0,0,1,0,차대사람 - 길가장자리구역통행중,안전운전불이행,건조,맑음,단일로 - 기타,이륜,기타불명,기타불명,기타불명,보행자,여,52세,경상
2013121000100212,2013년 12월 10일 14시,화요일,부산광역시 북구 덕천동,경상사고,0,0,1,0,차대사람 - 횡단중,보행자보호의무위반,건조,맑음,교차로 - 교차로부근,승용,남,56세,상해없음,보행자,남,68세,경상
2013121000100213,2013년 12월 10일 14시,화요일,부산광역시 해운대구 좌동,경상사고,0,0,1,0,차대사람 - 횡단중,안전운전불이행,건조,맑음,단일로 - 기타,승용,남,58세,상해없음,보행자,여,53세,경상
2013121000100214,2013년 12월 10일 14시,화요일,부산광역시 사상구 괘법동,경상사고,0,0,4,0,차대차 - 측면직각충돌,안전거리미확보,건조,맑음,단일로 - 기타,승용,남,71세,경상,승용,여,27세,경상
2013121000100258,2013년 12월 10일 16시,화요일,부산광역시 수영구 망미동,중상사고,0,2,0,0,차대차 - 측면직각충돌,안전운전불이행,건조,맑음,단일로 - 기타,승용,남,33세,상해없음,승용,여,35세,중상
2013121000100285,2013년 12월 10일 17시,화요일,부산광역시 중구 대청동4가,경상사고,0,0,1,0,차대사람 - 횡단중,안전운전불이행,건조,맑음,단일로 - 횡단보도부근,승합,남,74세,상해없음,보행자,여,74세,경상
2013121000100286,2013년 12월 10일 17시,화요일,부산광역시 사상구 모라동,중상사고,0,1,0,0,차대사람 - 횡단중,보행자보호의무위반,건조,맑음,단일로 - 횡단보도상,승용,남,51세,상해없음,보행자,남,65세,중상
2013121000100324,2013년 12월 10일 18시,화요일,부산광역시 부산진구 전포동,경상사고,0,0,1,0,차대차 - 기타,불법유턴,건조,맑음,단일로 - 기타,승용,여,35세,상해없음,이륜,남,30세,경상
2013121000100325,2013년 12월 10일 18시,화요일,부산광역시 부산진구 당감동,경상사고,0,0,2,0,차대차 - 기타,안전거리미확보,건조,맑음,단일로 - 기타,승용,남,31세,기타불명,승합,남,46세,상해없음
2013121000100326,2013년 12월 10일 18시,화요일,부산광역시 사상구 주례동,중상사고,0,1,0,0,차대사람 - 횡단중,안전운전불이행,건조,맑음,단일로 - 기타,승용,남,63세,상해없음,보행자,여,9세,중상
2013121000100366,2013년 12월 10일 19시,화요일,부산광역시 부산진구 부전동,경상사고,0,0,1,0,차대차 - 측면직각충돌,신호위반,건조,맑음,교차로 - 교차로안,승용,여,37세,상해없음,특수,남,32세,경상
2013121000100367,2013년 12월 10일 19시,화요일,부산광역시 사상구 학장동,경상사고,0,0,1,0,차대차 - 측면직각충돌,교차로운행방법위반,건조,맑음,교차로 - 교차로안,승용,남,54세,상해없음,승용,남,51세,경상
2013121000100398,2013년 12월 10일 20시,화요일,부산광역시 금정구 구서동,경상사고,0,0,1,0,차대차 - 측면직각충돌,기타,건조,맑음,단일로 - 기타,승용,여,53세,상해없음,원동기,남,33세,경상
2013121000100399,2013년 12월 10일 20시,화요일,부산광역시 사하구 당리동,경상사고,0,0,3,0,차대차 - 기타,중앙선침범,건조,맑음,단일로 - 기타,승용,남,33세,상해없음,승용,남,41세,경상
2013121000100429,2013년 12월 10일 21시,화요일,부산광역시 서구 서대신동3가,경상사고,0,0,1,0,차대차 - 기타,안전운전불이행,건조,맑음,단일로 - 기타,승용,남,52세,상해없음,원동기,남,17세,경상
2013121000100430,2013년 12월 10일 21시,화요일,부산광역시 남구 대연동,경상사고,0,0,1,0,차대사람 - 기타,안전운전불이행,건조,맑음,단일로 - 기타,승용,남,58세,상해없음,보행자,남,30세,경상
2013121000100431,2013년 12월 10일 21시,화요일,부산광역시 해운대구 반여동,경상사고,0,0,1,0,차대차 - 측면직각충돌,안전운전불이행,건조,맑음,교차로 - 교차로부근,승용,남,63세,상해없음,승용,여,38세,경상
2013121000100465,2013년 12월 10일 22시,화요일,부산광역시 해운대구 우동,경상사고,0,0,1,0,차대차 - 측면직각충돌,차로위반,건조,맑음,단일로 - 기타,기타불명,기타불명,기타불명,기타불명,승용,남,68세,경상
2013121000100466,2013년 12월 10일 22시,화요일,부산광역시 부산진구 연지동,중상사고,0,1,0,0,차대사람 - 횡단중,보행자보호의무위반,건조,맑음,단일로 - 횡단보도상,승용,여,30세,상해없음,보행자,여,52세,중상
2013121000100494,2013년 12월 10일 23시,화요일,부산광역시 중구 중앙동3가,중상사고,0,1,0,0,차대차 - 측면직각충돌,신호위반,건조,맑음,교차로 - 교차로안,승용,남,33세,상해없음,승용,여,48세,중상
2013121100100035,2013년 12월 11일 02시,수요일,부산광역시 북구 구포동,경상사고,0,0,1,0,차대차 - 측면직각충돌,신호위반,건조,맑음,교차로 - 교차로안,승용,여,58세,상해없음,승용,남,53세,상해없음
2013121100100036,2013년 12월 11일 02시,수요일,부산광역시 동래구 안락동,경상사고,0,0,2,0,차대차 - 추돌 - 주정차중,안전운전불이행,건조,맑음,단일로 - 횡단보도상,승용,남,26세,상해없음,승용,남,59세,경상
2013121100100037,2013년 12월 11일 02시,수요일,부산광역시 동래구 명륜동,경상사고,0,0,1,0,차대차 - 기타,안전운전불이행,건조,맑음,단일로 - 기타,승용,남,22세,상해없음,승용,남,58세,경상
2013121100100058,2013년 12월 11일 05시,수요일,부산광역시 기장군 기장읍,사망사고,1,0,0,0,차대사람 - 횡단중,신호위반,건조,맑음,교차로 - 교차로안,승용,남,51세,상해없음,보행자,남,22세,사망
2013121100100076,2013년 12월 11일 06시,수요일,부산광역시 해운대구 우동,경상사고,0,0,1,0,차대차 - 추돌 - 진행중,교차로운행방법위반,건조,맑음,교차로 - 교차로부근,승용,남,33세,상해없음,승용,남,34세,경상
2013121100100104,2013년 12월 11일 07시,수요일,부산광역시 강서구 명지동,경상사고,0,0,3,0,차대차 - 추돌 - 주정차중,안전운전불이행,건조,맑음,교차로 - 교차로부근,화물,남,59세,상해없음,승용,남,52세,경상
2013121100100138,2013년 12월 11일 08시,수요일,부산광역시 서구 동대신동3가,중상사고,0,1,0,0,차대사람 - 기타,안전운전불이행,건조,맑음,단일로 - 기타,승용,남,59세,상해없음,보행자,여,15세,중상
2013121100100139,2013년 12월 11일 08시,수요일,부산광역시 기장군 기장읍,중상사고,0,1,0,0,차대사람 - 횡단중,안전운전불이행,건조,맑음,단일로 - 기타,승용,여,24세,상해없음,보행자,여,72세,중상
2013121100100190,2013년 12월 11일 09시,수요일,부산광역시 남구 대연동,경상사고,0,0,1,0,차대차 - 기타,안전운전불이행,건조,맑음,단일로 - 기타,승용,남,61세,상해없음,승용,남,35세,경상
2013121100100191,2013년 12월 11일 09시,수요일,부산광역시 부산진구 당감동,경상사고,0,0,3,2,차대차 - 추돌 - 진행중,중앙선침범,건조,맑음,단일로 - 기타,승용,남,56세,상해없음,승합,남,44세,경상
2013121100100222,2013년 12월 11일 10시,수요일,부산광역시 북구 화명동,경상사고,0,0,2,0,차대차 - 측면직각충돌,교차로운행방법위반,건조,맑음,교차로 - 교차로안,승용,여,44세,경상,승용,여,54세,경상