사고번호,사고일시,요일,시군구,사고내용,사망자수,중상자수,경상자수,부상신고자수,사고유형,법규위반,노면상태,기상상태,도로형태,가해운전자 차종,가해운전자 성별,가해운전자 연령,가해운전자 상해정도,피해운전자 차종,피해운전자 성별,피해운전자 연령,피해운전자 상해정도
2013122400100286,2013년 12월 24일 14시,화요일,부산광역시 남구 대연동,중상사고,0,1,0,0,차대사람 - 기타,안전운전불이행,건조,맑음,단일로 - 기타,승용,남,64세,상해없음,보행자,여,81세,중상
2013122400100287,2013년 12월 24일 14시,화요일,부산광역시 동래구 복천동,경상사고,0,0,1,0,차대사람 - 횡단중,보행자보호의무위반,건조,맑음,교차로 - 교차로안,승용,남,61세,상해없음,보행자,남,35세,경상
2013122400100321,2013년 12월 24일 15시,화요일,부산광역시 동구 초량동,경상사고,0,0,1,0,차대차 - 기타,안전거리미확보,건조,맑음,단일로 - 기타,승용,남,56세,상해없음,승합,남,44세,상해없음
2013122400100322,2013년 12월 24일 15시,화요일,부산광역시 남구 용호동,중상사고,0,1,0,0,차대차 - 기타,기타,건조,맑음,교차로 - 교차로부근,승용,남,66세,상해없음,이륜,남,53세,중상
2013122400100323,2013년 12월 24일 15시,화요일,부산광역시 사하구 신평동,중상사고,0,1,1,0,차대차 - 기타,안전거리미확보,건조,맑음,단일로 - 기타,화물,남,46세,기타불명,승용,여,47세,중상
2013122400100324,2013년 12월 24일 15시,화요일,부산광역시 연제구 거제동,중상사고,0,1,0,0,차대차 - 추돌 - 주정차중,안전운전불이행,건조,맑음,교차로 - 교차로부근,승용,남,55세,상해없음,승용,여,51세,중상
2013122400100348,2013년 12월 24일 16시,화요일,부산광역시 사하구 신평동,경상사고,0,0,1,0,차대사람 - 기타,안전운전불이행,건조,맑음,단일로 - 기타,승용,남,36세,상해없음,보행자,여,87세,경상
2013122400100349,2013년 12월 24일 16시,화요일,부산광역시 사하구 하단동,경상사고,0,0,1,0,차대차 - 기타,안전운전불이행,건조,맑음,단일로 - 기타,승용,남,54세,상해없음,승용,여,34세,경상
2013122400100350,2013년 12월 24일 16시,화요일,부산광역시 사상구 학장동,경상사고,0,0,2,0,차대차 - 추돌 - 주정차중,안전운전불이행,건조,맑음,단일로 - 기타,승합,남,52세,상해없음,승용,남,53세,경상
2013122400100418,2013년 12월 24일 18시,화요일,부산광역시 사상구 모라동,경상사고,0,0,3,0,차대차 - 측면직각충돌,안전거리미확보,건조,맑음,단일로 - 기타,특수,남,55세,경상,승용,남,43세,경상
2013122400100419,2013년 12월 24일 18시,화요일,부산광역시 기장군 정관면,경상사고,0,0,1,0,차대차 - 측면직각충돌,중앙선침범,건조,맑음,단일로 - 기타,이륜,남,16세,경상,승합,남,41세,상해없음
2013122400100468,2013년 12월 24일 19시,화요일,부산광역시 북구 구포동,경상사고,0,0,4,0,차대차 - 기타,안전운전불이행,건조,맑음,단일로 - 기타,승용,남,28세,상해없음,승용,남,52세,경상
2013122400100470,2013년 12월 24일 19시,화요일,부산광역시 사하구 하단동,중상사고,0,1,0,0,차대사람 - 횡단중,안전운전불이행,건조,맑음,단일로 - 횡단보도상,승용,여,43세,상해없음,보행자,여,20세,중상
2013122400100472,2013년 12월 24일 19시,화요일,부산광역시 사상구 괘법동,경상사고,0,0,1,0,차대차 - 측면직각충돌,교차로운행방법위반,건조,맑음,교차로 - 교차로안,승용,여,51세,경상,승용,남,31세,상해없음
2013122400100509,2013년 12월 24일 20시,화요일,부산광역시 중구 대청동1가,중상사고,0,3,1,1,차대차 - 추돌 - 주정차중,안전운전불이행,건조,맑음,단일로 - 기타,승용,남,61세,상해없음,승용,남,55세,경상
2013122400100510,2013년 12월 24일 20시,화요일,부산광역시 동래구 온천동,중상사고,0,1,0,0,차대차 - 측면직각충돌,안전거리미확보,건조,맑음,단일로 - 기타,승용,남,36세,상해없음,승용,남,37세,중상
2013122400100511,2013년 12월 24일 20시,화요일,부산광역시 사상구 주례동,중상사고,0,1,0,0,차대사람 - 기타,안전운전불이행,건조,맑음,단일로 - 기타,승용,남,63세,상해없음,보행자,여,60세,중상
2013122400100556,2013년 12월 24일 21시,화요일,부산광역시 해운대구 우동,경상사고,0,0,1,0,차대차 - 측면직각충돌,교차로운행방법위반,건조,맑음,교차로 - 교차로부근,승용,여,54세,상해없음,승용,남,36세,경상
2013122400100557,2013년 12월 24일 21시,화요일,부산광역시 부산진구 양정동,중상사고,0,1,0,0,차대차 - 측면직각충돌,안전운전불이행,건조,맑음,단일로 - 기타,이륜,남,20세,상해없음,이륜,남,58세,중상
2013122400100558,2013년 12월 24일 21시,화요일,부산광역시 부산진구 개금동,중상사고,0,1,0,0,차대사람 - 횡단중,안전운전불이행,건조,맑음,교차로 - 교차로안,승용,남,51세,상해없음,보행자,남,11세,중상
2013122400100559,2013년 12월 24일 21시,화요일,부산광역시 기장군 정관면,경상사고,0,0,1,0,차대사람 - 기타,안전운전불이행,건조,맑음,단일로 - 기타,승용,남,33세,상해없음,보행자,남,45세,경상
2013122400100598,2013년 12월 24일 22시,화요일,부산광역시 부산진구 당감동,부상신고사고,0,0,0,1,차대사람 - 횡단중,신호위반,건조,맑음,단일로 - 횡단보도상,승용,남,22세,상해없음,보행자,남,46세,부상신고
2013122400100599,2013년 12월 24일 22시,화요일,부산광역시 부산진구 가야동,경상사고,0,0,1,0,차대차 - 측면직각충돌,안전거리미확보,건조,맑음,단일로 - 기타,이륜,남,21세,상해없음,자전거,남,28세,경상
2013122400100600,2013년 12월 24일 22시,화요일,부산광역시 부산진구 개금동,경상사고,0,0,1,0,차대차 - 기타,안전거리미확보,건조,맑음,단일로 - 기타,승용,남,59세,상해없음,승용,남,38세,경상
2013122400100601,2013년 12월 24일 22시,화요일,부산광역시 사하구 신평동,경상사고,0,0,1,0,차대사람 - 횡단중,신호위반,건조,맑음,단일로 - 횡단보도상,승용,남,40세,상해없음,보행자,남,44세,경상
2013122400100632,2013년 12월 24일 23시,화요일,부산광역시 북구 화명동,경상사고,0,0,1,0,차대차 - 측면직각충돌,안전운전불이행,건조,맑음,단일로 - 기타,승용,남,44세,상해없음,원동기,남,16세,경상
2013122400100633,2013년 12월 24일 23시,화요일,부산광역시 해운대구 우동,중상사고,0,1,1,0,차대차 - 기타,안전거리미확보,기타,맑음,단일로 - 기타,승용,남,65세,상해없음,승용,여,42세,중상
2013122400100634,2013년 12월 24일 23시,화요일,부산광역시 부산진구 당감동,경상사고,0,0,2,0,차대차 - 기타,안전운전불이행,건조,맑음,교차로 - 교차로부근,승용,남,50세,상해없음,승용,남,69세,경상
2013122400100635,2013년 12월 24일 23시,화요일,부산광역시 부산진구 부전동,중상사고,0,1,0,0,차대사람 - 기타,안전운전불이행,건조,맑음,교차로 - 교차로부근,화물,남,62세,상해없음,보행자,남,54세,중상
2013122500100028,2013년 12월 25일 01시,수요일,부산광역시 동구 범일동,중상사고,0,1,1,0,차대차 - 기타,신호위반,건조,맑음,교차로 - 교차로안,승용,남,53세,상해없음,승용,남,57세,경상
2013122500100029,2013년 12월 25일 01시,수요일,부산광역시 북구 구포동,경상사고,0,0,2,0,차대차 - 추돌 - 주정차중,안전운전불이행,건조,맑음,단일로 - 기타,승용,남,20세,상해없음,승용,여,31세,경상
2013122500100049,2013년 12월 25일 02시,수요일,부산광역시 부산진구 당감동,경상사고,0,0,1,0,차대사람 - 횡단중,안전운전불이행,건조,맑음,단일로 - 횡단보도부근,승용,남,35세,상해없음,보행자,여,58세,경상
2013122500100083,2013년 12월 25일 04시,수요일,부산광역시 남구 문현동,중상사고,0,2,1,0,차량단독 - 공작물충돌,안전운전불이행,건조,맑음,단일로 - 기타,승용,남,58세,상해없음,,,,
2013122500100084,2013년 12월 25일 04시,수요일,부산광역시 영도구 봉래동1가,중상사고,0,1,0,0,차대사람 - 기타,안전운전불이행,건조,맑음,교차로 - 교차로부근,기타불명,기타불명,기타불명,기타불명,보행자,남,29세,중상
2013122500100085,2013년 12월 25일 04시,수요일,부산광역시 부산진구 전포동,중상사고,0,1,1,0,차대차 - 기타,신호위반,건조,맑음,교차로 - 교차로안,승용,남,29세,상해없음,승용,남,67세,경상
2013122500100086,2013년 12월 25일 04시,수요일,부산광역시 사하구 장림동,경상사고,0,0,3,0,차대차 - 측면직각충돌,신호위반,건조,맑음,교차로 - 교차로안,승용,남,60세,기타불명,승용,남,49세,경상
2013122500100100,2013년 12월 25일 05시,수요일,부산광역시 연제구 연산동,사망사고,1,0,0,0,차대사람 - 횡단중,안전운전불이행,건조,맑음,교차로 - 교차로안,승용,남,25세,상해없음,보행자,남,73세,사망
2013122500100117,2013년 12월 25일 06시,수요일,부산광역시 부산진구 가야동,중상사고,0,2,0,0,차대차 - 추돌 - 진행중,안전운전불이행,습기,비,단일로 - 기타,승용,남,28세,상해없음,승용,남,71세,중상
2013122500100133,2013년 12월 25일 07시,수요일,부산광역시 기장군 기장읍,중상사고,0,1,0,0,차대차 - 기타,안전운전불이행,건조,맑음,단일로 - 기타,화물,남,40세,상해없음,승합,남,46세,중상
2013122500100151,2013년 12월 25일 08시,수요일,부산광역시 동래구 온천동,중상사고,0,1,0,0,차대사람 - 횡단중,신호위반,건조,맑음,단일로 - 기타,승용,여,52세,상해없음,보행자,여,34세,중상
2013122500100168,2013년 12월 25일 09시,수요일,부산광역시 기장군 기장읍,중상사고,0,1,0,0,차대사람 - 횡단중,보행자보호의무위반,건조,맑음,교차로 - 교차로안,승용,남,23세,상해없음,보행자,여,62세,중상
2013122500100184,2013년 12월 25일 10시,수요일,부산광역시 금정구 부곡동,경상사고,0,0,1,0,차대차 - 측면직각충돌,교차로운행방법위반,건조,맑음,교차로 - 교차로안,화물,남,59세,상해없음,승용,여,40세,경상
2013122500100199,2013년 12월 25일 11시,수요일,부산광역시 기장군 장안읍,사망사고,1,1,0,0,차대차 - 기타,안전운전불이행,건조,맑음,단일로 - 기타,화물,남,30세,중상,승용,남,59세,사망
2013122500100248,2013년 12월 25일 14시,수요일,부산광역시 금정구 금사동,중상사고,0,1,0,0,차대차 - 측면직각충돌,교차로운행방법위반,건조,맑음,교차로 - 교차로안,승용,남,64세,상해없음,원동기,남,23세,중상
2013122500100271,2013년 12월 25일 15시,수요일,부산광역시 기장군 정관면,경상사고,0,0,1,0,차대사람 - 기타,안전운전불이행,건조,맑음,단일로 - 기타,승용,남,56세,상해없음,보행자,남,11세,경상
2013122500100306,2013년 12월 25일 17시,수요일,부산광역시 부산진구 가야동,중상사고,0,1,0,0,차대사람 - 횡단중,신호위반,건조,맑음,단일로 - 횡단보도상,승합,남,49세,상해없음,보행자,여,67세,중상
2013122500100335,2013년 12월 25일 18시,수요일,부산광역시 해운대구 반여동,경상사고,0,0,1,0,차대차 - 측면직각충돌,안전운전불이행,건조,맑음,단일로 - 기타,승용,남,18세,상해없음,승용,남,46세,경상
2013122500100368,2013년 12월 25일 19시,수요일,부산광역시 해운대구 반여동,중상사고,0,1,0,0,차대사람 - 기타,안전운전불이행,건조,맑음,교차로 - 교차로부근,화물,남,62세,상해없음,보행자,남,43세,중상
2013122600100006,2013년 12월 26일 00시,목요일,부산광역시 부산진구 전포동,경상사고,0,0,1,0,차대차 - 측면직각충돌,안전거리미확보,건조,맑음,단일로 - 기타,승용,남,52세,상해없음,이륜,남,25세,경상
2013122600100007,2013년 12월 26일 00시,목요일,부산광역시 사상구 주례동,경상사고,0,0,2,0,차대차 - 측면직각충돌,안전거리미확보,건조,맑음,단일로 - 횡단보도부근,승용,남,58세,상해없음,승용,남,56세,경상
2013122600100051,2013년 12월 26일 05시,목요일,부산광역시 금정구 구서동,경상사고,0,0,1,0,차대차 - 추돌 - 진행중,안전운전불이행,건조,맑음,단일로 - 기타,승용,남,52세,상해없음,화물,남,45세,경상
2013122600100107,2013년 12월 26일 08시,목요일,부산광역시 부산진구 부전동,중상사고,0,1,0,0,차대차 - 기타,안전운전불이행,건조,맑음,단일로 - 횡단보도상,승용,남,52세,상해없음,자전거,남,75세,중상
2013122600100108,2013년 12월 26일 08시,목요일,부산광역시 금정구 부곡동,중상사고,0,1,0,0,차대사람 - 기타,안전운전불이행,건조,맑음,교차로 - 교차로안,승용,남,48세,상해없음,보행자,남,54세,중상
2013122600100109,2013년 12월 26일 08시,목요일,부산광역시 기장군 정관면,경상사고,0,0,2,0,차대차 - 측면직각충돌,신호위반,건조,맑음,교차로 - 교차로안,건설기계,남,62세,상해없음,승용,여,41세,경상
2013122600100148,2013년 12월 26일 09시,목요일,부산광역시 강서구 명지동,경상사고,0,0,1,0,차대사람 - 기타,신호위반,건조,맑음,교차로 - 교차로안,기타불명,기타불명,기타불명,기타불명,보행자,여,7세,경상
2013122600100244,2013년 12월 26일 13시,목요일,부산광역시 동구 초량동,중상사고,0,1,0,0,차대차 - 기타,안전거리미확보,건조,맑음,단일로 - 기타,승용,남,33세,상해없음,이륜,남,23세,중상
2013122600100269,2013년 12월 26일 14시,목요일,부산광역시 금정구 금사동,경상사고,0,0,1,0,차대차 - 측면직각충돌,신호위반,건조,맑음,교차로 - 교차로안,승용,여,62세,상해없음,승합,남,35세,상해없음
2013122600100270,2013년 12월 26일 14시,목요일,부산광역시 금정구 노포동,경상사고,0,0,2,0,차대차 - 추돌 - 주정차중,안전운전불이행,건조,맑음,단일로 - 기타,승용,남,59세,상해없음,화물,남,34세,경상
2013122600100294,2013년 12월 26일 15시,목요일,부산광역시 해운대구 반여동,경상사고,0,0,1,0,차대차 - 측면직각충돌,직진우회전진행방해,건조,맑음,교차로 - 교차로안,화물,남,60세,상해없음,승용,남,51세,경상
2013122600100349,2013년 12월 26일 17시,목요일,부산광역시 수영구 광안동,경상사고,0,0,1,0,차대차 - 측면직각충돌,안전거리미확보,건조,맑음,교차로 - 교차로부근,승용,남,57세,상해없음,승용,남,47세,경상
2013122600100350,2013년 12월 26일 17시,목요일,부산광역시 북구 화명동,중상사고,0,2,0,0,차대차 - 측면직각충돌,안전운전불이행,건조,맑음,단일로 - 기타,원동기,남,43세,상해없음,원동기,남,67세,중상
2013122600100351,2013년 12월 26일 17시,목요일,부산광역시 동래구 명장동,경상사고,0,0,1,0,차대차 - 측면직각충돌,중앙선침범,건조,맑음,단일로 - 기타,화물,남,45세,상해없음,화물,남,51세,경상
2013122600100388,2013년 12월 26일 18시,목요일,부산광역시 해운대구 재송동,경상사고,0,0,1,0,차대차 - 추돌 - 진행중,안전거리미확보,건조,맑음,교차로 - 교차로부근,승용,남,47세,상해없음,승용,남,38세,상해없음
2013122600100389,2013년 12월 26일 18시,목요일,부산광역시 연제구 연산동,중상사고,0,1,0,0,차대사람 - 차도통행중,중앙선침범,건조,맑음,단일로 - 횡단보도부근,승용,남,48세,상해없음,보행자,여,30세,중상
2013122600100437,2013년 12월 26일 19시,목요일,부산광역시 수영구 망미동,경상사고,0,0,1,0,차대차 - 측면직각충돌,중앙선침범,건조,맑음,단일로 - 기타,승용,여,45세,상해없음,이륜,남,23세,경상
2013122600100490,2013년 12월 26일 21시,목요일,부산광역시 사하구 장림동,중상사고,0,1,0,0,차대사람 - 횡단중,안전운전불이행,건조,맑음,교차로 - 교차로부근,승용,남,32세,상해없음,보행자,남,13세,중상
2013122600100491,2013년 12월 26일 21시,목요일,부산광역시 수영구 수영동,경상사고,0,0,1,0,차대차 - 기타,기타,건조,맑음,단일로 - 기타,승용,남,62세,상해없음,자전거,남,19세,경상
2013122600100514,2013년 12월 26일 22시,목요일,부산광역시 북구 금곡동,중상사고,0,1,0,0,차대차 - 측면직각충돌,안전운전불이행,건조,맑음,단일로 - 기타,승용,남,26세,상해없음,승합,남,71세,기타불명
2013122600100515,2013년 12월 26일 22시,목요일,부산광역시 영도구 봉래동4가,경상사고,0,0,1,0,차대차 - 기타,안전운전불이행,건조,맑음,교차로 - 교차로안,승용,남,47세,상해없음,원동기,남,17세,경상
2013122600100516,2013년 12월 26일 22시,목요일,부산광역시 사하구 구평동,경상사고,0,0,1,0,차대차 - 측면직각충돌,신호위반,건조,맑음,교차로 - 교차로안,승용,남,56세,상해없음,승용,남,72세,경상
2013122600100549,2013년 12월 26일 23시,목요일,부산광역시 해운대구 우동,경상사고,0,0,1,0,차대차 - 기타,안전거리미확보,건조,맑음,단일로 - 기타,화물,남,52세,상해없음,승용,남,28세,경상
2013122700100006,2013년 12월 27일 00시,금요일,부산광역시 수영구 광안동,경상사고,0,0,1,0,차대사람 - 기타,안전운전불이행,건조,맑음,단일로 - 기타,기타불명,기타불명,기타불명,기타불명,보행자,남,39세,경상
2013122700100007,2013년 12월 27일 00시,금요일,부산광역시 사하구 하단동,경상사고,0,0,2,0,차대차 - 기타,안전운전불이행,건조,맑음,단일로 - 기타,승용,남,41세,상해없음,승용,남,28세,경상
2013122700100028,2013년 12월 27일 01시,금요일,부산광역시 중구 중앙동4가,경상사고,0,0,1,0,차량단독 - 기타,기타,건조,맑음,교차로 - 교차로부근,승용,남,53세,상해없음,,,,
2013122700100052,2013년 12월 27일 04시,금요일,부산광역시 금정구 구서동,중상사고,0,1,0,0,차대차 - 기타,안전운전불이행,건조,맑음,교차로 - 교차로안,승용,남,61세,상해없음,이륜,남,40세,중상
2013122700100076,2013년 12월 27일 07시,금요일,부산광역시 금정구 금사동,경상사고,0,0,1,0,차대차 - 측면직각충돌,교차로운행방법위반,건조,맑음,교차로 - 교차로안,승용,남,36세,상해없음,화물,남,55세,경상
2013122700100102,2013년 12월 27일 08시,금요일,부산광역시 기장군 정관면,경상사고,0,0,1,0,차대차 - 기타,안전운전불이행,건조,맑음,교차로 - 교차로부근,이륜,남,73세,경상,승용,여,39세,상해없음
2013122700100143,2013년 12월 27일 10시,금요일,부산광역시 영도구 대교동1가,경상사고,0,0,1,0,차대차 - 추돌 - 주정차중,안전운전불이행,건조,맑음,단일로 - 기타,화물,남,60세,상해없음,승용,남,53세,상해없음
2013122700100144,2013년 12월 27일 10시,금요일,부산광역시 금정구 부곡동,경상사고,0,0,1,0,차대차 - 측면직각충돌,교차로운행방법위반,건조,맑음,교차로 - 교차로안,승용,남,69세,상해없음,화물,남,64세,경상
2013122700100194,2013년 12월 27일 12시,금요일,부산광역시 중구 대청동1가,경상사고,0,0,1,0,차대차 - 측면직각충돌,신호위반,건조,맑음,교차로 - 교차로안,승용,남,45세,상해없음,이륜,남,37세,경상
2013122700100195,2013년 12월 27일 12시,금요일,부산광역시 해운대구 반송동,중상사고,0,1,0,0,차대차 - 기타,신호위반,건조,맑음,교차로 - 교차로안,화물,남,47세,상해없음,이륜,남,33세,중상
2013122700100197,2013년 12월 27일 12시,금요일,부산광역시 해운대구 우동,경상사고,0,0,1,0,차대사람 - 횡단중,안전운전불이행,건조,맑음,단일로 - 기타,승용,여,33세,상해없음,보행자,여,56세,경상
2013122700100220,2013년 12월 27일 13시,금요일,부산광역시 남구 대연동,경상사고,0,0,1,0,차대차 - 추돌 - 진행중,안전운전불이행,건조,맑음,단일로 - 기타,승용,남,32세,상해없음,승용,남,44세,경상
2013122700100221,2013년 12월 27일 13시,금요일,부산광역시 금정구 구서동,중상사고,0,1,0,0,차대사람 - 횡단중,안전운전불이행,건조,맑음,단일로 - 횡단보도상,승용,남,35세,상해없음,보행자,여,72세,중상
2013122700100243,2013년 12월 27일 14시,금요일,부산광역시 기장군 일광면,중상사고,0,2,0,0,차량단독 - 공작물충돌,안전운전불이행,건조,맑음,단일로 - 기타,화물,남,59세,중상,,,,
2013122700100267,2013년 12월 27일 15시,금요일,부산광역시 동구 범일동,부상신고사고,0,0,0,1,차대사람 - 기타,안전운전불이행,건조,맑음,교차로 - 교차로안,승용,남,51세,상해없음,보행자,남,63세,부상신고
2013122700100268,2013년 12월 27일 15시,금요일,부산광역시 북구 덕천동,중상사고,0,1,0,0,차대사람 - 기타,불법유턴,건조,맑음,단일로 - 기타,승용,여,58세,상해없음,보행자,남,39세,중상
2013122700100269,2013년 12월 27일 15시,금요일,부산광역시 해운대구 좌동,경상사고,0,0,2,0,차대차 - 기타,안전운전불이행,기타,맑음,단일로 - 기타,승용,여,31세,상해없음,승용,여,39세,경상
2013122700100270,2013년 12월 27일 15시,금요일,부산광역시 사상구 덕포동,경상사고,0,0,1,0,차대차 - 기타,중앙선침범,건조,맑음,단일로 - 기타,자전거,남,77세,경상,화물,남,38세,상해없음
2013122700100293,2013년 12월 27일 16시,금요일,부산광역시 동래구 수안동,중상사고,0,1,0,0,차대사람 - 횡단중,보행자보호의무위반,건조,맑음,단일로 - 횡단보도상,승용,남,69세,상해없음,보행자,여,57세,중상
2013122700100294,2013년 12월 27일 16시,금요일,부산광역시 해운대구 중동,중상사고,0,1,1,0,차대차 - 기타,안전거리미확보,건조,맑음,단일로 - 기타,승용,남,27세,상해없음,승합,남,39세,중상
2013122700100323,2013년 12월 27일 17시,금요일,부산광역시 서구 토성동3가,중상사고,0,1,0,0,차대차 - 측면직각충돌,교차로운행방법위반,건조,맑음,교차로 - 교차로안,원동기,남,54세,중상,원동기,남,29세,상해없음
2013122700100354,2013년 12월 27일 18시,금요일,부산광역시 북구 만덕동,중상사고,0,1,0,0,차대차 - 측면직각충돌,신호위반,건조,맑음,교차로 - 교차로안,승합,남,46세,상해없음,이륜,남,17세,중상
2013122700100355,2013년 12월 27일 18시,금요일,부산광역시 기장군 기장읍,경상사고,0,0,2,0,차대사람 - 기타,안전운전불이행,건조,맑음,단일로 - 기타,화물,남,45세,상해없음,보행자,남,49세,경상
2013122700100432,2013년 12월 27일 20시,금요일,부산광역시 사하구 괴정동,경상사고,0,0,1,0,차대사람 - 횡단중,보행자보호의무위반,건조,맑음,단일로 - 횡단보도상,승용,남,23세,상해없음,보행자,남,65세,경상
2013122700100467,2013년 12월 27일 21시,금요일,부산광역시 동래구 명륜동,부상신고사고,0,0,0,1,차대사람 - 기타,안전운전불이행,건조,맑음,단일로 - 횡단보도상,승용,남,31세,기타불명,보행자,여,16세,부상신고
2013122700100468,2013년 12월 27일 21시,금요일,부산광역시 부산진구 전포동,부상신고사고,0,0,0,1,차대차 - 기타,안전운전불이행,건조,맑음,단일로 - 기타,승용,여,29세,상해없음,이륜,남,26세,부상신고
2013122700100469,2013년 12월 27일 21시,금요일,부산광역시 금정구 부곡동,부상신고사고,0,0,0,1,차대사람 - 횡단중,안전운전불이행,건조,맑음,교차로 - 교차로부근,승용,남,43세,상해없음,보행자,남,51세,부상신고
2013122700100470,2013년 12월 27일 21시,금요일,부산광역시 연제구 연산동,부상신고사고,0,0,0,1,차대사람 - 기타,안전운전불이행,건조,맑음,단일로 - 기타,승용,여,60세,상해없음,보행자,여,56세,부상신고
2013122700100504,2013년 12월 27일 22시,금요일,부산광역시 연제구 연산동,경상사고,0,0,1,0,차대차 - 측면직각충돌,안전거리미확보,건조,맑음,단일로 - 기타,승용,남,54세,상해없음,승용,남,49세,기타불명
2013122700100535,2013년 12월 27일 23시,금요일,부산광역시 수영구 광안동,중상사고,0,1,0,0,차대사람 - 기타,안전운전불이행,건조,맑음,교차로 - 교차로안,화물,남,48세,상해없음,보행자,남,45세,중상
2013122700100536,2013년 12월 27일 23시,금요일,부산광역시 북구 구포동,경상사고,0,0,1,0,차대사람 - 기타,안전운전불이행,건조,맑음,단일로 - 기타,승용,남,48세,상해없음,보행자,여,53세,경상
2013122700100537,2013년 12월 27일 23시,금요일,부산광역시 동래구 온천동,중상사고,0,1,0,0,차대사람 - 횡단중,안전운전불이행,건조,맑음,단일로 - 기타,승용,남,30세,상해없음,보행자,남,33세,중상
2013122700100538,2013년 12월 27일 23시,금요일,부산광역시 해운대구 우동,경상사고,0,0,1,0,차대차 - 측면직각충돌,안전거리미확보,건조,맑음,단일로 - 기타,승용,남,55세,상해없음,승용,남,56세,경상
2013122700100539,2013년 12월 27일 23시,금요일,부산광역시 금정구 부곡동,경상사고,0,0,1,0,차량단독 - 공작물충돌,안전운전불이행,건조,맑음,단일로 - 기타,승용,여,30세,경상,,,,
2013122700100540,2013년 12월 27일 23시,금요일,부산광역시 강서구 강동동,부상신고사고,0,0,0,1,차량단독 - 공작물충돌,안전운전불이행,건조,맑음,기타 - 기타,승용,남,35세,부상신고,,,,
2013122800100005,2013년 12월 28일 00시,토요일,부산광역시 금정구 구서동,중상사고,0,1,0,0,차대차 - 측면직각충돌,불법유턴,건조,맑음,단일로 - 기타,승용,남,74세,상해없음,이륜,남,33세,중상
2013122800100006,2013년 12월 28일 00시,토요일,부산광역시 연제구 거제동,중상사고,0,1,2,0,차대차 - 측면직각충돌,신호위반,건조,맑음,교차로 - 교차로안,승용,여,54세,기타불명,승용,남,62세,중상
2013122800100043,2013년 12월 28일 01시,토요일,부산광역시 사하구 하단동,경상사고,0,0,1,0,차대사람 - 기타,안전운전불이행,건조,맑음,단일로 - 기타,승용,남,42세,상해없음,보행자,남,44세,경상
2013122800100087,2013년 12월 28일 03시,토요일,부산광역시 사상구 엄궁동,중상사고,0,1,0,0,차대차 - 추돌 - 주정차중,안전운전불이행,건조,맑음,교차로 - 교차로부근,승용,남,27세,중상,화물,기타불명,기타불명,기타불명
2013122800100123,2013년 12월 28일 05시,토요일,부산광역시 사하구 괴정동,사망사고,1,0,0,0,차대차 - 기타,안전운전불이행,건조,맑음,단일로 - 기타,특수,남,45세,상해없음,이륜,남,56세,사망
2013122800100137,2013년 12월 28일 06시,토요일,부산광역시 동래구 명장동,중상사고,0,1,0,0,차대차 - 기타,안전운전불이행,건조,맑음,교차로 - 교차로안,화물,남,51세,상해없음,자전거,남,66세,중상
2013122800100138,2013년 12월 28일 06시,토요일,부산광역시 영도구 청학동,경상사고,0,0,1,0,차대차 - 정면충돌,교차로운행방법위반,건조,맑음,교차로 - 교차로안,승용,남,71세,상해없음,승용,남,63세,상해없음
2013122800100196,2013년 12월 28일 10시,토요일,부산광역시 중구 남포동5가,경상사고,0,0,1,0,차량단독 - 기타,기타,건조,맑음,단일로 - 기타,승합,남,54세,상해없음,,,,
2013122800100197,2013년 12월 28일 10시,토요일,부산광역시 남구 문현동,중상사고,0,1,0,0,차대사람 - 횡단중,안전운전불이행,건조,맑음,단일로 - 횡단보도부근,승용,남,31세,상해없음,보행자,여,73세,중상
2013122800100198,2013년 12월 28일 10시,토요일,부산광역시 금정구 금사동,중상사고,0,1,0,0,차대차 - 기타,안전운전불이행,건조,맑음,교차로 - 교차로안,승용,여,34세,상해없음,자전거,남,71세,중상
2013122800100199,2013년 12월 28일 10시,토요일,부산광역시 사상구 모라동,중상사고,0,1,1,0,차대차 - 추돌 - 진행중,신호위반,건조,맑음,교차로 - 교차로안,승합,남,53세,상해없음,화물,남,38세,중상
2013122800100223,2013년 12월 28일 11시,토요일,부산광역시 강서구 송정동,경상사고,0,0,1,0,차대차 - 측면직각충돌,교차로운행방법위반,건조,맑음,교차로 - 교차로안,승용,여,39세,상해없음,승용,남,44세,상해없음
2013122800100283,2013년 12월 28일 13시,토요일,부산광역시 수영구 광안동,경상사고,0,0,1,0,차대사람 - 횡단중,보행자보호의무위반,건조,맑음,교차로 - 교차로안,승용,남,25세,상해없음,보행자,여,51세,경상
2013122800100284,2013년 12월 28일 13시,토요일,부산광역시 금정구 부곡동,경상사고,0,0,1,0,차대차 - 정면충돌,기타,건조,맑음,교차로 - 교차로안,화물,남,50세,상해없음,승용,여,37세,경상
2013122800100313,2013년 12월 28일 14시,토요일,부산광역시 해운대구 좌동,중상사고,0,1,0,0,차대사람 - 기타,안전운전불이행,기타,맑음,단일로 - 기타,승합,남,52세,상해없음,보행자,여,21세,중상